ISO-10303-21;
HEADER;
FILE_DESCRIPTION(('FreeCAD Model'),'2;1');
FILE_NAME('Open CASCADE Shape Model','2026-08-28T20:43:36',('Author'),(
    ''),'Open CASCADE STEP processor 7.8','FreeCAD','Unknown');
FILE_SCHEMA(('AUTOMOTIVE_DESIGN { 1 0 10303 214 1 1 1 1 }'));
ENDSEC;
DATA;
#1 = APPLICATION_PROTOCOL_DEFINITION('international standard',
  'automotive_design',2000,#2);
#2 = APPLICATION_CONTEXT(
  'core data for automotive mechanical design processes');
#3 = SHAPE_DEFINITION_REPRESENTATION(#4,#10);
#4 = PRODUCT_DEFINITION_SHAPE('','',#5);
#5 = PRODUCT_DEFINITION('design','',#6,#9);
#6 = PRODUCT_DEFINITION_FORMATION('','',#7);
#7 = PRODUCT('BASE_three_leg_frame_51107_608_motor_mount',
  'BASE_three_leg_frame_51107_608_motor_mount','',(#8));
#8 = PRODUCT_CONTEXT('',#2,'mechanical');
#9 = PRODUCT_DEFINITION_CONTEXT('part definition',#2,'design');
#10 = ADVANCED_BREP_SHAPE_REPRESENTATION('',(#11,#15),#2663);
#11 = AXIS2_PLACEMENT_3D('',#12,#13,#14);
#12 = CARTESIAN_POINT('',(0.,0.,0.));
#13 = DIRECTION('',(0.,0.,1.));
#14 = DIRECTION('',(1.,0.,-0.));
#15 = MANIFOLD_SOLID_BREP('',#16);
#16 = CLOSED_SHELL('',(#17,#57,#88,#119,#150,#181,#214,#247,#278,#309,
    #340,#371,#402,#433,#464,#504,#535,#557,#793,#1058,#1090,#1137,#1168
    ,#1199,#1238,#1277,#1514,#1531,#1548,#1570,#1587,#1604,#1626,#1643,
    #1660,#1682,#1699,#1716,#1738,#1755,#1772,#1803,#1827,#1844,#1875,
    #1899,#1916,#1947,#1971,#1988,#2019,#2043,#2060,#2091,#2115,#2132,
    #2163,#2187,#2204,#2229,#2254,#2279,#2385,#2410,#2430,#2455,#2475,
    #2500,#2509,#2535,#2561,#2577,#2593,#2607,#2621,#2635,#2649));
#17 = ADVANCED_FACE('',(#18),#52,.F.);
#18 = FACE_BOUND('',#19,.F.);
#19 = EDGE_LOOP('',(#20,#30,#38,#46));
#20 = ORIENTED_EDGE('',*,*,#21,.F.);
#21 = EDGE_CURVE('',#22,#24,#26,.T.);
#22 = VERTEX_POINT('',#23);
#23 = CARTESIAN_POINT('',(120.,19.,0.));
#24 = VERTEX_POINT('',#25);
#25 = CARTESIAN_POINT('',(57.709056973962,22.664173119177,0.));
#26 = LINE('',#27,#28);
#27 = CARTESIAN_POINT('',(120.,19.,0.));
#28 = VECTOR('',#29,1.);
#29 = DIRECTION('',(-0.998274373175,5.872202195147E-02,0.));
#30 = ORIENTED_EDGE('',*,*,#31,.T.);
#31 = EDGE_CURVE('',#22,#32,#34,.T.);
#32 = VERTEX_POINT('',#33);
#33 = CARTESIAN_POINT('',(120.,19.,10.));
#34 = LINE('',#35,#36);
#35 = CARTESIAN_POINT('',(120.,19.,0.));
#36 = VECTOR('',#37,1.);
#37 = DIRECTION('',(0.,0.,1.));
#38 = ORIENTED_EDGE('',*,*,#39,.T.);
#39 = EDGE_CURVE('',#32,#40,#42,.T.);
#40 = VERTEX_POINT('',#41);
#41 = CARTESIAN_POINT('',(57.709056973962,22.664173119177,10.));
#42 = LINE('',#43,#44);
#43 = CARTESIAN_POINT('',(120.,19.,10.));
#44 = VECTOR('',#45,1.);
#45 = DIRECTION('',(-0.998274373175,5.872202195147E-02,0.));
#46 = ORIENTED_EDGE('',*,*,#47,.F.);
#47 = EDGE_CURVE('',#24,#40,#48,.T.);
#48 = LINE('',#49,#50);
#49 = CARTESIAN_POINT('',(57.709056973961,22.664173119179,0.));
#50 = VECTOR('',#51,1.);
#51 = DIRECTION('',(0.,0.,1.));
#52 = PLANE('',#53);
#53 = AXIS2_PLACEMENT_3D('',#54,#55,#56);
#54 = CARTESIAN_POINT('',(120.,19.,0.));
#55 = DIRECTION('',(-5.872202195147E-02,-0.998274373175,0.));
#56 = DIRECTION('',(-0.998274373175,5.872202195147E-02,0.));
#57 = ADVANCED_FACE('',(#58),#83,.F.);
#58 = FACE_BOUND('',#59,.F.);
#59 = EDGE_LOOP('',(#60,#70,#76,#77));
#60 = ORIENTED_EDGE('',*,*,#61,.T.);
#61 = EDGE_CURVE('',#62,#64,#66,.T.);
#62 = VERTEX_POINT('',#63);
#63 = CARTESIAN_POINT('',(140.,12.,0.));
#64 = VERTEX_POINT('',#65);
#65 = CARTESIAN_POINT('',(140.,12.,10.));
#66 = LINE('',#67,#68);
#67 = CARTESIAN_POINT('',(140.,12.,0.));
#68 = VECTOR('',#69,1.);
#69 = DIRECTION('',(0.,0.,1.));
#70 = ORIENTED_EDGE('',*,*,#71,.T.);
#71 = EDGE_CURVE('',#64,#32,#72,.T.);
#72 = LINE('',#73,#74);
#73 = CARTESIAN_POINT('',(140.,12.,10.));
#74 = VECTOR('',#75,1.);
#75 = DIRECTION('',(-0.943858356366,0.330350424728,0.));
#76 = ORIENTED_EDGE('',*,*,#31,.F.);
#77 = ORIENTED_EDGE('',*,*,#78,.F.);
#78 = EDGE_CURVE('',#62,#22,#79,.T.);
#79 = LINE('',#80,#81);
#80 = CARTESIAN_POINT('',(140.,12.,0.));
#81 = VECTOR('',#82,1.);
#82 = DIRECTION('',(-0.943858356366,0.330350424728,0.));
#83 = PLANE('',#84);
#84 = AXIS2_PLACEMENT_3D('',#85,#86,#87);
#85 = CARTESIAN_POINT('',(140.,12.,0.));
#86 = DIRECTION('',(-0.330350424728,-0.943858356366,0.));
#87 = DIRECTION('',(-0.943858356366,0.330350424728,0.));
#88 = ADVANCED_FACE('',(#89),#114,.F.);
#89 = FACE_BOUND('',#90,.F.);
#90 = EDGE_LOOP('',(#91,#101,#107,#108));
#91 = ORIENTED_EDGE('',*,*,#92,.T.);
#92 = EDGE_CURVE('',#93,#95,#97,.T.);
#93 = VERTEX_POINT('',#94);
#94 = CARTESIAN_POINT('',(140.,-12.,0.));
#95 = VERTEX_POINT('',#96);
#96 = CARTESIAN_POINT('',(140.,-12.,10.));
#97 = LINE('',#98,#99);
#98 = CARTESIAN_POINT('',(140.,-12.,0.));
#99 = VECTOR('',#100,1.);
#100 = DIRECTION('',(0.,0.,1.));
#101 = ORIENTED_EDGE('',*,*,#102,.T.);
#102 = EDGE_CURVE('',#95,#64,#103,.T.);
#103 = LINE('',#104,#105);
#104 = CARTESIAN_POINT('',(140.,-12.,10.));
#105 = VECTOR('',#106,1.);
#106 = DIRECTION('',(0.,1.,0.));
#107 = ORIENTED_EDGE('',*,*,#61,.F.);
#108 = ORIENTED_EDGE('',*,*,#109,.F.);
#109 = EDGE_CURVE('',#93,#62,#110,.T.);
#110 = LINE('',#111,#112);
#111 = CARTESIAN_POINT('',(140.,-12.,0.));
#112 = VECTOR('',#113,1.);
#113 = DIRECTION('',(0.,1.,0.));
#114 = PLANE('',#115);
#115 = AXIS2_PLACEMENT_3D('',#116,#117,#118);
#116 = CARTESIAN_POINT('',(140.,-12.,0.));
#117 = DIRECTION('',(-1.,0.,0.));
#118 = DIRECTION('',(0.,1.,0.));
#119 = ADVANCED_FACE('',(#120),#145,.F.);
#120 = FACE_BOUND('',#121,.F.);
#121 = EDGE_LOOP('',(#122,#132,#138,#139));
#122 = ORIENTED_EDGE('',*,*,#123,.T.);
#123 = EDGE_CURVE('',#124,#126,#128,.T.);
#124 = VERTEX_POINT('',#125);
#125 = CARTESIAN_POINT('',(120.,-19.,0.));
#126 = VERTEX_POINT('',#127);
#127 = CARTESIAN_POINT('',(120.,-19.,10.));
#128 = LINE('',#129,#130);
#129 = CARTESIAN_POINT('',(120.,-19.,0.));
#130 = VECTOR('',#131,1.);
#131 = DIRECTION('',(0.,0.,1.));
#132 = ORIENTED_EDGE('',*,*,#133,.T.);
#133 = EDGE_CURVE('',#126,#95,#134,.T.);
#134 = LINE('',#135,#136);
#135 = CARTESIAN_POINT('',(120.,-19.,10.));
#136 = VECTOR('',#137,1.);
#137 = DIRECTION('',(0.943858356366,0.330350424728,0.));
#138 = ORIENTED_EDGE('',*,*,#92,.F.);
#139 = ORIENTED_EDGE('',*,*,#140,.F.);
#140 = EDGE_CURVE('',#124,#93,#141,.T.);
#141 = LINE('',#142,#143);
#142 = CARTESIAN_POINT('',(120.,-19.,0.));
#143 = VECTOR('',#144,1.);
#144 = DIRECTION('',(0.943858356366,0.330350424728,0.));
#145 = PLANE('',#146);
#146 = AXIS2_PLACEMENT_3D('',#147,#148,#149);
#147 = CARTESIAN_POINT('',(120.,-19.,0.));
#148 = DIRECTION('',(-0.330350424728,0.943858356366,0.));
#149 = DIRECTION('',(0.943858356366,0.330350424728,0.));
#150 = ADVANCED_FACE('',(#151),#176,.F.);
#151 = FACE_BOUND('',#152,.F.);
#152 = EDGE_LOOP('',(#153,#161,#169,#175));
#153 = ORIENTED_EDGE('',*,*,#154,.F.);
#154 = EDGE_CURVE('',#155,#124,#157,.T.);
#155 = VERTEX_POINT('',#156);
#156 = CARTESIAN_POINT('',(57.709056973962,-22.66417311917,0.));
#157 = LINE('',#158,#159);
#158 = CARTESIAN_POINT('',(35.,-24.,0.));
#159 = VECTOR('',#160,1.);
#160 = DIRECTION('',(0.998274373175,5.872202195147E-02,0.));
#161 = ORIENTED_EDGE('',*,*,#162,.T.);
#162 = EDGE_CURVE('',#155,#163,#165,.T.);
#163 = VERTEX_POINT('',#164);
#164 = CARTESIAN_POINT('',(57.709056973962,-22.66417311917,10.));
#165 = LINE('',#166,#167);
#166 = CARTESIAN_POINT('',(57.709056973961,-22.66417311917,0.));
#167 = VECTOR('',#168,1.);
#168 = DIRECTION('',(0.,0.,1.));
#169 = ORIENTED_EDGE('',*,*,#170,.T.);
#170 = EDGE_CURVE('',#163,#126,#171,.T.);
#171 = LINE('',#172,#173);
#172 = CARTESIAN_POINT('',(35.,-24.,10.));
#173 = VECTOR('',#174,1.);
#174 = DIRECTION('',(0.998274373175,5.872202195147E-02,0.));
#175 = ORIENTED_EDGE('',*,*,#123,.F.);
#176 = PLANE('',#177);
#177 = AXIS2_PLACEMENT_3D('',#178,#179,#180);
#178 = CARTESIAN_POINT('',(35.,-24.,0.));
#179 = DIRECTION('',(-5.872202195147E-02,0.998274373175,0.));
#180 = DIRECTION('',(0.998274373175,5.872202195147E-02,0.));
#181 = ADVANCED_FACE('',(#182),#209,.T.);
#182 = FACE_BOUND('',#183,.T.);
#183 = EDGE_LOOP('',(#184,#193,#201,#208));
#184 = ORIENTED_EDGE('',*,*,#185,.F.);
#185 = EDGE_CURVE('',#186,#163,#188,.T.);
#186 = VERTEX_POINT('',#187);
#187 = CARTESIAN_POINT('',(-9.226778810002,-61.30959592748,10.));
#188 = CIRCLE('',#189,62.);
#189 = AXIS2_PLACEMENT_3D('',#190,#191,#192);
#190 = CARTESIAN_POINT('',(0.,0.,10.));
#191 = DIRECTION('',(0.,0.,1.));
#192 = DIRECTION('',(1.,0.,-0.));
#193 = ORIENTED_EDGE('',*,*,#194,.F.);
#194 = EDGE_CURVE('',#195,#186,#197,.T.);
#195 = VERTEX_POINT('',#196);
#196 = CARTESIAN_POINT('',(-9.226778810002,-61.30959592748,0.));
#197 = LINE('',#198,#199);
#198 = CARTESIAN_POINT('',(-9.226778810003,-61.30959592748,0.));
#199 = VECTOR('',#200,1.);
#200 = DIRECTION('',(0.,0.,1.));
#201 = ORIENTED_EDGE('',*,*,#202,.T.);
#202 = EDGE_CURVE('',#195,#155,#203,.T.);
#203 = CIRCLE('',#204,62.);
#204 = AXIS2_PLACEMENT_3D('',#205,#206,#207);
#205 = CARTESIAN_POINT('',(0.,0.,0.));
#206 = DIRECTION('',(0.,0.,1.));
#207 = DIRECTION('',(1.,0.,-0.));
#208 = ORIENTED_EDGE('',*,*,#162,.T.);
#209 = CYLINDRICAL_SURFACE('',#210,62.);
#210 = AXIS2_PLACEMENT_3D('',#211,#212,#213);
#211 = CARTESIAN_POINT('',(0.,0.,0.));
#212 = DIRECTION('',(0.,0.,1.));
#213 = DIRECTION('',(1.,0.,-0.));
#214 = ADVANCED_FACE('',(#215),#242,.T.);
#215 = FACE_BOUND('',#216,.T.);
#216 = EDGE_LOOP('',(#217,#226,#227,#236));
#217 = ORIENTED_EDGE('',*,*,#218,.F.);
#218 = EDGE_CURVE('',#40,#219,#221,.T.);
#219 = VERTEX_POINT('',#220);
#220 = CARTESIAN_POINT('',(-9.226778810002,61.309595927483,10.));
#221 = CIRCLE('',#222,62.);
#222 = AXIS2_PLACEMENT_3D('',#223,#224,#225);
#223 = CARTESIAN_POINT('',(0.,0.,10.));
#224 = DIRECTION('',(0.,0.,1.));
#225 = DIRECTION('',(1.,0.,-0.));
#226 = ORIENTED_EDGE('',*,*,#47,.F.);
#227 = ORIENTED_EDGE('',*,*,#228,.T.);
#228 = EDGE_CURVE('',#24,#229,#231,.T.);
#229 = VERTEX_POINT('',#230);
#230 = CARTESIAN_POINT('',(-9.226778810002,61.309595927483,0.));
#231 = CIRCLE('',#232,62.);
#232 = AXIS2_PLACEMENT_3D('',#233,#234,#235);
#233 = CARTESIAN_POINT('',(0.,0.,0.));
#234 = DIRECTION('',(0.,0.,1.));
#235 = DIRECTION('',(1.,0.,-0.));
#236 = ORIENTED_EDGE('',*,*,#237,.T.);
#237 = EDGE_CURVE('',#229,#219,#238,.T.);
#238 = LINE('',#239,#240);
#239 = CARTESIAN_POINT('',(-9.226778810003,61.309595927483,0.));
#240 = VECTOR('',#241,1.);
#241 = DIRECTION('',(0.,0.,1.));
#242 = CYLINDRICAL_SURFACE('',#243,62.);
#243 = AXIS2_PLACEMENT_3D('',#244,#245,#246);
#244 = CARTESIAN_POINT('',(0.,0.,0.));
#245 = DIRECTION('',(0.,0.,1.));
#246 = DIRECTION('',(1.,0.,-0.));
#247 = ADVANCED_FACE('',(#248),#273,.F.);
#248 = FACE_BOUND('',#249,.F.);
#249 = EDGE_LOOP('',(#250,#258,#266,#272));
#250 = ORIENTED_EDGE('',*,*,#251,.F.);
#251 = EDGE_CURVE('',#252,#195,#254,.T.);
#252 = VERTEX_POINT('',#253);
#253 = CARTESIAN_POINT('',(-43.54551732809,-113.4230484541,0.));
#254 = LINE('',#255,#256);
#255 = CARTESIAN_POINT('',(-43.54551732809,-113.4230484541,0.));
#256 = VECTOR('',#257,1.);
#257 = DIRECTION('',(0.549991949359,0.835169956141,0.));
#258 = ORIENTED_EDGE('',*,*,#259,.T.);
#259 = EDGE_CURVE('',#252,#260,#262,.T.);
#260 = VERTEX_POINT('',#261);
#261 = CARTESIAN_POINT('',(-43.54551732809,-113.4230484541,10.));
#262 = LINE('',#263,#264);
#263 = CARTESIAN_POINT('',(-43.54551732809,-113.4230484541,0.));
#264 = VECTOR('',#265,1.);
#265 = DIRECTION('',(0.,0.,1.));
#266 = ORIENTED_EDGE('',*,*,#267,.T.);
#267 = EDGE_CURVE('',#260,#186,#268,.T.);
#268 = LINE('',#269,#270);
#269 = CARTESIAN_POINT('',(-43.54551732809,-113.4230484541,10.));
#270 = VECTOR('',#271,1.);
#271 = DIRECTION('',(0.549991949359,0.835169956141,0.));
#272 = ORIENTED_EDGE('',*,*,#194,.F.);
#273 = PLANE('',#274);
#274 = AXIS2_PLACEMENT_3D('',#275,#276,#277);
#275 = CARTESIAN_POINT('',(-43.54551732809,-113.4230484541,0.));
#276 = DIRECTION('',(-0.835169956141,0.549991949359,0.));
#277 = DIRECTION('',(0.549991949359,0.835169956141,0.));
#278 = ADVANCED_FACE('',(#279),#304,.F.);
#279 = FACE_BOUND('',#280,.F.);
#280 = EDGE_LOOP('',(#281,#289,#290,#298));
#281 = ORIENTED_EDGE('',*,*,#282,.F.);
#282 = EDGE_CURVE('',#229,#283,#285,.T.);
#283 = VERTEX_POINT('',#284);
#284 = CARTESIAN_POINT('',(-43.54551732809,113.42304845413,0.));
#285 = LINE('',#286,#287);
#286 = CARTESIAN_POINT('',(3.284609690827,42.310889132455,0.));
#287 = VECTOR('',#288,1.);
#288 = DIRECTION('',(-0.549991949359,0.835169956141,0.));
#289 = ORIENTED_EDGE('',*,*,#237,.T.);
#290 = ORIENTED_EDGE('',*,*,#291,.T.);
#291 = EDGE_CURVE('',#219,#292,#294,.T.);
#292 = VERTEX_POINT('',#293);
#293 = CARTESIAN_POINT('',(-43.54551732809,113.42304845413,10.));
#294 = LINE('',#295,#296);
#295 = CARTESIAN_POINT('',(3.284609690827,42.310889132455,10.));
#296 = VECTOR('',#297,1.);
#297 = DIRECTION('',(-0.549991949359,0.835169956141,0.));
#298 = ORIENTED_EDGE('',*,*,#299,.F.);
#299 = EDGE_CURVE('',#283,#292,#300,.T.);
#300 = LINE('',#301,#302);
#301 = CARTESIAN_POINT('',(-43.54551732809,113.42304845413,0.));
#302 = VECTOR('',#303,1.);
#303 = DIRECTION('',(0.,0.,1.));
#304 = PLANE('',#305);
#305 = AXIS2_PLACEMENT_3D('',#306,#307,#308);
#306 = CARTESIAN_POINT('',(3.284609690827,42.310889132455,0.));
#307 = DIRECTION('',(-0.835169956141,-0.549991949359,0.));
#308 = DIRECTION('',(-0.549991949359,0.835169956141,0.));
#309 = ADVANCED_FACE('',(#310),#335,.F.);
#310 = FACE_BOUND('',#311,.F.);
#311 = EDGE_LOOP('',(#312,#322,#328,#329));
#312 = ORIENTED_EDGE('',*,*,#313,.T.);
#313 = EDGE_CURVE('',#314,#316,#318,.T.);
#314 = VERTEX_POINT('',#315);
#315 = CARTESIAN_POINT('',(-59.60769515458,-127.2435565298,0.));
#316 = VERTEX_POINT('',#317);
#317 = CARTESIAN_POINT('',(-59.60769515458,-127.2435565298,10.));
#318 = LINE('',#319,#320);
#319 = CARTESIAN_POINT('',(-59.60769515458,-127.2435565298,0.));
#320 = VECTOR('',#321,1.);
#321 = DIRECTION('',(0.,0.,1.));
#322 = ORIENTED_EDGE('',*,*,#323,.T.);
#323 = EDGE_CURVE('',#316,#260,#324,.T.);
#324 = LINE('',#325,#326);
#325 = CARTESIAN_POINT('',(-59.60769515458,-127.2435565298,10.));
#326 = VECTOR('',#327,1.);
#327 = DIRECTION('',(0.758021038149,0.652230101823,0.));
#328 = ORIENTED_EDGE('',*,*,#259,.F.);
#329 = ORIENTED_EDGE('',*,*,#330,.F.);
#330 = EDGE_CURVE('',#314,#252,#331,.T.);
#331 = LINE('',#332,#333);
#332 = CARTESIAN_POINT('',(-59.60769515458,-127.2435565298,0.));
#333 = VECTOR('',#334,1.);
#334 = DIRECTION('',(0.758021038149,0.652230101823,0.));
#335 = PLANE('',#336);
#336 = AXIS2_PLACEMENT_3D('',#337,#338,#339);
#337 = CARTESIAN_POINT('',(-59.60769515458,-127.2435565298,0.));
#338 = DIRECTION('',(-0.652230101823,0.758021038149,0.));
#339 = DIRECTION('',(0.758021038149,0.652230101823,0.));
#340 = ADVANCED_FACE('',(#341),#366,.F.);
#341 = FACE_BOUND('',#342,.F.);
#342 = EDGE_LOOP('',(#343,#353,#359,#360));
#343 = ORIENTED_EDGE('',*,*,#344,.T.);
#344 = EDGE_CURVE('',#345,#347,#349,.T.);
#345 = VERTEX_POINT('',#346);
#346 = CARTESIAN_POINT('',(-80.39230484541,-115.2435565298,0.));
#347 = VERTEX_POINT('',#348);
#348 = CARTESIAN_POINT('',(-80.39230484541,-115.2435565298,10.));
#349 = LINE('',#350,#351);
#350 = CARTESIAN_POINT('',(-80.39230484541,-115.2435565298,0.));
#351 = VECTOR('',#352,1.);
#352 = DIRECTION('',(0.,0.,1.));
#353 = ORIENTED_EDGE('',*,*,#354,.T.);
#354 = EDGE_CURVE('',#347,#316,#355,.T.);
#355 = LINE('',#356,#357);
#356 = CARTESIAN_POINT('',(-80.39230484541,-115.2435565298,10.));
#357 = VECTOR('',#358,1.);
#358 = DIRECTION('',(0.866025403784,-0.5,0.));
#359 = ORIENTED_EDGE('',*,*,#313,.F.);
#360 = ORIENTED_EDGE('',*,*,#361,.F.);
#361 = EDGE_CURVE('',#345,#314,#362,.T.);
#362 = LINE('',#363,#364);
#363 = CARTESIAN_POINT('',(-80.39230484541,-115.2435565298,0.));
#364 = VECTOR('',#365,1.);
#365 = DIRECTION('',(0.866025403784,-0.5,0.));
#366 = PLANE('',#367);
#367 = AXIS2_PLACEMENT_3D('',#368,#369,#370);
#368 = CARTESIAN_POINT('',(-80.39230484541,-115.2435565298,0.));
#369 = DIRECTION('',(0.5,0.866025403784,0.));
#370 = DIRECTION('',(0.866025403784,-0.5,0.));
#371 = ADVANCED_FACE('',(#372),#397,.F.);
#372 = FACE_BOUND('',#373,.F.);
#373 = EDGE_LOOP('',(#374,#384,#390,#391));
#374 = ORIENTED_EDGE('',*,*,#375,.T.);
#375 = EDGE_CURVE('',#376,#378,#380,.T.);
#376 = VERTEX_POINT('',#377);
#377 = CARTESIAN_POINT('',(-76.4544826719,-94.42304845413,0.));
#378 = VERTEX_POINT('',#379);
#379 = CARTESIAN_POINT('',(-76.4544826719,-94.42304845413,10.));
#380 = LINE('',#381,#382);
#381 = CARTESIAN_POINT('',(-76.4544826719,-94.42304845413,0.));
#382 = VECTOR('',#383,1.);
#383 = DIRECTION('',(0.,0.,1.));
#384 = ORIENTED_EDGE('',*,*,#385,.T.);
#385 = EDGE_CURVE('',#378,#347,#386,.T.);
#386 = LINE('',#387,#388);
#387 = CARTESIAN_POINT('',(-76.4544826719,-94.42304845413,10.));
#388 = VECTOR('',#389,1.);
#389 = DIRECTION('',(-0.185837318217,-0.982580526551,0.));
#390 = ORIENTED_EDGE('',*,*,#344,.F.);
#391 = ORIENTED_EDGE('',*,*,#392,.F.);
#392 = EDGE_CURVE('',#376,#345,#393,.T.);
#393 = LINE('',#394,#395);
#394 = CARTESIAN_POINT('',(-76.4544826719,-94.42304845413,0.));
#395 = VECTOR('',#396,1.);
#396 = DIRECTION('',(-0.185837318217,-0.982580526551,0.));
#397 = PLANE('',#398);
#398 = AXIS2_PLACEMENT_3D('',#399,#400,#401);
#399 = CARTESIAN_POINT('',(-76.4544826719,-94.42304845413,0.));
#400 = DIRECTION('',(0.982580526551,-0.185837318217,0.));
#401 = DIRECTION('',(-0.185837318217,-0.982580526551,0.));
#402 = ADVANCED_FACE('',(#403),#428,.F.);
#403 = FACE_BOUND('',#404,.F.);
#404 = EDGE_LOOP('',(#405,#413,#421,#427));
#405 = ORIENTED_EDGE('',*,*,#406,.F.);
#406 = EDGE_CURVE('',#407,#376,#409,.T.);
#407 = VERTEX_POINT('',#408);
#408 = CARTESIAN_POINT('',(-52.67205747201,-47.,0.));
#409 = LINE('',#410,#411);
#410 = CARTESIAN_POINT('',(-38.28460969082,-18.31088913245,0.));
#411 = VECTOR('',#412,1.);
#412 = DIRECTION('',(-0.448282423816,-0.893891978092,0.));
#413 = ORIENTED_EDGE('',*,*,#414,.T.);
#414 = EDGE_CURVE('',#407,#415,#417,.T.);
#415 = VERTEX_POINT('',#416);
#416 = CARTESIAN_POINT('',(-52.67205747201,-47.,10.));
#417 = LINE('',#418,#419);
#418 = CARTESIAN_POINT('',(-52.67205747201,-47.,0.));
#419 = VECTOR('',#420,1.);
#420 = DIRECTION('',(-0.,-0.,1.));
#421 = ORIENTED_EDGE('',*,*,#422,.T.);
#422 = EDGE_CURVE('',#415,#378,#423,.T.);
#423 = LINE('',#424,#425);
#424 = CARTESIAN_POINT('',(-38.28460969082,-18.31088913245,10.));
#425 = VECTOR('',#426,1.);
#426 = DIRECTION('',(-0.448282423816,-0.893891978092,0.));
#427 = ORIENTED_EDGE('',*,*,#375,.F.);
#428 = PLANE('',#429);
#429 = AXIS2_PLACEMENT_3D('',#430,#431,#432);
#430 = CARTESIAN_POINT('',(-38.28460969082,-18.31088913245,0.));
#431 = DIRECTION('',(0.893891978092,-0.448282423816,0.));
#432 = DIRECTION('',(-0.448282423816,-0.893891978092,0.));
#433 = ADVANCED_FACE('',(#434),#459,.F.);
#434 = FACE_BOUND('',#435,.F.);
#435 = EDGE_LOOP('',(#436,#437,#445,#453));
#436 = ORIENTED_EDGE('',*,*,#299,.T.);
#437 = ORIENTED_EDGE('',*,*,#438,.T.);
#438 = EDGE_CURVE('',#292,#439,#441,.T.);
#439 = VERTEX_POINT('',#440);
#440 = CARTESIAN_POINT('',(-59.60769515458,127.24355652982,10.));
#441 = LINE('',#442,#443);
#442 = CARTESIAN_POINT('',(-43.54551732809,113.42304845413,10.));
#443 = VECTOR('',#444,1.);
#444 = DIRECTION('',(-0.758021038149,0.652230101823,0.));
#445 = ORIENTED_EDGE('',*,*,#446,.F.);
#446 = EDGE_CURVE('',#447,#439,#449,.T.);
#447 = VERTEX_POINT('',#448);
#448 = CARTESIAN_POINT('',(-59.60769515458,127.24355652982,0.));
#449 = LINE('',#450,#451);
#450 = CARTESIAN_POINT('',(-59.60769515458,127.24355652982,0.));
#451 = VECTOR('',#452,1.);
#452 = DIRECTION('',(0.,0.,1.));
#453 = ORIENTED_EDGE('',*,*,#454,.F.);
#454 = EDGE_CURVE('',#283,#447,#455,.T.);
#455 = LINE('',#456,#457);
#456 = CARTESIAN_POINT('',(-43.54551732809,113.42304845413,0.));
#457 = VECTOR('',#458,1.);
#458 = DIRECTION('',(-0.758021038149,0.652230101823,0.));
#459 = PLANE('',#460);
#460 = AXIS2_PLACEMENT_3D('',#461,#462,#463);
#461 = CARTESIAN_POINT('',(-43.54551732809,113.42304845413,0.));
#462 = DIRECTION('',(-0.652230101823,-0.758021038149,0.));
#463 = DIRECTION('',(-0.758021038149,0.652230101823,0.));
#464 = ADVANCED_FACE('',(#465),#499,.F.);
#465 = FACE_BOUND('',#466,.F.);
#466 = EDGE_LOOP('',(#467,#477,#485,#493));
#467 = ORIENTED_EDGE('',*,*,#468,.F.);
#468 = EDGE_CURVE('',#469,#471,#473,.T.);
#469 = VERTEX_POINT('',#470);
#470 = CARTESIAN_POINT('',(-76.4544826719,94.423048454133,0.));
#471 = VERTEX_POINT('',#472);
#472 = CARTESIAN_POINT('',(-52.67205747201,47.,0.));
#473 = LINE('',#474,#475);
#474 = CARTESIAN_POINT('',(-76.4544826719,94.423048454133,0.));
#475 = VECTOR('',#476,1.);
#476 = DIRECTION('',(0.448282423816,-0.893891978092,0.));
#477 = ORIENTED_EDGE('',*,*,#478,.T.);
#478 = EDGE_CURVE('',#469,#479,#481,.T.);
#479 = VERTEX_POINT('',#480);
#480 = CARTESIAN_POINT('',(-76.4544826719,94.423048454133,10.));
#481 = LINE('',#482,#483);
#482 = CARTESIAN_POINT('',(-76.4544826719,94.423048454133,0.));
#483 = VECTOR('',#484,1.);
#484 = DIRECTION('',(0.,0.,1.));
#485 = ORIENTED_EDGE('',*,*,#486,.T.);
#486 = EDGE_CURVE('',#479,#487,#489,.T.);
#487 = VERTEX_POINT('',#488);
#488 = CARTESIAN_POINT('',(-52.67205747201,47.,10.));
#489 = LINE('',#490,#491);
#490 = CARTESIAN_POINT('',(-76.4544826719,94.423048454133,10.));
#491 = VECTOR('',#492,1.);
#492 = DIRECTION('',(0.448282423816,-0.893891978092,0.));
#493 = ORIENTED_EDGE('',*,*,#494,.F.);
#494 = EDGE_CURVE('',#471,#487,#495,.T.);
#495 = LINE('',#496,#497);
#496 = CARTESIAN_POINT('',(-52.67205747201,47.,0.));
#497 = VECTOR('',#498,1.);
#498 = DIRECTION('',(0.,-0.,1.));
#499 = PLANE('',#500);
#500 = AXIS2_PLACEMENT_3D('',#501,#502,#503);
#501 = CARTESIAN_POINT('',(-76.4544826719,94.423048454133,0.));
#502 = DIRECTION('',(0.893891978092,0.448282423816,0.));
#503 = DIRECTION('',(0.448282423816,-0.893891978092,0.));
#504 = ADVANCED_FACE('',(#505),#530,.F.);
#505 = FACE_BOUND('',#506,.F.);
#506 = EDGE_LOOP('',(#507,#517,#523,#524));
#507 = ORIENTED_EDGE('',*,*,#508,.T.);
#508 = EDGE_CURVE('',#509,#511,#513,.T.);
#509 = VERTEX_POINT('',#510);
#510 = CARTESIAN_POINT('',(-80.39230484541,115.24355652982,0.));
#511 = VERTEX_POINT('',#512);
#512 = CARTESIAN_POINT('',(-80.39230484541,115.24355652982,10.));
#513 = LINE('',#514,#515);
#514 = CARTESIAN_POINT('',(-80.39230484541,115.24355652982,0.));
#515 = VECTOR('',#516,1.);
#516 = DIRECTION('',(0.,0.,1.));
#517 = ORIENTED_EDGE('',*,*,#518,.T.);
#518 = EDGE_CURVE('',#511,#479,#519,.T.);
#519 = LINE('',#520,#521);
#520 = CARTESIAN_POINT('',(-80.39230484541,115.24355652982,10.));
#521 = VECTOR('',#522,1.);
#522 = DIRECTION('',(0.185837318217,-0.982580526551,0.));
#523 = ORIENTED_EDGE('',*,*,#478,.F.);
#524 = ORIENTED_EDGE('',*,*,#525,.F.);
#525 = EDGE_CURVE('',#509,#469,#526,.T.);
#526 = LINE('',#527,#528);
#527 = CARTESIAN_POINT('',(-80.39230484541,115.24355652982,0.));
#528 = VECTOR('',#529,1.);
#529 = DIRECTION('',(0.185837318217,-0.982580526551,0.));
#530 = PLANE('',#531);
#531 = AXIS2_PLACEMENT_3D('',#532,#533,#534);
#532 = CARTESIAN_POINT('',(-80.39230484541,115.24355652982,0.));
#533 = DIRECTION('',(0.982580526551,0.185837318217,0.));
#534 = DIRECTION('',(0.185837318217,-0.982580526551,0.));
#535 = ADVANCED_FACE('',(#536),#552,.F.);
#536 = FACE_BOUND('',#537,.F.);
#537 = EDGE_LOOP('',(#538,#539,#545,#546));
#538 = ORIENTED_EDGE('',*,*,#446,.T.);
#539 = ORIENTED_EDGE('',*,*,#540,.T.);
#540 = EDGE_CURVE('',#439,#511,#541,.T.);
#541 = LINE('',#542,#543);
#542 = CARTESIAN_POINT('',(-59.60769515458,127.24355652982,10.));
#543 = VECTOR('',#544,1.);
#544 = DIRECTION('',(-0.866025403784,-0.5,0.));
#545 = ORIENTED_EDGE('',*,*,#508,.F.);
#546 = ORIENTED_EDGE('',*,*,#547,.F.);
#547 = EDGE_CURVE('',#447,#509,#548,.T.);
#548 = LINE('',#549,#550);
#549 = CARTESIAN_POINT('',(-59.60769515458,127.24355652982,0.));
#550 = VECTOR('',#551,1.);
#551 = DIRECTION('',(-0.866025403784,-0.5,0.));
#552 = PLANE('',#553);
#553 = AXIS2_PLACEMENT_3D('',#554,#555,#556);
#554 = CARTESIAN_POINT('',(-59.60769515458,127.24355652982,0.));
#555 = DIRECTION('',(0.5,-0.866025403784,0.));
#556 = DIRECTION('',(-0.866025403784,-0.5,0.));
#557 = ADVANCED_FACE('',(#558,#599,#625,#651,#677,#703,#729,#755,#766,
    #777),#788,.T.);
#558 = FACE_BOUND('',#559,.T.);
#559 = EDGE_LOOP('',(#560,#561,#562,#563,#564,#565,#566,#567,#568,#569,
    #570,#571,#579,#587,#593,#594,#595,#596,#597,#598));
#560 = ORIENTED_EDGE('',*,*,#21,.F.);
#561 = ORIENTED_EDGE('',*,*,#78,.F.);
#562 = ORIENTED_EDGE('',*,*,#109,.F.);
#563 = ORIENTED_EDGE('',*,*,#140,.F.);
#564 = ORIENTED_EDGE('',*,*,#154,.F.);
#565 = ORIENTED_EDGE('',*,*,#202,.F.);
#566 = ORIENTED_EDGE('',*,*,#251,.F.);
#567 = ORIENTED_EDGE('',*,*,#330,.F.);
#568 = ORIENTED_EDGE('',*,*,#361,.F.);
#569 = ORIENTED_EDGE('',*,*,#392,.F.);
#570 = ORIENTED_EDGE('',*,*,#406,.F.);
#571 = ORIENTED_EDGE('',*,*,#572,.F.);
#572 = EDGE_CURVE('',#573,#407,#575,.T.);
#573 = VERTEX_POINT('',#574);
#574 = CARTESIAN_POINT('',(-122.,-47.,0.));
#575 = LINE('',#576,#577);
#576 = CARTESIAN_POINT('',(-122.,-47.,0.));
#577 = VECTOR('',#578,1.);
#578 = DIRECTION('',(1.,0.,-0.));
#579 = ORIENTED_EDGE('',*,*,#580,.T.);
#580 = EDGE_CURVE('',#573,#581,#583,.T.);
#581 = VERTEX_POINT('',#582);
#582 = CARTESIAN_POINT('',(-122.,47.,0.));
#583 = LINE('',#584,#585);
#584 = CARTESIAN_POINT('',(-122.,-47.,0.));
#585 = VECTOR('',#586,1.);
#586 = DIRECTION('',(-0.,1.,0.));
#587 = ORIENTED_EDGE('',*,*,#588,.T.);
#588 = EDGE_CURVE('',#581,#471,#589,.T.);
#589 = LINE('',#590,#591);
#590 = CARTESIAN_POINT('',(-122.,47.,0.));
#591 = VECTOR('',#592,1.);
#592 = DIRECTION('',(1.,0.,-0.));
#593 = ORIENTED_EDGE('',*,*,#468,.F.);
#594 = ORIENTED_EDGE('',*,*,#525,.F.);
#595 = ORIENTED_EDGE('',*,*,#547,.F.);
#596 = ORIENTED_EDGE('',*,*,#454,.F.);
#597 = ORIENTED_EDGE('',*,*,#282,.F.);
#598 = ORIENTED_EDGE('',*,*,#228,.F.);
#599 = FACE_BOUND('',#600,.T.);
#600 = EDGE_LOOP('',(#601,#611,#619));
#601 = ORIENTED_EDGE('',*,*,#602,.F.);
#602 = EDGE_CURVE('',#603,#605,#607,.T.);
#603 = VERTEX_POINT('',#604);
#604 = CARTESIAN_POINT('',(-34.09807621135,-53.05960043842,0.));
#605 = VERTEX_POINT('',#606);
#606 = CARTESIAN_POINT('',(-53.16025403784,-72.07626093681,0.));
#607 = LINE('',#608,#609);
#608 = CARTESIAN_POINT('',(-50.33231563893,-69.25507518711,0.));
#609 = VECTOR('',#610,1.);
#610 = DIRECTION('',(-0.707951511576,-0.70626104045,0.));
#611 = ORIENTED_EDGE('',*,*,#612,.F.);
#612 = EDGE_CURVE('',#613,#603,#615,.T.);
#613 = VERTEX_POINT('',#614);
#614 = CARTESIAN_POINT('',(-42.75833024919,-48.05960043842,0.));
#615 = LINE('',#616,#617);
#616 = CARTESIAN_POINT('',(-32.79903810567,-53.80960043842,0.));
#617 = VECTOR('',#618,1.);
#618 = DIRECTION('',(0.866025403784,-0.5,0.));
#619 = ORIENTED_EDGE('',*,*,#620,.F.);
#620 = EDGE_CURVE('',#605,#613,#621,.T.);
#621 = LINE('',#622,#623);
#622 = CARTESIAN_POINT('',(-47.08528460055,-58.04996335206,0.));
#623 = VECTOR('',#624,1.);
#624 = DIRECTION('',(0.397437078534,0.917629428803,0.));
#625 = FACE_BOUND('',#626,.T.);
#626 = EDGE_LOOP('',(#627,#637,#645));
#627 = ORIENTED_EDGE('',*,*,#628,.F.);
#628 = EDGE_CURVE('',#629,#631,#633,.T.);
#629 = VERTEX_POINT('',#630);
#630 = CARTESIAN_POINT('',(-42.75833024919,48.05960043842,0.));
#631 = VERTEX_POINT('',#632);
#632 = CARTESIAN_POINT('',(-53.16025403784,72.076260936815,0.));
#633 = LINE('',#634,#635);
#634 = CARTESIAN_POINT('',(-52.28624649488,70.058293601265,0.));
#635 = VECTOR('',#636,1.);
#636 = DIRECTION('',(-0.397437078534,0.917629428803,0.));
#637 = ORIENTED_EDGE('',*,*,#638,.F.);
#638 = EDGE_CURVE('',#639,#629,#641,.T.);
#639 = VERTEX_POINT('',#640);
#640 = CARTESIAN_POINT('',(-34.09807621135,53.05960043842,0.));
#641 = LINE('',#642,#643);
#642 = CARTESIAN_POINT('',(-37.12916512459,51.30960043842,0.));
#643 = VECTOR('',#644,1.);
#644 = DIRECTION('',(-0.866025403784,-0.5,0.));
#645 = ORIENTED_EDGE('',*,*,#646,.F.);
#646 = EDGE_CURVE('',#631,#639,#647,.T.);
#647 = LINE('',#648,#649);
#648 = CARTESIAN_POINT('',(-40.80122672569,59.746744937914,0.));
#649 = VECTOR('',#650,1.);
#650 = DIRECTION('',(0.707951511576,-0.70626104045,0.));
#651 = FACE_BOUND('',#652,.T.);
#652 = EDGE_LOOP('',(#653,#663,#671));
#653 = ORIENTED_EDGE('',*,*,#654,.F.);
#654 = EDGE_CURVE('',#655,#657,#659,.T.);
#655 = VERTEX_POINT('',#656);
#656 = CARTESIAN_POINT('',(-20.2416697508,-61.05960043842,0.));
#657 = VERTEX_POINT('',#658);
#658 = CARTESIAN_POINT('',(-35.83974596215,-82.07626093681,0.));
#659 = LINE('',#660,#661);
#660 = CARTESIAN_POINT('',(-34.52913875704,-80.31036453373,0.));
#661 = VECTOR('',#662,1.);
#662 = DIRECTION('',(-0.595971857337,-0.803005320818,0.));
#663 = ORIENTED_EDGE('',*,*,#664,.F.);
#664 = EDGE_CURVE('',#665,#655,#667,.T.);
#665 = VERTEX_POINT('',#666);
#666 = CARTESIAN_POINT('',(-28.90192378864,-56.05960043842,0.));
#667 = LINE('',#668,#669);
#668 = CARTESIAN_POINT('',(-25.8708348754,-57.80960043842,0.));
#669 = VECTOR('',#670,1.);
#670 = DIRECTION('',(0.866025403784,-0.5,0.));
#671 = ORIENTED_EDGE('',*,*,#672,.F.);
#672 = EDGE_CURVE('',#657,#665,#673,.T.);
#673 = LINE('',#674,#675);
#674 = CARTESIAN_POINT('',(-31.34158554681,-65.20827131897,0.));
#675 = VECTOR('',#676,1.);
#676 = DIRECTION('',(0.257664246944,0.966234513897,0.));
#677 = FACE_BOUND('',#678,.T.);
#678 = EDGE_LOOP('',(#679,#689,#697));
#679 = ORIENTED_EDGE('',*,*,#680,.F.);
#680 = EDGE_CURVE('',#681,#683,#685,.T.);
#681 = VERTEX_POINT('',#682);
#682 = CARTESIAN_POINT('',(-28.90192378864,56.05960043842,0.));
#683 = VERTEX_POINT('',#684);
#684 = CARTESIAN_POINT('',(-35.83974596215,82.076260936815,0.));
#685 = LINE('',#686,#687);
#686 = CARTESIAN_POINT('',(-34.81049663357,78.216601568172,0.));
#687 = VECTOR('',#688,1.);
#688 = DIRECTION('',(-0.257664246944,0.966234513897,0.));
#689 = ORIENTED_EDGE('',*,*,#690,.F.);
#690 = EDGE_CURVE('',#691,#681,#693,.T.);
#691 = VERTEX_POINT('',#692);
#692 = CARTESIAN_POINT('',(-20.2416697508,61.05960043842,0.));
#693 = LINE('',#694,#695);
#694 = CARTESIAN_POINT('',(-30.20096189432,55.30960043842,0.));
#695 = VECTOR('',#696,1.);
#696 = DIRECTION('',(-0.866025403784,-0.5,0.));
#697 = ORIENTED_EDGE('',*,*,#698,.F.);
#698 = EDGE_CURVE('',#683,#691,#699,.T.);
#699 = LINE('',#700,#701);
#700 = CARTESIAN_POINT('',(-26.73010065136,69.802034284538,0.));
#701 = VECTOR('',#702,1.);
#702 = DIRECTION('',(0.595971857337,-0.803005320818,0.));
#703 = FACE_BOUND('',#704,.T.);
#704 = EDGE_LOOP('',(#705,#715,#723));
#705 = ORIENTED_EDGE('',*,*,#706,.F.);
#706 = EDGE_CURVE('',#707,#709,#711,.T.);
#707 = VERTEX_POINT('',#708);
#708 = CARTESIAN_POINT('',(63.,-3.,0.));
#709 = VERTEX_POINT('',#710);
#710 = CARTESIAN_POINT('',(89.,-10.,0.));
#711 = LINE('',#712,#713);
#712 = CARTESIAN_POINT('',(85.142812272509,-8.96152638106,0.));
#713 = VECTOR('',#714,1.);
#714 = DIRECTION('',(0.965615758521,-0.259973473448,0.));
#715 = ORIENTED_EDGE('',*,*,#716,.F.);
#716 = EDGE_CURVE('',#717,#707,#719,.T.);
#717 = VERTEX_POINT('',#718);
#718 = CARTESIAN_POINT('',(63.,-13.,0.));
#719 = LINE('',#720,#721);
#720 = CARTESIAN_POINT('',(63.,-1.5,0.));
#721 = VECTOR('',#722,1.);
#722 = DIRECTION('',(0.,1.,0.));
#723 = ORIENTED_EDGE('',*,*,#724,.F.);
#724 = EDGE_CURVE('',#709,#717,#725,.T.);
#725 = LINE('',#726,#727);
#726 = CARTESIAN_POINT('',(73.815385251925,-11.75207093247,0.));
#727 = VECTOR('',#728,1.);
#728 = DIRECTION('',(-0.993408935871,-0.114624107985,0.));
#729 = FACE_BOUND('',#730,.T.);
#730 = EDGE_LOOP('',(#731,#741,#749));
#731 = ORIENTED_EDGE('',*,*,#732,.F.);
#732 = EDGE_CURVE('',#733,#735,#737,.T.);
#733 = VERTEX_POINT('',#734);
#734 = CARTESIAN_POINT('',(63.,13.,0.));
#735 = VERTEX_POINT('',#736);
#736 = CARTESIAN_POINT('',(89.,10.,0.));
#737 = LINE('',#738,#739);
#738 = CARTESIAN_POINT('',(86.815385251925,10.25207093247,0.));
#739 = VECTOR('',#740,1.);
#740 = DIRECTION('',(0.993408935871,-0.114624107985,0.));
#741 = ORIENTED_EDGE('',*,*,#742,.F.);
#742 = EDGE_CURVE('',#743,#733,#745,.T.);
#743 = VERTEX_POINT('',#744);
#744 = CARTESIAN_POINT('',(63.,3.,0.));
#745 = LINE('',#746,#747);
#746 = CARTESIAN_POINT('',(63.,6.5,0.));
#747 = VECTOR('',#748,1.);
#748 = DIRECTION('',(0.,1.,0.));
#749 = ORIENTED_EDGE('',*,*,#750,.F.);
#750 = EDGE_CURVE('',#735,#743,#751,.T.);
#751 = LINE('',#752,#753);
#752 = CARTESIAN_POINT('',(72.142812272509,5.46152638106,0.));
#753 = VECTOR('',#754,1.);
#754 = DIRECTION('',(-0.965615758521,-0.259973473448,0.));
#755 = FACE_BOUND('',#756,.T.);
#756 = EDGE_LOOP('',(#757));
#757 = ORIENTED_EDGE('',*,*,#758,.T.);
#758 = EDGE_CURVE('',#759,#759,#761,.T.);
#759 = VERTEX_POINT('',#760);
#760 = CARTESIAN_POINT('',(131.6,-8.817456953861E-16,0.));
#761 = CIRCLE('',#762,3.6);
#762 = AXIS2_PLACEMENT_3D('',#763,#764,#765);
#763 = CARTESIAN_POINT('',(128.,0.,0.));
#764 = DIRECTION('',(0.,0.,1.));
#765 = DIRECTION('',(1.,0.,0.));
#766 = FACE_BOUND('',#767,.T.);
#767 = EDGE_LOOP('',(#768));
#768 = ORIENTED_EDGE('',*,*,#769,.T.);
#769 = EDGE_CURVE('',#770,#770,#772,.T.);
#770 = VERTEX_POINT('',#771);
#771 = CARTESIAN_POINT('',(-65.8,113.96894313803,0.));
#772 = CIRCLE('',#773,3.6);
#773 = AXIS2_PLACEMENT_3D('',#774,#775,#776);
#774 = CARTESIAN_POINT('',(-64.,110.8512516844,0.));
#775 = DIRECTION('',(0.,0.,1.));
#776 = DIRECTION('',(-0.5,0.866025403784,0.));
#777 = FACE_BOUND('',#778,.T.);
#778 = EDGE_LOOP('',(#779));
#779 = ORIENTED_EDGE('',*,*,#780,.T.);
#780 = EDGE_CURVE('',#781,#781,#783,.T.);
#781 = VERTEX_POINT('',#782);
#782 = CARTESIAN_POINT('',(-65.8,-113.968943138,0.));
#783 = CIRCLE('',#784,3.6);
#784 = AXIS2_PLACEMENT_3D('',#785,#786,#787);
#785 = CARTESIAN_POINT('',(-64.,-110.8512516844,0.));
#786 = DIRECTION('',(0.,0.,1.));
#787 = DIRECTION('',(-0.5,-0.866025403784,0.));
#788 = PLANE('',#789);
#789 = AXIS2_PLACEMENT_3D('',#790,#791,#792);
#790 = CARTESIAN_POINT('',(-18.84615749406,1.431533093348E-15,0.));
#791 = DIRECTION('',(-0.,-0.,-1.));
#792 = DIRECTION('',(-1.,0.,0.));
#793 = ADVANCED_FACE('',(#794,#828,#873,#918,#963,#1008),#1053,.T.);
#794 = FACE_BOUND('',#795,.T.);
#795 = EDGE_LOOP('',(#796,#806,#814,#822));
#796 = ORIENTED_EDGE('',*,*,#797,.F.);
#797 = EDGE_CURVE('',#798,#800,#802,.T.);
#798 = VERTEX_POINT('',#799);
#799 = CARTESIAN_POINT('',(-128.,-47.,66.));
#800 = VERTEX_POINT('',#801);
#801 = CARTESIAN_POINT('',(-128.,47.,66.));
#802 = LINE('',#803,#804);
#803 = CARTESIAN_POINT('',(-128.,-47.,66.));
#804 = VECTOR('',#805,1.);
#805 = DIRECTION('',(-0.,1.,0.));
#806 = ORIENTED_EDGE('',*,*,#807,.T.);
#807 = EDGE_CURVE('',#798,#808,#810,.T.);
#808 = VERTEX_POINT('',#809);
#809 = CARTESIAN_POINT('',(-68.,-47.,66.));
#810 = LINE('',#811,#812);
#811 = CARTESIAN_POINT('',(-128.,-47.,66.));
#812 = VECTOR('',#813,1.);
#813 = DIRECTION('',(1.,0.,-0.));
#814 = ORIENTED_EDGE('',*,*,#815,.T.);
#815 = EDGE_CURVE('',#808,#816,#818,.T.);
#816 = VERTEX_POINT('',#817);
#817 = CARTESIAN_POINT('',(-68.,47.,66.));
#818 = LINE('',#819,#820);
#819 = CARTESIAN_POINT('',(-68.,-47.,66.));
#820 = VECTOR('',#821,1.);
#821 = DIRECTION('',(-0.,1.,0.));
#822 = ORIENTED_EDGE('',*,*,#823,.F.);
#823 = EDGE_CURVE('',#800,#816,#824,.T.);
#824 = LINE('',#825,#826);
#825 = CARTESIAN_POINT('',(-128.,47.,66.));
#826 = VECTOR('',#827,1.);
#827 = DIRECTION('',(1.,0.,-0.));
#828 = FACE_BOUND('',#829,.T.);
#829 = EDGE_LOOP('',(#830,#841,#849,#858,#867));
#830 = ORIENTED_EDGE('',*,*,#831,.F.);
#831 = EDGE_CURVE('',#832,#834,#836,.T.);
#832 = VERTEX_POINT('',#833);
#833 = CARTESIAN_POINT('',(-120.5,-13.75,66.));
#834 = VERTEX_POINT('',#835);
#835 = CARTESIAN_POINT('',(-120.5,-17.25,66.));
#836 = CIRCLE('',#837,1.75);
#837 = AXIS2_PLACEMENT_3D('',#838,#839,#840);
#838 = CARTESIAN_POINT('',(-120.5,-15.5,66.));
#839 = DIRECTION('',(0.,0.,1.));
#840 = DIRECTION('',(1.,0.,-0.));
#841 = ORIENTED_EDGE('',*,*,#842,.F.);
#842 = EDGE_CURVE('',#843,#832,#845,.T.);
#843 = VERTEX_POINT('',#844);
#844 = CARTESIAN_POINT('',(-106.5,-13.75,66.));
#845 = LINE('',#846,#847);
#846 = CARTESIAN_POINT('',(-124.25,-13.75,66.));
#847 = VECTOR('',#848,1.);
#848 = DIRECTION('',(-1.,-0.,0.));
#849 = ORIENTED_EDGE('',*,*,#850,.F.);
#850 = EDGE_CURVE('',#851,#843,#853,.T.);
#851 = VERTEX_POINT('',#852);
#852 = CARTESIAN_POINT('',(-104.75,-15.5,66.));
#853 = CIRCLE('',#854,1.75);
#854 = AXIS2_PLACEMENT_3D('',#855,#856,#857);
#855 = CARTESIAN_POINT('',(-106.5,-15.5,66.));
#856 = DIRECTION('',(0.,0.,1.));
#857 = DIRECTION('',(1.,0.,-0.));
#858 = ORIENTED_EDGE('',*,*,#859,.F.);
#859 = EDGE_CURVE('',#860,#851,#862,.T.);
#860 = VERTEX_POINT('',#861);
#861 = CARTESIAN_POINT('',(-106.5,-17.25,66.));
#862 = CIRCLE('',#863,1.75);
#863 = AXIS2_PLACEMENT_3D('',#864,#865,#866);
#864 = CARTESIAN_POINT('',(-106.5,-15.5,66.));
#865 = DIRECTION('',(0.,0.,1.));
#866 = DIRECTION('',(1.,0.,-0.));
#867 = ORIENTED_EDGE('',*,*,#868,.T.);
#868 = EDGE_CURVE('',#860,#834,#869,.T.);
#869 = LINE('',#870,#871);
#870 = CARTESIAN_POINT('',(-124.25,-17.25,66.));
#871 = VECTOR('',#872,1.);
#872 = DIRECTION('',(-1.,-0.,0.));
#873 = FACE_BOUND('',#874,.T.);
#874 = EDGE_LOOP('',(#875,#886,#894,#903,#912));
#875 = ORIENTED_EDGE('',*,*,#876,.F.);
#876 = EDGE_CURVE('',#877,#879,#881,.T.);
#877 = VERTEX_POINT('',#878);
#878 = CARTESIAN_POINT('',(-89.5,-13.75,66.));
#879 = VERTEX_POINT('',#880);
#880 = CARTESIAN_POINT('',(-89.5,-17.25,66.));
#881 = CIRCLE('',#882,1.75);
#882 = AXIS2_PLACEMENT_3D('',#883,#884,#885);
#883 = CARTESIAN_POINT('',(-89.5,-15.5,66.));
#884 = DIRECTION('',(0.,0.,1.));
#885 = DIRECTION('',(1.,0.,-0.));
#886 = ORIENTED_EDGE('',*,*,#887,.F.);
#887 = EDGE_CURVE('',#888,#877,#890,.T.);
#888 = VERTEX_POINT('',#889);
#889 = CARTESIAN_POINT('',(-75.5,-13.75,66.));
#890 = LINE('',#891,#892);
#891 = CARTESIAN_POINT('',(-108.75,-13.75,66.));
#892 = VECTOR('',#893,1.);
#893 = DIRECTION('',(-1.,-0.,0.));
#894 = ORIENTED_EDGE('',*,*,#895,.F.);
#895 = EDGE_CURVE('',#896,#888,#898,.T.);
#896 = VERTEX_POINT('',#897);
#897 = CARTESIAN_POINT('',(-73.75,-15.5,66.));
#898 = CIRCLE('',#899,1.75);
#899 = AXIS2_PLACEMENT_3D('',#900,#901,#902);
#900 = CARTESIAN_POINT('',(-75.5,-15.5,66.));
#901 = DIRECTION('',(0.,0.,1.));
#902 = DIRECTION('',(1.,0.,-0.));
#903 = ORIENTED_EDGE('',*,*,#904,.F.);
#904 = EDGE_CURVE('',#905,#896,#907,.T.);
#905 = VERTEX_POINT('',#906);
#906 = CARTESIAN_POINT('',(-75.5,-17.25,66.));
#907 = CIRCLE('',#908,1.75);
#908 = AXIS2_PLACEMENT_3D('',#909,#910,#911);
#909 = CARTESIAN_POINT('',(-75.5,-15.5,66.));
#910 = DIRECTION('',(0.,0.,1.));
#911 = DIRECTION('',(1.,0.,-0.));
#912 = ORIENTED_EDGE('',*,*,#913,.T.);
#913 = EDGE_CURVE('',#905,#879,#914,.T.);
#914 = LINE('',#915,#916);
#915 = CARTESIAN_POINT('',(-108.75,-17.25,66.));
#916 = VECTOR('',#917,1.);
#917 = DIRECTION('',(-1.,-0.,0.));
#918 = FACE_BOUND('',#919,.T.);
#919 = EDGE_LOOP('',(#920,#931,#939,#948,#957));
#920 = ORIENTED_EDGE('',*,*,#921,.F.);
#921 = EDGE_CURVE('',#922,#924,#926,.T.);
#922 = VERTEX_POINT('',#923);
#923 = CARTESIAN_POINT('',(-120.5,17.25,66.));
#924 = VERTEX_POINT('',#925);
#925 = CARTESIAN_POINT('',(-120.5,13.75,66.));
#926 = CIRCLE('',#927,1.75);
#927 = AXIS2_PLACEMENT_3D('',#928,#929,#930);
#928 = CARTESIAN_POINT('',(-120.5,15.5,66.));
#929 = DIRECTION('',(0.,0.,1.));
#930 = DIRECTION('',(1.,0.,-0.));
#931 = ORIENTED_EDGE('',*,*,#932,.F.);
#932 = EDGE_CURVE('',#933,#922,#935,.T.);
#933 = VERTEX_POINT('',#934);
#934 = CARTESIAN_POINT('',(-106.5,17.25,66.));
#935 = LINE('',#936,#937);
#936 = CARTESIAN_POINT('',(-124.25,17.25,66.));
#937 = VECTOR('',#938,1.);
#938 = DIRECTION('',(-1.,-0.,0.));
#939 = ORIENTED_EDGE('',*,*,#940,.F.);
#940 = EDGE_CURVE('',#941,#933,#943,.T.);
#941 = VERTEX_POINT('',#942);
#942 = CARTESIAN_POINT('',(-104.75,15.5,66.));
#943 = CIRCLE('',#944,1.75);
#944 = AXIS2_PLACEMENT_3D('',#945,#946,#947);
#945 = CARTESIAN_POINT('',(-106.5,15.5,66.));
#946 = DIRECTION('',(0.,0.,1.));
#947 = DIRECTION('',(1.,0.,-0.));
#948 = ORIENTED_EDGE('',*,*,#949,.F.);
#949 = EDGE_CURVE('',#950,#941,#952,.T.);
#950 = VERTEX_POINT('',#951);
#951 = CARTESIAN_POINT('',(-106.5,13.75,66.));
#952 = CIRCLE('',#953,1.75);
#953 = AXIS2_PLACEMENT_3D('',#954,#955,#956);
#954 = CARTESIAN_POINT('',(-106.5,15.5,66.));
#955 = DIRECTION('',(0.,0.,1.));
#956 = DIRECTION('',(1.,0.,-0.));
#957 = ORIENTED_EDGE('',*,*,#958,.T.);
#958 = EDGE_CURVE('',#950,#924,#959,.T.);
#959 = LINE('',#960,#961);
#960 = CARTESIAN_POINT('',(-124.25,13.75,66.));
#961 = VECTOR('',#962,1.);
#962 = DIRECTION('',(-1.,-0.,0.));
#963 = FACE_BOUND('',#964,.T.);
#964 = EDGE_LOOP('',(#965,#976,#984,#993,#1002));
#965 = ORIENTED_EDGE('',*,*,#966,.F.);
#966 = EDGE_CURVE('',#967,#969,#971,.T.);
#967 = VERTEX_POINT('',#968);
#968 = CARTESIAN_POINT('',(-105.,11.3,66.));
#969 = VERTEX_POINT('',#970);
#970 = CARTESIAN_POINT('',(-105.,-11.3,66.));
#971 = CIRCLE('',#972,11.3);
#972 = AXIS2_PLACEMENT_3D('',#973,#974,#975);
#973 = CARTESIAN_POINT('',(-105.,0.,66.));
#974 = DIRECTION('',(0.,0.,1.));
#975 = DIRECTION('',(1.,0.,-0.));
#976 = ORIENTED_EDGE('',*,*,#977,.F.);
#977 = EDGE_CURVE('',#978,#967,#980,.T.);
#978 = VERTEX_POINT('',#979);
#979 = CARTESIAN_POINT('',(-91.,11.3,66.));
#980 = LINE('',#981,#982);
#981 = CARTESIAN_POINT('',(-116.5,11.3,66.));
#982 = VECTOR('',#983,1.);
#983 = DIRECTION('',(-1.,-0.,0.));
#984 = ORIENTED_EDGE('',*,*,#985,.F.);
#985 = EDGE_CURVE('',#986,#978,#988,.T.);
#986 = VERTEX_POINT('',#987);
#987 = CARTESIAN_POINT('',(-79.7,-2.767701766073E-15,66.));
#988 = CIRCLE('',#989,11.3);
#989 = AXIS2_PLACEMENT_3D('',#990,#991,#992);
#990 = CARTESIAN_POINT('',(-91.,0.,66.));
#991 = DIRECTION('',(0.,0.,1.));
#992 = DIRECTION('',(1.,0.,-0.));
#993 = ORIENTED_EDGE('',*,*,#994,.F.);
#994 = EDGE_CURVE('',#995,#986,#997,.T.);
#995 = VERTEX_POINT('',#996);
#996 = CARTESIAN_POINT('',(-91.,-11.3,66.));
#997 = CIRCLE('',#998,11.3);
#998 = AXIS2_PLACEMENT_3D('',#999,#1000,#1001);
#999 = CARTESIAN_POINT('',(-91.,0.,66.));
#1000 = DIRECTION('',(0.,0.,1.));
#1001 = DIRECTION('',(1.,0.,-0.));
#1002 = ORIENTED_EDGE('',*,*,#1003,.T.);
#1003 = EDGE_CURVE('',#995,#969,#1004,.T.);
#1004 = LINE('',#1005,#1006);
#1005 = CARTESIAN_POINT('',(-116.5,-11.3,66.));
#1006 = VECTOR('',#1007,1.);
#1007 = DIRECTION('',(-1.,-0.,0.));
#1008 = FACE_BOUND('',#1009,.T.);
#1009 = EDGE_LOOP('',(#1010,#1021,#1029,#1038,#1047));
#1010 = ORIENTED_EDGE('',*,*,#1011,.F.);
#1011 = EDGE_CURVE('',#1012,#1014,#1016,.T.);
#1012 = VERTEX_POINT('',#1013);
#1013 = CARTESIAN_POINT('',(-89.5,17.25,66.));
#1014 = VERTEX_POINT('',#1015);
#1015 = CARTESIAN_POINT('',(-89.5,13.75,66.));
#1016 = CIRCLE('',#1017,1.75);
#1017 = AXIS2_PLACEMENT_3D('',#1018,#1019,#1020);
#1018 = CARTESIAN_POINT('',(-89.5,15.5,66.));
#1019 = DIRECTION('',(0.,0.,1.));
#1020 = DIRECTION('',(1.,0.,-0.));
#1021 = ORIENTED_EDGE('',*,*,#1022,.F.);
#1022 = EDGE_CURVE('',#1023,#1012,#1025,.T.);
#1023 = VERTEX_POINT('',#1024);
#1024 = CARTESIAN_POINT('',(-75.5,17.25,66.));
#1025 = LINE('',#1026,#1027);
#1026 = CARTESIAN_POINT('',(-108.75,17.25,66.));
#1027 = VECTOR('',#1028,1.);
#1028 = DIRECTION('',(-1.,-0.,0.));
#1029 = ORIENTED_EDGE('',*,*,#1030,.F.);
#1030 = EDGE_CURVE('',#1031,#1023,#1033,.T.);
#1031 = VERTEX_POINT('',#1032);
#1032 = CARTESIAN_POINT('',(-73.75,15.5,66.));
#1033 = CIRCLE('',#1034,1.75);
#1034 = AXIS2_PLACEMENT_3D('',#1035,#1036,#1037);
#1035 = CARTESIAN_POINT('',(-75.5,15.5,66.));
#1036 = DIRECTION('',(0.,0.,1.));
#1037 = DIRECTION('',(1.,0.,-0.));
#1038 = ORIENTED_EDGE('',*,*,#1039,.F.);
#1039 = EDGE_CURVE('',#1040,#1031,#1042,.T.);
#1040 = VERTEX_POINT('',#1041);
#1041 = CARTESIAN_POINT('',(-75.5,13.75,66.));
#1042 = CIRCLE('',#1043,1.75);
#1043 = AXIS2_PLACEMENT_3D('',#1044,#1045,#1046);
#1044 = CARTESIAN_POINT('',(-75.5,15.5,66.));
#1045 = DIRECTION('',(0.,0.,1.));
#1046 = DIRECTION('',(1.,0.,-0.));
#1047 = ORIENTED_EDGE('',*,*,#1048,.T.);
#1048 = EDGE_CURVE('',#1040,#1014,#1049,.T.);
#1049 = LINE('',#1050,#1051);
#1050 = CARTESIAN_POINT('',(-108.75,13.75,66.));
#1051 = VECTOR('',#1052,1.);
#1052 = DIRECTION('',(-1.,-0.,0.));
#1053 = PLANE('',#1054);
#1054 = AXIS2_PLACEMENT_3D('',#1055,#1056,#1057);
#1055 = CARTESIAN_POINT('',(-128.,-47.,66.));
#1056 = DIRECTION('',(0.,0.,1.));
#1057 = DIRECTION('',(1.,0.,-0.));
#1058 = ADVANCED_FACE('',(#1059),#1085,.F.);
#1059 = FACE_BOUND('',#1060,.F.);
#1060 = EDGE_LOOP('',(#1061,#1062,#1070,#1079));
#1061 = ORIENTED_EDGE('',*,*,#831,.F.);
#1062 = ORIENTED_EDGE('',*,*,#1063,.F.);
#1063 = EDGE_CURVE('',#1064,#832,#1066,.T.);
#1064 = VERTEX_POINT('',#1065);
#1065 = CARTESIAN_POINT('',(-120.5,-13.75,60.));
#1066 = LINE('',#1067,#1068);
#1067 = CARTESIAN_POINT('',(-120.5,-13.75,59.));
#1068 = VECTOR('',#1069,1.);
#1069 = DIRECTION('',(0.,0.,1.));
#1070 = ORIENTED_EDGE('',*,*,#1071,.T.);
#1071 = EDGE_CURVE('',#1064,#1072,#1074,.T.);
#1072 = VERTEX_POINT('',#1073);
#1073 = CARTESIAN_POINT('',(-120.5,-17.25,60.));
#1074 = CIRCLE('',#1075,1.75);
#1075 = AXIS2_PLACEMENT_3D('',#1076,#1077,#1078);
#1076 = CARTESIAN_POINT('',(-120.5,-15.5,60.));
#1077 = DIRECTION('',(0.,0.,1.));
#1078 = DIRECTION('',(1.,0.,-0.));
#1079 = ORIENTED_EDGE('',*,*,#1080,.T.);
#1080 = EDGE_CURVE('',#1072,#834,#1081,.T.);
#1081 = LINE('',#1082,#1083);
#1082 = CARTESIAN_POINT('',(-120.5,-17.25,59.));
#1083 = VECTOR('',#1084,1.);
#1084 = DIRECTION('',(0.,0.,1.));
#1085 = CYLINDRICAL_SURFACE('',#1086,1.75);
#1086 = AXIS2_PLACEMENT_3D('',#1087,#1088,#1089);
#1087 = CARTESIAN_POINT('',(-120.5,-15.5,59.));
#1088 = DIRECTION('',(0.,0.,1.));
#1089 = DIRECTION('',(1.,0.,-0.));
#1090 = ADVANCED_FACE('',(#1091),#1132,.F.);
#1091 = FACE_BOUND('',#1092,.F.);
#1092 = EDGE_LOOP('',(#1093,#1101,#1102,#1110,#1118,#1126));
#1093 = ORIENTED_EDGE('',*,*,#1094,.F.);
#1094 = EDGE_CURVE('',#573,#1095,#1097,.T.);
#1095 = VERTEX_POINT('',#1096);
#1096 = CARTESIAN_POINT('',(-122.,-47.,10.));
#1097 = LINE('',#1098,#1099);
#1098 = CARTESIAN_POINT('',(-122.,-47.,0.));
#1099 = VECTOR('',#1100,1.);
#1100 = DIRECTION('',(0.,0.,1.));
#1101 = ORIENTED_EDGE('',*,*,#580,.T.);
#1102 = ORIENTED_EDGE('',*,*,#1103,.T.);
#1103 = EDGE_CURVE('',#581,#1104,#1106,.T.);
#1104 = VERTEX_POINT('',#1105);
#1105 = CARTESIAN_POINT('',(-122.,47.,10.));
#1106 = LINE('',#1107,#1108);
#1107 = CARTESIAN_POINT('',(-122.,47.,0.));
#1108 = VECTOR('',#1109,1.);
#1109 = DIRECTION('',(0.,0.,1.));
#1110 = ORIENTED_EDGE('',*,*,#1111,.F.);
#1111 = EDGE_CURVE('',#1112,#1104,#1114,.T.);
#1112 = VERTEX_POINT('',#1113);
#1113 = CARTESIAN_POINT('',(-122.,41.,10.));
#1114 = LINE('',#1115,#1116);
#1115 = CARTESIAN_POINT('',(-122.,-47.,10.));
#1116 = VECTOR('',#1117,1.);
#1117 = DIRECTION('',(-0.,1.,0.));
#1118 = ORIENTED_EDGE('',*,*,#1119,.F.);
#1119 = EDGE_CURVE('',#1120,#1112,#1122,.T.);
#1120 = VERTEX_POINT('',#1121);
#1121 = CARTESIAN_POINT('',(-122.,-41.,10.));
#1122 = LINE('',#1123,#1124);
#1123 = CARTESIAN_POINT('',(-122.,-47.,10.));
#1124 = VECTOR('',#1125,1.);
#1125 = DIRECTION('',(-0.,1.,0.));
#1126 = ORIENTED_EDGE('',*,*,#1127,.F.);
#1127 = EDGE_CURVE('',#1095,#1120,#1128,.T.);
#1128 = LINE('',#1129,#1130);
#1129 = CARTESIAN_POINT('',(-122.,-47.,10.));
#1130 = VECTOR('',#1131,1.);
#1131 = DIRECTION('',(-0.,1.,0.));
#1132 = PLANE('',#1133);
#1133 = AXIS2_PLACEMENT_3D('',#1134,#1135,#1136);
#1134 = CARTESIAN_POINT('',(-122.,-47.,0.));
#1135 = DIRECTION('',(1.,0.,-0.));
#1136 = DIRECTION('',(0.,0.,1.));
#1137 = ADVANCED_FACE('',(#1138),#1163,.F.);
#1138 = FACE_BOUND('',#1139,.F.);
#1139 = EDGE_LOOP('',(#1140,#1148,#1156,#1162));
#1140 = ORIENTED_EDGE('',*,*,#1141,.F.);
#1141 = EDGE_CURVE('',#1142,#1120,#1144,.T.);
#1142 = VERTEX_POINT('',#1143);
#1143 = CARTESIAN_POINT('',(-128.,-41.,10.));
#1144 = LINE('',#1145,#1146);
#1145 = CARTESIAN_POINT('',(-128.,-41.,10.));
#1146 = VECTOR('',#1147,1.);
#1147 = DIRECTION('',(1.,0.,-0.));
#1148 = ORIENTED_EDGE('',*,*,#1149,.F.);
#1149 = EDGE_CURVE('',#1150,#1142,#1152,.T.);
#1150 = VERTEX_POINT('',#1151);
#1151 = CARTESIAN_POINT('',(-128.,-47.,10.));
#1152 = LINE('',#1153,#1154);
#1153 = CARTESIAN_POINT('',(-128.,-47.,10.));
#1154 = VECTOR('',#1155,1.);
#1155 = DIRECTION('',(-0.,1.,0.));
#1156 = ORIENTED_EDGE('',*,*,#1157,.T.);
#1157 = EDGE_CURVE('',#1150,#1095,#1158,.T.);
#1158 = LINE('',#1159,#1160);
#1159 = CARTESIAN_POINT('',(-128.,-47.,10.));
#1160 = VECTOR('',#1161,1.);
#1161 = DIRECTION('',(1.,0.,-0.));
#1162 = ORIENTED_EDGE('',*,*,#1127,.T.);
#1163 = PLANE('',#1164);
#1164 = AXIS2_PLACEMENT_3D('',#1165,#1166,#1167);
#1165 = CARTESIAN_POINT('',(-128.,-47.,10.));
#1166 = DIRECTION('',(0.,0.,1.));
#1167 = DIRECTION('',(1.,0.,-0.));
#1168 = ADVANCED_FACE('',(#1169),#1194,.F.);
#1169 = FACE_BOUND('',#1170,.F.);
#1170 = EDGE_LOOP('',(#1171,#1179,#1187,#1193));
#1171 = ORIENTED_EDGE('',*,*,#1172,.F.);
#1172 = EDGE_CURVE('',#1173,#1104,#1175,.T.);
#1173 = VERTEX_POINT('',#1174);
#1174 = CARTESIAN_POINT('',(-128.,47.,10.));
#1175 = LINE('',#1176,#1177);
#1176 = CARTESIAN_POINT('',(-128.,47.,10.));
#1177 = VECTOR('',#1178,1.);
#1178 = DIRECTION('',(1.,0.,-0.));
#1179 = ORIENTED_EDGE('',*,*,#1180,.F.);
#1180 = EDGE_CURVE('',#1181,#1173,#1183,.T.);
#1181 = VERTEX_POINT('',#1182);
#1182 = CARTESIAN_POINT('',(-128.,41.,10.));
#1183 = LINE('',#1184,#1185);
#1184 = CARTESIAN_POINT('',(-128.,41.,10.));
#1185 = VECTOR('',#1186,1.);
#1186 = DIRECTION('',(-0.,1.,0.));
#1187 = ORIENTED_EDGE('',*,*,#1188,.T.);
#1188 = EDGE_CURVE('',#1181,#1112,#1189,.T.);
#1189 = LINE('',#1190,#1191);
#1190 = CARTESIAN_POINT('',(-128.,41.,10.));
#1191 = VECTOR('',#1192,1.);
#1192 = DIRECTION('',(1.,0.,-0.));
#1193 = ORIENTED_EDGE('',*,*,#1111,.T.);
#1194 = PLANE('',#1195);
#1195 = AXIS2_PLACEMENT_3D('',#1196,#1197,#1198);
#1196 = CARTESIAN_POINT('',(-128.,41.,10.));
#1197 = DIRECTION('',(0.,0.,1.));
#1198 = DIRECTION('',(1.,0.,-0.));
#1199 = ADVANCED_FACE('',(#1200),#1233,.T.);
#1200 = FACE_BOUND('',#1201,.T.);
#1201 = EDGE_LOOP('',(#1202,#1203,#1211,#1219,#1227));
#1202 = ORIENTED_EDGE('',*,*,#1141,.F.);
#1203 = ORIENTED_EDGE('',*,*,#1204,.T.);
#1204 = EDGE_CURVE('',#1142,#1205,#1207,.T.);
#1205 = VERTEX_POINT('',#1206);
#1206 = CARTESIAN_POINT('',(-128.,-41.,60.));
#1207 = LINE('',#1208,#1209);
#1208 = CARTESIAN_POINT('',(-128.,-41.,10.));
#1209 = VECTOR('',#1210,1.);
#1210 = DIRECTION('',(0.,0.,1.));
#1211 = ORIENTED_EDGE('',*,*,#1212,.T.);
#1212 = EDGE_CURVE('',#1205,#1213,#1215,.T.);
#1213 = VERTEX_POINT('',#1214);
#1214 = CARTESIAN_POINT('',(-68.,-41.,60.));
#1215 = LINE('',#1216,#1217);
#1216 = CARTESIAN_POINT('',(-128.,-41.,60.));
#1217 = VECTOR('',#1218,1.);
#1218 = DIRECTION('',(1.,0.,-0.));
#1219 = ORIENTED_EDGE('',*,*,#1220,.F.);
#1220 = EDGE_CURVE('',#1221,#1213,#1223,.T.);
#1221 = VERTEX_POINT('',#1222);
#1222 = CARTESIAN_POINT('',(-68.,-41.,10.));
#1223 = LINE('',#1224,#1225);
#1224 = CARTESIAN_POINT('',(-68.,-41.,10.));
#1225 = VECTOR('',#1226,1.);
#1226 = DIRECTION('',(0.,0.,1.));
#1227 = ORIENTED_EDGE('',*,*,#1228,.F.);
#1228 = EDGE_CURVE('',#1120,#1221,#1229,.T.);
#1229 = LINE('',#1230,#1231);
#1230 = CARTESIAN_POINT('',(-128.,-41.,10.));
#1231 = VECTOR('',#1232,1.);
#1232 = DIRECTION('',(1.,0.,-0.));
#1233 = PLANE('',#1234);
#1234 = AXIS2_PLACEMENT_3D('',#1235,#1236,#1237);
#1235 = CARTESIAN_POINT('',(-128.,-41.,10.));
#1236 = DIRECTION('',(-0.,1.,0.));
#1237 = DIRECTION('',(0.,0.,1.));
#1238 = ADVANCED_FACE('',(#1239),#1272,.F.);
#1239 = FACE_BOUND('',#1240,.F.);
#1240 = EDGE_LOOP('',(#1241,#1242,#1250,#1258,#1266));
#1241 = ORIENTED_EDGE('',*,*,#1188,.F.);
#1242 = ORIENTED_EDGE('',*,*,#1243,.T.);
#1243 = EDGE_CURVE('',#1181,#1244,#1246,.T.);
#1244 = VERTEX_POINT('',#1245);
#1245 = CARTESIAN_POINT('',(-128.,41.,60.));
#1246 = LINE('',#1247,#1248);
#1247 = CARTESIAN_POINT('',(-128.,41.,10.));
#1248 = VECTOR('',#1249,1.);
#1249 = DIRECTION('',(0.,0.,1.));
#1250 = ORIENTED_EDGE('',*,*,#1251,.T.);
#1251 = EDGE_CURVE('',#1244,#1252,#1254,.T.);
#1252 = VERTEX_POINT('',#1253);
#1253 = CARTESIAN_POINT('',(-68.,41.,60.));
#1254 = LINE('',#1255,#1256);
#1255 = CARTESIAN_POINT('',(-128.,41.,60.));
#1256 = VECTOR('',#1257,1.);
#1257 = DIRECTION('',(1.,0.,-0.));
#1258 = ORIENTED_EDGE('',*,*,#1259,.F.);
#1259 = EDGE_CURVE('',#1260,#1252,#1262,.T.);
#1260 = VERTEX_POINT('',#1261);
#1261 = CARTESIAN_POINT('',(-68.,41.,10.));
#1262 = LINE('',#1263,#1264);
#1263 = CARTESIAN_POINT('',(-68.,41.,10.));
#1264 = VECTOR('',#1265,1.);
#1265 = DIRECTION('',(0.,0.,1.));
#1266 = ORIENTED_EDGE('',*,*,#1267,.F.);
#1267 = EDGE_CURVE('',#1112,#1260,#1268,.T.);
#1268 = LINE('',#1269,#1270);
#1269 = CARTESIAN_POINT('',(-128.,41.,10.));
#1270 = VECTOR('',#1271,1.);
#1271 = DIRECTION('',(1.,0.,-0.));
#1272 = PLANE('',#1273);
#1273 = AXIS2_PLACEMENT_3D('',#1274,#1275,#1276);
#1274 = CARTESIAN_POINT('',(-128.,41.,10.));
#1275 = DIRECTION('',(-0.,1.,0.));
#1276 = DIRECTION('',(0.,0.,1.));
#1277 = ADVANCED_FACE('',(#1278,#1294,#1329,#1374,#1419,#1464),#1509,.F.
  );
#1278 = FACE_BOUND('',#1279,.F.);
#1279 = EDGE_LOOP('',(#1280,#1286,#1287,#1293));
#1280 = ORIENTED_EDGE('',*,*,#1281,.F.);
#1281 = EDGE_CURVE('',#1205,#1244,#1282,.T.);
#1282 = LINE('',#1283,#1284);
#1283 = CARTESIAN_POINT('',(-128.,-47.,60.));
#1284 = VECTOR('',#1285,1.);
#1285 = DIRECTION('',(-0.,1.,0.));
#1286 = ORIENTED_EDGE('',*,*,#1212,.T.);
#1287 = ORIENTED_EDGE('',*,*,#1288,.T.);
#1288 = EDGE_CURVE('',#1213,#1252,#1289,.T.);
#1289 = LINE('',#1290,#1291);
#1290 = CARTESIAN_POINT('',(-68.,-47.,60.));
#1291 = VECTOR('',#1292,1.);
#1292 = DIRECTION('',(-0.,1.,0.));
#1293 = ORIENTED_EDGE('',*,*,#1251,.F.);
#1294 = FACE_BOUND('',#1295,.F.);
#1295 = EDGE_LOOP('',(#1296,#1297,#1305,#1314,#1323));
#1296 = ORIENTED_EDGE('',*,*,#1071,.F.);
#1297 = ORIENTED_EDGE('',*,*,#1298,.F.);
#1298 = EDGE_CURVE('',#1299,#1064,#1301,.T.);
#1299 = VERTEX_POINT('',#1300);
#1300 = CARTESIAN_POINT('',(-106.5,-13.75,60.));
#1301 = LINE('',#1302,#1303);
#1302 = CARTESIAN_POINT('',(-124.25,-13.75,60.));
#1303 = VECTOR('',#1304,1.);
#1304 = DIRECTION('',(-1.,-0.,0.));
#1305 = ORIENTED_EDGE('',*,*,#1306,.F.);
#1306 = EDGE_CURVE('',#1307,#1299,#1309,.T.);
#1307 = VERTEX_POINT('',#1308);
#1308 = CARTESIAN_POINT('',(-104.75,-15.5,60.));
#1309 = CIRCLE('',#1310,1.75);
#1310 = AXIS2_PLACEMENT_3D('',#1311,#1312,#1313);
#1311 = CARTESIAN_POINT('',(-106.5,-15.5,60.));
#1312 = DIRECTION('',(0.,0.,1.));
#1313 = DIRECTION('',(1.,0.,-0.));
#1314 = ORIENTED_EDGE('',*,*,#1315,.F.);
#1315 = EDGE_CURVE('',#1316,#1307,#1318,.T.);
#1316 = VERTEX_POINT('',#1317);
#1317 = CARTESIAN_POINT('',(-106.5,-17.25,60.));
#1318 = CIRCLE('',#1319,1.75);
#1319 = AXIS2_PLACEMENT_3D('',#1320,#1321,#1322);
#1320 = CARTESIAN_POINT('',(-106.5,-15.5,60.));
#1321 = DIRECTION('',(0.,0.,1.));
#1322 = DIRECTION('',(1.,0.,-0.));
#1323 = ORIENTED_EDGE('',*,*,#1324,.T.);
#1324 = EDGE_CURVE('',#1316,#1072,#1325,.T.);
#1325 = LINE('',#1326,#1327);
#1326 = CARTESIAN_POINT('',(-124.25,-17.25,60.));
#1327 = VECTOR('',#1328,1.);
#1328 = DIRECTION('',(-1.,-0.,0.));
#1329 = FACE_BOUND('',#1330,.F.);
#1330 = EDGE_LOOP('',(#1331,#1342,#1350,#1359,#1368));
#1331 = ORIENTED_EDGE('',*,*,#1332,.F.);
#1332 = EDGE_CURVE('',#1333,#1335,#1337,.T.);
#1333 = VERTEX_POINT('',#1334);
#1334 = CARTESIAN_POINT('',(-89.5,-13.75,60.));
#1335 = VERTEX_POINT('',#1336);
#1336 = CARTESIAN_POINT('',(-89.5,-17.25,60.));
#1337 = CIRCLE('',#1338,1.75);
#1338 = AXIS2_PLACEMENT_3D('',#1339,#1340,#1341);
#1339 = CARTESIAN_POINT('',(-89.5,-15.5,60.));
#1340 = DIRECTION('',(0.,0.,1.));
#1341 = DIRECTION('',(1.,0.,-0.));
#1342 = ORIENTED_EDGE('',*,*,#1343,.F.);
#1343 = EDGE_CURVE('',#1344,#1333,#1346,.T.);
#1344 = VERTEX_POINT('',#1345);
#1345 = CARTESIAN_POINT('',(-75.5,-13.75,60.));
#1346 = LINE('',#1347,#1348);
#1347 = CARTESIAN_POINT('',(-108.75,-13.75,60.));
#1348 = VECTOR('',#1349,1.);
#1349 = DIRECTION('',(-1.,-0.,0.));
#1350 = ORIENTED_EDGE('',*,*,#1351,.F.);
#1351 = EDGE_CURVE('',#1352,#1344,#1354,.T.);
#1352 = VERTEX_POINT('',#1353);
#1353 = CARTESIAN_POINT('',(-73.75,-15.5,60.));
#1354 = CIRCLE('',#1355,1.75);
#1355 = AXIS2_PLACEMENT_3D('',#1356,#1357,#1358);
#1356 = CARTESIAN_POINT('',(-75.5,-15.5,60.));
#1357 = DIRECTION('',(0.,0.,1.));
#1358 = DIRECTION('',(1.,0.,-0.));
#1359 = ORIENTED_EDGE('',*,*,#1360,.F.);
#1360 = EDGE_CURVE('',#1361,#1352,#1363,.T.);
#1361 = VERTEX_POINT('',#1362);
#1362 = CARTESIAN_POINT('',(-75.5,-17.25,60.));
#1363 = CIRCLE('',#1364,1.75);
#1364 = AXIS2_PLACEMENT_3D('',#1365,#1366,#1367);
#1365 = CARTESIAN_POINT('',(-75.5,-15.5,60.));
#1366 = DIRECTION('',(0.,0.,1.));
#1367 = DIRECTION('',(1.,0.,-0.));
#1368 = ORIENTED_EDGE('',*,*,#1369,.T.);
#1369 = EDGE_CURVE('',#1361,#1335,#1370,.T.);
#1370 = LINE('',#1371,#1372);
#1371 = CARTESIAN_POINT('',(-108.75,-17.25,60.));
#1372 = VECTOR('',#1373,1.);
#1373 = DIRECTION('',(-1.,-0.,0.));
#1374 = FACE_BOUND('',#1375,.F.);
#1375 = EDGE_LOOP('',(#1376,#1387,#1395,#1404,#1413));
#1376 = ORIENTED_EDGE('',*,*,#1377,.F.);
#1377 = EDGE_CURVE('',#1378,#1380,#1382,.T.);
#1378 = VERTEX_POINT('',#1379);
#1379 = CARTESIAN_POINT('',(-120.5,17.25,60.));
#1380 = VERTEX_POINT('',#1381);
#1381 = CARTESIAN_POINT('',(-120.5,13.75,60.));
#1382 = CIRCLE('',#1383,1.75);
#1383 = AXIS2_PLACEMENT_3D('',#1384,#1385,#1386);
#1384 = CARTESIAN_POINT('',(-120.5,15.5,60.));
#1385 = DIRECTION('',(0.,0.,1.));
#1386 = DIRECTION('',(1.,0.,-0.));
#1387 = ORIENTED_EDGE('',*,*,#1388,.F.);
#1388 = EDGE_CURVE('',#1389,#1378,#1391,.T.);
#1389 = VERTEX_POINT('',#1390);
#1390 = CARTESIAN_POINT('',(-106.5,17.25,60.));
#1391 = LINE('',#1392,#1393);
#1392 = CARTESIAN_POINT('',(-124.25,17.25,60.));
#1393 = VECTOR('',#1394,1.);
#1394 = DIRECTION('',(-1.,-0.,0.));
#1395 = ORIENTED_EDGE('',*,*,#1396,.F.);
#1396 = EDGE_CURVE('',#1397,#1389,#1399,.T.);
#1397 = VERTEX_POINT('',#1398);
#1398 = CARTESIAN_POINT('',(-104.75,15.5,60.));
#1399 = CIRCLE('',#1400,1.75);
#1400 = AXIS2_PLACEMENT_3D('',#1401,#1402,#1403);
#1401 = CARTESIAN_POINT('',(-106.5,15.5,60.));
#1402 = DIRECTION('',(0.,0.,1.));
#1403 = DIRECTION('',(1.,0.,-0.));
#1404 = ORIENTED_EDGE('',*,*,#1405,.F.);
#1405 = EDGE_CURVE('',#1406,#1397,#1408,.T.);
#1406 = VERTEX_POINT('',#1407);
#1407 = CARTESIAN_POINT('',(-106.5,13.75,60.));
#1408 = CIRCLE('',#1409,1.75);
#1409 = AXIS2_PLACEMENT_3D('',#1410,#1411,#1412);
#1410 = CARTESIAN_POINT('',(-106.5,15.5,60.));
#1411 = DIRECTION('',(0.,0.,1.));
#1412 = DIRECTION('',(1.,0.,-0.));
#1413 = ORIENTED_EDGE('',*,*,#1414,.T.);
#1414 = EDGE_CURVE('',#1406,#1380,#1415,.T.);
#1415 = LINE('',#1416,#1417);
#1416 = CARTESIAN_POINT('',(-124.25,13.75,60.));
#1417 = VECTOR('',#1418,1.);
#1418 = DIRECTION('',(-1.,-0.,0.));
#1419 = FACE_BOUND('',#1420,.F.);
#1420 = EDGE_LOOP('',(#1421,#1432,#1440,#1449,#1458));
#1421 = ORIENTED_EDGE('',*,*,#1422,.F.);
#1422 = EDGE_CURVE('',#1423,#1425,#1427,.T.);
#1423 = VERTEX_POINT('',#1424);
#1424 = CARTESIAN_POINT('',(-105.,11.3,60.));
#1425 = VERTEX_POINT('',#1426);
#1426 = CARTESIAN_POINT('',(-105.,-11.3,60.));
#1427 = CIRCLE('',#1428,11.3);
#1428 = AXIS2_PLACEMENT_3D('',#1429,#1430,#1431);
#1429 = CARTESIAN_POINT('',(-105.,0.,60.));
#1430 = DIRECTION('',(0.,0.,1.));
#1431 = DIRECTION('',(1.,0.,-0.));
#1432 = ORIENTED_EDGE('',*,*,#1433,.F.);
#1433 = EDGE_CURVE('',#1434,#1423,#1436,.T.);
#1434 = VERTEX_POINT('',#1435);
#1435 = CARTESIAN_POINT('',(-91.,11.3,60.));
#1436 = LINE('',#1437,#1438);
#1437 = CARTESIAN_POINT('',(-116.5,11.3,60.));
#1438 = VECTOR('',#1439,1.);
#1439 = DIRECTION('',(-1.,-0.,0.));
#1440 = ORIENTED_EDGE('',*,*,#1441,.F.);
#1441 = EDGE_CURVE('',#1442,#1434,#1444,.T.);
#1442 = VERTEX_POINT('',#1443);
#1443 = CARTESIAN_POINT('',(-79.7,-2.767701766073E-15,60.));
#1444 = CIRCLE('',#1445,11.3);
#1445 = AXIS2_PLACEMENT_3D('',#1446,#1447,#1448);
#1446 = CARTESIAN_POINT('',(-91.,0.,60.));
#1447 = DIRECTION('',(0.,0.,1.));
#1448 = DIRECTION('',(1.,0.,-0.));
#1449 = ORIENTED_EDGE('',*,*,#1450,.F.);
#1450 = EDGE_CURVE('',#1451,#1442,#1453,.T.);
#1451 = VERTEX_POINT('',#1452);
#1452 = CARTESIAN_POINT('',(-91.,-11.3,60.));
#1453 = CIRCLE('',#1454,11.3);
#1454 = AXIS2_PLACEMENT_3D('',#1455,#1456,#1457);
#1455 = CARTESIAN_POINT('',(-91.,0.,60.));
#1456 = DIRECTION('',(0.,0.,1.));
#1457 = DIRECTION('',(1.,0.,-0.));
#1458 = ORIENTED_EDGE('',*,*,#1459,.T.);
#1459 = EDGE_CURVE('',#1451,#1425,#1460,.T.);
#1460 = LINE('',#1461,#1462);
#1461 = CARTESIAN_POINT('',(-116.5,-11.3,60.));
#1462 = VECTOR('',#1463,1.);
#1463 = DIRECTION('',(-1.,-0.,0.));
#1464 = FACE_BOUND('',#1465,.F.);
#1465 = EDGE_LOOP('',(#1466,#1477,#1485,#1494,#1503));
#1466 = ORIENTED_EDGE('',*,*,#1467,.F.);
#1467 = EDGE_CURVE('',#1468,#1470,#1472,.T.);
#1468 = VERTEX_POINT('',#1469);
#1469 = CARTESIAN_POINT('',(-89.5,17.25,60.));
#1470 = VERTEX_POINT('',#1471);
#1471 = CARTESIAN_POINT('',(-89.5,13.75,60.));
#1472 = CIRCLE('',#1473,1.75);
#1473 = AXIS2_PLACEMENT_3D('',#1474,#1475,#1476);
#1474 = CARTESIAN_POINT('',(-89.5,15.5,60.));
#1475 = DIRECTION('',(0.,0.,1.));
#1476 = DIRECTION('',(1.,0.,-0.));
#1477 = ORIENTED_EDGE('',*,*,#1478,.F.);
#1478 = EDGE_CURVE('',#1479,#1468,#1481,.T.);
#1479 = VERTEX_POINT('',#1480);
#1480 = CARTESIAN_POINT('',(-75.5,17.25,60.));
#1481 = LINE('',#1482,#1483);
#1482 = CARTESIAN_POINT('',(-108.75,17.25,60.));
#1483 = VECTOR('',#1484,1.);
#1484 = DIRECTION('',(-1.,-0.,0.));
#1485 = ORIENTED_EDGE('',*,*,#1486,.F.);
#1486 = EDGE_CURVE('',#1487,#1479,#1489,.T.);
#1487 = VERTEX_POINT('',#1488);
#1488 = CARTESIAN_POINT('',(-73.75,15.5,60.));
#1489 = CIRCLE('',#1490,1.75);
#1490 = AXIS2_PLACEMENT_3D('',#1491,#1492,#1493);
#1491 = CARTESIAN_POINT('',(-75.5,15.5,60.));
#1492 = DIRECTION('',(0.,0.,1.));
#1493 = DIRECTION('',(1.,0.,-0.));
#1494 = ORIENTED_EDGE('',*,*,#1495,.F.);
#1495 = EDGE_CURVE('',#1496,#1487,#1498,.T.);
#1496 = VERTEX_POINT('',#1497);
#1497 = CARTESIAN_POINT('',(-75.5,13.75,60.));
#1498 = CIRCLE('',#1499,1.75);
#1499 = AXIS2_PLACEMENT_3D('',#1500,#1501,#1502);
#1500 = CARTESIAN_POINT('',(-75.5,15.5,60.));
#1501 = DIRECTION('',(0.,0.,1.));
#1502 = DIRECTION('',(1.,0.,-0.));
#1503 = ORIENTED_EDGE('',*,*,#1504,.T.);
#1504 = EDGE_CURVE('',#1496,#1470,#1505,.T.);
#1505 = LINE('',#1506,#1507);
#1506 = CARTESIAN_POINT('',(-108.75,13.75,60.));
#1507 = VECTOR('',#1508,1.);
#1508 = DIRECTION('',(-1.,-0.,0.));
#1509 = PLANE('',#1510);
#1510 = AXIS2_PLACEMENT_3D('',#1511,#1512,#1513);
#1511 = CARTESIAN_POINT('',(-128.,-47.,60.));
#1512 = DIRECTION('',(0.,0.,1.));
#1513 = DIRECTION('',(1.,0.,-0.));
#1514 = ADVANCED_FACE('',(#1515),#1526,.F.);
#1515 = FACE_BOUND('',#1516,.F.);
#1516 = EDGE_LOOP('',(#1517,#1518,#1519,#1520));
#1517 = ORIENTED_EDGE('',*,*,#1298,.T.);
#1518 = ORIENTED_EDGE('',*,*,#1063,.T.);
#1519 = ORIENTED_EDGE('',*,*,#842,.F.);
#1520 = ORIENTED_EDGE('',*,*,#1521,.F.);
#1521 = EDGE_CURVE('',#1299,#843,#1522,.T.);
#1522 = LINE('',#1523,#1524);
#1523 = CARTESIAN_POINT('',(-106.5,-13.75,59.));
#1524 = VECTOR('',#1525,1.);
#1525 = DIRECTION('',(0.,0.,1.));
#1526 = PLANE('',#1527);
#1527 = AXIS2_PLACEMENT_3D('',#1528,#1529,#1530);
#1528 = CARTESIAN_POINT('',(-120.5,-13.75,59.));
#1529 = DIRECTION('',(-0.,1.,0.));
#1530 = DIRECTION('',(0.,0.,1.));
#1531 = ADVANCED_FACE('',(#1532),#1543,.T.);
#1532 = FACE_BOUND('',#1533,.T.);
#1533 = EDGE_LOOP('',(#1534,#1535,#1536,#1537));
#1534 = ORIENTED_EDGE('',*,*,#1324,.T.);
#1535 = ORIENTED_EDGE('',*,*,#1080,.T.);
#1536 = ORIENTED_EDGE('',*,*,#868,.F.);
#1537 = ORIENTED_EDGE('',*,*,#1538,.F.);
#1538 = EDGE_CURVE('',#1316,#860,#1539,.T.);
#1539 = LINE('',#1540,#1541);
#1540 = CARTESIAN_POINT('',(-106.5,-17.25,59.));
#1541 = VECTOR('',#1542,1.);
#1542 = DIRECTION('',(0.,0.,1.));
#1543 = PLANE('',#1544);
#1544 = AXIS2_PLACEMENT_3D('',#1545,#1546,#1547);
#1545 = CARTESIAN_POINT('',(-120.5,-17.25,59.));
#1546 = DIRECTION('',(-0.,1.,0.));
#1547 = DIRECTION('',(0.,0.,1.));
#1548 = ADVANCED_FACE('',(#1549),#1565,.F.);
#1549 = FACE_BOUND('',#1550,.F.);
#1550 = EDGE_LOOP('',(#1551,#1552,#1558,#1559));
#1551 = ORIENTED_EDGE('',*,*,#876,.F.);
#1552 = ORIENTED_EDGE('',*,*,#1553,.F.);
#1553 = EDGE_CURVE('',#1333,#877,#1554,.T.);
#1554 = LINE('',#1555,#1556);
#1555 = CARTESIAN_POINT('',(-89.5,-13.75,59.));
#1556 = VECTOR('',#1557,1.);
#1557 = DIRECTION('',(0.,0.,1.));
#1558 = ORIENTED_EDGE('',*,*,#1332,.T.);
#1559 = ORIENTED_EDGE('',*,*,#1560,.T.);
#1560 = EDGE_CURVE('',#1335,#879,#1561,.T.);
#1561 = LINE('',#1562,#1563);
#1562 = CARTESIAN_POINT('',(-89.5,-17.25,59.));
#1563 = VECTOR('',#1564,1.);
#1564 = DIRECTION('',(0.,0.,1.));
#1565 = CYLINDRICAL_SURFACE('',#1566,1.75);
#1566 = AXIS2_PLACEMENT_3D('',#1567,#1568,#1569);
#1567 = CARTESIAN_POINT('',(-89.5,-15.5,59.));
#1568 = DIRECTION('',(0.,0.,1.));
#1569 = DIRECTION('',(1.,0.,-0.));
#1570 = ADVANCED_FACE('',(#1571),#1582,.F.);
#1571 = FACE_BOUND('',#1572,.F.);
#1572 = EDGE_LOOP('',(#1573,#1574,#1575,#1576));
#1573 = ORIENTED_EDGE('',*,*,#1343,.T.);
#1574 = ORIENTED_EDGE('',*,*,#1553,.T.);
#1575 = ORIENTED_EDGE('',*,*,#887,.F.);
#1576 = ORIENTED_EDGE('',*,*,#1577,.F.);
#1577 = EDGE_CURVE('',#1344,#888,#1578,.T.);
#1578 = LINE('',#1579,#1580);
#1579 = CARTESIAN_POINT('',(-75.5,-13.75,59.));
#1580 = VECTOR('',#1581,1.);
#1581 = DIRECTION('',(0.,0.,1.));
#1582 = PLANE('',#1583);
#1583 = AXIS2_PLACEMENT_3D('',#1584,#1585,#1586);
#1584 = CARTESIAN_POINT('',(-89.5,-13.75,59.));
#1585 = DIRECTION('',(-0.,1.,0.));
#1586 = DIRECTION('',(0.,0.,1.));
#1587 = ADVANCED_FACE('',(#1588),#1599,.T.);
#1588 = FACE_BOUND('',#1589,.T.);
#1589 = EDGE_LOOP('',(#1590,#1591,#1592,#1593));
#1590 = ORIENTED_EDGE('',*,*,#1369,.T.);
#1591 = ORIENTED_EDGE('',*,*,#1560,.T.);
#1592 = ORIENTED_EDGE('',*,*,#913,.F.);
#1593 = ORIENTED_EDGE('',*,*,#1594,.F.);
#1594 = EDGE_CURVE('',#1361,#905,#1595,.T.);
#1595 = LINE('',#1596,#1597);
#1596 = CARTESIAN_POINT('',(-75.5,-17.25,59.));
#1597 = VECTOR('',#1598,1.);
#1598 = DIRECTION('',(0.,0.,1.));
#1599 = PLANE('',#1600);
#1600 = AXIS2_PLACEMENT_3D('',#1601,#1602,#1603);
#1601 = CARTESIAN_POINT('',(-89.5,-17.25,59.));
#1602 = DIRECTION('',(-0.,1.,0.));
#1603 = DIRECTION('',(0.,0.,1.));
#1604 = ADVANCED_FACE('',(#1605),#1621,.F.);
#1605 = FACE_BOUND('',#1606,.F.);
#1606 = EDGE_LOOP('',(#1607,#1608,#1614,#1615));
#1607 = ORIENTED_EDGE('',*,*,#921,.F.);
#1608 = ORIENTED_EDGE('',*,*,#1609,.F.);
#1609 = EDGE_CURVE('',#1378,#922,#1610,.T.);
#1610 = LINE('',#1611,#1612);
#1611 = CARTESIAN_POINT('',(-120.5,17.25,59.));
#1612 = VECTOR('',#1613,1.);
#1613 = DIRECTION('',(0.,0.,1.));
#1614 = ORIENTED_EDGE('',*,*,#1377,.T.);
#1615 = ORIENTED_EDGE('',*,*,#1616,.T.);
#1616 = EDGE_CURVE('',#1380,#924,#1617,.T.);
#1617 = LINE('',#1618,#1619);
#1618 = CARTESIAN_POINT('',(-120.5,13.75,59.));
#1619 = VECTOR('',#1620,1.);
#1620 = DIRECTION('',(0.,0.,1.));
#1621 = CYLINDRICAL_SURFACE('',#1622,1.75);
#1622 = AXIS2_PLACEMENT_3D('',#1623,#1624,#1625);
#1623 = CARTESIAN_POINT('',(-120.5,15.5,59.));
#1624 = DIRECTION('',(0.,0.,1.));
#1625 = DIRECTION('',(1.,0.,-0.));
#1626 = ADVANCED_FACE('',(#1627),#1638,.F.);
#1627 = FACE_BOUND('',#1628,.F.);
#1628 = EDGE_LOOP('',(#1629,#1630,#1631,#1632));
#1629 = ORIENTED_EDGE('',*,*,#1388,.T.);
#1630 = ORIENTED_EDGE('',*,*,#1609,.T.);
#1631 = ORIENTED_EDGE('',*,*,#932,.F.);
#1632 = ORIENTED_EDGE('',*,*,#1633,.F.);
#1633 = EDGE_CURVE('',#1389,#933,#1634,.T.);
#1634 = LINE('',#1635,#1636);
#1635 = CARTESIAN_POINT('',(-106.5,17.25,59.));
#1636 = VECTOR('',#1637,1.);
#1637 = DIRECTION('',(0.,0.,1.));
#1638 = PLANE('',#1639);
#1639 = AXIS2_PLACEMENT_3D('',#1640,#1641,#1642);
#1640 = CARTESIAN_POINT('',(-120.5,17.25,59.));
#1641 = DIRECTION('',(-0.,1.,0.));
#1642 = DIRECTION('',(0.,0.,1.));
#1643 = ADVANCED_FACE('',(#1644),#1655,.T.);
#1644 = FACE_BOUND('',#1645,.T.);
#1645 = EDGE_LOOP('',(#1646,#1647,#1648,#1649));
#1646 = ORIENTED_EDGE('',*,*,#1414,.T.);
#1647 = ORIENTED_EDGE('',*,*,#1616,.T.);
#1648 = ORIENTED_EDGE('',*,*,#958,.F.);
#1649 = ORIENTED_EDGE('',*,*,#1650,.F.);
#1650 = EDGE_CURVE('',#1406,#950,#1651,.T.);
#1651 = LINE('',#1652,#1653);
#1652 = CARTESIAN_POINT('',(-106.5,13.75,59.));
#1653 = VECTOR('',#1654,1.);
#1654 = DIRECTION('',(0.,0.,1.));
#1655 = PLANE('',#1656);
#1656 = AXIS2_PLACEMENT_3D('',#1657,#1658,#1659);
#1657 = CARTESIAN_POINT('',(-120.5,13.75,59.));
#1658 = DIRECTION('',(-0.,1.,0.));
#1659 = DIRECTION('',(0.,0.,1.));
#1660 = ADVANCED_FACE('',(#1661),#1677,.F.);
#1661 = FACE_BOUND('',#1662,.F.);
#1662 = EDGE_LOOP('',(#1663,#1664,#1670,#1671));
#1663 = ORIENTED_EDGE('',*,*,#966,.F.);
#1664 = ORIENTED_EDGE('',*,*,#1665,.F.);
#1665 = EDGE_CURVE('',#1423,#967,#1666,.T.);
#1666 = LINE('',#1667,#1668);
#1667 = CARTESIAN_POINT('',(-105.,11.3,59.));
#1668 = VECTOR('',#1669,1.);
#1669 = DIRECTION('',(0.,0.,1.));
#1670 = ORIENTED_EDGE('',*,*,#1422,.T.);
#1671 = ORIENTED_EDGE('',*,*,#1672,.T.);
#1672 = EDGE_CURVE('',#1425,#969,#1673,.T.);
#1673 = LINE('',#1674,#1675);
#1674 = CARTESIAN_POINT('',(-105.,-11.3,59.));
#1675 = VECTOR('',#1676,1.);
#1676 = DIRECTION('',(0.,0.,1.));
#1677 = CYLINDRICAL_SURFACE('',#1678,11.3);
#1678 = AXIS2_PLACEMENT_3D('',#1679,#1680,#1681);
#1679 = CARTESIAN_POINT('',(-105.,0.,59.));
#1680 = DIRECTION('',(0.,0.,1.));
#1681 = DIRECTION('',(1.,0.,-0.));
#1682 = ADVANCED_FACE('',(#1683),#1694,.F.);
#1683 = FACE_BOUND('',#1684,.F.);
#1684 = EDGE_LOOP('',(#1685,#1686,#1687,#1688));
#1685 = ORIENTED_EDGE('',*,*,#1433,.T.);
#1686 = ORIENTED_EDGE('',*,*,#1665,.T.);
#1687 = ORIENTED_EDGE('',*,*,#977,.F.);
#1688 = ORIENTED_EDGE('',*,*,#1689,.F.);
#1689 = EDGE_CURVE('',#1434,#978,#1690,.T.);
#1690 = LINE('',#1691,#1692);
#1691 = CARTESIAN_POINT('',(-91.,11.3,59.));
#1692 = VECTOR('',#1693,1.);
#1693 = DIRECTION('',(0.,0.,1.));
#1694 = PLANE('',#1695);
#1695 = AXIS2_PLACEMENT_3D('',#1696,#1697,#1698);
#1696 = CARTESIAN_POINT('',(-105.,11.3,59.));
#1697 = DIRECTION('',(-0.,1.,0.));
#1698 = DIRECTION('',(0.,0.,1.));
#1699 = ADVANCED_FACE('',(#1700),#1711,.T.);
#1700 = FACE_BOUND('',#1701,.T.);
#1701 = EDGE_LOOP('',(#1702,#1703,#1704,#1705));
#1702 = ORIENTED_EDGE('',*,*,#1459,.T.);
#1703 = ORIENTED_EDGE('',*,*,#1672,.T.);
#1704 = ORIENTED_EDGE('',*,*,#1003,.F.);
#1705 = ORIENTED_EDGE('',*,*,#1706,.F.);
#1706 = EDGE_CURVE('',#1451,#995,#1707,.T.);
#1707 = LINE('',#1708,#1709);
#1708 = CARTESIAN_POINT('',(-91.,-11.3,59.));
#1709 = VECTOR('',#1710,1.);
#1710 = DIRECTION('',(0.,0.,1.));
#1711 = PLANE('',#1712);
#1712 = AXIS2_PLACEMENT_3D('',#1713,#1714,#1715);
#1713 = CARTESIAN_POINT('',(-105.,-11.3,59.));
#1714 = DIRECTION('',(-0.,1.,0.));
#1715 = DIRECTION('',(0.,0.,1.));
#1716 = ADVANCED_FACE('',(#1717),#1733,.F.);
#1717 = FACE_BOUND('',#1718,.F.);
#1718 = EDGE_LOOP('',(#1719,#1720,#1726,#1727));
#1719 = ORIENTED_EDGE('',*,*,#1011,.F.);
#1720 = ORIENTED_EDGE('',*,*,#1721,.F.);
#1721 = EDGE_CURVE('',#1468,#1012,#1722,.T.);
#1722 = LINE('',#1723,#1724);
#1723 = CARTESIAN_POINT('',(-89.5,17.25,59.));
#1724 = VECTOR('',#1725,1.);
#1725 = DIRECTION('',(0.,0.,1.));
#1726 = ORIENTED_EDGE('',*,*,#1467,.T.);
#1727 = ORIENTED_EDGE('',*,*,#1728,.T.);
#1728 = EDGE_CURVE('',#1470,#1014,#1729,.T.);
#1729 = LINE('',#1730,#1731);
#1730 = CARTESIAN_POINT('',(-89.5,13.75,59.));
#1731 = VECTOR('',#1732,1.);
#1732 = DIRECTION('',(0.,0.,1.));
#1733 = CYLINDRICAL_SURFACE('',#1734,1.75);
#1734 = AXIS2_PLACEMENT_3D('',#1735,#1736,#1737);
#1735 = CARTESIAN_POINT('',(-89.5,15.5,59.));
#1736 = DIRECTION('',(0.,0.,1.));
#1737 = DIRECTION('',(1.,0.,-0.));
#1738 = ADVANCED_FACE('',(#1739),#1750,.T.);
#1739 = FACE_BOUND('',#1740,.T.);
#1740 = EDGE_LOOP('',(#1741,#1742,#1743,#1744));
#1741 = ORIENTED_EDGE('',*,*,#1504,.T.);
#1742 = ORIENTED_EDGE('',*,*,#1728,.T.);
#1743 = ORIENTED_EDGE('',*,*,#1048,.F.);
#1744 = ORIENTED_EDGE('',*,*,#1745,.F.);
#1745 = EDGE_CURVE('',#1496,#1040,#1746,.T.);
#1746 = LINE('',#1747,#1748);
#1747 = CARTESIAN_POINT('',(-75.5,13.75,59.));
#1748 = VECTOR('',#1749,1.);
#1749 = DIRECTION('',(0.,0.,1.));
#1750 = PLANE('',#1751);
#1751 = AXIS2_PLACEMENT_3D('',#1752,#1753,#1754);
#1752 = CARTESIAN_POINT('',(-89.5,13.75,59.));
#1753 = DIRECTION('',(-0.,1.,0.));
#1754 = DIRECTION('',(0.,0.,1.));
#1755 = ADVANCED_FACE('',(#1756),#1767,.F.);
#1756 = FACE_BOUND('',#1757,.F.);
#1757 = EDGE_LOOP('',(#1758,#1759,#1760,#1761));
#1758 = ORIENTED_EDGE('',*,*,#1478,.T.);
#1759 = ORIENTED_EDGE('',*,*,#1721,.T.);
#1760 = ORIENTED_EDGE('',*,*,#1022,.F.);
#1761 = ORIENTED_EDGE('',*,*,#1762,.F.);
#1762 = EDGE_CURVE('',#1479,#1023,#1763,.T.);
#1763 = LINE('',#1764,#1765);
#1764 = CARTESIAN_POINT('',(-75.5,17.25,59.));
#1765 = VECTOR('',#1766,1.);
#1766 = DIRECTION('',(0.,0.,1.));
#1767 = PLANE('',#1768);
#1768 = AXIS2_PLACEMENT_3D('',#1769,#1770,#1771);
#1769 = CARTESIAN_POINT('',(-89.5,17.25,59.));
#1770 = DIRECTION('',(-0.,1.,0.));
#1771 = DIRECTION('',(0.,0.,1.));
#1772 = ADVANCED_FACE('',(#1773),#1798,.T.);
#1773 = FACE_BOUND('',#1774,.T.);
#1774 = EDGE_LOOP('',(#1775,#1776,#1784,#1792));
#1775 = ORIENTED_EDGE('',*,*,#602,.T.);
#1776 = ORIENTED_EDGE('',*,*,#1777,.T.);
#1777 = EDGE_CURVE('',#605,#1778,#1780,.T.);
#1778 = VERTEX_POINT('',#1779);
#1779 = CARTESIAN_POINT('',(-53.16025403784,-72.07626093681,10.));
#1780 = LINE('',#1781,#1782);
#1781 = CARTESIAN_POINT('',(-53.16025403784,-72.07626093681,-1.));
#1782 = VECTOR('',#1783,1.);
#1783 = DIRECTION('',(0.,0.,1.));
#1784 = ORIENTED_EDGE('',*,*,#1785,.F.);
#1785 = EDGE_CURVE('',#1786,#1778,#1788,.T.);
#1786 = VERTEX_POINT('',#1787);
#1787 = CARTESIAN_POINT('',(-34.09807621135,-53.05960043842,10.));
#1788 = LINE('',#1789,#1790);
#1789 = CARTESIAN_POINT('',(-50.33231563893,-69.25507518711,10.));
#1790 = VECTOR('',#1791,1.);
#1791 = DIRECTION('',(-0.707951511576,-0.70626104045,0.));
#1792 = ORIENTED_EDGE('',*,*,#1793,.F.);
#1793 = EDGE_CURVE('',#603,#1786,#1794,.T.);
#1794 = LINE('',#1795,#1796);
#1795 = CARTESIAN_POINT('',(-34.09807621135,-53.05960043842,-1.));
#1796 = VECTOR('',#1797,1.);
#1797 = DIRECTION('',(0.,0.,1.));
#1798 = PLANE('',#1799);
#1799 = AXIS2_PLACEMENT_3D('',#1800,#1801,#1802);
#1800 = CARTESIAN_POINT('',(-53.16025403784,-72.07626093681,-1.));
#1801 = DIRECTION('',(-0.70626104045,0.707951511576,0.));
#1802 = DIRECTION('',(0.707951511576,0.70626104045,0.));
#1803 = ADVANCED_FACE('',(#1804),#1822,.T.);
#1804 = FACE_BOUND('',#1805,.T.);
#1805 = EDGE_LOOP('',(#1806,#1807,#1808,#1816));
#1806 = ORIENTED_EDGE('',*,*,#612,.T.);
#1807 = ORIENTED_EDGE('',*,*,#1793,.T.);
#1808 = ORIENTED_EDGE('',*,*,#1809,.F.);
#1809 = EDGE_CURVE('',#1810,#1786,#1812,.T.);
#1810 = VERTEX_POINT('',#1811);
#1811 = CARTESIAN_POINT('',(-42.75833024919,-48.05960043842,10.));
#1812 = LINE('',#1813,#1814);
#1813 = CARTESIAN_POINT('',(-32.79903810567,-53.80960043842,10.));
#1814 = VECTOR('',#1815,1.);
#1815 = DIRECTION('',(0.866025403784,-0.5,0.));
#1816 = ORIENTED_EDGE('',*,*,#1817,.F.);
#1817 = EDGE_CURVE('',#613,#1810,#1818,.T.);
#1818 = LINE('',#1819,#1820);
#1819 = CARTESIAN_POINT('',(-42.75833024919,-48.05960043842,-1.));
#1820 = VECTOR('',#1821,1.);
#1821 = DIRECTION('',(0.,0.,1.));
#1822 = PLANE('',#1823);
#1823 = AXIS2_PLACEMENT_3D('',#1824,#1825,#1826);
#1824 = CARTESIAN_POINT('',(-34.09807621135,-53.05960043842,-1.));
#1825 = DIRECTION('',(-0.5,-0.866025403784,0.));
#1826 = DIRECTION('',(-0.866025403784,0.5,0.));
#1827 = ADVANCED_FACE('',(#1828),#1839,.T.);
#1828 = FACE_BOUND('',#1829,.T.);
#1829 = EDGE_LOOP('',(#1830,#1831,#1832,#1838));
#1830 = ORIENTED_EDGE('',*,*,#620,.T.);
#1831 = ORIENTED_EDGE('',*,*,#1817,.T.);
#1832 = ORIENTED_EDGE('',*,*,#1833,.F.);
#1833 = EDGE_CURVE('',#1778,#1810,#1834,.T.);
#1834 = LINE('',#1835,#1836);
#1835 = CARTESIAN_POINT('',(-47.08528460055,-58.04996335206,10.));
#1836 = VECTOR('',#1837,1.);
#1837 = DIRECTION('',(0.397437078534,0.917629428803,0.));
#1838 = ORIENTED_EDGE('',*,*,#1777,.F.);
#1839 = PLANE('',#1840);
#1840 = AXIS2_PLACEMENT_3D('',#1841,#1842,#1843);
#1841 = CARTESIAN_POINT('',(-42.75833024919,-48.05960043842,-1.));
#1842 = DIRECTION('',(0.917629428803,-0.397437078534,0.));
#1843 = DIRECTION('',(-0.397437078534,-0.917629428803,0.));
#1844 = ADVANCED_FACE('',(#1845),#1870,.T.);
#1845 = FACE_BOUND('',#1846,.T.);
#1846 = EDGE_LOOP('',(#1847,#1848,#1856,#1864));
#1847 = ORIENTED_EDGE('',*,*,#628,.T.);
#1848 = ORIENTED_EDGE('',*,*,#1849,.T.);
#1849 = EDGE_CURVE('',#631,#1850,#1852,.T.);
#1850 = VERTEX_POINT('',#1851);
#1851 = CARTESIAN_POINT('',(-53.16025403784,72.076260936815,10.));
#1852 = LINE('',#1853,#1854);
#1853 = CARTESIAN_POINT('',(-53.16025403784,72.076260936815,-1.));
#1854 = VECTOR('',#1855,1.);
#1855 = DIRECTION('',(0.,0.,1.));
#1856 = ORIENTED_EDGE('',*,*,#1857,.F.);
#1857 = EDGE_CURVE('',#1858,#1850,#1860,.T.);
#1858 = VERTEX_POINT('',#1859);
#1859 = CARTESIAN_POINT('',(-42.75833024919,48.05960043842,10.));
#1860 = LINE('',#1861,#1862);
#1861 = CARTESIAN_POINT('',(-52.28624649488,70.058293601265,10.));
#1862 = VECTOR('',#1863,1.);
#1863 = DIRECTION('',(-0.397437078534,0.917629428803,0.));
#1864 = ORIENTED_EDGE('',*,*,#1865,.F.);
#1865 = EDGE_CURVE('',#629,#1858,#1866,.T.);
#1866 = LINE('',#1867,#1868);
#1867 = CARTESIAN_POINT('',(-42.75833024919,48.05960043842,-1.));
#1868 = VECTOR('',#1869,1.);
#1869 = DIRECTION('',(0.,0.,1.));
#1870 = PLANE('',#1871);
#1871 = AXIS2_PLACEMENT_3D('',#1872,#1873,#1874);
#1872 = CARTESIAN_POINT('',(-53.16025403784,72.076260936815,-1.));
#1873 = DIRECTION('',(0.917629428803,0.397437078534,0.));
#1874 = DIRECTION('',(0.397437078534,-0.917629428803,0.));
#1875 = ADVANCED_FACE('',(#1876),#1894,.T.);
#1876 = FACE_BOUND('',#1877,.T.);
#1877 = EDGE_LOOP('',(#1878,#1879,#1880,#1888));
#1878 = ORIENTED_EDGE('',*,*,#638,.T.);
#1879 = ORIENTED_EDGE('',*,*,#1865,.T.);
#1880 = ORIENTED_EDGE('',*,*,#1881,.F.);
#1881 = EDGE_CURVE('',#1882,#1858,#1884,.T.);
#1882 = VERTEX_POINT('',#1883);
#1883 = CARTESIAN_POINT('',(-34.09807621135,53.05960043842,10.));
#1884 = LINE('',#1885,#1886);
#1885 = CARTESIAN_POINT('',(-37.12916512459,51.30960043842,10.));
#1886 = VECTOR('',#1887,1.);
#1887 = DIRECTION('',(-0.866025403784,-0.5,0.));
#1888 = ORIENTED_EDGE('',*,*,#1889,.F.);
#1889 = EDGE_CURVE('',#639,#1882,#1890,.T.);
#1890 = LINE('',#1891,#1892);
#1891 = CARTESIAN_POINT('',(-34.09807621135,53.05960043842,-1.));
#1892 = VECTOR('',#1893,1.);
#1893 = DIRECTION('',(0.,0.,1.));
#1894 = PLANE('',#1895);
#1895 = AXIS2_PLACEMENT_3D('',#1896,#1897,#1898);
#1896 = CARTESIAN_POINT('',(-42.75833024919,48.05960043842,-1.));
#1897 = DIRECTION('',(-0.5,0.866025403784,0.));
#1898 = DIRECTION('',(0.866025403784,0.5,0.));
#1899 = ADVANCED_FACE('',(#1900),#1911,.T.);
#1900 = FACE_BOUND('',#1901,.T.);
#1901 = EDGE_LOOP('',(#1902,#1903,#1904,#1910));
#1902 = ORIENTED_EDGE('',*,*,#646,.T.);
#1903 = ORIENTED_EDGE('',*,*,#1889,.T.);
#1904 = ORIENTED_EDGE('',*,*,#1905,.F.);
#1905 = EDGE_CURVE('',#1850,#1882,#1906,.T.);
#1906 = LINE('',#1907,#1908);
#1907 = CARTESIAN_POINT('',(-40.80122672569,59.746744937914,10.));
#1908 = VECTOR('',#1909,1.);
#1909 = DIRECTION('',(0.707951511576,-0.70626104045,0.));
#1910 = ORIENTED_EDGE('',*,*,#1849,.F.);
#1911 = PLANE('',#1912);
#1912 = AXIS2_PLACEMENT_3D('',#1913,#1914,#1915);
#1913 = CARTESIAN_POINT('',(-34.09807621135,53.05960043842,-1.));
#1914 = DIRECTION('',(-0.70626104045,-0.707951511576,0.));
#1915 = DIRECTION('',(-0.707951511576,0.70626104045,0.));
#1916 = ADVANCED_FACE('',(#1917),#1942,.T.);
#1917 = FACE_BOUND('',#1918,.T.);
#1918 = EDGE_LOOP('',(#1919,#1920,#1928,#1936));
#1919 = ORIENTED_EDGE('',*,*,#654,.T.);
#1920 = ORIENTED_EDGE('',*,*,#1921,.T.);
#1921 = EDGE_CURVE('',#657,#1922,#1924,.T.);
#1922 = VERTEX_POINT('',#1923);
#1923 = CARTESIAN_POINT('',(-35.83974596215,-82.07626093681,10.));
#1924 = LINE('',#1925,#1926);
#1925 = CARTESIAN_POINT('',(-35.83974596215,-82.07626093681,-1.));
#1926 = VECTOR('',#1927,1.);
#1927 = DIRECTION('',(0.,0.,1.));
#1928 = ORIENTED_EDGE('',*,*,#1929,.F.);
#1929 = EDGE_CURVE('',#1930,#1922,#1932,.T.);
#1930 = VERTEX_POINT('',#1931);
#1931 = CARTESIAN_POINT('',(-20.2416697508,-61.05960043842,10.));
#1932 = LINE('',#1933,#1934);
#1933 = CARTESIAN_POINT('',(-34.52913875704,-80.31036453373,10.));
#1934 = VECTOR('',#1935,1.);
#1935 = DIRECTION('',(-0.595971857337,-0.803005320818,0.));
#1936 = ORIENTED_EDGE('',*,*,#1937,.F.);
#1937 = EDGE_CURVE('',#655,#1930,#1938,.T.);
#1938 = LINE('',#1939,#1940);
#1939 = CARTESIAN_POINT('',(-20.2416697508,-61.05960043842,-1.));
#1940 = VECTOR('',#1941,1.);
#1941 = DIRECTION('',(0.,0.,1.));
#1942 = PLANE('',#1943);
#1943 = AXIS2_PLACEMENT_3D('',#1944,#1945,#1946);
#1944 = CARTESIAN_POINT('',(-35.83974596215,-82.07626093681,-1.));
#1945 = DIRECTION('',(-0.803005320818,0.595971857337,0.));
#1946 = DIRECTION('',(0.595971857337,0.803005320818,0.));
#1947 = ADVANCED_FACE('',(#1948),#1966,.T.);
#1948 = FACE_BOUND('',#1949,.T.);
#1949 = EDGE_LOOP('',(#1950,#1951,#1952,#1960));
#1950 = ORIENTED_EDGE('',*,*,#664,.T.);
#1951 = ORIENTED_EDGE('',*,*,#1937,.T.);
#1952 = ORIENTED_EDGE('',*,*,#1953,.F.);
#1953 = EDGE_CURVE('',#1954,#1930,#1956,.T.);
#1954 = VERTEX_POINT('',#1955);
#1955 = CARTESIAN_POINT('',(-28.90192378864,-56.05960043842,10.));
#1956 = LINE('',#1957,#1958);
#1957 = CARTESIAN_POINT('',(-25.8708348754,-57.80960043842,10.));
#1958 = VECTOR('',#1959,1.);
#1959 = DIRECTION('',(0.866025403784,-0.5,0.));
#1960 = ORIENTED_EDGE('',*,*,#1961,.F.);
#1961 = EDGE_CURVE('',#665,#1954,#1962,.T.);
#1962 = LINE('',#1963,#1964);
#1963 = CARTESIAN_POINT('',(-28.90192378864,-56.05960043842,-1.));
#1964 = VECTOR('',#1965,1.);
#1965 = DIRECTION('',(0.,0.,1.));
#1966 = PLANE('',#1967);
#1967 = AXIS2_PLACEMENT_3D('',#1968,#1969,#1970);
#1968 = CARTESIAN_POINT('',(-20.2416697508,-61.05960043842,-1.));
#1969 = DIRECTION('',(-0.5,-0.866025403784,0.));
#1970 = DIRECTION('',(-0.866025403784,0.5,0.));
#1971 = ADVANCED_FACE('',(#1972),#1983,.T.);
#1972 = FACE_BOUND('',#1973,.T.);
#1973 = EDGE_LOOP('',(#1974,#1975,#1976,#1982));
#1974 = ORIENTED_EDGE('',*,*,#672,.T.);
#1975 = ORIENTED_EDGE('',*,*,#1961,.T.);
#1976 = ORIENTED_EDGE('',*,*,#1977,.F.);
#1977 = EDGE_CURVE('',#1922,#1954,#1978,.T.);
#1978 = LINE('',#1979,#1980);
#1979 = CARTESIAN_POINT('',(-31.34158554681,-65.20827131897,10.));
#1980 = VECTOR('',#1981,1.);
#1981 = DIRECTION('',(0.257664246944,0.966234513897,0.));
#1982 = ORIENTED_EDGE('',*,*,#1921,.F.);
#1983 = PLANE('',#1984);
#1984 = AXIS2_PLACEMENT_3D('',#1985,#1986,#1987);
#1985 = CARTESIAN_POINT('',(-28.90192378864,-56.05960043842,-1.));
#1986 = DIRECTION('',(0.966234513897,-0.257664246944,0.));
#1987 = DIRECTION('',(-0.257664246944,-0.966234513897,0.));
#1988 = ADVANCED_FACE('',(#1989),#2014,.T.);
#1989 = FACE_BOUND('',#1990,.T.);
#1990 = EDGE_LOOP('',(#1991,#1992,#2000,#2008));
#1991 = ORIENTED_EDGE('',*,*,#680,.T.);
#1992 = ORIENTED_EDGE('',*,*,#1993,.T.);
#1993 = EDGE_CURVE('',#683,#1994,#1996,.T.);
#1994 = VERTEX_POINT('',#1995);
#1995 = CARTESIAN_POINT('',(-35.83974596215,82.076260936815,10.));
#1996 = LINE('',#1997,#1998);
#1997 = CARTESIAN_POINT('',(-35.83974596215,82.076260936815,-1.));
#1998 = VECTOR('',#1999,1.);
#1999 = DIRECTION('',(0.,0.,1.));
#2000 = ORIENTED_EDGE('',*,*,#2001,.F.);
#2001 = EDGE_CURVE('',#2002,#1994,#2004,.T.);
#2002 = VERTEX_POINT('',#2003);
#2003 = CARTESIAN_POINT('',(-28.90192378864,56.05960043842,10.));
#2004 = LINE('',#2005,#2006);
#2005 = CARTESIAN_POINT('',(-34.81049663357,78.216601568172,10.));
#2006 = VECTOR('',#2007,1.);
#2007 = DIRECTION('',(-0.257664246944,0.966234513897,0.));
#2008 = ORIENTED_EDGE('',*,*,#2009,.F.);
#2009 = EDGE_CURVE('',#681,#2002,#2010,.T.);
#2010 = LINE('',#2011,#2012);
#2011 = CARTESIAN_POINT('',(-28.90192378864,56.05960043842,-1.));
#2012 = VECTOR('',#2013,1.);
#2013 = DIRECTION('',(0.,0.,1.));
#2014 = PLANE('',#2015);
#2015 = AXIS2_PLACEMENT_3D('',#2016,#2017,#2018);
#2016 = CARTESIAN_POINT('',(-35.83974596215,82.076260936815,-1.));
#2017 = DIRECTION('',(0.966234513897,0.257664246944,0.));
#2018 = DIRECTION('',(0.257664246944,-0.966234513897,0.));
#2019 = ADVANCED_FACE('',(#2020),#2038,.T.);
#2020 = FACE_BOUND('',#2021,.T.);
#2021 = EDGE_LOOP('',(#2022,#2023,#2024,#2032));
#2022 = ORIENTED_EDGE('',*,*,#690,.T.);
#2023 = ORIENTED_EDGE('',*,*,#2009,.T.);
#2024 = ORIENTED_EDGE('',*,*,#2025,.F.);
#2025 = EDGE_CURVE('',#2026,#2002,#2028,.T.);
#2026 = VERTEX_POINT('',#2027);
#2027 = CARTESIAN_POINT('',(-20.2416697508,61.05960043842,10.));
#2028 = LINE('',#2029,#2030);
#2029 = CARTESIAN_POINT('',(-30.20096189432,55.30960043842,10.));
#2030 = VECTOR('',#2031,1.);
#2031 = DIRECTION('',(-0.866025403784,-0.5,0.));
#2032 = ORIENTED_EDGE('',*,*,#2033,.F.);
#2033 = EDGE_CURVE('',#691,#2026,#2034,.T.);
#2034 = LINE('',#2035,#2036);
#2035 = CARTESIAN_POINT('',(-20.2416697508,61.05960043842,-1.));
#2036 = VECTOR('',#2037,1.);
#2037 = DIRECTION('',(0.,0.,1.));
#2038 = PLANE('',#2039);
#2039 = AXIS2_PLACEMENT_3D('',#2040,#2041,#2042);
#2040 = CARTESIAN_POINT('',(-28.90192378864,56.05960043842,-1.));
#2041 = DIRECTION('',(-0.5,0.866025403784,0.));
#2042 = DIRECTION('',(0.866025403784,0.5,0.));
#2043 = ADVANCED_FACE('',(#2044),#2055,.T.);
#2044 = FACE_BOUND('',#2045,.T.);
#2045 = EDGE_LOOP('',(#2046,#2047,#2048,#2054));
#2046 = ORIENTED_EDGE('',*,*,#698,.T.);
#2047 = ORIENTED_EDGE('',*,*,#2033,.T.);
#2048 = ORIENTED_EDGE('',*,*,#2049,.F.);
#2049 = EDGE_CURVE('',#1994,#2026,#2050,.T.);
#2050 = LINE('',#2051,#2052);
#2051 = CARTESIAN_POINT('',(-26.73010065136,69.802034284538,10.));
#2052 = VECTOR('',#2053,1.);
#2053 = DIRECTION('',(0.595971857337,-0.803005320818,0.));
#2054 = ORIENTED_EDGE('',*,*,#1993,.F.);
#2055 = PLANE('',#2056);
#2056 = AXIS2_PLACEMENT_3D('',#2057,#2058,#2059);
#2057 = CARTESIAN_POINT('',(-20.2416697508,61.05960043842,-1.));
#2058 = DIRECTION('',(-0.803005320818,-0.595971857337,0.));
#2059 = DIRECTION('',(-0.595971857337,0.803005320818,0.));
#2060 = ADVANCED_FACE('',(#2061),#2086,.T.);
#2061 = FACE_BOUND('',#2062,.T.);
#2062 = EDGE_LOOP('',(#2063,#2064,#2072,#2080));
#2063 = ORIENTED_EDGE('',*,*,#706,.T.);
#2064 = ORIENTED_EDGE('',*,*,#2065,.T.);
#2065 = EDGE_CURVE('',#709,#2066,#2068,.T.);
#2066 = VERTEX_POINT('',#2067);
#2067 = CARTESIAN_POINT('',(89.,-10.,10.));
#2068 = LINE('',#2069,#2070);
#2069 = CARTESIAN_POINT('',(89.,-10.,-1.));
#2070 = VECTOR('',#2071,1.);
#2071 = DIRECTION('',(0.,0.,1.));
#2072 = ORIENTED_EDGE('',*,*,#2073,.F.);
#2073 = EDGE_CURVE('',#2074,#2066,#2076,.T.);
#2074 = VERTEX_POINT('',#2075);
#2075 = CARTESIAN_POINT('',(63.,-3.,10.));
#2076 = LINE('',#2077,#2078);
#2077 = CARTESIAN_POINT('',(85.142812272509,-8.96152638106,10.));
#2078 = VECTOR('',#2079,1.);
#2079 = DIRECTION('',(0.965615758521,-0.259973473448,0.));
#2080 = ORIENTED_EDGE('',*,*,#2081,.F.);
#2081 = EDGE_CURVE('',#707,#2074,#2082,.T.);
#2082 = LINE('',#2083,#2084);
#2083 = CARTESIAN_POINT('',(63.,-3.,-1.));
#2084 = VECTOR('',#2085,1.);
#2085 = DIRECTION('',(0.,0.,1.));
#2086 = PLANE('',#2087);
#2087 = AXIS2_PLACEMENT_3D('',#2088,#2089,#2090);
#2088 = CARTESIAN_POINT('',(89.,-10.,-1.));
#2089 = DIRECTION('',(-0.259973473448,-0.965615758521,0.));
#2090 = DIRECTION('',(-0.965615758521,0.259973473448,0.));
#2091 = ADVANCED_FACE('',(#2092),#2110,.T.);
#2092 = FACE_BOUND('',#2093,.T.);
#2093 = EDGE_LOOP('',(#2094,#2095,#2096,#2104));
#2094 = ORIENTED_EDGE('',*,*,#716,.T.);
#2095 = ORIENTED_EDGE('',*,*,#2081,.T.);
#2096 = ORIENTED_EDGE('',*,*,#2097,.F.);
#2097 = EDGE_CURVE('',#2098,#2074,#2100,.T.);
#2098 = VERTEX_POINT('',#2099);
#2099 = CARTESIAN_POINT('',(63.,-13.,10.));
#2100 = LINE('',#2101,#2102);
#2101 = CARTESIAN_POINT('',(63.,-1.5,10.));
#2102 = VECTOR('',#2103,1.);
#2103 = DIRECTION('',(0.,1.,0.));
#2104 = ORIENTED_EDGE('',*,*,#2105,.F.);
#2105 = EDGE_CURVE('',#717,#2098,#2106,.T.);
#2106 = LINE('',#2107,#2108);
#2107 = CARTESIAN_POINT('',(63.,-13.,-1.));
#2108 = VECTOR('',#2109,1.);
#2109 = DIRECTION('',(0.,0.,1.));
#2110 = PLANE('',#2111);
#2111 = AXIS2_PLACEMENT_3D('',#2112,#2113,#2114);
#2112 = CARTESIAN_POINT('',(63.,-3.,-1.));
#2113 = DIRECTION('',(1.,0.,0.));
#2114 = DIRECTION('',(0.,-1.,0.));
#2115 = ADVANCED_FACE('',(#2116),#2127,.T.);
#2116 = FACE_BOUND('',#2117,.T.);
#2117 = EDGE_LOOP('',(#2118,#2119,#2120,#2126));
#2118 = ORIENTED_EDGE('',*,*,#724,.T.);
#2119 = ORIENTED_EDGE('',*,*,#2105,.T.);
#2120 = ORIENTED_EDGE('',*,*,#2121,.F.);
#2121 = EDGE_CURVE('',#2066,#2098,#2122,.T.);
#2122 = LINE('',#2123,#2124);
#2123 = CARTESIAN_POINT('',(73.815385251925,-11.75207093247,10.));
#2124 = VECTOR('',#2125,1.);
#2125 = DIRECTION('',(-0.993408935871,-0.114624107985,0.));
#2126 = ORIENTED_EDGE('',*,*,#2065,.F.);
#2127 = PLANE('',#2128);
#2128 = AXIS2_PLACEMENT_3D('',#2129,#2130,#2131);
#2129 = CARTESIAN_POINT('',(63.,-13.,-1.));
#2130 = DIRECTION('',(-0.114624107985,0.993408935871,0.));
#2131 = DIRECTION('',(0.993408935871,0.114624107985,0.));
#2132 = ADVANCED_FACE('',(#2133),#2158,.T.);
#2133 = FACE_BOUND('',#2134,.T.);
#2134 = EDGE_LOOP('',(#2135,#2136,#2144,#2152));
#2135 = ORIENTED_EDGE('',*,*,#732,.T.);
#2136 = ORIENTED_EDGE('',*,*,#2137,.T.);
#2137 = EDGE_CURVE('',#735,#2138,#2140,.T.);
#2138 = VERTEX_POINT('',#2139);
#2139 = CARTESIAN_POINT('',(89.,10.,10.));
#2140 = LINE('',#2141,#2142);
#2141 = CARTESIAN_POINT('',(89.,10.,-1.));
#2142 = VECTOR('',#2143,1.);
#2143 = DIRECTION('',(0.,0.,1.));
#2144 = ORIENTED_EDGE('',*,*,#2145,.F.);
#2145 = EDGE_CURVE('',#2146,#2138,#2148,.T.);
#2146 = VERTEX_POINT('',#2147);
#2147 = CARTESIAN_POINT('',(63.,13.,10.));
#2148 = LINE('',#2149,#2150);
#2149 = CARTESIAN_POINT('',(86.815385251925,10.25207093247,10.));
#2150 = VECTOR('',#2151,1.);
#2151 = DIRECTION('',(0.993408935871,-0.114624107985,0.));
#2152 = ORIENTED_EDGE('',*,*,#2153,.F.);
#2153 = EDGE_CURVE('',#733,#2146,#2154,.T.);
#2154 = LINE('',#2155,#2156);
#2155 = CARTESIAN_POINT('',(63.,13.,-1.));
#2156 = VECTOR('',#2157,1.);
#2157 = DIRECTION('',(0.,0.,1.));
#2158 = PLANE('',#2159);
#2159 = AXIS2_PLACEMENT_3D('',#2160,#2161,#2162);
#2160 = CARTESIAN_POINT('',(89.,10.,-1.));
#2161 = DIRECTION('',(-0.114624107985,-0.993408935871,0.));
#2162 = DIRECTION('',(-0.993408935871,0.114624107985,0.));
#2163 = ADVANCED_FACE('',(#2164),#2182,.T.);
#2164 = FACE_BOUND('',#2165,.T.);
#2165 = EDGE_LOOP('',(#2166,#2167,#2168,#2176));
#2166 = ORIENTED_EDGE('',*,*,#742,.T.);
#2167 = ORIENTED_EDGE('',*,*,#2153,.T.);
#2168 = ORIENTED_EDGE('',*,*,#2169,.F.);
#2169 = EDGE_CURVE('',#2170,#2146,#2172,.T.);
#2170 = VERTEX_POINT('',#2171);
#2171 = CARTESIAN_POINT('',(63.,3.,10.));
#2172 = LINE('',#2173,#2174);
#2173 = CARTESIAN_POINT('',(63.,6.5,10.));
#2174 = VECTOR('',#2175,1.);
#2175 = DIRECTION('',(0.,1.,0.));
#2176 = ORIENTED_EDGE('',*,*,#2177,.F.);
#2177 = EDGE_CURVE('',#743,#2170,#2178,.T.);
#2178 = LINE('',#2179,#2180);
#2179 = CARTESIAN_POINT('',(63.,3.,-1.));
#2180 = VECTOR('',#2181,1.);
#2181 = DIRECTION('',(0.,0.,1.));
#2182 = PLANE('',#2183);
#2183 = AXIS2_PLACEMENT_3D('',#2184,#2185,#2186);
#2184 = CARTESIAN_POINT('',(63.,13.,-1.));
#2185 = DIRECTION('',(1.,0.,0.));
#2186 = DIRECTION('',(0.,-1.,0.));
#2187 = ADVANCED_FACE('',(#2188),#2199,.T.);
#2188 = FACE_BOUND('',#2189,.T.);
#2189 = EDGE_LOOP('',(#2190,#2191,#2192,#2198));
#2190 = ORIENTED_EDGE('',*,*,#750,.T.);
#2191 = ORIENTED_EDGE('',*,*,#2177,.T.);
#2192 = ORIENTED_EDGE('',*,*,#2193,.F.);
#2193 = EDGE_CURVE('',#2138,#2170,#2194,.T.);
#2194 = LINE('',#2195,#2196);
#2195 = CARTESIAN_POINT('',(72.142812272509,5.46152638106,10.));
#2196 = VECTOR('',#2197,1.);
#2197 = DIRECTION('',(-0.965615758521,-0.259973473448,0.));
#2198 = ORIENTED_EDGE('',*,*,#2137,.F.);
#2199 = PLANE('',#2200);
#2200 = AXIS2_PLACEMENT_3D('',#2201,#2202,#2203);
#2201 = CARTESIAN_POINT('',(63.,3.,-1.));
#2202 = DIRECTION('',(-0.259973473448,0.965615758521,0.));
#2203 = DIRECTION('',(0.965615758521,0.259973473448,0.));
#2204 = ADVANCED_FACE('',(#2205),#2224,.F.);
#2205 = FACE_BOUND('',#2206,.F.);
#2206 = EDGE_LOOP('',(#2207,#2216,#2222,#2223));
#2207 = ORIENTED_EDGE('',*,*,#2208,.F.);
#2208 = EDGE_CURVE('',#2209,#2209,#2211,.T.);
#2209 = VERTEX_POINT('',#2210);
#2210 = CARTESIAN_POINT('',(131.6,-8.817456953861E-16,10.));
#2211 = CIRCLE('',#2212,3.6);
#2212 = AXIS2_PLACEMENT_3D('',#2213,#2214,#2215);
#2213 = CARTESIAN_POINT('',(128.,0.,10.));
#2214 = DIRECTION('',(0.,0.,1.));
#2215 = DIRECTION('',(1.,0.,0.));
#2216 = ORIENTED_EDGE('',*,*,#2217,.F.);
#2217 = EDGE_CURVE('',#759,#2209,#2218,.T.);
#2218 = LINE('',#2219,#2220);
#2219 = CARTESIAN_POINT('',(131.6,-8.817456953861E-16,-1.));
#2220 = VECTOR('',#2221,1.);
#2221 = DIRECTION('',(0.,0.,1.));
#2222 = ORIENTED_EDGE('',*,*,#758,.T.);
#2223 = ORIENTED_EDGE('',*,*,#2217,.T.);
#2224 = CYLINDRICAL_SURFACE('',#2225,3.6);
#2225 = AXIS2_PLACEMENT_3D('',#2226,#2227,#2228);
#2226 = CARTESIAN_POINT('',(128.,0.,-1.));
#2227 = DIRECTION('',(0.,0.,1.));
#2228 = DIRECTION('',(1.,0.,0.));
#2229 = ADVANCED_FACE('',(#2230),#2249,.F.);
#2230 = FACE_BOUND('',#2231,.F.);
#2231 = EDGE_LOOP('',(#2232,#2241,#2247,#2248));
#2232 = ORIENTED_EDGE('',*,*,#2233,.F.);
#2233 = EDGE_CURVE('',#2234,#2234,#2236,.T.);
#2234 = VERTEX_POINT('',#2235);
#2235 = CARTESIAN_POINT('',(-65.8,113.96894313803,10.));
#2236 = CIRCLE('',#2237,3.6);
#2237 = AXIS2_PLACEMENT_3D('',#2238,#2239,#2240);
#2238 = CARTESIAN_POINT('',(-64.,110.8512516844,10.));
#2239 = DIRECTION('',(0.,0.,1.));
#2240 = DIRECTION('',(-0.5,0.866025403784,0.));
#2241 = ORIENTED_EDGE('',*,*,#2242,.F.);
#2242 = EDGE_CURVE('',#770,#2234,#2243,.T.);
#2243 = LINE('',#2244,#2245);
#2244 = CARTESIAN_POINT('',(-65.8,113.96894313803,-1.));
#2245 = VECTOR('',#2246,1.);
#2246 = DIRECTION('',(0.,0.,1.));
#2247 = ORIENTED_EDGE('',*,*,#769,.T.);
#2248 = ORIENTED_EDGE('',*,*,#2242,.T.);
#2249 = CYLINDRICAL_SURFACE('',#2250,3.6);
#2250 = AXIS2_PLACEMENT_3D('',#2251,#2252,#2253);
#2251 = CARTESIAN_POINT('',(-64.,110.8512516844,-1.));
#2252 = DIRECTION('',(0.,0.,1.));
#2253 = DIRECTION('',(-0.5,0.866025403784,0.));
#2254 = ADVANCED_FACE('',(#2255),#2274,.F.);
#2255 = FACE_BOUND('',#2256,.F.);
#2256 = EDGE_LOOP('',(#2257,#2266,#2272,#2273));
#2257 = ORIENTED_EDGE('',*,*,#2258,.F.);
#2258 = EDGE_CURVE('',#2259,#2259,#2261,.T.);
#2259 = VERTEX_POINT('',#2260);
#2260 = CARTESIAN_POINT('',(-65.8,-113.968943138,10.));
#2261 = CIRCLE('',#2262,3.6);
#2262 = AXIS2_PLACEMENT_3D('',#2263,#2264,#2265);
#2263 = CARTESIAN_POINT('',(-64.,-110.8512516844,10.));
#2264 = DIRECTION('',(0.,0.,1.));
#2265 = DIRECTION('',(-0.5,-0.866025403784,0.));
#2266 = ORIENTED_EDGE('',*,*,#2267,.F.);
#2267 = EDGE_CURVE('',#781,#2259,#2268,.T.);
#2268 = LINE('',#2269,#2270);
#2269 = CARTESIAN_POINT('',(-65.8,-113.968943138,-1.));
#2270 = VECTOR('',#2271,1.);
#2271 = DIRECTION('',(0.,0.,1.));
#2272 = ORIENTED_EDGE('',*,*,#780,.T.);
#2273 = ORIENTED_EDGE('',*,*,#2267,.T.);
#2274 = CYLINDRICAL_SURFACE('',#2275,3.6);
#2275 = AXIS2_PLACEMENT_3D('',#2276,#2277,#2278);
#2276 = CARTESIAN_POINT('',(-64.,-110.8512516844,-1.));
#2277 = DIRECTION('',(0.,0.,1.));
#2278 = DIRECTION('',(-0.5,-0.866025403784,0.));
#2279 = ADVANCED_FACE('',(#2280,#2330,#2341,#2346,#2351,#2356,#2361,
    #2366,#2371,#2374,#2377),#2380,.T.);
#2280 = FACE_BOUND('',#2281,.T.);
#2281 = EDGE_LOOP('',(#2282,#2283,#2284,#2285,#2286,#2287,#2288,#2289,
    #2297,#2303,#2304,#2305,#2306,#2314,#2320,#2321,#2322,#2323,#2324,
    #2325,#2326,#2327,#2328,#2329));
#2282 = ORIENTED_EDGE('',*,*,#39,.T.);
#2283 = ORIENTED_EDGE('',*,*,#218,.T.);
#2284 = ORIENTED_EDGE('',*,*,#291,.T.);
#2285 = ORIENTED_EDGE('',*,*,#438,.T.);
#2286 = ORIENTED_EDGE('',*,*,#540,.T.);
#2287 = ORIENTED_EDGE('',*,*,#518,.T.);
#2288 = ORIENTED_EDGE('',*,*,#486,.T.);
#2289 = ORIENTED_EDGE('',*,*,#2290,.F.);
#2290 = EDGE_CURVE('',#2291,#487,#2293,.T.);
#2291 = VERTEX_POINT('',#2292);
#2292 = CARTESIAN_POINT('',(-68.,47.,10.));
#2293 = LINE('',#2294,#2295);
#2294 = CARTESIAN_POINT('',(-122.,47.,10.));
#2295 = VECTOR('',#2296,1.);
#2296 = DIRECTION('',(1.,0.,-0.));
#2297 = ORIENTED_EDGE('',*,*,#2298,.F.);
#2298 = EDGE_CURVE('',#1260,#2291,#2299,.T.);
#2299 = LINE('',#2300,#2301);
#2300 = CARTESIAN_POINT('',(-68.,41.,10.));
#2301 = VECTOR('',#2302,1.);
#2302 = DIRECTION('',(-0.,1.,0.));
#2303 = ORIENTED_EDGE('',*,*,#1267,.F.);
#2304 = ORIENTED_EDGE('',*,*,#1119,.F.);
#2305 = ORIENTED_EDGE('',*,*,#1228,.T.);
#2306 = ORIENTED_EDGE('',*,*,#2307,.F.);
#2307 = EDGE_CURVE('',#2308,#1221,#2310,.T.);
#2308 = VERTEX_POINT('',#2309);
#2309 = CARTESIAN_POINT('',(-68.,-47.,10.));
#2310 = LINE('',#2311,#2312);
#2311 = CARTESIAN_POINT('',(-68.,-47.,10.));
#2312 = VECTOR('',#2313,1.);
#2313 = DIRECTION('',(-0.,1.,0.));
#2314 = ORIENTED_EDGE('',*,*,#2315,.T.);
#2315 = EDGE_CURVE('',#2308,#415,#2316,.T.);
#2316 = LINE('',#2317,#2318);
#2317 = CARTESIAN_POINT('',(-122.,-47.,10.));
#2318 = VECTOR('',#2319,1.);
#2319 = DIRECTION('',(1.,0.,-0.));
#2320 = ORIENTED_EDGE('',*,*,#422,.T.);
#2321 = ORIENTED_EDGE('',*,*,#385,.T.);
#2322 = ORIENTED_EDGE('',*,*,#354,.T.);
#2323 = ORIENTED_EDGE('',*,*,#323,.T.);
#2324 = ORIENTED_EDGE('',*,*,#267,.T.);
#2325 = ORIENTED_EDGE('',*,*,#185,.T.);
#2326 = ORIENTED_EDGE('',*,*,#170,.T.);
#2327 = ORIENTED_EDGE('',*,*,#133,.T.);
#2328 = ORIENTED_EDGE('',*,*,#102,.T.);
#2329 = ORIENTED_EDGE('',*,*,#71,.T.);
#2330 = FACE_BOUND('',#2331,.T.);
#2331 = EDGE_LOOP('',(#2332));
#2332 = ORIENTED_EDGE('',*,*,#2333,.F.);
#2333 = EDGE_CURVE('',#2334,#2334,#2336,.T.);
#2334 = VERTEX_POINT('',#2335);
#2335 = CARTESIAN_POINT('',(27.,-6.613092715396E-15,10.));
#2336 = CIRCLE('',#2337,27.);
#2337 = AXIS2_PLACEMENT_3D('',#2338,#2339,#2340);
#2338 = CARTESIAN_POINT('',(0.,0.,10.));
#2339 = DIRECTION('',(0.,0.,1.));
#2340 = DIRECTION('',(1.,0.,-0.));
#2341 = FACE_BOUND('',#2342,.T.);
#2342 = EDGE_LOOP('',(#2343,#2344,#2345));
#2343 = ORIENTED_EDGE('',*,*,#1785,.T.);
#2344 = ORIENTED_EDGE('',*,*,#1833,.T.);
#2345 = ORIENTED_EDGE('',*,*,#1809,.T.);
#2346 = FACE_BOUND('',#2347,.T.);
#2347 = EDGE_LOOP('',(#2348,#2349,#2350));
#2348 = ORIENTED_EDGE('',*,*,#1857,.T.);
#2349 = ORIENTED_EDGE('',*,*,#1905,.T.);
#2350 = ORIENTED_EDGE('',*,*,#1881,.T.);
#2351 = FACE_BOUND('',#2352,.T.);
#2352 = EDGE_LOOP('',(#2353,#2354,#2355));
#2353 = ORIENTED_EDGE('',*,*,#1929,.T.);
#2354 = ORIENTED_EDGE('',*,*,#1977,.T.);
#2355 = ORIENTED_EDGE('',*,*,#1953,.T.);
#2356 = FACE_BOUND('',#2357,.T.);
#2357 = EDGE_LOOP('',(#2358,#2359,#2360));
#2358 = ORIENTED_EDGE('',*,*,#2001,.T.);
#2359 = ORIENTED_EDGE('',*,*,#2049,.T.);
#2360 = ORIENTED_EDGE('',*,*,#2025,.T.);
#2361 = FACE_BOUND('',#2362,.T.);
#2362 = EDGE_LOOP('',(#2363,#2364,#2365));
#2363 = ORIENTED_EDGE('',*,*,#2073,.T.);
#2364 = ORIENTED_EDGE('',*,*,#2121,.T.);
#2365 = ORIENTED_EDGE('',*,*,#2097,.T.);
#2366 = FACE_BOUND('',#2367,.T.);
#2367 = EDGE_LOOP('',(#2368,#2369,#2370));
#2368 = ORIENTED_EDGE('',*,*,#2145,.T.);
#2369 = ORIENTED_EDGE('',*,*,#2193,.T.);
#2370 = ORIENTED_EDGE('',*,*,#2169,.T.);
#2371 = FACE_BOUND('',#2372,.T.);
#2372 = EDGE_LOOP('',(#2373));
#2373 = ORIENTED_EDGE('',*,*,#2208,.F.);
#2374 = FACE_BOUND('',#2375,.T.);
#2375 = EDGE_LOOP('',(#2376));
#2376 = ORIENTED_EDGE('',*,*,#2233,.F.);
#2377 = FACE_BOUND('',#2378,.T.);
#2378 = EDGE_LOOP('',(#2379));
#2379 = ORIENTED_EDGE('',*,*,#2258,.F.);
#2380 = PLANE('',#2381);
#2381 = AXIS2_PLACEMENT_3D('',#2382,#2383,#2384);
#2382 = CARTESIAN_POINT('',(-18.16619498837,2.863066186696E-15,10.));
#2383 = DIRECTION('',(0.,0.,1.));
#2384 = DIRECTION('',(1.,0.,-0.));
#2385 = ADVANCED_FACE('',(#2386),#2405,.T.);
#2386 = FACE_BOUND('',#2387,.T.);
#2387 = EDGE_LOOP('',(#2388,#2397,#2403,#2404));
#2388 = ORIENTED_EDGE('',*,*,#2389,.F.);
#2389 = EDGE_CURVE('',#2390,#2390,#2392,.T.);
#2390 = VERTEX_POINT('',#2391);
#2391 = CARTESIAN_POINT('',(27.,-6.613092715396E-15,66.));
#2392 = CIRCLE('',#2393,27.);
#2393 = AXIS2_PLACEMENT_3D('',#2394,#2395,#2396);
#2394 = CARTESIAN_POINT('',(0.,0.,66.));
#2395 = DIRECTION('',(0.,0.,1.));
#2396 = DIRECTION('',(1.,0.,-0.));
#2397 = ORIENTED_EDGE('',*,*,#2398,.F.);
#2398 = EDGE_CURVE('',#2334,#2390,#2399,.T.);
#2399 = LINE('',#2400,#2401);
#2400 = CARTESIAN_POINT('',(27.,-6.613092715396E-15,10.));
#2401 = VECTOR('',#2402,1.);
#2402 = DIRECTION('',(0.,0.,1.));
#2403 = ORIENTED_EDGE('',*,*,#2333,.T.);
#2404 = ORIENTED_EDGE('',*,*,#2398,.T.);
#2405 = CYLINDRICAL_SURFACE('',#2406,27.);
#2406 = AXIS2_PLACEMENT_3D('',#2407,#2408,#2409);
#2407 = CARTESIAN_POINT('',(0.,0.,10.));
#2408 = DIRECTION('',(0.,0.,1.));
#2409 = DIRECTION('',(1.,0.,-0.));
#2410 = ADVANCED_FACE('',(#2411,#2414),#2425,.T.);
#2411 = FACE_BOUND('',#2412,.T.);
#2412 = EDGE_LOOP('',(#2413));
#2413 = ORIENTED_EDGE('',*,*,#2389,.T.);
#2414 = FACE_BOUND('',#2415,.T.);
#2415 = EDGE_LOOP('',(#2416));
#2416 = ORIENTED_EDGE('',*,*,#2417,.F.);
#2417 = EDGE_CURVE('',#2418,#2418,#2420,.T.);
#2418 = VERTEX_POINT('',#2419);
#2419 = CARTESIAN_POINT('',(26.2,-6.417149227532E-15,66.));
#2420 = CIRCLE('',#2421,26.2);
#2421 = AXIS2_PLACEMENT_3D('',#2422,#2423,#2424);
#2422 = CARTESIAN_POINT('',(0.,0.,66.));
#2423 = DIRECTION('',(0.,0.,1.));
#2424 = DIRECTION('',(1.,0.,-0.));
#2425 = PLANE('',#2426);
#2426 = AXIS2_PLACEMENT_3D('',#2427,#2428,#2429);
#2427 = CARTESIAN_POINT('',(0.,0.,66.));
#2428 = DIRECTION('',(0.,0.,1.));
#2429 = DIRECTION('',(1.,0.,-0.));
#2430 = ADVANCED_FACE('',(#2431),#2450,.F.);
#2431 = FACE_BOUND('',#2432,.F.);
#2432 = EDGE_LOOP('',(#2433,#2434,#2442,#2449));
#2433 = ORIENTED_EDGE('',*,*,#2417,.F.);
#2434 = ORIENTED_EDGE('',*,*,#2435,.F.);
#2435 = EDGE_CURVE('',#2436,#2418,#2438,.T.);
#2436 = VERTEX_POINT('',#2437);
#2437 = CARTESIAN_POINT('',(26.2,-6.417149227532E-15,65.));
#2438 = LINE('',#2439,#2440);
#2439 = CARTESIAN_POINT('',(26.2,-6.417149227532E-15,65.));
#2440 = VECTOR('',#2441,1.);
#2441 = DIRECTION('',(0.,0.,1.));
#2442 = ORIENTED_EDGE('',*,*,#2443,.T.);
#2443 = EDGE_CURVE('',#2436,#2436,#2444,.T.);
#2444 = CIRCLE('',#2445,26.2);
#2445 = AXIS2_PLACEMENT_3D('',#2446,#2447,#2448);
#2446 = CARTESIAN_POINT('',(0.,0.,65.));
#2447 = DIRECTION('',(0.,0.,1.));
#2448 = DIRECTION('',(1.,0.,-0.));
#2449 = ORIENTED_EDGE('',*,*,#2435,.T.);
#2450 = CYLINDRICAL_SURFACE('',#2451,26.2);
#2451 = AXIS2_PLACEMENT_3D('',#2452,#2453,#2454);
#2452 = CARTESIAN_POINT('',(0.,0.,65.));
#2453 = DIRECTION('',(0.,0.,1.));
#2454 = DIRECTION('',(1.,0.,-0.));
#2455 = ADVANCED_FACE('',(#2456,#2459),#2470,.T.);
#2456 = FACE_BOUND('',#2457,.T.);
#2457 = EDGE_LOOP('',(#2458));
#2458 = ORIENTED_EDGE('',*,*,#2443,.T.);
#2459 = FACE_BOUND('',#2460,.T.);
#2460 = EDGE_LOOP('',(#2461));
#2461 = ORIENTED_EDGE('',*,*,#2462,.F.);
#2462 = EDGE_CURVE('',#2463,#2463,#2465,.T.);
#2463 = VERTEX_POINT('',#2464);
#2464 = CARTESIAN_POINT('',(10.95,-2.681976490133E-15,65.));
#2465 = CIRCLE('',#2466,10.95);
#2466 = AXIS2_PLACEMENT_3D('',#2467,#2468,#2469);
#2467 = CARTESIAN_POINT('',(0.,0.,65.));
#2468 = DIRECTION('',(0.,0.,1.));
#2469 = DIRECTION('',(1.,0.,-0.));
#2470 = PLANE('',#2471);
#2471 = AXIS2_PLACEMENT_3D('',#2472,#2473,#2474);
#2472 = CARTESIAN_POINT('',(0.,0.,65.));
#2473 = DIRECTION('',(0.,0.,1.));
#2474 = DIRECTION('',(1.,0.,-0.));
#2475 = ADVANCED_FACE('',(#2476),#2495,.F.);
#2476 = FACE_BOUND('',#2477,.F.);
#2477 = EDGE_LOOP('',(#2478,#2479,#2487,#2494));
#2478 = ORIENTED_EDGE('',*,*,#2462,.F.);
#2479 = ORIENTED_EDGE('',*,*,#2480,.F.);
#2480 = EDGE_CURVE('',#2481,#2463,#2483,.T.);
#2481 = VERTEX_POINT('',#2482);
#2482 = CARTESIAN_POINT('',(10.95,-2.681976490133E-15,54.5));
#2483 = LINE('',#2484,#2485);
#2484 = CARTESIAN_POINT('',(10.95,-2.681976490133E-15,54.5));
#2485 = VECTOR('',#2486,1.);
#2486 = DIRECTION('',(0.,0.,1.));
#2487 = ORIENTED_EDGE('',*,*,#2488,.T.);
#2488 = EDGE_CURVE('',#2481,#2481,#2489,.T.);
#2489 = CIRCLE('',#2490,10.95);
#2490 = AXIS2_PLACEMENT_3D('',#2491,#2492,#2493);
#2491 = CARTESIAN_POINT('',(0.,0.,54.5));
#2492 = DIRECTION('',(0.,0.,1.));
#2493 = DIRECTION('',(1.,0.,-0.));
#2494 = ORIENTED_EDGE('',*,*,#2480,.T.);
#2495 = CYLINDRICAL_SURFACE('',#2496,10.95);
#2496 = AXIS2_PLACEMENT_3D('',#2497,#2498,#2499);
#2497 = CARTESIAN_POINT('',(0.,0.,54.5));
#2498 = DIRECTION('',(0.,0.,1.));
#2499 = DIRECTION('',(1.,0.,-0.));
#2500 = ADVANCED_FACE('',(#2501),#2504,.T.);
#2501 = FACE_BOUND('',#2502,.F.);
#2502 = EDGE_LOOP('',(#2503));
#2503 = ORIENTED_EDGE('',*,*,#2488,.F.);
#2504 = PLANE('',#2505);
#2505 = AXIS2_PLACEMENT_3D('',#2506,#2507,#2508);
#2506 = CARTESIAN_POINT('',(0.,0.,54.5));
#2507 = DIRECTION('',(0.,0.,1.));
#2508 = DIRECTION('',(1.,0.,-0.));
#2509 = ADVANCED_FACE('',(#2510),#2530,.T.);
#2510 = FACE_BOUND('',#2511,.T.);
#2511 = EDGE_LOOP('',(#2512,#2513,#2514,#2515,#2521,#2522,#2528,#2529));
#2512 = ORIENTED_EDGE('',*,*,#588,.F.);
#2513 = ORIENTED_EDGE('',*,*,#1103,.T.);
#2514 = ORIENTED_EDGE('',*,*,#1172,.F.);
#2515 = ORIENTED_EDGE('',*,*,#2516,.T.);
#2516 = EDGE_CURVE('',#1173,#800,#2517,.T.);
#2517 = LINE('',#2518,#2519);
#2518 = CARTESIAN_POINT('',(-128.,47.,10.));
#2519 = VECTOR('',#2520,1.);
#2520 = DIRECTION('',(0.,0.,1.));
#2521 = ORIENTED_EDGE('',*,*,#823,.T.);
#2522 = ORIENTED_EDGE('',*,*,#2523,.F.);
#2523 = EDGE_CURVE('',#2291,#816,#2524,.T.);
#2524 = LINE('',#2525,#2526);
#2525 = CARTESIAN_POINT('',(-68.,47.,60.));
#2526 = VECTOR('',#2527,1.);
#2527 = DIRECTION('',(0.,0.,1.));
#2528 = ORIENTED_EDGE('',*,*,#2290,.T.);
#2529 = ORIENTED_EDGE('',*,*,#494,.F.);
#2530 = PLANE('',#2531);
#2531 = AXIS2_PLACEMENT_3D('',#2532,#2533,#2534);
#2532 = CARTESIAN_POINT('',(-93.16054017828,47.,30.175488557725));
#2533 = DIRECTION('',(0.,1.,0.));
#2534 = DIRECTION('',(0.,-0.,1.));
#2535 = ADVANCED_FACE('',(#2536),#2556,.T.);
#2536 = FACE_BOUND('',#2537,.T.);
#2537 = EDGE_LOOP('',(#2538,#2539,#2540,#2541,#2547,#2548,#2554,#2555));
#2538 = ORIENTED_EDGE('',*,*,#572,.T.);
#2539 = ORIENTED_EDGE('',*,*,#414,.T.);
#2540 = ORIENTED_EDGE('',*,*,#2315,.F.);
#2541 = ORIENTED_EDGE('',*,*,#2542,.T.);
#2542 = EDGE_CURVE('',#2308,#808,#2543,.T.);
#2543 = LINE('',#2544,#2545);
#2544 = CARTESIAN_POINT('',(-68.,-47.,10.));
#2545 = VECTOR('',#2546,1.);
#2546 = DIRECTION('',(0.,0.,1.));
#2547 = ORIENTED_EDGE('',*,*,#807,.F.);
#2548 = ORIENTED_EDGE('',*,*,#2549,.F.);
#2549 = EDGE_CURVE('',#1150,#798,#2550,.T.);
#2550 = LINE('',#2551,#2552);
#2551 = CARTESIAN_POINT('',(-128.,-47.,60.));
#2552 = VECTOR('',#2553,1.);
#2553 = DIRECTION('',(0.,0.,1.));
#2554 = ORIENTED_EDGE('',*,*,#1157,.T.);
#2555 = ORIENTED_EDGE('',*,*,#1094,.F.);
#2556 = PLANE('',#2557);
#2557 = AXIS2_PLACEMENT_3D('',#2558,#2559,#2560);
#2558 = CARTESIAN_POINT('',(-93.16054017828,-47.,30.175488557725));
#2559 = DIRECTION('',(-0.,-1.,-0.));
#2560 = DIRECTION('',(0.,0.,-1.));
#2561 = ADVANCED_FACE('',(#2562),#2572,.T.);
#2562 = FACE_BOUND('',#2563,.T.);
#2563 = EDGE_LOOP('',(#2564,#2565,#2566,#2567,#2568,#2569,#2570,#2571));
#2564 = ORIENTED_EDGE('',*,*,#2542,.F.);
#2565 = ORIENTED_EDGE('',*,*,#2307,.T.);
#2566 = ORIENTED_EDGE('',*,*,#1220,.T.);
#2567 = ORIENTED_EDGE('',*,*,#1288,.T.);
#2568 = ORIENTED_EDGE('',*,*,#1259,.F.);
#2569 = ORIENTED_EDGE('',*,*,#2298,.T.);
#2570 = ORIENTED_EDGE('',*,*,#2523,.T.);
#2571 = ORIENTED_EDGE('',*,*,#815,.F.);
#2572 = PLANE('',#2573);
#2573 = AXIS2_PLACEMENT_3D('',#2574,#2575,#2576);
#2574 = CARTESIAN_POINT('',(-68.,0.,47.5));
#2575 = DIRECTION('',(1.,0.,0.));
#2576 = DIRECTION('',(-0.,0.,1.));
#2577 = ADVANCED_FACE('',(#2578),#2588,.T.);
#2578 = FACE_BOUND('',#2579,.T.);
#2579 = EDGE_LOOP('',(#2580,#2581,#2582,#2583,#2584,#2585,#2586,#2587));
#2580 = ORIENTED_EDGE('',*,*,#1243,.T.);
#2581 = ORIENTED_EDGE('',*,*,#1281,.F.);
#2582 = ORIENTED_EDGE('',*,*,#1204,.F.);
#2583 = ORIENTED_EDGE('',*,*,#1149,.F.);
#2584 = ORIENTED_EDGE('',*,*,#2549,.T.);
#2585 = ORIENTED_EDGE('',*,*,#797,.T.);
#2586 = ORIENTED_EDGE('',*,*,#2516,.F.);
#2587 = ORIENTED_EDGE('',*,*,#1180,.F.);
#2588 = PLANE('',#2589);
#2589 = AXIS2_PLACEMENT_3D('',#2590,#2591,#2592);
#2590 = CARTESIAN_POINT('',(-128.,0.,47.5));
#2591 = DIRECTION('',(-1.,-0.,-0.));
#2592 = DIRECTION('',(0.,0.,-1.));
#2593 = ADVANCED_FACE('',(#2594),#2602,.F.);
#2594 = FACE_BOUND('',#2595,.F.);
#2595 = EDGE_LOOP('',(#2596,#2597,#2598,#2599,#2600,#2601));
#2596 = ORIENTED_EDGE('',*,*,#1538,.F.);
#2597 = ORIENTED_EDGE('',*,*,#1315,.T.);
#2598 = ORIENTED_EDGE('',*,*,#1306,.T.);
#2599 = ORIENTED_EDGE('',*,*,#1521,.T.);
#2600 = ORIENTED_EDGE('',*,*,#850,.F.);
#2601 = ORIENTED_EDGE('',*,*,#859,.F.);
#2602 = CYLINDRICAL_SURFACE('',#2603,1.75);
#2603 = AXIS2_PLACEMENT_3D('',#2604,#2605,#2606);
#2604 = CARTESIAN_POINT('',(-106.5,-15.5,59.));
#2605 = DIRECTION('',(0.,0.,1.));
#2606 = DIRECTION('',(1.,0.,-0.));
#2607 = ADVANCED_FACE('',(#2608),#2616,.F.);
#2608 = FACE_BOUND('',#2609,.F.);
#2609 = EDGE_LOOP('',(#2610,#2611,#2612,#2613,#2614,#2615));
#2610 = ORIENTED_EDGE('',*,*,#1594,.F.);
#2611 = ORIENTED_EDGE('',*,*,#1360,.T.);
#2612 = ORIENTED_EDGE('',*,*,#1351,.T.);
#2613 = ORIENTED_EDGE('',*,*,#1577,.T.);
#2614 = ORIENTED_EDGE('',*,*,#895,.F.);
#2615 = ORIENTED_EDGE('',*,*,#904,.F.);
#2616 = CYLINDRICAL_SURFACE('',#2617,1.75);
#2617 = AXIS2_PLACEMENT_3D('',#2618,#2619,#2620);
#2618 = CARTESIAN_POINT('',(-75.5,-15.5,59.));
#2619 = DIRECTION('',(0.,0.,1.));
#2620 = DIRECTION('',(1.,0.,-0.));
#2621 = ADVANCED_FACE('',(#2622),#2630,.F.);
#2622 = FACE_BOUND('',#2623,.F.);
#2623 = EDGE_LOOP('',(#2624,#2625,#2626,#2627,#2628,#2629));
#2624 = ORIENTED_EDGE('',*,*,#1650,.F.);
#2625 = ORIENTED_EDGE('',*,*,#1405,.T.);
#2626 = ORIENTED_EDGE('',*,*,#1396,.T.);
#2627 = ORIENTED_EDGE('',*,*,#1633,.T.);
#2628 = ORIENTED_EDGE('',*,*,#940,.F.);
#2629 = ORIENTED_EDGE('',*,*,#949,.F.);
#2630 = CYLINDRICAL_SURFACE('',#2631,1.75);
#2631 = AXIS2_PLACEMENT_3D('',#2632,#2633,#2634);
#2632 = CARTESIAN_POINT('',(-106.5,15.5,59.));
#2633 = DIRECTION('',(0.,0.,1.));
#2634 = DIRECTION('',(1.,0.,-0.));
#2635 = ADVANCED_FACE('',(#2636),#2644,.F.);
#2636 = FACE_BOUND('',#2637,.F.);
#2637 = EDGE_LOOP('',(#2638,#2639,#2640,#2641,#2642,#2643));
#2638 = ORIENTED_EDGE('',*,*,#1706,.F.);
#2639 = ORIENTED_EDGE('',*,*,#1450,.T.);
#2640 = ORIENTED_EDGE('',*,*,#1441,.T.);
#2641 = ORIENTED_EDGE('',*,*,#1689,.T.);
#2642 = ORIENTED_EDGE('',*,*,#985,.F.);
#2643 = ORIENTED_EDGE('',*,*,#994,.F.);
#2644 = CYLINDRICAL_SURFACE('',#2645,11.3);
#2645 = AXIS2_PLACEMENT_3D('',#2646,#2647,#2648);
#2646 = CARTESIAN_POINT('',(-91.,0.,59.));
#2647 = DIRECTION('',(0.,0.,1.));
#2648 = DIRECTION('',(1.,0.,-0.));
#2649 = ADVANCED_FACE('',(#2650),#2658,.F.);
#2650 = FACE_BOUND('',#2651,.F.);
#2651 = EDGE_LOOP('',(#2652,#2653,#2654,#2655,#2656,#2657));
#2652 = ORIENTED_EDGE('',*,*,#1762,.T.);
#2653 = ORIENTED_EDGE('',*,*,#1030,.F.);
#2654 = ORIENTED_EDGE('',*,*,#1039,.F.);
#2655 = ORIENTED_EDGE('',*,*,#1745,.F.);
#2656 = ORIENTED_EDGE('',*,*,#1495,.T.);
#2657 = ORIENTED_EDGE('',*,*,#1486,.T.);
#2658 = CYLINDRICAL_SURFACE('',#2659,1.75);
#2659 = AXIS2_PLACEMENT_3D('',#2660,#2661,#2662);
#2660 = CARTESIAN_POINT('',(-75.5,15.5,59.));
#2661 = DIRECTION('',(0.,0.,1.));
#2662 = DIRECTION('',(1.,0.,-0.));
#2663 = ( GEOMETRIC_REPRESENTATION_CONTEXT(3) 
GLOBAL_UNCERTAINTY_ASSIGNED_CONTEXT((#2667)) 
GLOBAL_UNIT_ASSIGNED_CONTEXT((#2664,#2665,#2666)) REPRESENTATION_CONTEXT
('Context #1','3D Context with UNIT and UNCERTAINTY') );
#2664 = ( LENGTH_UNIT() NAMED_UNIT(*) SI_UNIT(.MILLI.,.METRE.) );
#2665 = ( NAMED_UNIT(*) PLANE_ANGLE_UNIT() SI_UNIT($,.RADIAN.) );
#2666 = ( NAMED_UNIT(*) SI_UNIT($,.STERADIAN.) SOLID_ANGLE_UNIT() );
#2667 = UNCERTAINTY_MEASURE_WITH_UNIT(LENGTH_MEASURE(1.E-07),#2664,
  'distance_accuracy_value','confusion accuracy');
#2668 = PRODUCT_RELATED_PRODUCT_CATEGORY('part',$,(#7));
ENDSEC;
END-ISO-10303-21;
