ISO-10303-21;
HEADER;
FILE_DESCRIPTION(('FreeCAD Model'),'2;1');
FILE_NAME('Open CASCADE Shape Model','2026-08-28T20:43:36',('Author'),(
    ''),'Open CASCADE STEP processor 7.8','FreeCAD','Unknown');
FILE_SCHEMA(('AUTOMOTIVE_DESIGN { 1 0 10303 214 1 1 1 1 }'));
ENDSEC;
DATA;
#1 = APPLICATION_PROTOCOL_DEFINITION('international standard',
  'automotive_design',2000,#2);
#2 = APPLICATION_CONTEXT(
  'core data for automotive mechanical design processes');
#3 = SHAPE_DEFINITION_REPRESENTATION(#4,#10);
#4 = PRODUCT_DEFINITION_SHAPE('','',#5);
#5 = PRODUCT_DEFINITION('design','',#6,#9);
#6 = PRODUCT_DEFINITION_FORMATION('','',#7);
#7 = PRODUCT('TILT_ROTATING_one_piece_cradle_trunnions_80T',
  'TILT_ROTATING_one_piece_cradle_trunnions_80T','',(#8));
#8 = PRODUCT_CONTEXT('',#2,'mechanical');
#9 = PRODUCT_DEFINITION_CONTEXT('part definition',#2,'design');
#10 = ADVANCED_BREP_SHAPE_REPRESENTATION('',(#11,#15),#17825);
#11 = AXIS2_PLACEMENT_3D('',#12,#13,#14);
#12 = CARTESIAN_POINT('',(0.,0.,0.));
#13 = DIRECTION('',(0.,0.,1.));
#14 = DIRECTION('',(1.,0.,-0.));
#15 = MANIFOLD_SOLID_BREP('',#16);
#16 = CLOSED_SHELL('',(#17,#73,#104,#160,#224,#325,#372,#434,#448,#472,
    #513,#530,#563,#613,#639,#679,#720,#753,#775,#792,#809,#826,#869,
    #883,#892,#916,#943,#960,#999,#5250,#5259,#5279,#5311,#5336,#5361,
    #5386,#5411,#5435,#5460,#5485,#5510,#5535,#5560,#5584,#5609,#5634,
    #5659,#5684,#5709,#5733,#5758,#5783,#5808,#5833,#5858,#5882,#5907,
    #5932,#5957,#5982,#6007,#6031,#6056,#6081,#6106,#6131,#6156,#6180,
    #6205,#6230,#6255,#6280,#6305,#6329,#6354,#6379,#6404,#6429,#6454,
    #6478,#6503,#6528,#6553,#6578,#6603,#6627,#6652,#6677,#6702,#6727,
    #6752,#6776,#6801,#6826,#6851,#6876,#6901,#6925,#6950,#6975,#7000,
    #7025,#7050,#7074,#7099,#7124,#7149,#7174,#7199,#7223,#7248,#7273,
    #7298,#7323,#7348,#7372,#7397,#7422,#7447,#7472,#7497,#7521,#7546,
    #7571,#7596,#7621,#7646,#7670,#7695,#7720,#7745,#7770,#7795,#7819,
    #7844,#7869,#7894,#7919,#7944,#7968,#7993,#8018,#8043,#8068,#8093,
    #8117,#8142,#8167,#8192,#8217,#8242,#8266,#8291,#8316,#8341,#8366,
    #8391,#8415,#8440,#8465,#8490,#8515,#8540,#8564,#8589,#8614,#8639,
    #8664,#8689,#8713,#8738,#8763,#8788,#8813,#8838,#8862,#8887,#8912,
    #8937,#8962,#8987,#9011,#9036,#9061,#9086,#9111,#9136,#9160,#9185,
    #9210,#9235,#9260,#9285,#9309,#9334,#9359,#9384,#9409,#9434,#9458,
    #9483,#9508,#9533,#9558,#9583,#9607,#9632,#9657,#9682,#9707,#9732,
    #9756,#9781,#9806,#9831,#9856,#9881,#9905,#9930,#9955,#9980,#10005,
    #10030,#10054,#10079,#10104,#10129,#10154,#10179,#10203,#10228,
    #10253,#10278,#10303,#10328,#10352,#10377,#10402,#10427,#10452,
    #10477,#10501,#10526,#10551,#10576,#10601,#10626,#10650,#10675,
    #10700,#10725,#10750,#10775,#10799,#10824,#10849,#10874,#10899,
    #10924,#10948,#10973,#10998,#11023,#11048,#11073,#11097,#11122,
    #11147,#11172,#11197,#11222,#11246,#11271,#11296,#11321,#11346,
    #11371,#11395,#11420,#11445,#11470,#11495,#11520,#11544,#11569,
    #11594,#11619,#11644,#11669,#11693,#11718,#11743,#11768,#11793,
    #11818,#11842,#11867,#11892,#11917,#11942,#11967,#11991,#12016,
    #12041,#12066,#12091,#12116,#12140,#12165,#12190,#12215,#12240,
    #12265,#12289,#12314,#12339,#12364,#12389,#12414,#12438,#12463,
    #12488,#12513,#12538,#12563,#12587,#12612,#12637,#12662,#12687,
    #12712,#12736,#12761,#12786,#12811,#12836,#12861,#12885,#12910,
    #12935,#12960,#12985,#13010,#13034,#13059,#13084,#13109,#13134,
    #13159,#13183,#13208,#13233,#13258,#13283,#13308,#13332,#13357,
    #13382,#13407,#13432,#13457,#13481,#13506,#13531,#13556,#13581,
    #13606,#13630,#13655,#13680,#13705,#13730,#13755,#13779,#13804,
    #13829,#13854,#13879,#13904,#13928,#13953,#13978,#14003,#14028,
    #14053,#14077,#14102,#14127,#14152,#14177,#14202,#14226,#14251,
    #14276,#14301,#14326,#14351,#14375,#14400,#14425,#14450,#14475,
    #14500,#14524,#14549,#14574,#14599,#14624,#14649,#14673,#14698,
    #14723,#14748,#14773,#14798,#14822,#14847,#14872,#14897,#14922,
    #14947,#14971,#14996,#15021,#15046,#15071,#15096,#15120,#15145,
    #15170,#15195,#15220,#15245,#15269,#15294,#15319,#15344,#15369,
    #15394,#15418,#15443,#15468,#15493,#15518,#15543,#15567,#15592,
    #15617,#15642,#15667,#15692,#15716,#15741,#15766,#15791,#15816,
    #15841,#15865,#15890,#15915,#15940,#15965,#15990,#16014,#16039,
    #16064,#16089,#16114,#16139,#16163,#16188,#16213,#16238,#16263,
    #16288,#16312,#16337,#16362,#16387,#16412,#16437,#16461,#16486,
    #16511,#16536,#16561,#16586,#16610,#16635,#16660,#16685,#16710,
    #16735,#16759,#16784,#16809,#16834,#16859,#16884,#16908,#16933,
    #16958,#16983,#17008,#17033,#17057,#17082,#17107,#17132,#17157,
    #17182,#17199,#17224,#17723,#17732,#17757,#17777,#17802,#17811));
#17 = ADVANCED_FACE('',(#18),#68,.F.);
#18 = FACE_BOUND('',#19,.F.);
#19 = EDGE_LOOP('',(#20,#30,#38,#46,#54,#62));
#20 = ORIENTED_EDGE('',*,*,#21,.F.);
#21 = EDGE_CURVE('',#22,#24,#26,.T.);
#22 = VERTEX_POINT('',#23);
#23 = CARTESIAN_POINT('',(-9.5,-39.,137.5));
#24 = VERTEX_POINT('',#25);
#25 = CARTESIAN_POINT('',(-9.5,-39.,139.));
#26 = LINE('',#27,#28);
#27 = CARTESIAN_POINT('',(-9.5,-39.,137.5));
#28 = VECTOR('',#29,1.);
#29 = DIRECTION('',(0.,0.,1.));
#30 = ORIENTED_EDGE('',*,*,#31,.T.);
#31 = EDGE_CURVE('',#22,#32,#34,.T.);
#32 = VERTEX_POINT('',#33);
#33 = CARTESIAN_POINT('',(-9.5,59.,137.5));
#34 = LINE('',#35,#36);
#35 = CARTESIAN_POINT('',(-9.5,-39.,137.5));
#36 = VECTOR('',#37,1.);
#37 = DIRECTION('',(-0.,1.,0.));
#38 = ORIENTED_EDGE('',*,*,#39,.T.);
#39 = EDGE_CURVE('',#32,#40,#42,.T.);
#40 = VERTEX_POINT('',#41);
#41 = CARTESIAN_POINT('',(-9.5,59.,142.5));
#42 = LINE('',#43,#44);
#43 = CARTESIAN_POINT('',(-9.5,59.,137.5));
#44 = VECTOR('',#45,1.);
#45 = DIRECTION('',(0.,0.,1.));
#46 = ORIENTED_EDGE('',*,*,#47,.F.);
#47 = EDGE_CURVE('',#48,#40,#50,.T.);
#48 = VERTEX_POINT('',#49);
#49 = CARTESIAN_POINT('',(-9.5,-34.,142.5));
#50 = LINE('',#51,#52);
#51 = CARTESIAN_POINT('',(-9.5,-39.,142.5));
#52 = VECTOR('',#53,1.);
#53 = DIRECTION('',(-0.,1.,0.));
#54 = ORIENTED_EDGE('',*,*,#55,.F.);
#55 = EDGE_CURVE('',#56,#48,#58,.T.);
#56 = VERTEX_POINT('',#57);
#57 = CARTESIAN_POINT('',(-9.5,-34.,139.));
#58 = LINE('',#59,#60);
#59 = CARTESIAN_POINT('',(-9.5,-34.,138.25));
#60 = VECTOR('',#61,1.);
#61 = DIRECTION('',(0.,0.,1.));
#62 = ORIENTED_EDGE('',*,*,#63,.T.);
#63 = EDGE_CURVE('',#56,#24,#64,.T.);
#64 = LINE('',#65,#66);
#65 = CARTESIAN_POINT('',(-9.5,-39.5,139.));
#66 = VECTOR('',#67,1.);
#67 = DIRECTION('',(0.,-1.,0.));
#68 = PLANE('',#69);
#69 = AXIS2_PLACEMENT_3D('',#70,#71,#72);
#70 = CARTESIAN_POINT('',(-9.5,-39.,137.5));
#71 = DIRECTION('',(1.,0.,-0.));
#72 = DIRECTION('',(0.,0.,1.));
#73 = ADVANCED_FACE('',(#74),#99,.F.);
#74 = FACE_BOUND('',#75,.F.);
#75 = EDGE_LOOP('',(#76,#86,#92,#93));
#76 = ORIENTED_EDGE('',*,*,#77,.F.);
#77 = EDGE_CURVE('',#78,#80,#82,.T.);
#78 = VERTEX_POINT('',#79);
#79 = CARTESIAN_POINT('',(29.5,-39.,137.5));
#80 = VERTEX_POINT('',#81);
#81 = CARTESIAN_POINT('',(29.5,-39.,139.));
#82 = LINE('',#83,#84);
#83 = CARTESIAN_POINT('',(29.5,-39.,137.5));
#84 = VECTOR('',#85,1.);
#85 = DIRECTION('',(0.,0.,1.));
#86 = ORIENTED_EDGE('',*,*,#87,.F.);
#87 = EDGE_CURVE('',#22,#78,#88,.T.);
#88 = LINE('',#89,#90);
#89 = CARTESIAN_POINT('',(-9.5,-39.,137.5));
#90 = VECTOR('',#91,1.);
#91 = DIRECTION('',(1.,0.,-0.));
#92 = ORIENTED_EDGE('',*,*,#21,.T.);
#93 = ORIENTED_EDGE('',*,*,#94,.T.);
#94 = EDGE_CURVE('',#24,#80,#95,.T.);
#95 = LINE('',#96,#97);
#96 = CARTESIAN_POINT('',(-14.6,-39.,139.));
#97 = VECTOR('',#98,1.);
#98 = DIRECTION('',(1.,0.,-0.));
#99 = PLANE('',#100);
#100 = AXIS2_PLACEMENT_3D('',#101,#102,#103);
#101 = CARTESIAN_POINT('',(-9.5,-39.,137.5));
#102 = DIRECTION('',(-0.,1.,0.));
#103 = DIRECTION('',(0.,0.,1.));
#104 = ADVANCED_FACE('',(#105),#155,.F.);
#105 = FACE_BOUND('',#106,.F.);
#106 = EDGE_LOOP('',(#107,#115,#123,#131,#139,#147,#153,#154));
#107 = ORIENTED_EDGE('',*,*,#108,.F.);
#108 = EDGE_CURVE('',#109,#56,#111,.T.);
#109 = VERTEX_POINT('',#110);
#110 = CARTESIAN_POINT('',(-19.7,-34.,139.));
#111 = LINE('',#112,#113);
#112 = CARTESIAN_POINT('',(-19.7,-34.,139.));
#113 = VECTOR('',#114,1.);
#114 = DIRECTION('',(1.,0.,-0.));
#115 = ORIENTED_EDGE('',*,*,#116,.F.);
#116 = EDGE_CURVE('',#117,#109,#119,.T.);
#117 = VERTEX_POINT('',#118);
#118 = CARTESIAN_POINT('',(-19.7,-40.,139.));
#119 = LINE('',#120,#121);
#120 = CARTESIAN_POINT('',(-19.7,-40.,139.));
#121 = VECTOR('',#122,1.);
#122 = DIRECTION('',(-0.,1.,0.));
#123 = ORIENTED_EDGE('',*,*,#124,.T.);
#124 = EDGE_CURVE('',#117,#125,#127,.T.);
#125 = VERTEX_POINT('',#126);
#126 = CARTESIAN_POINT('',(40.3,-40.,139.));
#127 = LINE('',#128,#129);
#128 = CARTESIAN_POINT('',(-19.7,-40.,139.));
#129 = VECTOR('',#130,1.);
#130 = DIRECTION('',(1.,0.,-0.));
#131 = ORIENTED_EDGE('',*,*,#132,.T.);
#132 = EDGE_CURVE('',#125,#133,#135,.T.);
#133 = VERTEX_POINT('',#134);
#134 = CARTESIAN_POINT('',(40.3,-34.,139.));
#135 = LINE('',#136,#137);
#136 = CARTESIAN_POINT('',(40.3,-40.,139.));
#137 = VECTOR('',#138,1.);
#138 = DIRECTION('',(-0.,1.,0.));
#139 = ORIENTED_EDGE('',*,*,#140,.F.);
#140 = EDGE_CURVE('',#141,#133,#143,.T.);
#141 = VERTEX_POINT('',#142);
#142 = CARTESIAN_POINT('',(29.5,-34.,139.));
#143 = LINE('',#144,#145);
#144 = CARTESIAN_POINT('',(-19.7,-34.,139.));
#145 = VECTOR('',#146,1.);
#146 = DIRECTION('',(1.,0.,-0.));
#147 = ORIENTED_EDGE('',*,*,#148,.T.);
#148 = EDGE_CURVE('',#141,#80,#149,.T.);
#149 = LINE('',#150,#151);
#150 = CARTESIAN_POINT('',(29.5,-39.5,139.));
#151 = VECTOR('',#152,1.);
#152 = DIRECTION('',(0.,-1.,0.));
#153 = ORIENTED_EDGE('',*,*,#94,.F.);
#154 = ORIENTED_EDGE('',*,*,#63,.F.);
#155 = PLANE('',#156);
#156 = AXIS2_PLACEMENT_3D('',#157,#158,#159);
#157 = CARTESIAN_POINT('',(-19.7,-40.,139.));
#158 = DIRECTION('',(0.,0.,1.));
#159 = DIRECTION('',(1.,0.,-0.));
#160 = ADVANCED_FACE('',(#161),#219,.T.);
#161 = FACE_BOUND('',#162,.T.);
#162 = EDGE_LOOP('',(#163,#164,#172,#180,#189,#197,#203,#204,#212,#218)
  );
#163 = ORIENTED_EDGE('',*,*,#108,.F.);
#164 = ORIENTED_EDGE('',*,*,#165,.T.);
#165 = EDGE_CURVE('',#109,#166,#168,.T.);
#166 = VERTEX_POINT('',#167);
#167 = CARTESIAN_POINT('',(-19.7,-34.,183.));
#168 = LINE('',#169,#170);
#169 = CARTESIAN_POINT('',(-19.7,-34.,139.));
#170 = VECTOR('',#171,1.);
#171 = DIRECTION('',(0.,0.,1.));
#172 = ORIENTED_EDGE('',*,*,#173,.T.);
#173 = EDGE_CURVE('',#166,#174,#176,.T.);
#174 = VERTEX_POINT('',#175);
#175 = CARTESIAN_POINT('',(-2.349110640674,-34.,183.));
#176 = LINE('',#177,#178);
#177 = CARTESIAN_POINT('',(-19.7,-34.,183.));
#178 = VECTOR('',#179,1.);
#179 = DIRECTION('',(1.,0.,-0.));
#180 = ORIENTED_EDGE('',*,*,#181,.F.);
#181 = EDGE_CURVE('',#182,#174,#184,.T.);
#182 = VERTEX_POINT('',#183);
#183 = CARTESIAN_POINT('',(22.949110640674,-34.,183.));
#184 = CIRCLE('',#185,13.);
#185 = AXIS2_PLACEMENT_3D('',#186,#187,#188);
#186 = CARTESIAN_POINT('',(10.3,-34.,180.));
#187 = DIRECTION('',(0.,1.,0.));
#188 = DIRECTION('',(0.,-0.,1.));
#189 = ORIENTED_EDGE('',*,*,#190,.T.);
#190 = EDGE_CURVE('',#182,#191,#193,.T.);
#191 = VERTEX_POINT('',#192);
#192 = CARTESIAN_POINT('',(40.3,-34.,183.));
#193 = LINE('',#194,#195);
#194 = CARTESIAN_POINT('',(-19.7,-34.,183.));
#195 = VECTOR('',#196,1.);
#196 = DIRECTION('',(1.,0.,-0.));
#197 = ORIENTED_EDGE('',*,*,#198,.F.);
#198 = EDGE_CURVE('',#133,#191,#199,.T.);
#199 = LINE('',#200,#201);
#200 = CARTESIAN_POINT('',(40.3,-34.,139.));
#201 = VECTOR('',#202,1.);
#202 = DIRECTION('',(0.,0.,1.));
#203 = ORIENTED_EDGE('',*,*,#140,.F.);
#204 = ORIENTED_EDGE('',*,*,#205,.T.);
#205 = EDGE_CURVE('',#141,#206,#208,.T.);
#206 = VERTEX_POINT('',#207);
#207 = CARTESIAN_POINT('',(29.5,-34.,142.5));
#208 = LINE('',#209,#210);
#209 = CARTESIAN_POINT('',(29.5,-34.,138.25));
#210 = VECTOR('',#211,1.);
#211 = DIRECTION('',(0.,0.,1.));
#212 = ORIENTED_EDGE('',*,*,#213,.T.);
#213 = EDGE_CURVE('',#206,#48,#214,.T.);
#214 = LINE('',#215,#216);
#215 = CARTESIAN_POINT('',(-14.6,-34.,142.5));
#216 = VECTOR('',#217,1.);
#217 = DIRECTION('',(-1.,-0.,0.));
#218 = ORIENTED_EDGE('',*,*,#55,.F.);
#219 = PLANE('',#220);
#220 = AXIS2_PLACEMENT_3D('',#221,#222,#223);
#221 = CARTESIAN_POINT('',(-19.7,-34.,139.));
#222 = DIRECTION('',(-0.,1.,0.));
#223 = DIRECTION('',(0.,0.,1.));
#224 = ADVANCED_FACE('',(#225,#275),#320,.T.);
#225 = FACE_BOUND('',#226,.T.);
#226 = EDGE_LOOP('',(#227,#228,#229,#237,#245,#253,#261,#269));
#227 = ORIENTED_EDGE('',*,*,#47,.F.);
#228 = ORIENTED_EDGE('',*,*,#213,.F.);
#229 = ORIENTED_EDGE('',*,*,#230,.T.);
#230 = EDGE_CURVE('',#206,#231,#233,.T.);
#231 = VERTEX_POINT('',#232);
#232 = CARTESIAN_POINT('',(29.5,59.,142.5));
#233 = LINE('',#234,#235);
#234 = CARTESIAN_POINT('',(29.5,-39.,142.5));
#235 = VECTOR('',#236,1.);
#236 = DIRECTION('',(-0.,1.,0.));
#237 = ORIENTED_EDGE('',*,*,#238,.F.);
#238 = EDGE_CURVE('',#239,#231,#241,.T.);
#239 = VERTEX_POINT('',#240);
#240 = CARTESIAN_POINT('',(26.3,59.,142.5));
#241 = LINE('',#242,#243);
#242 = CARTESIAN_POINT('',(-9.5,59.,142.5));
#243 = VECTOR('',#244,1.);
#244 = DIRECTION('',(1.,0.,-0.));
#245 = ORIENTED_EDGE('',*,*,#246,.F.);
#246 = EDGE_CURVE('',#247,#239,#249,.T.);
#247 = VERTEX_POINT('',#248);
#248 = CARTESIAN_POINT('',(26.3,54.,142.5));
#249 = LINE('',#250,#251);
#250 = CARTESIAN_POINT('',(26.3,7.5,142.5));
#251 = VECTOR('',#252,1.);
#252 = DIRECTION('',(-0.,1.,0.));
#253 = ORIENTED_EDGE('',*,*,#254,.T.);
#254 = EDGE_CURVE('',#247,#255,#257,.T.);
#255 = VERTEX_POINT('',#256);
#256 = CARTESIAN_POINT('',(-5.7,54.,142.5));
#257 = LINE('',#258,#259);
#258 = CARTESIAN_POINT('',(-7.6,54.,142.5));
#259 = VECTOR('',#260,1.);
#260 = DIRECTION('',(-1.,-0.,0.));
#261 = ORIENTED_EDGE('',*,*,#262,.T.);
#262 = EDGE_CURVE('',#255,#263,#265,.T.);
#263 = VERTEX_POINT('',#264);
#264 = CARTESIAN_POINT('',(-5.7,59.,142.5));
#265 = LINE('',#266,#267);
#266 = CARTESIAN_POINT('',(-5.7,7.5,142.5));
#267 = VECTOR('',#268,1.);
#268 = DIRECTION('',(-0.,1.,0.));
#269 = ORIENTED_EDGE('',*,*,#270,.F.);
#270 = EDGE_CURVE('',#40,#263,#271,.T.);
#271 = LINE('',#272,#273);
#272 = CARTESIAN_POINT('',(-9.5,59.,142.5));
#273 = VECTOR('',#274,1.);
#274 = DIRECTION('',(1.,0.,-0.));
#275 = FACE_BOUND('',#276,.T.);
#276 = EDGE_LOOP('',(#277,#288,#296,#305,#314));
#277 = ORIENTED_EDGE('',*,*,#278,.F.);
#278 = EDGE_CURVE('',#279,#281,#283,.T.);
#279 = VERTEX_POINT('',#280);
#280 = CARTESIAN_POINT('',(-0.5,3.5,142.5));
#281 = VERTEX_POINT('',#282);
#282 = CARTESIAN_POINT('',(-0.5,-3.5,142.5));
#283 = CIRCLE('',#284,3.5);
#284 = AXIS2_PLACEMENT_3D('',#285,#286,#287);
#285 = CARTESIAN_POINT('',(-0.5,0.,142.5));
#286 = DIRECTION('',(0.,0.,1.));
#287 = DIRECTION('',(1.,0.,-0.));
#288 = ORIENTED_EDGE('',*,*,#289,.F.);
#289 = EDGE_CURVE('',#290,#279,#292,.T.);
#290 = VERTEX_POINT('',#291);
#291 = CARTESIAN_POINT('',(20.5,3.5,142.5));
#292 = LINE('',#293,#294);
#293 = CARTESIAN_POINT('',(-5.,3.5,142.5));
#294 = VECTOR('',#295,1.);
#295 = DIRECTION('',(-1.,-0.,0.));
#296 = ORIENTED_EDGE('',*,*,#297,.F.);
#297 = EDGE_CURVE('',#298,#290,#300,.T.);
#298 = VERTEX_POINT('',#299);
#299 = CARTESIAN_POINT('',(24.,-8.572527594031E-16,142.5));
#300 = CIRCLE('',#301,3.5);
#301 = AXIS2_PLACEMENT_3D('',#302,#303,#304);
#302 = CARTESIAN_POINT('',(20.5,0.,142.5));
#303 = DIRECTION('',(0.,0.,1.));
#304 = DIRECTION('',(1.,0.,-0.));
#305 = ORIENTED_EDGE('',*,*,#306,.F.);
#306 = EDGE_CURVE('',#307,#298,#309,.T.);
#307 = VERTEX_POINT('',#308);
#308 = CARTESIAN_POINT('',(20.5,-3.5,142.5));
#309 = CIRCLE('',#310,3.5);
#310 = AXIS2_PLACEMENT_3D('',#311,#312,#313);
#311 = CARTESIAN_POINT('',(20.5,0.,142.5));
#312 = DIRECTION('',(0.,0.,1.));
#313 = DIRECTION('',(1.,0.,-0.));
#314 = ORIENTED_EDGE('',*,*,#315,.T.);
#315 = EDGE_CURVE('',#307,#281,#316,.T.);
#316 = LINE('',#317,#318);
#317 = CARTESIAN_POINT('',(-5.,-3.5,142.5));
#318 = VECTOR('',#319,1.);
#319 = DIRECTION('',(-1.,-0.,0.));
#320 = PLANE('',#321);
#321 = AXIS2_PLACEMENT_3D('',#322,#323,#324);
#322 = CARTESIAN_POINT('',(-9.5,-39.,142.5));
#323 = DIRECTION('',(0.,0.,1.));
#324 = DIRECTION('',(1.,0.,-0.));
#325 = ADVANCED_FACE('',(#326),#367,.T.);
#326 = FACE_BOUND('',#327,.T.);
#327 = EDGE_LOOP('',(#328,#336,#342,#343,#344,#352,#360,#366));
#328 = ORIENTED_EDGE('',*,*,#329,.F.);
#329 = EDGE_CURVE('',#330,#231,#332,.T.);
#330 = VERTEX_POINT('',#331);
#331 = CARTESIAN_POINT('',(29.5,59.,137.5));
#332 = LINE('',#333,#334);
#333 = CARTESIAN_POINT('',(29.5,59.,137.5));
#334 = VECTOR('',#335,1.);
#335 = DIRECTION('',(0.,0.,1.));
#336 = ORIENTED_EDGE('',*,*,#337,.F.);
#337 = EDGE_CURVE('',#32,#330,#338,.T.);
#338 = LINE('',#339,#340);
#339 = CARTESIAN_POINT('',(-9.5,59.,137.5));
#340 = VECTOR('',#341,1.);
#341 = DIRECTION('',(1.,0.,-0.));
#342 = ORIENTED_EDGE('',*,*,#39,.T.);
#343 = ORIENTED_EDGE('',*,*,#270,.T.);
#344 = ORIENTED_EDGE('',*,*,#345,.T.);
#345 = EDGE_CURVE('',#263,#346,#348,.T.);
#346 = VERTEX_POINT('',#347);
#347 = CARTESIAN_POINT('',(-5.7,59.,139.));
#348 = LINE('',#349,#350);
#349 = CARTESIAN_POINT('',(-5.7,59.,138.25));
#350 = VECTOR('',#351,1.);
#351 = DIRECTION('',(-0.,0.,-1.));
#352 = ORIENTED_EDGE('',*,*,#353,.T.);
#353 = EDGE_CURVE('',#346,#354,#356,.T.);
#354 = VERTEX_POINT('',#355);
#355 = CARTESIAN_POINT('',(26.3,59.,139.));
#356 = LINE('',#357,#358);
#357 = CARTESIAN_POINT('',(-7.6,59.,139.));
#358 = VECTOR('',#359,1.);
#359 = DIRECTION('',(1.,0.,-0.));
#360 = ORIENTED_EDGE('',*,*,#361,.F.);
#361 = EDGE_CURVE('',#239,#354,#362,.T.);
#362 = LINE('',#363,#364);
#363 = CARTESIAN_POINT('',(26.3,59.,138.25));
#364 = VECTOR('',#365,1.);
#365 = DIRECTION('',(-0.,0.,-1.));
#366 = ORIENTED_EDGE('',*,*,#238,.T.);
#367 = PLANE('',#368);
#368 = AXIS2_PLACEMENT_3D('',#369,#370,#371);
#369 = CARTESIAN_POINT('',(-9.5,59.,137.5));
#370 = DIRECTION('',(-0.,1.,0.));
#371 = DIRECTION('',(0.,0.,1.));
#372 = ADVANCED_FACE('',(#373,#384),#429,.F.);
#373 = FACE_BOUND('',#374,.F.);
#374 = EDGE_LOOP('',(#375,#376,#377,#383));
#375 = ORIENTED_EDGE('',*,*,#31,.F.);
#376 = ORIENTED_EDGE('',*,*,#87,.T.);
#377 = ORIENTED_EDGE('',*,*,#378,.T.);
#378 = EDGE_CURVE('',#78,#330,#379,.T.);
#379 = LINE('',#380,#381);
#380 = CARTESIAN_POINT('',(29.5,-39.,137.5));
#381 = VECTOR('',#382,1.);
#382 = DIRECTION('',(-0.,1.,0.));
#383 = ORIENTED_EDGE('',*,*,#337,.F.);
#384 = FACE_BOUND('',#385,.F.);
#385 = EDGE_LOOP('',(#386,#397,#405,#414,#423));
#386 = ORIENTED_EDGE('',*,*,#387,.F.);
#387 = EDGE_CURVE('',#388,#390,#392,.T.);
#388 = VERTEX_POINT('',#389);
#389 = CARTESIAN_POINT('',(-0.5,3.5,137.5));
#390 = VERTEX_POINT('',#391);
#391 = CARTESIAN_POINT('',(-0.5,-3.5,137.5));
#392 = CIRCLE('',#393,3.5);
#393 = AXIS2_PLACEMENT_3D('',#394,#395,#396);
#394 = CARTESIAN_POINT('',(-0.5,0.,137.5));
#395 = DIRECTION('',(0.,0.,1.));
#396 = DIRECTION('',(1.,0.,-0.));
#397 = ORIENTED_EDGE('',*,*,#398,.F.);
#398 = EDGE_CURVE('',#399,#388,#401,.T.);
#399 = VERTEX_POINT('',#400);
#400 = CARTESIAN_POINT('',(20.5,3.5,137.5));
#401 = LINE('',#402,#403);
#402 = CARTESIAN_POINT('',(-5.,3.5,137.5));
#403 = VECTOR('',#404,1.);
#404 = DIRECTION('',(-1.,-0.,0.));
#405 = ORIENTED_EDGE('',*,*,#406,.F.);
#406 = EDGE_CURVE('',#407,#399,#409,.T.);
#407 = VERTEX_POINT('',#408);
#408 = CARTESIAN_POINT('',(24.,-8.572527594031E-16,137.5));
#409 = CIRCLE('',#410,3.5);
#410 = AXIS2_PLACEMENT_3D('',#411,#412,#413);
#411 = CARTESIAN_POINT('',(20.5,0.,137.5));
#412 = DIRECTION('',(0.,0.,1.));
#413 = DIRECTION('',(1.,0.,-0.));
#414 = ORIENTED_EDGE('',*,*,#415,.F.);
#415 = EDGE_CURVE('',#416,#407,#418,.T.);
#416 = VERTEX_POINT('',#417);
#417 = CARTESIAN_POINT('',(20.5,-3.5,137.5));
#418 = CIRCLE('',#419,3.5);
#419 = AXIS2_PLACEMENT_3D('',#420,#421,#422);
#420 = CARTESIAN_POINT('',(20.5,0.,137.5));
#421 = DIRECTION('',(0.,0.,1.));
#422 = DIRECTION('',(1.,0.,-0.));
#423 = ORIENTED_EDGE('',*,*,#424,.T.);
#424 = EDGE_CURVE('',#416,#390,#425,.T.);
#425 = LINE('',#426,#427);
#426 = CARTESIAN_POINT('',(-5.,-3.5,137.5));
#427 = VECTOR('',#428,1.);
#428 = DIRECTION('',(-1.,-0.,0.));
#429 = PLANE('',#430);
#430 = AXIS2_PLACEMENT_3D('',#431,#432,#433);
#431 = CARTESIAN_POINT('',(-9.5,-39.,137.5));
#432 = DIRECTION('',(0.,0.,1.));
#433 = DIRECTION('',(1.,0.,-0.));
#434 = ADVANCED_FACE('',(#435),#443,.T.);
#435 = FACE_BOUND('',#436,.T.);
#436 = EDGE_LOOP('',(#437,#438,#439,#440,#441,#442));
#437 = ORIENTED_EDGE('',*,*,#77,.F.);
#438 = ORIENTED_EDGE('',*,*,#378,.T.);
#439 = ORIENTED_EDGE('',*,*,#329,.T.);
#440 = ORIENTED_EDGE('',*,*,#230,.F.);
#441 = ORIENTED_EDGE('',*,*,#205,.F.);
#442 = ORIENTED_EDGE('',*,*,#148,.T.);
#443 = PLANE('',#444);
#444 = AXIS2_PLACEMENT_3D('',#445,#446,#447);
#445 = CARTESIAN_POINT('',(29.5,-39.,137.5));
#446 = DIRECTION('',(1.,0.,-0.));
#447 = DIRECTION('',(0.,0.,1.));
#448 = ADVANCED_FACE('',(#449),#467,.T.);
#449 = FACE_BOUND('',#450,.T.);
#450 = EDGE_LOOP('',(#451,#459,#460,#461));
#451 = ORIENTED_EDGE('',*,*,#452,.F.);
#452 = EDGE_CURVE('',#125,#453,#455,.T.);
#453 = VERTEX_POINT('',#454);
#454 = CARTESIAN_POINT('',(40.3,-40.,183.));
#455 = LINE('',#456,#457);
#456 = CARTESIAN_POINT('',(40.3,-40.,139.));
#457 = VECTOR('',#458,1.);
#458 = DIRECTION('',(0.,0.,1.));
#459 = ORIENTED_EDGE('',*,*,#132,.T.);
#460 = ORIENTED_EDGE('',*,*,#198,.T.);
#461 = ORIENTED_EDGE('',*,*,#462,.F.);
#462 = EDGE_CURVE('',#453,#191,#463,.T.);
#463 = LINE('',#464,#465);
#464 = CARTESIAN_POINT('',(40.3,-40.,183.));
#465 = VECTOR('',#466,1.);
#466 = DIRECTION('',(-0.,1.,0.));
#467 = PLANE('',#468);
#468 = AXIS2_PLACEMENT_3D('',#469,#470,#471);
#469 = CARTESIAN_POINT('',(40.3,-40.,139.));
#470 = DIRECTION('',(1.,0.,-0.));
#471 = DIRECTION('',(0.,0.,1.));
#472 = ADVANCED_FACE('',(#473),#508,.F.);
#473 = FACE_BOUND('',#474,.F.);
#474 = EDGE_LOOP('',(#475,#483,#484,#485,#493,#501));
#475 = ORIENTED_EDGE('',*,*,#476,.T.);
#476 = EDGE_CURVE('',#477,#453,#479,.T.);
#477 = VERTEX_POINT('',#478);
#478 = CARTESIAN_POINT('',(37.847920647664,-40.,183.));
#479 = LINE('',#480,#481);
#480 = CARTESIAN_POINT('',(-19.7,-40.,183.));
#481 = VECTOR('',#482,1.);
#482 = DIRECTION('',(1.,0.,-0.));
#483 = ORIENTED_EDGE('',*,*,#452,.F.);
#484 = ORIENTED_EDGE('',*,*,#124,.F.);
#485 = ORIENTED_EDGE('',*,*,#486,.T.);
#486 = EDGE_CURVE('',#117,#487,#489,.T.);
#487 = VERTEX_POINT('',#488);
#488 = CARTESIAN_POINT('',(-19.7,-40.,183.));
#489 = LINE('',#490,#491);
#490 = CARTESIAN_POINT('',(-19.7,-40.,139.));
#491 = VECTOR('',#492,1.);
#492 = DIRECTION('',(0.,0.,1.));
#493 = ORIENTED_EDGE('',*,*,#494,.T.);
#494 = EDGE_CURVE('',#487,#495,#497,.T.);
#495 = VERTEX_POINT('',#496);
#496 = CARTESIAN_POINT('',(-17.24792064766,-40.,183.));
#497 = LINE('',#498,#499);
#498 = CARTESIAN_POINT('',(-19.7,-40.,183.));
#499 = VECTOR('',#500,1.);
#500 = DIRECTION('',(1.,0.,-0.));
#501 = ORIENTED_EDGE('',*,*,#502,.F.);
#502 = EDGE_CURVE('',#477,#495,#503,.T.);
#503 = CIRCLE('',#504,27.710790894703);
#504 = AXIS2_PLACEMENT_3D('',#505,#506,#507);
#505 = CARTESIAN_POINT('',(10.3,-40.,180.));
#506 = DIRECTION('',(0.,1.,0.));
#507 = DIRECTION('',(0.,-0.,1.));
#508 = PLANE('',#509);
#509 = AXIS2_PLACEMENT_3D('',#510,#511,#512);
#510 = CARTESIAN_POINT('',(-19.7,-40.,139.));
#511 = DIRECTION('',(-0.,1.,0.));
#512 = DIRECTION('',(0.,0.,1.));
#513 = ADVANCED_FACE('',(#514),#525,.F.);
#514 = FACE_BOUND('',#515,.F.);
#515 = EDGE_LOOP('',(#516,#517,#518,#519));
#516 = ORIENTED_EDGE('',*,*,#486,.F.);
#517 = ORIENTED_EDGE('',*,*,#116,.T.);
#518 = ORIENTED_EDGE('',*,*,#165,.T.);
#519 = ORIENTED_EDGE('',*,*,#520,.F.);
#520 = EDGE_CURVE('',#487,#166,#521,.T.);
#521 = LINE('',#522,#523);
#522 = CARTESIAN_POINT('',(-19.7,-40.,183.));
#523 = VECTOR('',#524,1.);
#524 = DIRECTION('',(-0.,1.,0.));
#525 = PLANE('',#526);
#526 = AXIS2_PLACEMENT_3D('',#527,#528,#529);
#527 = CARTESIAN_POINT('',(-19.7,-40.,139.));
#528 = DIRECTION('',(1.,0.,-0.));
#529 = DIRECTION('',(0.,0.,1.));
#530 = ADVANCED_FACE('',(#531),#558,.T.);
#531 = FACE_BOUND('',#532,.T.);
#532 = EDGE_LOOP('',(#533,#534,#542,#550,#556,#557));
#533 = ORIENTED_EDGE('',*,*,#190,.F.);
#534 = ORIENTED_EDGE('',*,*,#535,.F.);
#535 = EDGE_CURVE('',#536,#182,#538,.T.);
#536 = VERTEX_POINT('',#537);
#537 = CARTESIAN_POINT('',(22.949110640674,-39.7,183.));
#538 = LINE('',#539,#540);
#539 = CARTESIAN_POINT('',(22.949110640674,-41.,183.));
#540 = VECTOR('',#541,1.);
#541 = DIRECTION('',(0.,1.,0.));
#542 = ORIENTED_EDGE('',*,*,#543,.F.);
#543 = EDGE_CURVE('',#544,#536,#546,.T.);
#544 = VERTEX_POINT('',#545);
#545 = CARTESIAN_POINT('',(37.847920647664,-39.7,183.));
#546 = LINE('',#547,#548);
#547 = CARTESIAN_POINT('',(-4.7,-39.7,183.));
#548 = VECTOR('',#549,1.);
#549 = DIRECTION('',(-1.,0.,0.));
#550 = ORIENTED_EDGE('',*,*,#551,.F.);
#551 = EDGE_CURVE('',#477,#544,#552,.T.);
#552 = LINE('',#553,#554);
#553 = CARTESIAN_POINT('',(37.847920647664,-40.9,183.));
#554 = VECTOR('',#555,1.);
#555 = DIRECTION('',(0.,1.,0.));
#556 = ORIENTED_EDGE('',*,*,#476,.T.);
#557 = ORIENTED_EDGE('',*,*,#462,.T.);
#558 = PLANE('',#559);
#559 = AXIS2_PLACEMENT_3D('',#560,#561,#562);
#560 = CARTESIAN_POINT('',(-19.7,-40.,183.));
#561 = DIRECTION('',(0.,0.,1.));
#562 = DIRECTION('',(1.,0.,-0.));
#563 = ADVANCED_FACE('',(#564),#608,.T.);
#564 = FACE_BOUND('',#565,.T.);
#565 = EDGE_LOOP('',(#566,#577,#585,#592,#593,#600,#601,#602));
#566 = ORIENTED_EDGE('',*,*,#567,.T.);
#567 = EDGE_CURVE('',#568,#570,#572,.T.);
#568 = VERTEX_POINT('',#569);
#569 = CARTESIAN_POINT('',(-2.349110640674,-39.7,183.));
#570 = VERTEX_POINT('',#571);
#571 = CARTESIAN_POINT('',(10.3,-39.7,193.));
#572 = CIRCLE('',#573,13.);
#573 = AXIS2_PLACEMENT_3D('',#574,#575,#576);
#574 = CARTESIAN_POINT('',(10.3,-39.7,180.));
#575 = DIRECTION('',(0.,1.,0.));
#576 = DIRECTION('',(0.,-0.,1.));
#577 = ORIENTED_EDGE('',*,*,#578,.T.);
#578 = EDGE_CURVE('',#570,#579,#581,.T.);
#579 = VERTEX_POINT('',#580);
#580 = CARTESIAN_POINT('',(10.3,-33.,193.));
#581 = LINE('',#582,#583);
#582 = CARTESIAN_POINT('',(10.3,-41.,193.));
#583 = VECTOR('',#584,1.);
#584 = DIRECTION('',(0.,1.,0.));
#585 = ORIENTED_EDGE('',*,*,#586,.F.);
#586 = EDGE_CURVE('',#579,#579,#587,.T.);
#587 = CIRCLE('',#588,13.);
#588 = AXIS2_PLACEMENT_3D('',#589,#590,#591);
#589 = CARTESIAN_POINT('',(10.3,-33.,180.));
#590 = DIRECTION('',(0.,1.,0.));
#591 = DIRECTION('',(0.,-0.,1.));
#592 = ORIENTED_EDGE('',*,*,#578,.F.);
#593 = ORIENTED_EDGE('',*,*,#594,.T.);
#594 = EDGE_CURVE('',#570,#536,#595,.T.);
#595 = CIRCLE('',#596,13.);
#596 = AXIS2_PLACEMENT_3D('',#597,#598,#599);
#597 = CARTESIAN_POINT('',(10.3,-39.7,180.));
#598 = DIRECTION('',(0.,1.,0.));
#599 = DIRECTION('',(0.,-0.,1.));
#600 = ORIENTED_EDGE('',*,*,#535,.T.);
#601 = ORIENTED_EDGE('',*,*,#181,.T.);
#602 = ORIENTED_EDGE('',*,*,#603,.F.);
#603 = EDGE_CURVE('',#568,#174,#604,.T.);
#604 = LINE('',#605,#606);
#605 = CARTESIAN_POINT('',(-2.349110640674,-41.,183.));
#606 = VECTOR('',#607,1.);
#607 = DIRECTION('',(0.,1.,0.));
#608 = CYLINDRICAL_SURFACE('',#609,13.);
#609 = AXIS2_PLACEMENT_3D('',#610,#611,#612);
#610 = CARTESIAN_POINT('',(10.3,-41.,180.));
#611 = DIRECTION('',(0.,1.,0.));
#612 = DIRECTION('',(0.,-0.,1.));
#613 = ADVANCED_FACE('',(#614),#634,.T.);
#614 = FACE_BOUND('',#615,.T.);
#615 = EDGE_LOOP('',(#616,#617,#618,#619,#627,#633));
#616 = ORIENTED_EDGE('',*,*,#173,.F.);
#617 = ORIENTED_EDGE('',*,*,#520,.F.);
#618 = ORIENTED_EDGE('',*,*,#494,.T.);
#619 = ORIENTED_EDGE('',*,*,#620,.T.);
#620 = EDGE_CURVE('',#495,#621,#623,.T.);
#621 = VERTEX_POINT('',#622);
#622 = CARTESIAN_POINT('',(-17.24792064766,-39.7,183.));
#623 = LINE('',#624,#625);
#624 = CARTESIAN_POINT('',(-17.24792064766,-40.9,183.));
#625 = VECTOR('',#626,1.);
#626 = DIRECTION('',(0.,1.,0.));
#627 = ORIENTED_EDGE('',*,*,#628,.F.);
#628 = EDGE_CURVE('',#568,#621,#629,.T.);
#629 = LINE('',#630,#631);
#630 = CARTESIAN_POINT('',(-4.7,-39.7,183.));
#631 = VECTOR('',#632,1.);
#632 = DIRECTION('',(-1.,0.,0.));
#633 = ORIENTED_EDGE('',*,*,#603,.T.);
#634 = PLANE('',#635);
#635 = AXIS2_PLACEMENT_3D('',#636,#637,#638);
#636 = CARTESIAN_POINT('',(-19.7,-40.,183.));
#637 = DIRECTION('',(0.,0.,1.));
#638 = DIRECTION('',(1.,0.,-0.));
#639 = ADVANCED_FACE('',(#640),#674,.F.);
#640 = FACE_BOUND('',#641,.F.);
#641 = EDGE_LOOP('',(#642,#650,#651,#652,#660,#668));
#642 = ORIENTED_EDGE('',*,*,#643,.F.);
#643 = EDGE_CURVE('',#255,#644,#646,.T.);
#644 = VERTEX_POINT('',#645);
#645 = CARTESIAN_POINT('',(-5.7,54.,183.));
#646 = LINE('',#647,#648);
#647 = CARTESIAN_POINT('',(-5.7,54.,139.));
#648 = VECTOR('',#649,1.);
#649 = DIRECTION('',(0.,0.,1.));
#650 = ORIENTED_EDGE('',*,*,#262,.T.);
#651 = ORIENTED_EDGE('',*,*,#345,.T.);
#652 = ORIENTED_EDGE('',*,*,#653,.T.);
#653 = EDGE_CURVE('',#346,#654,#656,.T.);
#654 = VERTEX_POINT('',#655);
#655 = CARTESIAN_POINT('',(-5.7,60.,139.));
#656 = LINE('',#657,#658);
#657 = CARTESIAN_POINT('',(-5.7,54.,139.));
#658 = VECTOR('',#659,1.);
#659 = DIRECTION('',(-0.,1.,0.));
#660 = ORIENTED_EDGE('',*,*,#661,.T.);
#661 = EDGE_CURVE('',#654,#662,#664,.T.);
#662 = VERTEX_POINT('',#663);
#663 = CARTESIAN_POINT('',(-5.7,60.,183.));
#664 = LINE('',#665,#666);
#665 = CARTESIAN_POINT('',(-5.7,60.,139.));
#666 = VECTOR('',#667,1.);
#667 = DIRECTION('',(0.,0.,1.));
#668 = ORIENTED_EDGE('',*,*,#669,.F.);
#669 = EDGE_CURVE('',#644,#662,#670,.T.);
#670 = LINE('',#671,#672);
#671 = CARTESIAN_POINT('',(-5.7,54.,183.));
#672 = VECTOR('',#673,1.);
#673 = DIRECTION('',(-0.,1.,0.));
#674 = PLANE('',#675);
#675 = AXIS2_PLACEMENT_3D('',#676,#677,#678);
#676 = CARTESIAN_POINT('',(-5.7,54.,139.));
#677 = DIRECTION('',(1.,0.,-0.));
#678 = DIRECTION('',(0.,0.,1.));
#679 = ADVANCED_FACE('',(#680),#715,.F.);
#680 = FACE_BOUND('',#681,.F.);
#681 = EDGE_LOOP('',(#682,#690,#691,#692,#700,#709));
#682 = ORIENTED_EDGE('',*,*,#683,.F.);
#683 = EDGE_CURVE('',#247,#684,#686,.T.);
#684 = VERTEX_POINT('',#685);
#685 = CARTESIAN_POINT('',(26.3,54.,183.));
#686 = LINE('',#687,#688);
#687 = CARTESIAN_POINT('',(26.3,54.,139.));
#688 = VECTOR('',#689,1.);
#689 = DIRECTION('',(0.,0.,1.));
#690 = ORIENTED_EDGE('',*,*,#254,.T.);
#691 = ORIENTED_EDGE('',*,*,#643,.T.);
#692 = ORIENTED_EDGE('',*,*,#693,.T.);
#693 = EDGE_CURVE('',#644,#694,#696,.T.);
#694 = VERTEX_POINT('',#695);
#695 = CARTESIAN_POINT('',(-2.349110640674,54.,183.));
#696 = LINE('',#697,#698);
#697 = CARTESIAN_POINT('',(-5.7,54.,183.));
#698 = VECTOR('',#699,1.);
#699 = DIRECTION('',(1.,0.,-0.));
#700 = ORIENTED_EDGE('',*,*,#701,.F.);
#701 = EDGE_CURVE('',#702,#694,#704,.T.);
#702 = VERTEX_POINT('',#703);
#703 = CARTESIAN_POINT('',(22.949110640674,54.,183.));
#704 = CIRCLE('',#705,13.);
#705 = AXIS2_PLACEMENT_3D('',#706,#707,#708);
#706 = CARTESIAN_POINT('',(10.3,54.,180.));
#707 = DIRECTION('',(0.,1.,0.));
#708 = DIRECTION('',(0.,-0.,1.));
#709 = ORIENTED_EDGE('',*,*,#710,.T.);
#710 = EDGE_CURVE('',#702,#684,#711,.T.);
#711 = LINE('',#712,#713);
#712 = CARTESIAN_POINT('',(-5.7,54.,183.));
#713 = VECTOR('',#714,1.);
#714 = DIRECTION('',(1.,0.,-0.));
#715 = PLANE('',#716);
#716 = AXIS2_PLACEMENT_3D('',#717,#718,#719);
#717 = CARTESIAN_POINT('',(-5.7,54.,139.));
#718 = DIRECTION('',(-0.,1.,0.));
#719 = DIRECTION('',(0.,0.,1.));
#720 = ADVANCED_FACE('',(#721),#748,.T.);
#721 = FACE_BOUND('',#722,.T.);
#722 = EDGE_LOOP('',(#723,#724,#725,#726,#734,#742));
#723 = ORIENTED_EDGE('',*,*,#683,.F.);
#724 = ORIENTED_EDGE('',*,*,#246,.T.);
#725 = ORIENTED_EDGE('',*,*,#361,.T.);
#726 = ORIENTED_EDGE('',*,*,#727,.T.);
#727 = EDGE_CURVE('',#354,#728,#730,.T.);
#728 = VERTEX_POINT('',#729);
#729 = CARTESIAN_POINT('',(26.3,60.,139.));
#730 = LINE('',#731,#732);
#731 = CARTESIAN_POINT('',(26.3,54.,139.));
#732 = VECTOR('',#733,1.);
#733 = DIRECTION('',(-0.,1.,0.));
#734 = ORIENTED_EDGE('',*,*,#735,.T.);
#735 = EDGE_CURVE('',#728,#736,#738,.T.);
#736 = VERTEX_POINT('',#737);
#737 = CARTESIAN_POINT('',(26.3,60.,183.));
#738 = LINE('',#739,#740);
#739 = CARTESIAN_POINT('',(26.3,60.,139.));
#740 = VECTOR('',#741,1.);
#741 = DIRECTION('',(0.,0.,1.));
#742 = ORIENTED_EDGE('',*,*,#743,.F.);
#743 = EDGE_CURVE('',#684,#736,#744,.T.);
#744 = LINE('',#745,#746);
#745 = CARTESIAN_POINT('',(26.3,54.,183.));
#746 = VECTOR('',#747,1.);
#747 = DIRECTION('',(-0.,1.,0.));
#748 = PLANE('',#749);
#749 = AXIS2_PLACEMENT_3D('',#750,#751,#752);
#750 = CARTESIAN_POINT('',(26.3,54.,139.));
#751 = DIRECTION('',(1.,0.,-0.));
#752 = DIRECTION('',(0.,0.,1.));
#753 = ADVANCED_FACE('',(#754),#770,.F.);
#754 = FACE_BOUND('',#755,.F.);
#755 = EDGE_LOOP('',(#756,#757,#763,#764));
#756 = ORIENTED_EDGE('',*,*,#278,.F.);
#757 = ORIENTED_EDGE('',*,*,#758,.F.);
#758 = EDGE_CURVE('',#388,#279,#759,.T.);
#759 = LINE('',#760,#761);
#760 = CARTESIAN_POINT('',(-0.5,3.5,136.5));
#761 = VECTOR('',#762,1.);
#762 = DIRECTION('',(0.,0.,1.));
#763 = ORIENTED_EDGE('',*,*,#387,.T.);
#764 = ORIENTED_EDGE('',*,*,#765,.T.);
#765 = EDGE_CURVE('',#390,#281,#766,.T.);
#766 = LINE('',#767,#768);
#767 = CARTESIAN_POINT('',(-0.5,-3.5,136.5));
#768 = VECTOR('',#769,1.);
#769 = DIRECTION('',(0.,0.,1.));
#770 = CYLINDRICAL_SURFACE('',#771,3.5);
#771 = AXIS2_PLACEMENT_3D('',#772,#773,#774);
#772 = CARTESIAN_POINT('',(-0.5,0.,136.5));
#773 = DIRECTION('',(0.,0.,1.));
#774 = DIRECTION('',(1.,0.,-0.));
#775 = ADVANCED_FACE('',(#776),#787,.F.);
#776 = FACE_BOUND('',#777,.F.);
#777 = EDGE_LOOP('',(#778,#779,#780,#781));
#778 = ORIENTED_EDGE('',*,*,#398,.T.);
#779 = ORIENTED_EDGE('',*,*,#758,.T.);
#780 = ORIENTED_EDGE('',*,*,#289,.F.);
#781 = ORIENTED_EDGE('',*,*,#782,.F.);
#782 = EDGE_CURVE('',#399,#290,#783,.T.);
#783 = LINE('',#784,#785);
#784 = CARTESIAN_POINT('',(20.5,3.5,136.5));
#785 = VECTOR('',#786,1.);
#786 = DIRECTION('',(0.,0.,1.));
#787 = PLANE('',#788);
#788 = AXIS2_PLACEMENT_3D('',#789,#790,#791);
#789 = CARTESIAN_POINT('',(-0.5,3.5,136.5));
#790 = DIRECTION('',(-0.,1.,0.));
#791 = DIRECTION('',(0.,0.,1.));
#792 = ADVANCED_FACE('',(#793),#804,.T.);
#793 = FACE_BOUND('',#794,.T.);
#794 = EDGE_LOOP('',(#795,#796,#797,#798));
#795 = ORIENTED_EDGE('',*,*,#424,.T.);
#796 = ORIENTED_EDGE('',*,*,#765,.T.);
#797 = ORIENTED_EDGE('',*,*,#315,.F.);
#798 = ORIENTED_EDGE('',*,*,#799,.F.);
#799 = EDGE_CURVE('',#416,#307,#800,.T.);
#800 = LINE('',#801,#802);
#801 = CARTESIAN_POINT('',(20.5,-3.5,136.5));
#802 = VECTOR('',#803,1.);
#803 = DIRECTION('',(0.,0.,1.));
#804 = PLANE('',#805);
#805 = AXIS2_PLACEMENT_3D('',#806,#807,#808);
#806 = CARTESIAN_POINT('',(-0.5,-3.5,136.5));
#807 = DIRECTION('',(-0.,1.,0.));
#808 = DIRECTION('',(0.,0.,1.));
#809 = ADVANCED_FACE('',(#810),#821,.F.);
#810 = FACE_BOUND('',#811,.F.);
#811 = EDGE_LOOP('',(#812,#813,#814,#815));
#812 = ORIENTED_EDGE('',*,*,#653,.F.);
#813 = ORIENTED_EDGE('',*,*,#353,.T.);
#814 = ORIENTED_EDGE('',*,*,#727,.T.);
#815 = ORIENTED_EDGE('',*,*,#816,.F.);
#816 = EDGE_CURVE('',#654,#728,#817,.T.);
#817 = LINE('',#818,#819);
#818 = CARTESIAN_POINT('',(-5.7,60.,139.));
#819 = VECTOR('',#820,1.);
#820 = DIRECTION('',(1.,0.,-0.));
#821 = PLANE('',#822);
#822 = AXIS2_PLACEMENT_3D('',#823,#824,#825);
#823 = CARTESIAN_POINT('',(-5.7,54.,139.));
#824 = DIRECTION('',(0.,0.,1.));
#825 = DIRECTION('',(1.,0.,-0.));
#826 = ADVANCED_FACE('',(#827),#864,.T.);
#827 = FACE_BOUND('',#828,.T.);
#828 = EDGE_LOOP('',(#829,#839,#846,#847,#848,#849,#856,#857));
#829 = ORIENTED_EDGE('',*,*,#830,.T.);
#830 = EDGE_CURVE('',#831,#833,#835,.T.);
#831 = VERTEX_POINT('',#832);
#832 = CARTESIAN_POINT('',(10.3,-40.9,207.7107908947));
#833 = VERTEX_POINT('',#834);
#834 = CARTESIAN_POINT('',(10.3,-39.7,207.7107908947));
#835 = LINE('',#836,#837);
#836 = CARTESIAN_POINT('',(10.3,-40.9,207.7107908947));
#837 = VECTOR('',#838,1.);
#838 = DIRECTION('',(0.,1.,0.));
#839 = ORIENTED_EDGE('',*,*,#840,.F.);
#840 = EDGE_CURVE('',#621,#833,#841,.T.);
#841 = CIRCLE('',#842,27.710790894703);
#842 = AXIS2_PLACEMENT_3D('',#843,#844,#845);
#843 = CARTESIAN_POINT('',(10.3,-39.7,180.));
#844 = DIRECTION('',(0.,1.,0.));
#845 = DIRECTION('',(0.,-0.,1.));
#846 = ORIENTED_EDGE('',*,*,#620,.F.);
#847 = ORIENTED_EDGE('',*,*,#502,.F.);
#848 = ORIENTED_EDGE('',*,*,#551,.T.);
#849 = ORIENTED_EDGE('',*,*,#850,.F.);
#850 = EDGE_CURVE('',#833,#544,#851,.T.);
#851 = CIRCLE('',#852,27.710790894703);
#852 = AXIS2_PLACEMENT_3D('',#853,#854,#855);
#853 = CARTESIAN_POINT('',(10.3,-39.7,180.));
#854 = DIRECTION('',(0.,1.,0.));
#855 = DIRECTION('',(0.,-0.,1.));
#856 = ORIENTED_EDGE('',*,*,#830,.F.);
#857 = ORIENTED_EDGE('',*,*,#858,.T.);
#858 = EDGE_CURVE('',#831,#831,#859,.T.);
#859 = CIRCLE('',#860,27.710790894703);
#860 = AXIS2_PLACEMENT_3D('',#861,#862,#863);
#861 = CARTESIAN_POINT('',(10.3,-40.9,180.));
#862 = DIRECTION('',(0.,1.,0.));
#863 = DIRECTION('',(0.,-0.,1.));
#864 = CYLINDRICAL_SURFACE('',#865,27.710790894703);
#865 = AXIS2_PLACEMENT_3D('',#866,#867,#868);
#866 = CARTESIAN_POINT('',(10.3,-40.9,180.));
#867 = DIRECTION('',(0.,1.,0.));
#868 = DIRECTION('',(0.,-0.,1.));
#869 = ADVANCED_FACE('',(#870),#878,.T.);
#870 = FACE_BOUND('',#871,.T.);
#871 = EDGE_LOOP('',(#872,#873,#874,#875,#876,#877));
#872 = ORIENTED_EDGE('',*,*,#840,.T.);
#873 = ORIENTED_EDGE('',*,*,#850,.T.);
#874 = ORIENTED_EDGE('',*,*,#543,.T.);
#875 = ORIENTED_EDGE('',*,*,#594,.F.);
#876 = ORIENTED_EDGE('',*,*,#567,.F.);
#877 = ORIENTED_EDGE('',*,*,#628,.T.);
#878 = PLANE('',#879);
#879 = AXIS2_PLACEMENT_3D('',#880,#881,#882);
#880 = CARTESIAN_POINT('',(10.3,-39.7,180.));
#881 = DIRECTION('',(0.,1.,0.));
#882 = DIRECTION('',(0.,-0.,1.));
#883 = ADVANCED_FACE('',(#884),#887,.T.);
#884 = FACE_BOUND('',#885,.T.);
#885 = EDGE_LOOP('',(#886));
#886 = ORIENTED_EDGE('',*,*,#586,.T.);
#887 = PLANE('',#888);
#888 = AXIS2_PLACEMENT_3D('',#889,#890,#891);
#889 = CARTESIAN_POINT('',(10.3,-33.,180.));
#890 = DIRECTION('',(0.,1.,0.));
#891 = DIRECTION('',(0.,-0.,1.));
#892 = ADVANCED_FACE('',(#893),#911,.T.);
#893 = FACE_BOUND('',#894,.T.);
#894 = EDGE_LOOP('',(#895,#903,#904,#905));
#895 = ORIENTED_EDGE('',*,*,#896,.F.);
#896 = EDGE_CURVE('',#662,#897,#899,.T.);
#897 = VERTEX_POINT('',#898);
#898 = CARTESIAN_POINT('',(-2.349110640674,60.,183.));
#899 = LINE('',#900,#901);
#900 = CARTESIAN_POINT('',(-5.7,60.,183.));
#901 = VECTOR('',#902,1.);
#902 = DIRECTION('',(1.,0.,-0.));
#903 = ORIENTED_EDGE('',*,*,#669,.F.);
#904 = ORIENTED_EDGE('',*,*,#693,.T.);
#905 = ORIENTED_EDGE('',*,*,#906,.T.);
#906 = EDGE_CURVE('',#694,#897,#907,.T.);
#907 = LINE('',#908,#909);
#908 = CARTESIAN_POINT('',(-2.349110640674,53.,183.));
#909 = VECTOR('',#910,1.);
#910 = DIRECTION('',(0.,1.,0.));
#911 = PLANE('',#912);
#912 = AXIS2_PLACEMENT_3D('',#913,#914,#915);
#913 = CARTESIAN_POINT('',(-5.7,54.,183.));
#914 = DIRECTION('',(0.,0.,1.));
#915 = DIRECTION('',(1.,0.,-0.));
#916 = ADVANCED_FACE('',(#917),#938,.T.);
#917 = FACE_BOUND('',#918,.T.);
#918 = EDGE_LOOP('',(#919,#920,#921,#922,#923,#932));
#919 = ORIENTED_EDGE('',*,*,#735,.F.);
#920 = ORIENTED_EDGE('',*,*,#816,.F.);
#921 = ORIENTED_EDGE('',*,*,#661,.T.);
#922 = ORIENTED_EDGE('',*,*,#896,.T.);
#923 = ORIENTED_EDGE('',*,*,#924,.F.);
#924 = EDGE_CURVE('',#925,#897,#927,.T.);
#925 = VERTEX_POINT('',#926);
#926 = CARTESIAN_POINT('',(22.949110640674,60.,183.));
#927 = CIRCLE('',#928,13.);
#928 = AXIS2_PLACEMENT_3D('',#929,#930,#931);
#929 = CARTESIAN_POINT('',(10.3,60.,180.));
#930 = DIRECTION('',(0.,1.,0.));
#931 = DIRECTION('',(0.,-0.,1.));
#932 = ORIENTED_EDGE('',*,*,#933,.T.);
#933 = EDGE_CURVE('',#925,#736,#934,.T.);
#934 = LINE('',#935,#936);
#935 = CARTESIAN_POINT('',(-5.7,60.,183.));
#936 = VECTOR('',#937,1.);
#937 = DIRECTION('',(1.,0.,-0.));
#938 = PLANE('',#939);
#939 = AXIS2_PLACEMENT_3D('',#940,#941,#942);
#940 = CARTESIAN_POINT('',(-5.7,60.,139.));
#941 = DIRECTION('',(-0.,1.,0.));
#942 = DIRECTION('',(0.,0.,1.));
#943 = ADVANCED_FACE('',(#944),#955,.T.);
#944 = FACE_BOUND('',#945,.T.);
#945 = EDGE_LOOP('',(#946,#947,#953,#954));
#946 = ORIENTED_EDGE('',*,*,#933,.F.);
#947 = ORIENTED_EDGE('',*,*,#948,.F.);
#948 = EDGE_CURVE('',#702,#925,#949,.T.);
#949 = LINE('',#950,#951);
#950 = CARTESIAN_POINT('',(22.949110640674,53.,183.));
#951 = VECTOR('',#952,1.);
#952 = DIRECTION('',(0.,1.,0.));
#953 = ORIENTED_EDGE('',*,*,#710,.T.);
#954 = ORIENTED_EDGE('',*,*,#743,.T.);
#955 = PLANE('',#956);
#956 = AXIS2_PLACEMENT_3D('',#957,#958,#959);
#957 = CARTESIAN_POINT('',(-5.7,54.,183.));
#958 = DIRECTION('',(0.,0.,1.));
#959 = DIRECTION('',(1.,0.,-0.));
#960 = ADVANCED_FACE('',(#961,#988),#994,.T.);
#961 = FACE_BOUND('',#962,.T.);
#962 = EDGE_LOOP('',(#963,#973,#980,#981));
#963 = ORIENTED_EDGE('',*,*,#964,.T.);
#964 = EDGE_CURVE('',#965,#967,#969,.T.);
#965 = VERTEX_POINT('',#966);
#966 = CARTESIAN_POINT('',(10.3,53.,193.));
#967 = VERTEX_POINT('',#968);
#968 = CARTESIAN_POINT('',(10.3,61.,193.));
#969 = LINE('',#970,#971);
#970 = CARTESIAN_POINT('',(10.3,53.,193.));
#971 = VECTOR('',#972,1.);
#972 = DIRECTION('',(0.,1.,0.));
#973 = ORIENTED_EDGE('',*,*,#974,.F.);
#974 = EDGE_CURVE('',#967,#967,#975,.T.);
#975 = CIRCLE('',#976,13.);
#976 = AXIS2_PLACEMENT_3D('',#977,#978,#979);
#977 = CARTESIAN_POINT('',(10.3,61.,180.));
#978 = DIRECTION('',(0.,1.,0.));
#979 = DIRECTION('',(0.,-0.,1.));
#980 = ORIENTED_EDGE('',*,*,#964,.F.);
#981 = ORIENTED_EDGE('',*,*,#982,.T.);
#982 = EDGE_CURVE('',#965,#965,#983,.T.);
#983 = CIRCLE('',#984,13.);
#984 = AXIS2_PLACEMENT_3D('',#985,#986,#987);
#985 = CARTESIAN_POINT('',(10.3,53.,180.));
#986 = DIRECTION('',(0.,1.,0.));
#987 = DIRECTION('',(0.,-0.,1.));
#988 = FACE_BOUND('',#989,.T.);
#989 = EDGE_LOOP('',(#990,#991,#992,#993));
#990 = ORIENTED_EDGE('',*,*,#701,.F.);
#991 = ORIENTED_EDGE('',*,*,#948,.T.);
#992 = ORIENTED_EDGE('',*,*,#924,.T.);
#993 = ORIENTED_EDGE('',*,*,#906,.F.);
#994 = CYLINDRICAL_SURFACE('',#995,13.);
#995 = AXIS2_PLACEMENT_3D('',#996,#997,#998);
#996 = CARTESIAN_POINT('',(10.3,53.,180.));
#997 = DIRECTION('',(0.,1.,0.));
#998 = DIRECTION('',(0.,-0.,1.));
#999 = ADVANCED_FACE('',(#1000,#1003),#5245,.F.);
#1000 = FACE_BOUND('',#1001,.F.);
#1001 = EDGE_LOOP('',(#1002));
#1002 = ORIENTED_EDGE('',*,*,#858,.T.);
#1003 = FACE_BOUND('',#1004,.F.);
#1004 = EDGE_LOOP('',(#1005,#1016,#1024,#1033,#1042,#1051,#1060,#1069,
    #1077,#1086,#1095,#1104,#1113,#1122,#1130,#1139,#1148,#1157,#1166,
    #1175,#1183,#1192,#1201,#1210,#1219,#1228,#1236,#1245,#1254,#1263,
    #1272,#1281,#1289,#1298,#1307,#1316,#1325,#1334,#1342,#1351,#1360,
    #1369,#1378,#1387,#1395,#1404,#1413,#1422,#1431,#1440,#1448,#1457,
    #1466,#1475,#1484,#1493,#1501,#1510,#1519,#1528,#1537,#1546,#1554,
    #1563,#1572,#1581,#1590,#1599,#1607,#1616,#1625,#1634,#1643,#1652,
    #1660,#1669,#1678,#1687,#1696,#1705,#1713,#1722,#1731,#1740,#1749,
    #1758,#1766,#1775,#1784,#1793,#1802,#1811,#1819,#1828,#1837,#1846,
    #1855,#1864,#1872,#1881,#1890,#1899,#1908,#1917,#1925,#1934,#1943,
    #1952,#1961,#1970,#1978,#1987,#1996,#2005,#2014,#2023,#2031,#2040,
    #2049,#2058,#2067,#2076,#2084,#2093,#2102,#2111,#2120,#2129,#2137,
    #2146,#2155,#2164,#2173,#2182,#2190,#2199,#2208,#2217,#2226,#2235,
    #2243,#2252,#2261,#2270,#2279,#2288,#2296,#2305,#2314,#2323,#2332,
    #2341,#2349,#2358,#2367,#2376,#2385,#2394,#2402,#2411,#2420,#2429,
    #2438,#2447,#2455,#2464,#2473,#2482,#2491,#2500,#2508,#2517,#2526,
    #2535,#2544,#2553,#2561,#2570,#2579,#2588,#2597,#2606,#2614,#2623,
    #2632,#2641,#2650,#2659,#2667,#2676,#2685,#2694,#2703,#2712,#2720,
    #2729,#2738,#2747,#2756,#2765,#2773,#2782,#2791,#2800,#2809,#2818,
    #2826,#2835,#2844,#2853,#2862,#2871,#2879,#2888,#2897,#2906,#2915,
    #2924,#2932,#2941,#2950,#2959,#2968,#2977,#2985,#2994,#3003,#3012,
    #3021,#3030,#3038,#3047,#3056,#3065,#3074,#3083,#3091,#3100,#3109,
    #3118,#3127,#3136,#3144,#3153,#3162,#3171,#3180,#3189,#3197,#3206,
    #3215,#3224,#3233,#3242,#3250,#3259,#3268,#3277,#3286,#3295,#3303,
    #3312,#3321,#3330,#3339,#3348,#3356,#3365,#3374,#3383,#3392,#3401,
    #3409,#3418,#3427,#3436,#3445,#3454,#3462,#3471,#3480,#3489,#3498,
    #3507,#3515,#3524,#3533,#3542,#3551,#3560,#3568,#3577,#3586,#3595,
    #3604,#3613,#3621,#3630,#3639,#3648,#3657,#3666,#3674,#3683,#3692,
    #3701,#3710,#3719,#3727,#3736,#3745,#3754,#3763,#3772,#3780,#3789,
    #3798,#3807,#3816,#3825,#3833,#3842,#3851,#3860,#3869,#3878,#3886,
    #3895,#3904,#3913,#3922,#3931,#3939,#3948,#3957,#3966,#3975,#3984,
    #3992,#4001,#4010,#4019,#4028,#4037,#4045,#4054,#4063,#4072,#4081,
    #4090,#4098,#4107,#4116,#4125,#4134,#4143,#4151,#4160,#4169,#4178,
    #4187,#4196,#4204,#4213,#4222,#4231,#4240,#4249,#4257,#4266,#4275,
    #4284,#4293,#4302,#4310,#4319,#4328,#4337,#4346,#4355,#4363,#4372,
    #4381,#4390,#4399,#4408,#4416,#4425,#4434,#4443,#4452,#4461,#4469,
    #4478,#4487,#4496,#4505,#4514,#4522,#4531,#4540,#4549,#4558,#4567,
    #4575,#4584,#4593,#4602,#4611,#4620,#4628,#4637,#4646,#4655,#4664,
    #4673,#4681,#4690,#4699,#4708,#4717,#4726,#4734,#4743,#4752,#4761,
    #4770,#4779,#4787,#4796,#4805,#4814,#4823,#4832,#4840,#4849,#4858,
    #4867,#4876,#4885,#4893,#4902,#4911,#4920,#4929,#4938,#4946,#4955,
    #4964,#4973,#4982,#4991,#4999,#5008,#5017,#5026,#5035,#5044,#5052,
    #5061,#5070,#5079,#5088,#5097,#5105,#5114,#5123,#5132,#5141,#5150,
    #5158,#5167,#5176,#5185,#5194,#5203,#5211,#5220,#5229,#5238));
#1005 = ORIENTED_EDGE('',*,*,#1006,.T.);
#1006 = EDGE_CURVE('',#1007,#1009,#1011,.T.);
#1007 = VERTEX_POINT('',#1008);
#1008 = CARTESIAN_POINT('',(35.226997609268,-40.9,178.5899034513));
#1009 = VERTEX_POINT('',#1010);
#1010 = CARTESIAN_POINT('',(35.388304073687,-40.9,178.727672187));
#1011 = CIRCLE('',#1012,0.15);
#1012 = AXIS2_PLACEMENT_3D('',#1013,#1014,#1015);
#1013 = CARTESIAN_POINT('',(35.238766473627,-40.9,178.73944105136));
#1014 = DIRECTION('',(0.,-1.,0.));
#1015 = DIRECTION('',(-7.845909572784E-02,-0.,-0.996917333733));
#1016 = ORIENTED_EDGE('',*,*,#1017,.T.);
#1017 = EDGE_CURVE('',#1009,#1018,#1020,.T.);
#1018 = VERTEX_POINT('',#1019);
#1019 = CARTESIAN_POINT('',(35.410790894703,-40.9,179.3));
#1020 = LINE('',#1021,#1022);
#1021 = CARTESIAN_POINT('',(35.393925778941,-40.9,178.87075414025));
#1022 = VECTOR('',#1023,1.);
#1023 = DIRECTION('',(3.925981575907E-02,-0.,0.999229036241));
#1024 = ORIENTED_EDGE('',*,*,#1025,.T.);
#1025 = EDGE_CURVE('',#1018,#1026,#1028,.T.);
#1026 = VERTEX_POINT('',#1027);
#1027 = CARTESIAN_POINT('',(35.260790894703,-40.9,179.45));
#1028 = CIRCLE('',#1029,0.15);
#1029 = AXIS2_PLACEMENT_3D('',#1030,#1031,#1032);
#1030 = CARTESIAN_POINT('',(35.260790894703,-40.9,179.3));
#1031 = DIRECTION('',(0.,-1.,0.));
#1032 = DIRECTION('',(1.,0.,1.894780628694E-13));
#1033 = ORIENTED_EDGE('',*,*,#1034,.F.);
#1034 = EDGE_CURVE('',#1035,#1026,#1037,.T.);
#1035 = VERTEX_POINT('',#1036);
#1036 = CARTESIAN_POINT('',(34.910790894703,-40.9,179.58397459621));
#1037 = CIRCLE('',#1038,1.469292842573);
#1038 = AXIS2_PLACEMENT_3D('',#1039,#1040,#1041);
#1039 = CARTESIAN_POINT('',(35.606758061817,-40.9,180.87798045382));
#1040 = DIRECTION('',(0.,-1.,-0.));
#1041 = DIRECTION('',(-0.235465087074,0.,-0.971882808146));
#1042 = ORIENTED_EDGE('',*,*,#1043,.F.);
#1043 = EDGE_CURVE('',#1044,#1035,#1046,.T.);
#1044 = VERTEX_POINT('',#1045);
#1045 = CARTESIAN_POINT('',(34.910790894703,-40.9,180.41602540378));
#1046 = CIRCLE('',#1047,0.471154273188);
#1047 = AXIS2_PLACEMENT_3D('',#1048,#1049,#1050);
#1048 = CARTESIAN_POINT('',(35.131945167891,-40.9,180.));
#1049 = DIRECTION('',(0.,-1.,-0.));
#1050 = DIRECTION('',(-0.469388236026,0.,-0.88299189344));
#1051 = ORIENTED_EDGE('',*,*,#1052,.F.);
#1052 = EDGE_CURVE('',#1053,#1044,#1055,.T.);
#1053 = VERTEX_POINT('',#1054);
#1054 = CARTESIAN_POINT('',(35.260790894703,-40.9,180.55));
#1055 = CIRCLE('',#1056,1.469292842573);
#1056 = AXIS2_PLACEMENT_3D('',#1057,#1058,#1059);
#1057 = CARTESIAN_POINT('',(35.606758061817,-40.9,179.12201954617));
#1058 = DIRECTION('',(-0.,-1.,0.));
#1059 = DIRECTION('',(-0.473674918265,0.,0.880699762579));
#1060 = ORIENTED_EDGE('',*,*,#1061,.T.);
#1061 = EDGE_CURVE('',#1053,#1062,#1064,.T.);
#1062 = VERTEX_POINT('',#1063);
#1063 = CARTESIAN_POINT('',(35.410790894703,-40.9,180.7));
#1064 = CIRCLE('',#1065,0.15);
#1065 = AXIS2_PLACEMENT_3D('',#1066,#1067,#1068);
#1066 = CARTESIAN_POINT('',(35.260790894703,-40.9,180.7));
#1067 = DIRECTION('',(0.,-1.,0.));
#1068 = DIRECTION('',(-4.736951571734E-14,-0.,-1.));
#1069 = ORIENTED_EDGE('',*,*,#1070,.T.);
#1070 = EDGE_CURVE('',#1062,#1071,#1073,.T.);
#1071 = VERTEX_POINT('',#1072);
#1072 = CARTESIAN_POINT('',(35.388304073687,-40.9,181.27232781299));
#1073 = LINE('',#1074,#1075);
#1074 = CARTESIAN_POINT('',(35.405169189449,-40.9,180.84308195324));
#1075 = VECTOR('',#1076,1.);
#1076 = DIRECTION('',(-3.925981575907E-02,0.,0.999229036241));
#1077 = ORIENTED_EDGE('',*,*,#1078,.T.);
#1078 = EDGE_CURVE('',#1071,#1079,#1081,.T.);
#1079 = VERTEX_POINT('',#1080);
#1080 = CARTESIAN_POINT('',(35.226997609268,-40.9,181.41009654869));
#1081 = CIRCLE('',#1082,0.15);
#1082 = AXIS2_PLACEMENT_3D('',#1083,#1084,#1085);
#1083 = CARTESIAN_POINT('',(35.238766473627,-40.9,181.26055894863));
#1084 = DIRECTION('',(0.,-1.,0.));
#1085 = DIRECTION('',(0.996917333733,0.,7.845909572779E-02));
#1086 = ORIENTED_EDGE('',*,*,#1087,.F.);
#1087 = EDGE_CURVE('',#1088,#1079,#1090,.T.);
#1088 = VERTEX_POINT('',#1089);
#1089 = CARTESIAN_POINT('',(34.867565016792,-40.9,181.51619746243));
#1090 = CIRCLE('',#1091,1.469292842574);
#1091 = AXIS2_PLACEMENT_3D('',#1092,#1093,#1094);
#1092 = CARTESIAN_POINT('',(35.459860219942,-40.9,182.86081928643));
#1093 = DIRECTION('',(0.,-1.,-0.));
#1094 = DIRECTION('',(-0.158486180513,0.,-0.987361195605));
#1095 = ORIENTED_EDGE('',*,*,#1096,.F.);
#1096 = EDGE_CURVE('',#1097,#1088,#1099,.T.);
#1097 = VERTEX_POINT('',#1098);
#1098 = CARTESIAN_POINT('',(34.80228306283,-40.9,182.34568333505));
#1099 = CIRCLE('',#1100,0.471154273188);
#1100 = AXIS2_PLACEMENT_3D('',#1101,#1102,#1103);
#1101 = CARTESIAN_POINT('',(35.055396568181,-40.9,181.94829196303));
#1102 = DIRECTION('',(0.,-1.,-0.));
#1103 = DIRECTION('',(-0.398662523251,0.,-0.91709770066));
#1104 = ORIENTED_EDGE('',*,*,#1105,.F.);
#1105 = EDGE_CURVE('',#1106,#1097,#1108,.T.);
#1106 = VERTEX_POINT('',#1107);
#1107 = CARTESIAN_POINT('',(35.140692603967,-40.9,182.5067056158));
#1108 = CIRCLE('',#1109,1.469292842574);
#1109 = AXIS2_PLACEMENT_3D('',#1110,#1111,#1112);
#1110 = CARTESIAN_POINT('',(35.59763132489,-40.9,181.11027142023));
#1111 = DIRECTION('',(-0.,-1.,0.));
#1112 = DIRECTION('',(-0.541313643553,0.,0.840820753373));
#1113 = ORIENTED_EDGE('',*,*,#1114,.T.);
#1114 = EDGE_CURVE('',#1106,#1115,#1117,.T.);
#1115 = VERTEX_POINT('',#1116);
#1116 = CARTESIAN_POINT('',(35.278461339668,-40.9,182.66801208022));
#1117 = CIRCLE('',#1118,0.15);
#1118 = AXIS2_PLACEMENT_3D('',#1119,#1120,#1121);
#1119 = CARTESIAN_POINT('',(35.128923739608,-40.9,182.65624321586));
#1120 = DIRECTION('',(0.,-1.,0.));
#1121 = DIRECTION('',(7.845909572771E-02,0.,-0.996917333733));
#1122 = ORIENTED_EDGE('',*,*,#1123,.T.);
#1123 = EDGE_CURVE('',#1115,#1124,#1126,.T.);
#1124 = VERTEX_POINT('',#1125);
#1125 = CARTESIAN_POINT('',(35.211139515349,-40.9,183.23681130193));
#1126 = LINE('',#1127,#1128);
#1127 = CARTESIAN_POINT('',(35.261630883588,-40.9,182.81021188565));
#1128 = VECTOR('',#1129,1.);
#1129 = DIRECTION('',(-0.117537397458,0.,0.993068456955));
#1130 = ORIENTED_EDGE('',*,*,#1131,.T.);
#1131 = EDGE_CURVE('',#1124,#1132,#1134,.T.);
#1132 = VERTEX_POINT('',#1133);
#1133 = CARTESIAN_POINT('',(35.039521094504,-40.9,183.36149938326));
#1134 = CIRCLE('',#1135,0.15);
#1135 = AXIS2_PLACEMENT_3D('',#1136,#1137,#1138);
#1136 = CARTESIAN_POINT('',(35.06298626426,-40.9,183.21334613217));
#1137 = DIRECTION('',(0.,-1.,0.));
#1138 = DIRECTION('',(0.987688340595,0.,0.15643446504));
#1139 = ORIENTED_EDGE('',*,*,#1140,.F.);
#1140 = EDGE_CURVE('',#1141,#1132,#1143,.T.);
#1141 = VERTEX_POINT('',#1142);
#1142 = CARTESIAN_POINT('',(34.672871931008,-40.9,183.43907246712));
#1143 = CIRCLE('',#1144,1.469292842571);
#1144 = AXIS2_PLACEMENT_3D('',#1145,#1146,#1147);
#1145 = CARTESIAN_POINT('',(35.157843473308,-40.9,184.82602021681));
#1146 = DIRECTION('',(0.,-1.,-0.));
#1147 = DIRECTION('',(-8.053015394597E-02,0.,-0.996752172962));
#1148 = ORIENTED_EDGE('',*,*,#1149,.F.);
#1149 = EDGE_CURVE('',#1150,#1141,#1152,.T.);
#1150 = VERTEX_POINT('',#1151);
#1151 = CARTESIAN_POINT('',(34.542710508039,-40.9,184.26087934853));
#1152 = CIRCLE('',#1153,0.471154273188);
#1153 = AXIS2_PLACEMENT_3D('',#1154,#1155,#1156);
#1154 = CARTESIAN_POINT('',(34.826222716624,-40.9,183.88457205824));
#1155 = DIRECTION('',(0.,-1.,-0.));
#1156 = DIRECTION('',(-0.325478923451,0.,-0.945549295589));
#1157 = ORIENTED_EDGE('',*,*,#1158,.F.);
#1158 = EDGE_CURVE('',#1159,#1150,#1161,.T.);
#1159 = VERTEX_POINT('',#1160);
#1160 = CARTESIAN_POINT('',(34.86744318296,-40.9,184.44795655792));
#1161 = CIRCLE('',#1162,1.469292842573);
#1162 = AXIS2_PLACEMENT_3D('',#1163,#1164,#1165);
#1163 = CARTESIAN_POINT('',(35.432536278529,-40.9,183.09167810178));
#1164 = DIRECTION('',(-0.,-1.,0.));
#1165 = DIRECTION('',(-0.605614990223,0.,0.795757804622));
#1166 = ORIENTED_EDGE('',*,*,#1167,.T.);
#1167 = EDGE_CURVE('',#1159,#1168,#1170,.T.);
#1168 = VERTEX_POINT('',#1169);
#1169 = CARTESIAN_POINT('',(34.992131264293,-40.9,184.61957497876));
#1170 = CIRCLE('',#1171,0.15);
#1171 = AXIS2_PLACEMENT_3D('',#1172,#1173,#1174);
#1172 = CARTESIAN_POINT('',(34.843978013204,-40.9,184.59610980901));
#1173 = DIRECTION('',(0.,-1.,0.));
#1174 = DIRECTION('',(0.15643446504,0.,-0.987688340595));
#1175 = ORIENTED_EDGE('',*,*,#1176,.T.);
#1176 = EDGE_CURVE('',#1168,#1177,#1179,.T.);
#1177 = VERTEX_POINT('',#1178);
#1178 = CARTESIAN_POINT('',(34.880389498104,-40.9,185.18133877284));
#1179 = LINE('',#1180,#1181);
#1180 = CARTESIAN_POINT('',(34.964195822746,-40.9,184.76001592728));
#1181 = VECTOR('',#1182,1.);
#1182 = DIRECTION('',(-0.195090322016,0.,0.980785280403));
#1183 = ORIENTED_EDGE('',*,*,#1184,.T.);
#1184 = EDGE_CURVE('',#1177,#1185,#1187,.T.);
#1185 = VERTEX_POINT('',#1186);
#1186 = CARTESIAN_POINT('',(34.699517205466,-40.9,185.29217745632));
#1187 = CIRCLE('',#1188,0.15);
#1188 = AXIS2_PLACEMENT_3D('',#1189,#1190,#1191);
#1189 = CARTESIAN_POINT('',(34.734534010045,-40.9,185.14632196826));
#1190 = DIRECTION('',(0.,-1.,0.));
#1191 = DIRECTION('',(0.972369920398,0.,0.233445363856));
#1192 = ORIENTED_EDGE('',*,*,#1193,.F.);
#1193 = EDGE_CURVE('',#1194,#1185,#1196,.T.);
#1194 = VERTEX_POINT('',#1195);
#1195 = CARTESIAN_POINT('',(34.327911984966,-40.9,185.34074444643));
#1196 = CIRCLE('',#1197,1.469292842574);
#1197 = AXIS2_PLACEMENT_3D('',#1198,#1199,#1200);
#1198 = CARTESIAN_POINT('',(34.70256985559,-40.9,186.76146712775));
#1199 = DIRECTION('',(0.,-1.,-0.));
#1200 = DIRECTION('',(-2.077632201815E-03,0.,-0.99999784172));
#1201 = ORIENTED_EDGE('',*,*,#1202,.F.);
#1202 = EDGE_CURVE('',#1203,#1194,#1205,.T.);
#1203 = VERTEX_POINT('',#1204);
#1204 = CARTESIAN_POINT('',(34.133673581447,-40.9,186.14980562395));
#1205 = CIRCLE('',#1206,0.471154273188);
#1206 = AXIS2_PLACEMENT_3D('',#1207,#1208,#1209);
#1207 = CARTESIAN_POINT('',(34.445836546222,-40.9,185.79690247496));
#1208 = DIRECTION('',(0.,-1.,-0.));
#1209 = DIRECTION('',(-0.250288637855,0.,-0.968171264684));
#1210 = ORIENTED_EDGE('',*,*,#1211,.F.);
#1211 = EDGE_CURVE('',#1212,#1203,#1214,.T.);
#1212 = VERTEX_POINT('',#1213);
#1213 = CARTESIAN_POINT('',(34.442727305225,-40.9,186.36178436876));
#1214 = CIRCLE('',#1215,1.469292842571);
#1215 = AXIS2_PLACEMENT_3D('',#1216,#1217,#1218);
#1216 = CARTESIAN_POINT('',(35.112490788594,-40.9,185.05402355975));
#1217 = DIRECTION('',(-0.,-1.,0.));
#1218 = DIRECTION('',(-0.666182519091,0.,0.745788744389));
#1219 = ORIENTED_EDGE('',*,*,#1220,.T.);
#1220 = EDGE_CURVE('',#1212,#1221,#1223,.T.);
#1221 = VERTEX_POINT('',#1222);
#1222 = CARTESIAN_POINT('',(34.553565988706,-40.9,186.5426566614));
#1223 = CIRCLE('',#1224,0.15);
#1224 = AXIS2_PLACEMENT_3D('',#1225,#1226,#1227);
#1225 = CARTESIAN_POINT('',(34.407710500646,-40.9,186.50763985682));
#1226 = DIRECTION('',(0.,-1.,0.));
#1227 = DIRECTION('',(0.233445363856,0.,-0.972369920398));
#1228 = ORIENTED_EDGE('',*,*,#1229,.T.);
#1229 = EDGE_CURVE('',#1221,#1230,#1232,.T.);
#1230 = VERTEX_POINT('',#1231);
#1231 = CARTESIAN_POINT('',(34.398093205795,-40.9,187.09392156725));
#1232 = LINE('',#1233,#1234);
#1233 = CARTESIAN_POINT('',(34.514697792978,-40.9,186.68047288786));
#1234 = VECTOR('',#1235,1.);
#1235 = DIRECTION('',(-0.271440449865,0.,0.962455236454));
#1236 = ORIENTED_EDGE('',*,*,#1237,.T.);
#1237 = EDGE_CURVE('',#1230,#1238,#1240,.T.);
#1238 = VERTEX_POINT('',#1239);
#1239 = CARTESIAN_POINT('',(34.209082179194,-40.9,187.19022749554));
#1240 = CIRCLE('',#1241,0.15);
#1241 = AXIS2_PLACEMENT_3D('',#1242,#1243,#1244);
#1242 = CARTESIAN_POINT('',(34.255434728351,-40.9,187.04756901809));
#1243 = DIRECTION('',(0.,-1.,0.));
#1244 = DIRECTION('',(0.951056516295,0.,0.309016994375));
#1245 = ORIENTED_EDGE('',*,*,#1246,.F.);
#1246 = EDGE_CURVE('',#1247,#1238,#1249,.T.);
#1247 = VERTEX_POINT('',#1248);
#1248 = CARTESIAN_POINT('',(33.834811971446,-40.9,187.20948896025));
#1249 = CIRCLE('',#1250,1.469292842571);
#1250 = AXIS2_PLACEMENT_3D('',#1251,#1252,#1253);
#1251 = CARTESIAN_POINT('',(34.096846280034,-40.9,188.65522734542));
#1252 = DIRECTION('',(0.,-1.,-0.));
#1253 = DIRECTION('',(7.638769883634E-02,0.,-0.99707819125));
#1254 = ORIENTED_EDGE('',*,*,#1255,.F.);
#1255 = EDGE_CURVE('',#1256,#1247,#1258,.T.);
#1256 = VERTEX_POINT('',#1257);
#1257 = CARTESIAN_POINT('',(33.577694131724,-40.9,188.00081630268));
#1258 = CIRCLE('',#1259,0.471154273188);
#1259 = AXIS2_PLACEMENT_3D('',#1260,#1261,#1262);
#1260 = CARTESIAN_POINT('',(33.916583264207,-40.9,187.67349306026));
#1261 = DIRECTION('',(0.,-1.,-0.));
#1262 = DIRECTION('',(-0.173555239577,0.,-0.984824135983));
#1263 = ORIENTED_EDGE('',*,*,#1264,.F.);
#1264 = EDGE_CURVE('',#1265,#1256,#1267,.T.);
#1265 = VERTEX_POINT('',#1266);
#1266 = CARTESIAN_POINT('',(33.869163485382,-40.9,188.23638966346));
#1267 = CIRCLE('',#1268,1.469292842572);
#1268 = AXIS2_PLACEMENT_3D('',#1269,#1270,#1271);
#1269 = CARTESIAN_POINT('',(34.639468041957,-40.9,186.98520928184));
#1270 = DIRECTION('',(-0.,-1.,0.));
#1271 = DIRECTION('',(-0.722642811201,0.,0.691221648547));
#1272 = ORIENTED_EDGE('',*,*,#1273,.T.);
#1273 = EDGE_CURVE('',#1265,#1274,#1276,.T.);
#1274 = VERTEX_POINT('',#1275);
#1275 = CARTESIAN_POINT('',(33.96546941367,-40.9,188.42540069006));
#1276 = CIRCLE('',#1277,0.15);
#1277 = AXIS2_PLACEMENT_3D('',#1278,#1279,#1280);
#1278 = CARTESIAN_POINT('',(33.822810936226,-40.9,188.3790481409));
#1279 = DIRECTION('',(0.,-1.,0.));
#1280 = DIRECTION('',(0.309016994375,0.,-0.951056516295));
#1281 = ORIENTED_EDGE('',*,*,#1282,.T.);
#1282 = EDGE_CURVE('',#1274,#1283,#1285,.T.);
#1283 = VERTEX_POINT('',#1284);
#1284 = CARTESIAN_POINT('',(33.767224155443,-40.9,188.96276797622));
#1285 = LINE('',#1286,#1287);
#1286 = CARTESIAN_POINT('',(33.915908099113,-40.9,188.5597425116));
#1287 = VECTOR('',#1288,1.);
#1288 = DIRECTION('',(-0.346117057077,0.,0.938191335922));
#1289 = ORIENTED_EDGE('',*,*,#1290,.T.);
#1290 = EDGE_CURVE('',#1283,#1291,#1293,.T.);
#1291 = VERTEX_POINT('',#1292);
#1292 = CARTESIAN_POINT('',(33.571239710711,-40.9,189.04394739125));
#1293 = CIRCLE('',#1294,0.15);
#1294 = AXIS2_PLACEMENT_3D('',#1295,#1296,#1297);
#1295 = CARTESIAN_POINT('',(33.628642225566,-40.9,188.90536546137));
#1296 = DIRECTION('',(0.,-1.,0.));
#1297 = DIRECTION('',(0.923879532511,0.,0.382683432365));
#1298 = ORIENTED_EDGE('',*,*,#1299,.F.);
#1299 = EDGE_CURVE('',#1300,#1291,#1302,.T.);
#1300 = VERTEX_POINT('',#1301);
#1301 = CARTESIAN_POINT('',(33.196612016003,-40.9,189.03378457724));
#1302 = CIRCLE('',#1303,1.469292842573);
#1303 = AXIS2_PLACEMENT_3D('',#1304,#1305,#1306);
#1304 = CARTESIAN_POINT('',(33.344407233907,-40.9,190.49562520836));
#1305 = DIRECTION('',(0.,-1.,-0.));
#1306 = DIRECTION('',(0.154382074309,0.,-0.988011222169));
#1307 = ORIENTED_EDGE('',*,*,#1308,.F.);
#1308 = EDGE_CURVE('',#1309,#1300,#1311,.T.);
#1309 = VERTEX_POINT('',#1310);
#1310 = CARTESIAN_POINT('',(32.87819995706,-40.9,189.80249928836));
#1311 = CIRCLE('',#1312,0.471154273188);
#1312 = AXIS2_PLACEMENT_3D('',#1313,#1314,#1315);
#1313 = CARTESIAN_POINT('',(33.241725893057,-40.9,189.50277400915));
#1314 = DIRECTION('',(0.,-1.,-0.));
#1315 = DIRECTION('',(-9.57518155343E-02,0.,-0.995405238997));
#1316 = ORIENTED_EDGE('',*,*,#1317,.F.);
#1317 = EDGE_CURVE('',#1318,#1309,#1320,.T.);
#1318 = VERTEX_POINT('',#1319);
#1319 = CARTESIAN_POINT('',(33.15028793511,-40.9,190.06021487701));
#1320 = CIRCLE('',#1321,1.469292842571);
#1321 = AXIS2_PLACEMENT_3D('',#1322,#1323,#1324);
#1322 = CARTESIAN_POINT('',(34.016384381147,-40.9,188.87332886589));
#1323 = DIRECTION('',(-0.,-1.,0.));
#1324 = DIRECTION('',(-0.774647770076,0.,0.632392941387));
#1325 = ORIENTED_EDGE('',*,*,#1326,.T.);
#1326 = EDGE_CURVE('',#1318,#1327,#1329,.T.);
#1327 = VERTEX_POINT('',#1328);
#1328 = CARTESIAN_POINT('',(33.231467350132,-40.9,190.25619932174));
#1329 = CIRCLE('',#1330,0.15);
#1330 = AXIS2_PLACEMENT_3D('',#1331,#1332,#1333);
#1331 = CARTESIAN_POINT('',(33.092885420255,-40.9,190.19879680689));
#1332 = DIRECTION('',(0.,-1.,0.));
#1333 = DIRECTION('',(0.382683432365,0.,-0.923879532511));
#1334 = ORIENTED_EDGE('',*,*,#1335,.T.);
#1335 = EDGE_CURVE('',#1327,#1336,#1338,.T.);
#1336 = VERTEX_POINT('',#1337);
#1337 = CARTESIAN_POINT('',(32.991671864528,-40.9,190.77635594021));
#1338 = LINE('',#1339,#1340);
#1339 = CARTESIAN_POINT('',(33.171518478731,-40.9,190.38623847636));
#1340 = VECTOR('',#1341,1.);
#1341 = DIRECTION('',(-0.418659737537,0.,0.908143173825));
#1342 = ORIENTED_EDGE('',*,*,#1343,.T.);
#1343 = EDGE_CURVE('',#1336,#1344,#1346,.T.);
#1344 = VERTEX_POINT('',#1345);
#1345 = CARTESIAN_POINT('',(32.789922310939,-40.9,190.84190834387));
#1346 = CIRCLE('',#1347,0.15);
#1347 = AXIS2_PLACEMENT_3D('',#1348,#1349,#1350);
#1348 = CARTESIAN_POINT('',(32.8580208859,-40.9,190.70825736524));
#1349 = DIRECTION('',(0.,-1.,0.));
#1350 = DIRECTION('',(0.891006524188,0.,0.45399049974));
#1351 = ORIENTED_EDGE('',*,*,#1352,.F.);
#1352 = EDGE_CURVE('',#1353,#1344,#1355,.T.);
#1353 = VERTEX_POINT('',#1354);
#1354 = CARTESIAN_POINT('',(32.417246833585,-40.9,190.80238390827));
#1355 = CIRCLE('',#1356,1.469292842572);
#1356 = AXIS2_PLACEMENT_3D('',#1357,#1358,#1359);
#1357 = CARTESIAN_POINT('',(32.449891754141,-40.9,192.27131405174));
#1358 = DIRECTION('',(0.,-1.,-0.));
#1359 = DIRECTION('',(0.231424632957,0.,-0.972852835356));
#1360 = ORIENTED_EDGE('',*,*,#1361,.F.);
#1361 = EDGE_CURVE('',#1362,#1353,#1364,.T.);
#1362 = VERTEX_POINT('',#1363);
#1363 = CARTESIAN_POINT('',(32.039503671648,-40.9,191.54374660627));
#1364 = CIRCLE('',#1365,0.471154273188);
#1365 = AXIS2_PLACEMENT_3D('',#1366,#1367,#1368);
#1366 = CARTESIAN_POINT('',(32.425425152879,-40.9,191.27346719627));
#1367 = DIRECTION('',(0.,-1.,-0.));
#1368 = DIRECTION('',(-1.73580497081E-02,0.,-0.999849337706));
#1369 = ORIENTED_EDGE('',*,*,#1370,.F.);
#1370 = EDGE_CURVE('',#1371,#1362,#1373,.T.);
#1371 = VERTEX_POINT('',#1372);
#1372 = CARTESIAN_POINT('',(32.290532761225,-40.9,191.82201552048));
#1373 = CIRCLE('',#1374,1.469292842571);
#1374 = AXIS2_PLACEMENT_3D('',#1375,#1376,#1377);
#1375 = CARTESIAN_POINT('',(33.247081324129,-40.9,190.7067414268));
#1376 = DIRECTION('',(-0.,-1.,0.));
#1377 = DIRECTION('',(-0.821876767853,0.,0.569665321451));
#1378 = ORIENTED_EDGE('',*,*,#1379,.T.);
#1379 = EDGE_CURVE('',#1371,#1380,#1382,.T.);
#1380 = VERTEX_POINT('',#1381);
#1381 = CARTESIAN_POINT('',(32.356085164893,-40.9,192.02376507407));
#1382 = CIRCLE('',#1383,0.15);
#1383 = AXIS2_PLACEMENT_3D('',#1384,#1385,#1386);
#1384 = CARTESIAN_POINT('',(32.222434186265,-40.9,191.95566649911));
#1385 = DIRECTION('',(0.,-1.,0.));
#1386 = DIRECTION('',(0.45399049974,0.,-0.891006524188));
#1387 = ORIENTED_EDGE('',*,*,#1388,.T.);
#1388 = EDGE_CURVE('',#1380,#1389,#1391,.T.);
#1389 = VERTEX_POINT('',#1390);
#1390 = CARTESIAN_POINT('',(32.076217870822,-40.9,192.52350408631));
#1391 = LINE('',#1392,#1393);
#1392 = CARTESIAN_POINT('',(32.286118341375,-40.9,192.14869982713));
#1393 = VECTOR('',#1394,1.);
#1394 = DIRECTION('',(-0.488621241497,0.,0.872496007073));
#1395 = ORIENTED_EDGE('',*,*,#1396,.T.);
#1396 = EDGE_CURVE('',#1389,#1397,#1399,.T.);
#1397 = VERTEX_POINT('',#1398);
#1398 = CARTESIAN_POINT('',(31.869947061462,-40.9,192.57302532626));
#1399 = CIRCLE('',#1400,0.15);
#1400 = AXIS2_PLACEMENT_3D('',#1401,#1402,#1403);
#1401 = CARTESIAN_POINT('',(31.948321846169,-40.9,192.44512930161));
#1402 = DIRECTION('',(0.,-1.,0.));
#1403 = DIRECTION('',(0.852640164354,0.,0.522498564716));
#1404 = ORIENTED_EDGE('',*,*,#1405,.F.);
#1405 = EDGE_CURVE('',#1406,#1397,#1408,.T.);
#1406 = VERTEX_POINT('',#1407);
#1407 = CARTESIAN_POINT('',(31.501521469707,-40.9,192.50438295034));
#1408 = CIRCLE('',#1409,1.469292842572);
#1409 = AXIS2_PLACEMENT_3D('',#1410,#1411,#1412);
#1410 = CARTESIAN_POINT('',(31.418814826123,-40.9,193.97134616336));
#1411 = DIRECTION('',(0.,-1.,-0.));
#1412 = DIRECTION('',(0.307040381786,0.,-0.951696487307));
#1413 = ORIENTED_EDGE('',*,*,#1414,.F.);
#1414 = EDGE_CURVE('',#1415,#1406,#1417,.T.);
#1415 = VERTEX_POINT('',#1416);
#1416 = CARTESIAN_POINT('',(31.066776116981,-40.9,193.21382288766));
#1417 = CIRCLE('',#1418,0.471154273188);
#1418 = AXIS2_PLACEMENT_3D('',#1419,#1420,#1421);
#1419 = CARTESIAN_POINT('',(31.472713809183,-40.9,192.97465570932));
#1420 = DIRECTION('',(0.,-1.,-0.));
#1421 = DIRECTION('',(6.11427342666E-02,0.,-0.998129032764));
#1422 = ORIENTED_EDGE('',*,*,#1423,.F.);
#1423 = EDGE_CURVE('',#1424,#1415,#1426,.T.);
#1424 = VERTEX_POINT('',#1425);
#1425 = CARTESIAN_POINT('',(31.295198640274,-40.9,193.51092950705));
#1426 = CIRCLE('',#1427,1.469292842571);
#1427 = AXIS2_PLACEMENT_3D('',#1428,#1429,#1430);
#1428 = CARTESIAN_POINT('',(32.336301880069,-40.9,192.47414336646));
#1429 = DIRECTION('',(-0.,-1.,0.));
#1430 = DIRECTION('',(-0.864038622053,0.,0.503425525376));
#1431 = ORIENTED_EDGE('',*,*,#1432,.T.);
#1432 = EDGE_CURVE('',#1424,#1433,#1435,.T.);
#1433 = VERTEX_POINT('',#1434);
#1434 = CARTESIAN_POINT('',(31.34471988022,-40.9,193.71720031641));
#1435 = CIRCLE('',#1436,0.15);
#1436 = AXIS2_PLACEMENT_3D('',#1437,#1438,#1439);
#1437 = CARTESIAN_POINT('',(31.216823855567,-40.9,193.6388255317));
#1438 = DIRECTION('',(0.,-1.,0.));
#1439 = DIRECTION('',(0.522498564716,0.,-0.852640164354));
#1440 = ORIENTED_EDGE('',*,*,#1441,.T.);
#1441 = EDGE_CURVE('',#1433,#1442,#1444,.T.);
#1442 = VERTEX_POINT('',#1443);
#1443 = CARTESIAN_POINT('',(31.026506252615,-40.9,194.19344066524));
#1444 = LINE('',#1445,#1446);
#1445 = CARTESIAN_POINT('',(31.265166473319,-40.9,193.83626040362));
#1446 = VECTOR('',#1447,1.);
#1447 = DIRECTION('',(-0.55557023302,0.,0.831469612303));
#1448 = ORIENTED_EDGE('',*,*,#1449,.T.);
#1449 = EDGE_CURVE('',#1442,#1450,#1452,.T.);
#1450 = VERTEX_POINT('',#1451);
#1451 = CARTESIAN_POINT('',(30.816985915615,-40.9,194.22662542655));
#1452 = CIRCLE('',#1453,0.15);
#1453 = AXIS2_PLACEMENT_3D('',#1454,#1455,#1456);
#1454 = CARTESIAN_POINT('',(30.905153703459,-40.9,194.1052728774));
#1455 = DIRECTION('',(0.,-1.,0.));
#1456 = DIRECTION('',(0.809016994375,0.,0.587785252293));
#1457 = ORIENTED_EDGE('',*,*,#1458,.F.);
#1458 = EDGE_CURVE('',#1459,#1450,#1461,.T.);
#1459 = VERTEX_POINT('',#1460);
#1460 = CARTESIAN_POINT('',(30.455081675747,-40.9,194.1292883134));
#1461 = CIRCLE('',#1462,1.469292842572);
#1462 = AXIS2_PLACEMENT_3D('',#1463,#1464,#1465);
#1463 = CARTESIAN_POINT('',(30.257533381984,-40.9,195.58524027994));
#1464 = DIRECTION('',(0.,-1.,-0.));
#1465 = DIRECTION('',(0.38076312456,0.,-0.924672613943));
#1466 = ORIENTED_EDGE('',*,*,#1467,.F.);
#1467 = EDGE_CURVE('',#1468,#1459,#1470,.T.);
#1468 = VERTEX_POINT('',#1469);
#1469 = CARTESIAN_POINT('',(29.9660144819,-40.9,194.80243155691));
#1470 = CIRCLE('',#1471,0.471154273188);
#1471 = AXIS2_PLACEMENT_3D('',#1472,#1473,#1474);
#1472 = CARTESIAN_POINT('',(30.389465644211,-40.9,194.59585115542));
#1473 = DIRECTION('',(0.,-1.,-0.));
#1474 = DIRECTION('',(0.139266552953,0.,-0.990254930424));
#1475 = ORIENTED_EDGE('',*,*,#1476,.F.);
#1476 = EDGE_CURVE('',#1477,#1468,#1479,.T.);
#1477 = VERTEX_POINT('',#1478);
#1478 = CARTESIAN_POINT('',(30.170422138094,-40.9,195.11654412036));
#1479 = CIRCLE('',#1480,1.469292842573);
#1480 = AXIS2_PLACEMENT_3D('',#1481,#1482,#1483);
#1481 = CARTESIAN_POINT('',(31.289661307107,-40.9,194.16463806419));
#1482 = DIRECTION('',(-0.,-1.,0.));
#1483 = DIRECTION('',(-0.900873390827,0.,0.434081943531));
#1484 = ORIENTED_EDGE('',*,*,#1485,.T.);
#1485 = EDGE_CURVE('',#1477,#1486,#1488,.T.);
#1486 = VERTEX_POINT('',#1487);
#1487 = CARTESIAN_POINT('',(30.203606899406,-40.9,195.32606445736));
#1488 = CIRCLE('',#1489,0.15);
#1489 = AXIS2_PLACEMENT_3D('',#1490,#1491,#1492);
#1490 = CARTESIAN_POINT('',(30.08225435025,-40.9,195.23789666952));
#1491 = DIRECTION('',(0.,-1.,0.));
#1492 = DIRECTION('',(0.587785252293,0.,-0.809016994375));
#1493 = ORIENTED_EDGE('',*,*,#1494,.T.);
#1494 = EDGE_CURVE('',#1486,#1495,#1497,.T.);
#1495 = VERTEX_POINT('',#1496);
#1496 = CARTESIAN_POINT('',(29.849008831098,-40.9,195.77586996267));
#1497 = LINE('',#1498,#1499);
#1498 = CARTESIAN_POINT('',(30.114957382329,-40.9,195.43851583369));
#1499 = VECTOR('',#1500,1.);
#1500 = DIRECTION('',(-0.61909394931,0.,0.785316930881));
#1501 = ORIENTED_EDGE('',*,*,#1502,.T.);
#1502 = EDGE_CURVE('',#1495,#1503,#1505,.T.);
#1503 = VERTEX_POINT('',#1504);
#1504 = CARTESIAN_POINT('',(29.637530729009,-40.9,195.79251365026));
#1505 = CIRCLE('',#1506,0.15);
#1506 = AXIS2_PLACEMENT_3D('',#1507,#1508,#1509);
#1507 = CARTESIAN_POINT('',(29.734947936258,-40.9,195.67845275542));
#1508 = DIRECTION('',(0.,-1.,0.));
#1509 = DIRECTION('',(0.7604059656,0.,0.64944804833));
#1510 = ORIENTED_EDGE('',*,*,#1511,.F.);
#1511 = EDGE_CURVE('',#1512,#1503,#1514,.T.);
#1512 = VERTEX_POINT('',#1513);
#1513 = CARTESIAN_POINT('',(29.284379101011,-40.9,195.66708191554));
#1514 = CIRCLE('',#1515,1.469292842573);
#1515 = AXIS2_PLACEMENT_3D('',#1516,#1517,#1518);
#1516 = CARTESIAN_POINT('',(28.973207107992,-40.9,197.10304620758));
#1517 = DIRECTION('',(0.,-1.,-0.));
#1518 = DIRECTION('',(0.452138336054,0.,-0.891947826428));
#1519 = ORIENTED_EDGE('',*,*,#1520,.F.);
#1520 = EDGE_CURVE('',#1521,#1512,#1523,.T.);
#1521 = VERTEX_POINT('',#1522);
#1522 = CARTESIAN_POINT('',(28.744005327924,-40.9,196.2997783133));
#1523 = CIRCLE('',#1524,0.471154273188);
#1524 = AXIS2_PLACEMENT_3D('',#1525,#1526,#1527);
#1525 = CARTESIAN_POINT('',(29.182359243117,-40.9,196.12705832552));
#1526 = DIRECTION('',(0.,-1.,-0.));
#1527 = DIRECTION('',(0.216531747029,0.,-0.976275577144));
#1528 = ORIENTED_EDGE('',*,*,#1529,.F.);
#1529 = EDGE_CURVE('',#1530,#1521,#1532,.T.);
#1530 = VERTEX_POINT('',#1531);
#1531 = CARTESIAN_POINT('',(28.923137875846,-40.9,196.62896021242));
#1532 = CIRCLE('',#1533,1.469292842571);
#1533 = AXIS2_PLACEMENT_3D('',#1534,#1535,#1536);
#1534 = CARTESIAN_POINT('',(30.113612492412,-40.9,195.76780305804));
#1535 = DIRECTION('',(-0.,-1.,0.));
#1536 = DIRECTION('',(-0.932153975576,0.,0.362062102157));
#1537 = ORIENTED_EDGE('',*,*,#1538,.T.);
#1538 = EDGE_CURVE('',#1530,#1539,#1541,.T.);
#1539 = VERTEX_POINT('',#1540);
#1540 = CARTESIAN_POINT('',(28.939781563436,-40.9,196.84043831451));
#1541 = CIRCLE('',#1542,0.15);
#1542 = AXIS2_PLACEMENT_3D('',#1543,#1544,#1545);
#1543 = CARTESIAN_POINT('',(28.825720668596,-40.9,196.74302110726));
#1544 = DIRECTION('',(0.,-1.,0.));
#1545 = DIRECTION('',(0.64944804833,0.,-0.7604059656));
#1546 = ORIENTED_EDGE('',*,*,#1547,.T.);
#1547 = EDGE_CURVE('',#1539,#1548,#1550,.T.);
#1548 = VERTEX_POINT('',#1549);
#1549 = CARTESIAN_POINT('',(28.550985269433,-40.9,197.26103577577));
#1550 = LINE('',#1551,#1552);
#1551 = CARTESIAN_POINT('',(28.842582489935,-40.9,196.94558767982));
#1552 = VECTOR('',#1553,1.);
#1553 = DIRECTION('',(-0.678800745533,0.,0.734322509436));
#1554 = ORIENTED_EDGE('',*,*,#1555,.T.);
#1555 = EDGE_CURVE('',#1548,#1556,#1558,.T.);
#1556 = VERTEX_POINT('',#1557);
#1557 = CARTESIAN_POINT('',(28.338853235077,-40.9,197.26103577577));
#1558 = CIRCLE('',#1559,0.15);
#1559 = AXIS2_PLACEMENT_3D('',#1560,#1561,#1562);
#1560 = CARTESIAN_POINT('',(28.444919252255,-40.9,197.15496975859));
#1561 = DIRECTION('',(0.,-1.,0.));
#1562 = DIRECTION('',(0.707106781187,0.,0.707106781186));
#1563 = ORIENTED_EDGE('',*,*,#1564,.F.);
#1564 = EDGE_CURVE('',#1565,#1556,#1567,.T.);
#1565 = VERTEX_POINT('',#1566);
#1566 = CARTESIAN_POINT('',(27.996631516171,-40.9,197.10828274784));
#1567 = CIRCLE('',#1568,1.469292842571);
#1568 = AXIS2_PLACEMENT_3D('',#1569,#1570,#1571);
#1569 = CARTESIAN_POINT('',(27.573754302708,-40.9,198.515406168));
#1570 = DIRECTION('',(0.,-1.,-0.));
#1571 = DIRECTION('',(0.520725964356,0.,-0.853723883961));
#1572 = ORIENTED_EDGE('',*,*,#1573,.F.);
#1573 = EDGE_CURVE('',#1574,#1565,#1576,.T.);
#1574 = VERTEX_POINT('',#1575);
#1575 = CARTESIAN_POINT('',(27.408282747847,-40.9,197.69663151617));
#1576 = CIRCLE('',#1577,0.471154273188);
#1577 = AXIS2_PLACEMENT_3D('',#1578,#1579,#1580);
#1578 = CARTESIAN_POINT('',(27.858836818268,-40.9,197.55883681826));
#1579 = DIRECTION('',(0.,-1.,-0.));
#1580 = DIRECTION('',(0.29246195088,0.,-0.956277160287));
#1581 = ORIENTED_EDGE('',*,*,#1582,.F.);
#1582 = EDGE_CURVE('',#1583,#1574,#1585,.T.);
#1583 = VERTEX_POINT('',#1584);
#1584 = CARTESIAN_POINT('',(27.561035775772,-40.9,198.03885323507));
#1585 = CIRCLE('',#1586,1.469292842572);
#1586 = AXIS2_PLACEMENT_3D('',#1587,#1588,#1589);
#1587 = CARTESIAN_POINT('',(28.815406168008,-40.9,197.2737543027));
#1588 = DIRECTION('',(-0.,-1.,0.));
#1589 = DIRECTION('',(-0.957687521092,0.,0.287810027525));
#1590 = ORIENTED_EDGE('',*,*,#1591,.T.);
#1591 = EDGE_CURVE('',#1583,#1592,#1594,.T.);
#1592 = VERTEX_POINT('',#1593);
#1593 = CARTESIAN_POINT('',(27.561035775772,-40.9,198.25098526943));
#1594 = CIRCLE('',#1595,0.15);
#1595 = AXIS2_PLACEMENT_3D('',#1596,#1597,#1598);
#1596 = CARTESIAN_POINT('',(27.454969758593,-40.9,198.14491925225));
#1597 = DIRECTION('',(0.,-1.,0.));
#1598 = DIRECTION('',(0.707106781187,0.,-0.707106781186));
#1599 = ORIENTED_EDGE('',*,*,#1600,.T.);
#1600 = EDGE_CURVE('',#1592,#1601,#1603,.T.);
#1601 = VERTEX_POINT('',#1602);
#1602 = CARTESIAN_POINT('',(27.140438314512,-40.9,198.63978156343));
#1603 = LINE('',#1604,#1605);
#1604 = CARTESIAN_POINT('',(27.455886410457,-40.9,198.34818434293));
#1605 = VECTOR('',#1606,1.);
#1606 = DIRECTION('',(-0.734322509436,0.,0.678800745533));
#1607 = ORIENTED_EDGE('',*,*,#1608,.T.);
#1608 = EDGE_CURVE('',#1601,#1609,#1611,.T.);
#1609 = VERTEX_POINT('',#1610);
#1610 = CARTESIAN_POINT('',(26.928960212423,-40.9,198.62313787584));
#1611 = CIRCLE('',#1612,0.15);
#1612 = AXIS2_PLACEMENT_3D('',#1613,#1614,#1615);
#1613 = CARTESIAN_POINT('',(27.043021107263,-40.9,198.52572066859));
#1614 = DIRECTION('',(0.,-1.,0.));
#1615 = DIRECTION('',(0.64944804833,0.,0.7604059656));
#1616 = ORIENTED_EDGE('',*,*,#1617,.F.);
#1617 = EDGE_CURVE('',#1618,#1609,#1620,.T.);
#1618 = VERTEX_POINT('',#1619);
#1619 = CARTESIAN_POINT('',(26.599778313306,-40.9,198.44400532792));
#1620 = CIRCLE('',#1621,1.469292842572);
#1621 = AXIS2_PLACEMENT_3D('',#1622,#1623,#1624);
#1622 = CARTESIAN_POINT('',(26.06780305804,-40.9,199.81361249241));
#1623 = DIRECTION('',(0.,-1.,-0.));
#1624 = DIRECTION('',(0.586103143928,0.,-0.810236449857));
#1625 = ORIENTED_EDGE('',*,*,#1626,.F.);
#1626 = EDGE_CURVE('',#1627,#1618,#1629,.T.);
#1627 = VERTEX_POINT('',#1628);
#1628 = CARTESIAN_POINT('',(25.967081915548,-40.9,198.98437910101));
#1629 = CIRCLE('',#1630,0.471154273188);
#1630 = AXIS2_PLACEMENT_3D('',#1631,#1632,#1633);
#1631 = CARTESIAN_POINT('',(26.427058325529,-40.9,198.88235924311));
#1632 = DIRECTION('',(0.,-1.,-0.));
#1633 = DIRECTION('',(0.366589029551,0.,-0.930382976743));
#1634 = ORIENTED_EDGE('',*,*,#1635,.F.);
#1635 = EDGE_CURVE('',#1636,#1627,#1638,.T.);
#1636 = VERTEX_POINT('',#1637);
#1637 = CARTESIAN_POINT('',(26.092513650263,-40.9,199.337530729));
#1638 = CIRCLE('',#1639,1.469292842572);
#1639 = AXIS2_PLACEMENT_3D('',#1640,#1641,#1642);
#1640 = CARTESIAN_POINT('',(27.403046207582,-40.9,198.67320710799));
#1641 = DIRECTION('',(-0.,-1.,0.));
#1642 = DIRECTION('',(-0.977316604578,0.,0.211783508367));
#1643 = ORIENTED_EDGE('',*,*,#1644,.T.);
#1644 = EDGE_CURVE('',#1636,#1645,#1647,.T.);
#1645 = VERTEX_POINT('',#1646);
#1646 = CARTESIAN_POINT('',(26.075869962672,-40.9,199.54900883109));
#1647 = CIRCLE('',#1648,0.15);
#1648 = AXIS2_PLACEMENT_3D('',#1649,#1650,#1651);
#1649 = CARTESIAN_POINT('',(25.978452755423,-40.9,199.43494793625));
#1650 = DIRECTION('',(0.,-1.,0.));
#1651 = DIRECTION('',(0.7604059656,0.,-0.64944804833));
#1652 = ORIENTED_EDGE('',*,*,#1653,.T.);
#1653 = EDGE_CURVE('',#1645,#1654,#1656,.T.);
#1654 = VERTEX_POINT('',#1655);
#1655 = CARTESIAN_POINT('',(25.626064457369,-40.9,199.9036068994));
#1656 = LINE('',#1657,#1658);
#1657 = CARTESIAN_POINT('',(25.963418586346,-40.9,199.63765834817));
#1658 = VECTOR('',#1659,1.);
#1659 = DIRECTION('',(-0.785316930881,0.,0.61909394931));
#1660 = ORIENTED_EDGE('',*,*,#1661,.T.);
#1661 = EDGE_CURVE('',#1654,#1662,#1664,.T.);
#1662 = VERTEX_POINT('',#1663);
#1663 = CARTESIAN_POINT('',(25.416544120369,-40.9,199.87042213809));
#1664 = CIRCLE('',#1665,0.15);
#1665 = AXIS2_PLACEMENT_3D('',#1666,#1667,#1668);
#1666 = CARTESIAN_POINT('',(25.537896669525,-40.9,199.78225435025));
#1667 = DIRECTION('',(0.,-1.,0.));
#1668 = DIRECTION('',(0.587785252292,0.,0.809016994375));
#1669 = ORIENTED_EDGE('',*,*,#1670,.F.);
#1670 = EDGE_CURVE('',#1671,#1662,#1673,.T.);
#1671 = VERTEX_POINT('',#1672);
#1672 = CARTESIAN_POINT('',(25.102431556914,-40.9,199.6660144819));
#1673 = CIRCLE('',#1674,1.469292842572);
#1674 = AXIS2_PLACEMENT_3D('',#1675,#1676,#1677);
#1675 = CARTESIAN_POINT('',(24.464638064194,-40.9,200.9896613071));
#1676 = DIRECTION('',(0.,-1.,-0.));
#1677 = DIRECTION('',(0.647866802719,0.,-0.761753638609));
#1678 = ORIENTED_EDGE('',*,*,#1679,.F.);
#1679 = EDGE_CURVE('',#1680,#1671,#1682,.T.);
#1680 = VERTEX_POINT('',#1681);
#1681 = CARTESIAN_POINT('',(24.429288313407,-40.9,200.15508167574));
#1682 = CIRCLE('',#1683,0.471154273188);
#1683 = AXIS2_PLACEMENT_3D('',#1684,#1685,#1686);
#1684 = CARTESIAN_POINT('',(24.895851155422,-40.9,200.08946564421));
#1685 = DIRECTION('',(0.,-1.,-0.));
#1686 = DIRECTION('',(0.438455964952,0.,-0.898752672763));
#1687 = ORIENTED_EDGE('',*,*,#1688,.F.);
#1688 = EDGE_CURVE('',#1689,#1680,#1691,.T.);
#1689 = VERTEX_POINT('',#1690);
#1690 = CARTESIAN_POINT('',(24.526625426557,-40.9,200.51698591561));
#1691 = CIRCLE('',#1692,1.469292842572);
#1692 = AXIS2_PLACEMENT_3D('',#1693,#1694,#1695);
#1693 = CARTESIAN_POINT('',(25.885240279944,-40.9,199.95753338198));
#1694 = DIRECTION('',(-0.,-1.,0.));
#1695 = DIRECTION('',(-0.990920206205,0.,0.134451273455));
#1696 = ORIENTED_EDGE('',*,*,#1697,.T.);
#1697 = EDGE_CURVE('',#1689,#1698,#1700,.T.);
#1698 = VERTEX_POINT('',#1699);
#1699 = CARTESIAN_POINT('',(24.493440665244,-40.9,200.72650625261));
#1700 = CIRCLE('',#1701,0.15);
#1701 = AXIS2_PLACEMENT_3D('',#1702,#1703,#1704);
#1702 = CARTESIAN_POINT('',(24.4052728774,-40.9,200.60515370345));
#1703 = DIRECTION('',(0.,-1.,0.));
#1704 = DIRECTION('',(0.809016994375,0.,-0.587785252292));
#1705 = ORIENTED_EDGE('',*,*,#1706,.T.);
#1706 = EDGE_CURVE('',#1698,#1707,#1709,.T.);
#1707 = VERTEX_POINT('',#1708);
#1708 = CARTESIAN_POINT('',(24.017200316413,-40.9,201.04471988022));
#1709 = LINE('',#1710,#1711);
#1710 = CARTESIAN_POINT('',(24.374380578036,-40.9,200.80605965951));
#1711 = VECTOR('',#1712,1.);
#1712 = DIRECTION('',(-0.831469612303,0.,0.55557023302));
#1713 = ORIENTED_EDGE('',*,*,#1714,.T.);
#1714 = EDGE_CURVE('',#1707,#1715,#1717,.T.);
#1715 = VERTEX_POINT('',#1716);
#1716 = CARTESIAN_POINT('',(23.810929507052,-40.9,200.99519864027));
#1717 = CIRCLE('',#1718,0.15);
#1718 = AXIS2_PLACEMENT_3D('',#1719,#1720,#1721);
#1719 = CARTESIAN_POINT('',(23.938825531705,-40.9,200.91682385556));
#1720 = DIRECTION('',(0.,-1.,0.));
#1721 = DIRECTION('',(0.522498564716,0.,0.852640164354));
#1722 = ORIENTED_EDGE('',*,*,#1723,.F.);
#1723 = EDGE_CURVE('',#1724,#1715,#1726,.T.);
#1724 = VERTEX_POINT('',#1725);
#1725 = CARTESIAN_POINT('',(23.513822887665,-40.9,200.76677611698));
#1726 = CIRCLE('',#1727,1.469292842571);
#1727 = AXIS2_PLACEMENT_3D('',#1728,#1729,#1730);
#1728 = CARTESIAN_POINT('',(22.774143366462,-40.9,202.03630188006));
#1729 = DIRECTION('',(0.,-1.,-0.));
#1730 = DIRECTION('',(0.705636147233,0.,-0.708574362871));
#1731 = ORIENTED_EDGE('',*,*,#1732,.F.);
#1732 = EDGE_CURVE('',#1733,#1724,#1735,.T.);
#1733 = VERTEX_POINT('',#1734);
#1734 = CARTESIAN_POINT('',(22.804382950349,-40.9,201.2015214697));
#1735 = CIRCLE('',#1736,0.471154273188);
#1736 = AXIS2_PLACEMENT_3D('',#1737,#1738,#1739);
#1737 = CARTESIAN_POINT('',(23.274655709328,-40.9,201.17271380918));
#1738 = DIRECTION('',(0.,-1.,-0.));
#1739 = DIRECTION('',(0.507619673527,0.,-0.861581259689));
#1740 = ORIENTED_EDGE('',*,*,#1741,.F.);
#1741 = EDGE_CURVE('',#1742,#1733,#1744,.T.);
#1742 = VERTEX_POINT('',#1743);
#1743 = CARTESIAN_POINT('',(22.873025326263,-40.9,201.56994706146));
#1744 = CIRCLE('',#1745,1.469292842572);
#1745 = AXIS2_PLACEMENT_3D('',#1746,#1747,#1748);
#1746 = CARTESIAN_POINT('',(24.271346163364,-40.9,201.11881482612));
#1747 = DIRECTION('',(-0.,-1.,0.));
#1748 = DIRECTION('',(-0.998414455247,0.,5.629010173276E-02));
#1749 = ORIENTED_EDGE('',*,*,#1750,.T.);
#1750 = EDGE_CURVE('',#1742,#1751,#1753,.T.);
#1751 = VERTEX_POINT('',#1752);
#1752 = CARTESIAN_POINT('',(22.823504086317,-40.9,201.77621787082));
#1753 = CIRCLE('',#1754,0.15);
#1754 = AXIS2_PLACEMENT_3D('',#1755,#1756,#1757);
#1755 = CARTESIAN_POINT('',(22.74512930161,-40.9,201.64832184616));
#1756 = DIRECTION('',(0.,-1.,0.));
#1757 = DIRECTION('',(0.852640164354,0.,-0.522498564716));
#1758 = ORIENTED_EDGE('',*,*,#1759,.T.);
#1759 = EDGE_CURVE('',#1751,#1760,#1762,.T.);
#1760 = VERTEX_POINT('',#1761);
#1761 = CARTESIAN_POINT('',(22.323765074073,-40.9,202.05608516489));
#1762 = LINE('',#1763,#1764);
#1763 = CARTESIAN_POINT('',(22.698569333256,-40.9,201.84618469434));
#1764 = VECTOR('',#1765,1.);
#1765 = DIRECTION('',(-0.872496007073,0.,0.488621241497));
#1766 = ORIENTED_EDGE('',*,*,#1767,.T.);
#1767 = EDGE_CURVE('',#1760,#1768,#1770,.T.);
#1768 = VERTEX_POINT('',#1769);
#1769 = CARTESIAN_POINT('',(22.122015520484,-40.9,201.99053276122));
#1770 = CIRCLE('',#1771,0.15);
#1771 = AXIS2_PLACEMENT_3D('',#1772,#1773,#1774);
#1772 = CARTESIAN_POINT('',(22.255666499113,-40.9,201.92243418626));
#1773 = DIRECTION('',(0.,-1.,0.));
#1774 = DIRECTION('',(0.453990499739,0.,0.891006524188));
#1775 = ORIENTED_EDGE('',*,*,#1776,.F.);
#1776 = EDGE_CURVE('',#1777,#1768,#1779,.T.);
#1777 = VERTEX_POINT('',#1778);
#1778 = CARTESIAN_POINT('',(21.843746606272,-40.9,201.73950367164));
#1779 = CIRCLE('',#1780,1.469292842573);
#1780 = AXIS2_PLACEMENT_3D('',#1781,#1782,#1783);
#1781 = CARTESIAN_POINT('',(21.006741426801,-40.9,202.94708132413));
#1782 = DIRECTION('',(0.,-1.,-0.));
#1783 = DIRECTION('',(0.759055010252,0.,-0.65102649056));
#1784 = ORIENTED_EDGE('',*,*,#1785,.F.);
#1785 = EDGE_CURVE('',#1786,#1777,#1788,.T.);
#1786 = VERTEX_POINT('',#1787);
#1787 = CARTESIAN_POINT('',(21.102383908272,-40.9,202.11724683358));
#1788 = CIRCLE('',#1789,0.471154273188);
#1789 = AXIS2_PLACEMENT_3D('',#1790,#1791,#1792);
#1790 = CARTESIAN_POINT('',(21.573467196276,-40.9,202.12542515287));
#1791 = DIRECTION('',(0.,-1.,-0.));
#1792 = DIRECTION('',(0.573653738015,0.,-0.819097911645));
#1793 = ORIENTED_EDGE('',*,*,#1794,.F.);
#1794 = EDGE_CURVE('',#1795,#1786,#1797,.T.);
#1795 = VERTEX_POINT('',#1796);
#1796 = CARTESIAN_POINT('',(21.141908343877,-40.9,202.48992231093));
#1797 = CIRCLE('',#1798,1.469292842572);
#1798 = AXIS2_PLACEMENT_3D('',#1799,#1800,#1801);
#1799 = CARTESIAN_POINT('',(22.571314051742,-40.9,202.14989175414));
#1800 = DIRECTION('',(0.,-1.,-0.));
#1801 = DIRECTION('',(-0.999753147166,0.,-2.22181171853E-02));
#1802 = ORIENTED_EDGE('',*,*,#1803,.T.);
#1803 = EDGE_CURVE('',#1795,#1804,#1806,.T.);
#1804 = VERTEX_POINT('',#1805);
#1805 = CARTESIAN_POINT('',(21.07635594021,-40.9,202.69167186452));
#1806 = CIRCLE('',#1807,0.15);
#1807 = AXIS2_PLACEMENT_3D('',#1808,#1809,#1810);
#1808 = CARTESIAN_POINT('',(21.008257365249,-40.9,202.5580208859));
#1809 = DIRECTION('',(0.,-1.,0.));
#1810 = DIRECTION('',(0.891006524188,0.,-0.45399049974));
#1811 = ORIENTED_EDGE('',*,*,#1812,.T.);
#1812 = EDGE_CURVE('',#1804,#1813,#1815,.T.);
#1813 = VERTEX_POINT('',#1814);
#1814 = CARTESIAN_POINT('',(20.556199321745,-40.9,202.93146735013));
#1815 = LINE('',#1816,#1817);
#1816 = CARTESIAN_POINT('',(20.946316785594,-40.9,202.75162073592));
#1817 = VECTOR('',#1818,1.);
#1818 = DIRECTION('',(-0.908143173825,0.,0.418659737537));
#1819 = ORIENTED_EDGE('',*,*,#1820,.T.);
#1820 = EDGE_CURVE('',#1813,#1821,#1823,.T.);
#1821 = VERTEX_POINT('',#1822);
#1822 = CARTESIAN_POINT('',(20.360214877014,-40.9,202.85028793511));
#1823 = CIRCLE('',#1824,0.15);
#1824 = AXIS2_PLACEMENT_3D('',#1825,#1826,#1827);
#1825 = CARTESIAN_POINT('',(20.49879680689,-40.9,202.79288542025));
#1826 = DIRECTION('',(0.,-1.,0.));
#1827 = DIRECTION('',(0.382683432365,0.,0.923879532511));
#1828 = ORIENTED_EDGE('',*,*,#1829,.F.);
#1829 = EDGE_CURVE('',#1830,#1821,#1832,.T.);
#1830 = VERTEX_POINT('',#1831);
#1831 = CARTESIAN_POINT('',(20.102499288366,-40.9,202.57819995706));
#1832 = CIRCLE('',#1833,1.469292842571);
#1833 = AXIS2_PLACEMENT_3D('',#1834,#1835,#1836);
#1834 = CARTESIAN_POINT('',(19.173328865894,-40.9,203.71638438114));
#1835 = DIRECTION('',(0.,-1.,-0.));
#1836 = DIRECTION('',(0.807794046722,0.,-0.589464823446));
#1837 = ORIENTED_EDGE('',*,*,#1838,.F.);
#1838 = EDGE_CURVE('',#1839,#1830,#1841,.T.);
#1839 = VERTEX_POINT('',#1840);
#1840 = CARTESIAN_POINT('',(19.333784577243,-40.9,202.896612016));
#1841 = CIRCLE('',#1842,0.471154273188);
#1842 = AXIS2_PLACEMENT_3D('',#1843,#1844,#1845);
#1843 = CARTESIAN_POINT('',(19.80277400915,-40.9,202.94172589305));
#1844 = DIRECTION('',(0.,-1.,-0.));
#1845 = DIRECTION('',(0.636151036448,0.,-0.771564552598));
#1846 = ORIENTED_EDGE('',*,*,#1847,.F.);
#1847 = EDGE_CURVE('',#1848,#1839,#1850,.T.);
#1848 = VERTEX_POINT('',#1849);
#1849 = CARTESIAN_POINT('',(19.343947391251,-40.9,203.27123971071));
#1850 = CIRCLE('',#1851,1.469292842573);
#1851 = AXIS2_PLACEMENT_3D('',#1852,#1853,#1854);
#1852 = CARTESIAN_POINT('',(20.795625208365,-40.9,203.0444072339));
#1853 = DIRECTION('',(0.,-1.,-0.));
#1854 = DIRECTION('',(-0.994928028481,0.,-0.100589354023));
#1855 = ORIENTED_EDGE('',*,*,#1856,.T.);
#1856 = EDGE_CURVE('',#1848,#1857,#1859,.T.);
#1857 = VERTEX_POINT('',#1858);
#1858 = CARTESIAN_POINT('',(19.262767976229,-40.9,203.46722415544));
#1859 = CIRCLE('',#1860,0.15);
#1860 = AXIS2_PLACEMENT_3D('',#1861,#1862,#1863);
#1861 = CARTESIAN_POINT('',(19.205365461374,-40.9,203.32864222556));
#1862 = DIRECTION('',(0.,-1.,0.));
#1863 = DIRECTION('',(0.923879532511,0.,-0.382683432365));
#1864 = ORIENTED_EDGE('',*,*,#1865,.T.);
#1865 = EDGE_CURVE('',#1857,#1866,#1868,.T.);
#1866 = VERTEX_POINT('',#1867);
#1867 = CARTESIAN_POINT('',(18.725400690066,-40.9,203.66546941367));
#1868 = LINE('',#1869,#1870);
#1869 = CARTESIAN_POINT('',(19.128426154688,-40.9,203.51678547));
#1870 = VECTOR('',#1871,1.);
#1871 = DIRECTION('',(-0.938191335922,0.,0.346117057077));
#1872 = ORIENTED_EDGE('',*,*,#1873,.T.);
#1873 = EDGE_CURVE('',#1866,#1874,#1876,.T.);
#1874 = VERTEX_POINT('',#1875);
#1875 = CARTESIAN_POINT('',(18.536389663465,-40.9,203.56916348538));
#1876 = CIRCLE('',#1877,0.15);
#1877 = AXIS2_PLACEMENT_3D('',#1878,#1879,#1880);
#1878 = CARTESIAN_POINT('',(18.679048140909,-40.9,203.52281093622));
#1879 = DIRECTION('',(0.,-1.,0.));
#1880 = DIRECTION('',(0.309016994375,0.,0.951056516295));
#1881 = ORIENTED_EDGE('',*,*,#1882,.F.);
#1882 = EDGE_CURVE('',#1883,#1874,#1885,.T.);
#1883 = VERTEX_POINT('',#1884);
#1884 = CARTESIAN_POINT('',(18.300816302685,-40.9,203.27769413172));
#1885 = CIRCLE('',#1886,1.469292842573);
#1886 = AXIS2_PLACEMENT_3D('',#1887,#1888,#1889);
#1887 = CARTESIAN_POINT('',(17.285209281843,-40.9,204.33946804195));
#1888 = DIRECTION('',(0.,-1.,-0.));
#1889 = DIRECTION('',(0.851552764274,0.,-0.52426890968));
#1890 = ORIENTED_EDGE('',*,*,#1891,.F.);
#1891 = EDGE_CURVE('',#1892,#1883,#1894,.T.);
#1892 = VERTEX_POINT('',#1893);
#1893 = CARTESIAN_POINT('',(17.509488960258,-40.9,203.53481197144));
#1894 = CIRCLE('',#1895,0.471154273188);
#1895 = AXIS2_PLACEMENT_3D('',#1896,#1897,#1898);
#1896 = CARTESIAN_POINT('',(17.973493060265,-40.9,203.6165832642));
#1897 = DIRECTION('',(0.,-1.,-0.));
#1898 = DIRECTION('',(0.6947262522,0.,-0.719274241513));
#1899 = ORIENTED_EDGE('',*,*,#1900,.F.);
#1900 = EDGE_CURVE('',#1901,#1892,#1903,.T.);
#1901 = VERTEX_POINT('',#1902);
#1902 = CARTESIAN_POINT('',(17.49022749554,-40.9,203.90908217919));
#1903 = CIRCLE('',#1904,1.469292842572);
#1904 = AXIS2_PLACEMENT_3D('',#1905,#1906,#1907);
#1905 = CARTESIAN_POINT('',(18.955227345429,-40.9,203.79684628003));
#1906 = DIRECTION('',(0.,-1.,-0.));
#1907 = DIRECTION('',(-0.983968847653,0.,-0.178340424043));
#1908 = ORIENTED_EDGE('',*,*,#1909,.T.);
#1909 = EDGE_CURVE('',#1901,#1910,#1912,.T.);
#1910 = VERTEX_POINT('',#1911);
#1911 = CARTESIAN_POINT('',(17.393921567252,-40.9,204.09809320579));
#1912 = CIRCLE('',#1913,0.15);
#1913 = AXIS2_PLACEMENT_3D('',#1914,#1915,#1916);
#1914 = CARTESIAN_POINT('',(17.347569018096,-40.9,203.95543472835));
#1915 = DIRECTION('',(0.,-1.,0.));
#1916 = DIRECTION('',(0.951056516295,0.,-0.309016994375));
#1917 = ORIENTED_EDGE('',*,*,#1918,.T.);
#1918 = EDGE_CURVE('',#1910,#1919,#1921,.T.);
#1919 = VERTEX_POINT('',#1920);
#1920 = CARTESIAN_POINT('',(16.842656661402,-40.9,204.2535659887));
#1921 = LINE('',#1922,#1923);
#1922 = CARTESIAN_POINT('',(17.256105340789,-40.9,204.13696140152));
#1923 = VECTOR('',#1924,1.);
#1924 = DIRECTION('',(-0.962455236454,0.,0.271440449865));
#1925 = ORIENTED_EDGE('',*,*,#1926,.T.);
#1926 = EDGE_CURVE('',#1919,#1927,#1929,.T.);
#1927 = VERTEX_POINT('',#1928);
#1928 = CARTESIAN_POINT('',(16.661784368764,-40.9,204.14272730522));
#1929 = CIRCLE('',#1930,0.15);
#1930 = AXIS2_PLACEMENT_3D('',#1931,#1932,#1933);
#1931 = CARTESIAN_POINT('',(16.807639856824,-40.9,204.10771050064));
#1932 = DIRECTION('',(0.,-1.,0.));
#1933 = DIRECTION('',(0.233445363856,0.,0.972369920398));
#1934 = ORIENTED_EDGE('',*,*,#1935,.F.);
#1935 = EDGE_CURVE('',#1936,#1927,#1938,.T.);
#1936 = VERTEX_POINT('',#1937);
#1937 = CARTESIAN_POINT('',(16.449805623957,-40.9,203.83367358144));
#1938 = CIRCLE('',#1939,1.469292842574);
#1939 = AXIS2_PLACEMENT_3D('',#1940,#1941,#1942);
#1940 = CARTESIAN_POINT('',(15.354023559754,-40.9,204.81249078859));
#1941 = DIRECTION('',(0.,-1.,-0.));
#1942 = DIRECTION('',(0.890061375865,0.,-0.455840703748));
#1943 = ORIENTED_EDGE('',*,*,#1944,.F.);
#1944 = EDGE_CURVE('',#1945,#1936,#1947,.T.);
#1945 = VERTEX_POINT('',#1946);
#1946 = CARTESIAN_POINT('',(15.640744446434,-40.9,204.02791198496));
#1947 = CIRCLE('',#1948,0.471154273188);
#1948 = AXIS2_PLACEMENT_3D('',#1949,#1950,#1951);
#1949 = CARTESIAN_POINT('',(16.096902474968,-40.9,204.14583654622));
#1950 = DIRECTION('',(0.,-1.,-0.));
#1951 = DIRECTION('',(0.749018249587,0.,-0.662549365546));
#1952 = ORIENTED_EDGE('',*,*,#1953,.F.);
#1953 = EDGE_CURVE('',#1954,#1945,#1956,.T.);
#1954 = VERTEX_POINT('',#1955);
#1955 = CARTESIAN_POINT('',(15.592177456326,-40.9,204.39951720546));
#1956 = CIRCLE('',#1957,1.469292842572);
#1957 = AXIS2_PLACEMENT_3D('',#1958,#1959,#1960);
#1958 = CARTESIAN_POINT('',(17.061467127753,-40.9,204.40256985559));
#1959 = DIRECTION('',(0.,-1.,-0.));
#1960 = DIRECTION('',(-0.966943171677,0.,-0.254991966045));
#1961 = ORIENTED_EDGE('',*,*,#1962,.T.);
#1962 = EDGE_CURVE('',#1954,#1963,#1965,.T.);
#1963 = VERTEX_POINT('',#1964);
#1964 = CARTESIAN_POINT('',(15.481338772845,-40.9,204.5803894981));
#1965 = CIRCLE('',#1966,0.15);
#1966 = AXIS2_PLACEMENT_3D('',#1967,#1968,#1969);
#1967 = CARTESIAN_POINT('',(15.446321968267,-40.9,204.43453401004));
#1968 = DIRECTION('',(0.,-1.,0.));
#1969 = DIRECTION('',(0.972369920398,0.,-0.233445363856));
#1970 = ORIENTED_EDGE('',*,*,#1971,.T.);
#1971 = EDGE_CURVE('',#1963,#1972,#1974,.T.);
#1972 = VERTEX_POINT('',#1973);
#1973 = CARTESIAN_POINT('',(14.919574978767,-40.9,204.69213126429));
#1974 = LINE('',#1975,#1976);
#1975 = CARTESIAN_POINT('',(15.340897824325,-40.9,204.60832493965));
#1976 = VECTOR('',#1977,1.);
#1977 = DIRECTION('',(-0.980785280403,0.,0.195090322016));
#1978 = ORIENTED_EDGE('',*,*,#1979,.T.);
#1979 = EDGE_CURVE('',#1972,#1980,#1982,.T.);
#1980 = VERTEX_POINT('',#1981);
#1981 = CARTESIAN_POINT('',(14.747956557921,-40.9,204.56744318296));
#1982 = CIRCLE('',#1983,0.15);
#1983 = AXIS2_PLACEMENT_3D('',#1984,#1985,#1986);
#1984 = CARTESIAN_POINT('',(14.896109809011,-40.9,204.5439780132));
#1985 = DIRECTION('',(0.,-1.,0.));
#1986 = DIRECTION('',(0.15643446504,0.,0.987688340595));
#1987 = ORIENTED_EDGE('',*,*,#1988,.F.);
#1988 = EDGE_CURVE('',#1989,#1980,#1991,.T.);
#1989 = VERTEX_POINT('',#1990);
#1990 = CARTESIAN_POINT('',(14.560879348539,-40.9,204.24271050803));
#1991 = CIRCLE('',#1992,1.469292842572);
#1992 = AXIS2_PLACEMENT_3D('',#1993,#1994,#1995);
#1993 = CARTESIAN_POINT('',(13.391678101787,-40.9,205.13253627852));
#1994 = DIRECTION('',(0.,-1.,-0.));
#1995 = DIRECTION('',(0.923082463098,0.,-0.384602088294));
#1996 = ORIENTED_EDGE('',*,*,#1997,.F.);
#1997 = EDGE_CURVE('',#1998,#1989,#2000,.T.);
#1998 = VERTEX_POINT('',#1999);
#1999 = CARTESIAN_POINT('',(13.739072467121,-40.9,204.372871931));
#2000 = CIRCLE('',#2001,0.471154273188);
#2001 = AXIS2_PLACEMENT_3D('',#2002,#2003,#2004);
#2002 = CARTESIAN_POINT('',(14.184572058247,-40.9,204.52622271662));
#2003 = DIRECTION('',(0.,-1.,-0.));
#2004 = DIRECTION('',(0.798692300391,0.,-0.601739652421));
#2005 = ORIENTED_EDGE('',*,*,#2006,.F.);
#2006 = EDGE_CURVE('',#2007,#1998,#2009,.T.);
#2007 = VERTEX_POINT('',#2008);
#2008 = CARTESIAN_POINT('',(13.661499383267,-40.9,204.7395210945));
#2009 = CIRCLE('',#2010,1.469292842572);
#2010 = AXIS2_PLACEMENT_3D('',#2011,#2012,#2013);
#2011 = CARTESIAN_POINT('',(15.126020216819,-40.9,204.8578434733));
#2012 = DIRECTION('',(0.,-1.,-0.));
#2013 = DIRECTION('',(-0.943955969506,0.,-0.330071397783));
#2014 = ORIENTED_EDGE('',*,*,#2015,.T.);
#2015 = EDGE_CURVE('',#2007,#2016,#2018,.T.);
#2016 = VERTEX_POINT('',#2017);
#2017 = CARTESIAN_POINT('',(13.536811301933,-40.9,204.91113951534));
#2018 = CIRCLE('',#2019,0.15);
#2019 = AXIS2_PLACEMENT_3D('',#2020,#2021,#2022);
#2020 = CARTESIAN_POINT('',(13.513346132177,-40.9,204.76298626426));
#2021 = DIRECTION('',(0.,-1.,0.));
#2022 = DIRECTION('',(0.987688340595,0.,-0.15643446504));
#2023 = ORIENTED_EDGE('',*,*,#2024,.T.);
#2024 = EDGE_CURVE('',#2016,#2025,#2027,.T.);
#2025 = VERTEX_POINT('',#2026);
#2026 = CARTESIAN_POINT('',(12.968012080223,-40.9,204.97846133966));
#2027 = LINE('',#2028,#2029);
#2028 = CARTESIAN_POINT('',(13.394611496506,-40.9,204.92796997142));
#2029 = VECTOR('',#2030,1.);
#2030 = DIRECTION('',(-0.993068456955,0.,0.117537397458));
#2031 = ORIENTED_EDGE('',*,*,#2032,.T.);
#2032 = EDGE_CURVE('',#2025,#2033,#2035,.T.);
#2033 = VERTEX_POINT('',#2034);
#2034 = CARTESIAN_POINT('',(12.806705615803,-40.9,204.84069260396));
#2035 = CIRCLE('',#2036,0.15);
#2036 = AXIS2_PLACEMENT_3D('',#2037,#2038,#2039);
#2037 = CARTESIAN_POINT('',(12.956243215863,-40.9,204.8289237396));
#2038 = DIRECTION('',(0.,-1.,0.));
#2039 = DIRECTION('',(7.845909572787E-02,0.,0.996917333733));
#2040 = ORIENTED_EDGE('',*,*,#2041,.F.);
#2041 = EDGE_CURVE('',#2042,#2033,#2044,.T.);
#2042 = VERTEX_POINT('',#2043);
#2043 = CARTESIAN_POINT('',(12.645683335052,-40.9,204.50228306283));
#2044 = CIRCLE('',#2045,1.469292842572);
#2045 = AXIS2_PLACEMENT_3D('',#2046,#2047,#2048);
#2046 = CARTESIAN_POINT('',(11.410271420235,-40.9,205.29763132488));
#2047 = DIRECTION('',(0.,-1.,-0.));
#2048 = DIRECTION('',(0.95041243999,0.,-0.310992273074));
#2049 = ORIENTED_EDGE('',*,*,#2050,.F.);
#2050 = EDGE_CURVE('',#2051,#2042,#2053,.T.);
#2051 = VERTEX_POINT('',#2052);
#2052 = CARTESIAN_POINT('',(11.816197462439,-40.9,204.56756501679));
#2053 = CIRCLE('',#2054,0.471154273188);
#2054 = AXIS2_PLACEMENT_3D('',#2055,#2056,#2057);
#2055 = CARTESIAN_POINT('',(12.248291963036,-40.9,204.75539656818));
#2056 = DIRECTION('',(0.,-1.,-0.));
#2057 = DIRECTION('',(0.843442147572,0.,-0.537220014239));
#2058 = ORIENTED_EDGE('',*,*,#2059,.F.);
#2059 = EDGE_CURVE('',#2060,#2051,#2062,.T.);
#2060 = VERTEX_POINT('',#2061);
#2061 = CARTESIAN_POINT('',(11.710096548697,-40.9,204.92699760926));
#2062 = CIRCLE('',#2063,1.469292842572);
#2063 = AXIS2_PLACEMENT_3D('',#2064,#2065,#2066);
#2064 = CARTESIAN_POINT('',(13.160819286433,-40.9,205.15986021994));
#2065 = DIRECTION('',(0.,-1.,-0.));
#2066 = DIRECTION('',(-0.915148964885,0.,-0.403115829594));
#2067 = ORIENTED_EDGE('',*,*,#2068,.T.);
#2068 = EDGE_CURVE('',#2060,#2069,#2071,.T.);
#2069 = VERTEX_POINT('',#2070);
#2070 = CARTESIAN_POINT('',(11.572327812996,-40.9,205.08830407368));
#2071 = CIRCLE('',#2072,0.15);
#2072 = AXIS2_PLACEMENT_3D('',#2073,#2074,#2075);
#2073 = CARTESIAN_POINT('',(11.560558948637,-40.9,204.93876647362));
#2074 = DIRECTION('',(0.,-1.,0.));
#2075 = DIRECTION('',(0.996917333733,0.,-7.845909572778E-02));
#2076 = ORIENTED_EDGE('',*,*,#2077,.T.);
#2077 = EDGE_CURVE('',#2069,#2078,#2080,.T.);
#2078 = VERTEX_POINT('',#2079);
#2079 = CARTESIAN_POINT('',(11.,-40.9,205.1107908947));
#2080 = LINE('',#2081,#2082);
#2081 = CARTESIAN_POINT('',(11.429245859747,-40.9,205.09392577894));
#2082 = VECTOR('',#2083,1.);
#2083 = DIRECTION('',(-0.999229036241,0.,3.925981575907E-02));
#2084 = ORIENTED_EDGE('',*,*,#2085,.T.);
#2085 = EDGE_CURVE('',#2078,#2086,#2088,.T.);
#2086 = VERTEX_POINT('',#2087);
#2087 = CARTESIAN_POINT('',(10.85,-40.9,204.9607908947));
#2088 = CIRCLE('',#2089,0.15);
#2089 = AXIS2_PLACEMENT_3D('',#2090,#2091,#2092);
#2090 = CARTESIAN_POINT('',(11.,-40.9,204.9607908947));
#2091 = DIRECTION('',(0.,-1.,0.));
#2092 = DIRECTION('',(3.5527136788E-14,0.,1.));
#2093 = ORIENTED_EDGE('',*,*,#2094,.F.);
#2094 = EDGE_CURVE('',#2095,#2086,#2097,.T.);
#2095 = VERTEX_POINT('',#2096);
#2096 = CARTESIAN_POINT('',(10.716025403784,-40.9,204.6107908947));
#2097 = CIRCLE('',#2098,1.469292842572);
#2098 = AXIS2_PLACEMENT_3D('',#2099,#2100,#2101);
#2099 = CARTESIAN_POINT('',(9.422019546173,-40.9,205.30675806181));
#2100 = DIRECTION('',(0.,-1.,-0.));
#2101 = DIRECTION('',(0.971882808146,0.,-0.235465087074));
#2102 = ORIENTED_EDGE('',*,*,#2103,.F.);
#2103 = EDGE_CURVE('',#2104,#2095,#2106,.T.);
#2104 = VERTEX_POINT('',#2105);
#2105 = CARTESIAN_POINT('',(9.883974596216,-40.9,204.6107908947));
#2106 = CIRCLE('',#2107,0.471154273188);
#2107 = AXIS2_PLACEMENT_3D('',#2108,#2109,#2110);
#2108 = CARTESIAN_POINT('',(10.3,-40.9,204.83194516789));
#2109 = DIRECTION('',(0.,-1.,-0.));
#2110 = DIRECTION('',(0.88299189344,0.,-0.469388236026));
#2111 = ORIENTED_EDGE('',*,*,#2112,.F.);
#2112 = EDGE_CURVE('',#2113,#2104,#2115,.T.);
#2113 = VERTEX_POINT('',#2114);
#2114 = CARTESIAN_POINT('',(9.75,-40.9,204.9607908947));
#2115 = CIRCLE('',#2116,1.469292842572);
#2116 = AXIS2_PLACEMENT_3D('',#2117,#2118,#2119);
#2117 = CARTESIAN_POINT('',(11.177980453827,-40.9,205.30675806181));
#2118 = DIRECTION('',(0.,-1.,-0.));
#2119 = DIRECTION('',(-0.880699762579,0.,-0.473674918265));
#2120 = ORIENTED_EDGE('',*,*,#2121,.T.);
#2121 = EDGE_CURVE('',#2113,#2122,#2124,.T.);
#2122 = VERTEX_POINT('',#2123);
#2123 = CARTESIAN_POINT('',(9.6,-40.9,205.1107908947));
#2124 = CIRCLE('',#2125,0.15);
#2125 = AXIS2_PLACEMENT_3D('',#2126,#2127,#2128);
#2126 = CARTESIAN_POINT('',(9.6,-40.9,204.9607908947));
#2127 = DIRECTION('',(0.,-1.,0.));
#2128 = DIRECTION('',(1.,0.,0.));
#2129 = ORIENTED_EDGE('',*,*,#2130,.T.);
#2130 = EDGE_CURVE('',#2122,#2131,#2133,.T.);
#2131 = VERTEX_POINT('',#2132);
#2132 = CARTESIAN_POINT('',(9.027672187004,-40.9,205.08830407368));
#2133 = LINE('',#2134,#2135);
#2134 = CARTESIAN_POINT('',(9.456918046751,-40.9,205.10516918944));
#2135 = VECTOR('',#2136,1.);
#2136 = DIRECTION('',(-0.999229036241,0.,-3.925981575907E-02));
#2137 = ORIENTED_EDGE('',*,*,#2138,.T.);
#2138 = EDGE_CURVE('',#2131,#2139,#2141,.T.);
#2139 = VERTEX_POINT('',#2140);
#2140 = CARTESIAN_POINT('',(8.889903451303,-40.9,204.92699760926));
#2141 = CIRCLE('',#2142,0.15);
#2142 = AXIS2_PLACEMENT_3D('',#2143,#2144,#2145);
#2143 = CARTESIAN_POINT('',(9.039441051363,-40.9,204.93876647362));
#2144 = DIRECTION('',(0.,-1.,0.));
#2145 = DIRECTION('',(-7.8459095728E-02,0.,0.996917333733));
#2146 = ORIENTED_EDGE('',*,*,#2147,.F.);
#2147 = EDGE_CURVE('',#2148,#2139,#2150,.T.);
#2148 = VERTEX_POINT('',#2149);
#2149 = CARTESIAN_POINT('',(8.783802537561,-40.9,204.56756501679));
#2150 = CIRCLE('',#2151,1.469292842572);
#2151 = AXIS2_PLACEMENT_3D('',#2152,#2153,#2154);
#2152 = CARTESIAN_POINT('',(7.439180713567,-40.9,205.15986021994));
#2153 = DIRECTION('',(0.,-1.,-0.));
#2154 = DIRECTION('',(0.987361195605,0.,-0.158486180512));
#2155 = ORIENTED_EDGE('',*,*,#2156,.F.);
#2156 = EDGE_CURVE('',#2157,#2148,#2159,.T.);
#2157 = VERTEX_POINT('',#2158);
#2158 = CARTESIAN_POINT('',(7.954316664948,-40.9,204.50228306283));
#2159 = CIRCLE('',#2160,0.471154273188);
#2160 = AXIS2_PLACEMENT_3D('',#2161,#2162,#2163);
#2161 = CARTESIAN_POINT('',(8.351708036964,-40.9,204.75539656818));
#2162 = DIRECTION('',(0.,-1.,-0.));
#2163 = DIRECTION('',(0.91709770066,0.,-0.398662523251));
#2164 = ORIENTED_EDGE('',*,*,#2165,.F.);
#2165 = EDGE_CURVE('',#2166,#2157,#2168,.T.);
#2166 = VERTEX_POINT('',#2167);
#2167 = CARTESIAN_POINT('',(7.793294384197,-40.9,204.84069260396));
#2168 = CIRCLE('',#2169,1.469292842572);
#2169 = AXIS2_PLACEMENT_3D('',#2170,#2171,#2172);
#2170 = CARTESIAN_POINT('',(9.189728579765,-40.9,205.29763132488));
#2171 = DIRECTION('',(0.,-1.,-0.));
#2172 = DIRECTION('',(-0.840820753373,0.,-0.541313643553));
#2173 = ORIENTED_EDGE('',*,*,#2174,.T.);
#2174 = EDGE_CURVE('',#2166,#2175,#2177,.T.);
#2175 = VERTEX_POINT('',#2176);
#2176 = CARTESIAN_POINT('',(7.631987919777,-40.9,204.97846133966));
#2177 = CIRCLE('',#2178,0.15);
#2178 = AXIS2_PLACEMENT_3D('',#2179,#2180,#2181);
#2179 = CARTESIAN_POINT('',(7.643756784137,-40.9,204.8289237396));
#2180 = DIRECTION('',(0.,-1.,0.));
#2181 = DIRECTION('',(0.996917333733,0.,7.84590957278E-02));
#2182 = ORIENTED_EDGE('',*,*,#2183,.T.);
#2183 = EDGE_CURVE('',#2175,#2184,#2186,.T.);
#2184 = VERTEX_POINT('',#2185);
#2185 = CARTESIAN_POINT('',(7.063188698067,-40.9,204.91113951534));
#2186 = LINE('',#2187,#2188);
#2187 = CARTESIAN_POINT('',(7.48978811435,-40.9,204.96163088358));
#2188 = VECTOR('',#2189,1.);
#2189 = DIRECTION('',(-0.993068456955,0.,-0.117537397458));
#2190 = ORIENTED_EDGE('',*,*,#2191,.T.);
#2191 = EDGE_CURVE('',#2184,#2192,#2194,.T.);
#2192 = VERTEX_POINT('',#2193);
#2193 = CARTESIAN_POINT('',(6.938500616733,-40.9,204.7395210945));
#2194 = CIRCLE('',#2195,0.15);
#2195 = AXIS2_PLACEMENT_3D('',#2196,#2197,#2198);
#2196 = CARTESIAN_POINT('',(7.086653867823,-40.9,204.76298626426));
#2197 = DIRECTION('',(0.,-1.,0.));
#2198 = DIRECTION('',(-0.15643446504,0.,0.987688340595));
#2199 = ORIENTED_EDGE('',*,*,#2200,.F.);
#2200 = EDGE_CURVE('',#2201,#2192,#2203,.T.);
#2201 = VERTEX_POINT('',#2202);
#2202 = CARTESIAN_POINT('',(6.860927532879,-40.9,204.372871931));
#2203 = CIRCLE('',#2204,1.469292842572);
#2204 = AXIS2_PLACEMENT_3D('',#2205,#2206,#2207);
#2205 = CARTESIAN_POINT('',(5.473979783181,-40.9,204.8578434733));
#2206 = DIRECTION('',(0.,-1.,-0.));
#2207 = DIRECTION('',(0.996752172962,0.,-8.053015394612E-02));
#2208 = ORIENTED_EDGE('',*,*,#2209,.F.);
#2209 = EDGE_CURVE('',#2210,#2201,#2212,.T.);
#2210 = VERTEX_POINT('',#2211);
#2211 = CARTESIAN_POINT('',(6.039120651461,-40.9,204.24271050803));
#2212 = CIRCLE('',#2213,0.471154273188);
#2213 = AXIS2_PLACEMENT_3D('',#2214,#2215,#2216);
#2214 = CARTESIAN_POINT('',(6.415427941753,-40.9,204.52622271662));
#2215 = DIRECTION('',(0.,-1.,-0.));
#2216 = DIRECTION('',(0.945549295589,0.,-0.325478923451));
#2217 = ORIENTED_EDGE('',*,*,#2218,.F.);
#2218 = EDGE_CURVE('',#2219,#2210,#2221,.T.);
#2219 = VERTEX_POINT('',#2220);
#2220 = CARTESIAN_POINT('',(5.852043442079,-40.9,204.56744318296));
#2221 = CIRCLE('',#2222,1.469292842572);
#2222 = AXIS2_PLACEMENT_3D('',#2223,#2224,#2225);
#2223 = CARTESIAN_POINT('',(7.208321898213,-40.9,205.13253627852));
#2224 = DIRECTION('',(0.,-1.,-0.));
#2225 = DIRECTION('',(-0.795757804622,0.,-0.605614990223));
#2226 = ORIENTED_EDGE('',*,*,#2227,.T.);
#2227 = EDGE_CURVE('',#2219,#2228,#2230,.T.);
#2228 = VERTEX_POINT('',#2229);
#2229 = CARTESIAN_POINT('',(5.680425021233,-40.9,204.69213126429));
#2230 = CIRCLE('',#2231,0.15);
#2231 = AXIS2_PLACEMENT_3D('',#2232,#2233,#2234);
#2232 = CARTESIAN_POINT('',(5.703890190989,-40.9,204.5439780132));
#2233 = DIRECTION('',(0.,-1.,0.));
#2234 = DIRECTION('',(0.987688340595,0.,0.15643446504));
#2235 = ORIENTED_EDGE('',*,*,#2236,.T.);
#2236 = EDGE_CURVE('',#2228,#2237,#2239,.T.);
#2237 = VERTEX_POINT('',#2238);
#2238 = CARTESIAN_POINT('',(5.118661227155,-40.9,204.5803894981));
#2239 = LINE('',#2240,#2241);
#2240 = CARTESIAN_POINT('',(5.539984072714,-40.9,204.66419582274));
#2241 = VECTOR('',#2242,1.);
#2242 = DIRECTION('',(-0.980785280403,0.,-0.195090322016));
#2243 = ORIENTED_EDGE('',*,*,#2244,.T.);
#2244 = EDGE_CURVE('',#2237,#2245,#2247,.T.);
#2245 = VERTEX_POINT('',#2246);
#2246 = CARTESIAN_POINT('',(5.007822543674,-40.9,204.39951720546));
#2247 = CIRCLE('',#2248,0.15);
#2248 = AXIS2_PLACEMENT_3D('',#2249,#2250,#2251);
#2249 = CARTESIAN_POINT('',(5.153678031733,-40.9,204.43453401004));
#2250 = DIRECTION('',(0.,-1.,0.));
#2251 = DIRECTION('',(-0.233445363856,0.,0.972369920398));
#2252 = ORIENTED_EDGE('',*,*,#2253,.F.);
#2253 = EDGE_CURVE('',#2254,#2245,#2256,.T.);
#2254 = VERTEX_POINT('',#2255);
#2255 = CARTESIAN_POINT('',(4.959255553566,-40.9,204.02791198496));
#2256 = CIRCLE('',#2257,1.469292842572);
#2257 = AXIS2_PLACEMENT_3D('',#2258,#2259,#2260);
#2258 = CARTESIAN_POINT('',(3.538532872247,-40.9,204.40256985559));
#2259 = DIRECTION('',(0.,-1.,-0.));
#2260 = DIRECTION('',(0.99999784172,0.,-2.077632201687E-03));
#2261 = ORIENTED_EDGE('',*,*,#2262,.F.);
#2262 = EDGE_CURVE('',#2263,#2254,#2265,.T.);
#2263 = VERTEX_POINT('',#2264);
#2264 = CARTESIAN_POINT('',(4.150194376043,-40.9,203.83367358144));
#2265 = CIRCLE('',#2266,0.471154273188);
#2266 = AXIS2_PLACEMENT_3D('',#2267,#2268,#2269);
#2267 = CARTESIAN_POINT('',(4.503097525032,-40.9,204.14583654622));
#2268 = DIRECTION('',(0.,-1.,-0.));
#2269 = DIRECTION('',(0.968171264685,0.,-0.250288637855));
#2270 = ORIENTED_EDGE('',*,*,#2271,.F.);
#2271 = EDGE_CURVE('',#2272,#2263,#2274,.T.);
#2272 = VERTEX_POINT('',#2273);
#2273 = CARTESIAN_POINT('',(3.938215631236,-40.9,204.14272730522));
#2274 = CIRCLE('',#2275,1.469292842574);
#2275 = AXIS2_PLACEMENT_3D('',#2276,#2277,#2278);
#2276 = CARTESIAN_POINT('',(5.245976440246,-40.9,204.81249078859));
#2277 = DIRECTION('',(0.,-1.,-0.));
#2278 = DIRECTION('',(-0.745788744389,0.,-0.666182519091));
#2279 = ORIENTED_EDGE('',*,*,#2280,.T.);
#2280 = EDGE_CURVE('',#2272,#2281,#2283,.T.);
#2281 = VERTEX_POINT('',#2282);
#2282 = CARTESIAN_POINT('',(3.757343338598,-40.9,204.2535659887));
#2283 = CIRCLE('',#2284,0.15);
#2284 = AXIS2_PLACEMENT_3D('',#2285,#2286,#2287);
#2285 = CARTESIAN_POINT('',(3.792360143176,-40.9,204.10771050064));
#2286 = DIRECTION('',(0.,-1.,0.));
#2287 = DIRECTION('',(0.972369920398,0.,0.233445363856));
#2288 = ORIENTED_EDGE('',*,*,#2289,.T.);
#2289 = EDGE_CURVE('',#2281,#2290,#2292,.T.);
#2290 = VERTEX_POINT('',#2291);
#2291 = CARTESIAN_POINT('',(3.206078432748,-40.9,204.09809320579));
#2292 = LINE('',#2293,#2294);
#2293 = CARTESIAN_POINT('',(3.619527112135,-40.9,204.21469779297));
#2294 = VECTOR('',#2295,1.);
#2295 = DIRECTION('',(-0.962455236454,0.,-0.271440449865));
#2296 = ORIENTED_EDGE('',*,*,#2297,.T.);
#2297 = EDGE_CURVE('',#2290,#2298,#2300,.T.);
#2298 = VERTEX_POINT('',#2299);
#2299 = CARTESIAN_POINT('',(3.10977250446,-40.9,203.90908217919));
#2300 = CIRCLE('',#2301,0.15);
#2301 = AXIS2_PLACEMENT_3D('',#2302,#2303,#2304);
#2302 = CARTESIAN_POINT('',(3.252430981904,-40.9,203.95543472835));
#2303 = DIRECTION('',(0.,-1.,0.));
#2304 = DIRECTION('',(-0.309016994375,0.,0.951056516295));
#2305 = ORIENTED_EDGE('',*,*,#2306,.F.);
#2306 = EDGE_CURVE('',#2307,#2298,#2309,.T.);
#2307 = VERTEX_POINT('',#2308);
#2308 = CARTESIAN_POINT('',(3.090511039742,-40.9,203.53481197144));
#2309 = CIRCLE('',#2310,1.469292842572);
#2310 = AXIS2_PLACEMENT_3D('',#2311,#2312,#2313);
#2311 = CARTESIAN_POINT('',(1.644772654571,-40.9,203.79684628003));
#2312 = DIRECTION('',(-0.,-1.,0.));
#2313 = DIRECTION('',(0.99707819125,-0.,7.638769883619E-02));
#2314 = ORIENTED_EDGE('',*,*,#2315,.F.);
#2315 = EDGE_CURVE('',#2316,#2307,#2318,.T.);
#2316 = VERTEX_POINT('',#2317);
#2317 = CARTESIAN_POINT('',(2.299183697315,-40.9,203.27769413172));
#2318 = CIRCLE('',#2319,0.471154273188);
#2319 = AXIS2_PLACEMENT_3D('',#2320,#2321,#2322);
#2320 = CARTESIAN_POINT('',(2.626506939735,-40.9,203.6165832642));
#2321 = DIRECTION('',(0.,-1.,-0.));
#2322 = DIRECTION('',(0.984824135983,0.,-0.173555239577));
#2323 = ORIENTED_EDGE('',*,*,#2324,.F.);
#2324 = EDGE_CURVE('',#2325,#2316,#2327,.T.);
#2325 = VERTEX_POINT('',#2326);
#2326 = CARTESIAN_POINT('',(2.063610336535,-40.9,203.56916348538));
#2327 = CIRCLE('',#2328,1.469292842573);
#2328 = AXIS2_PLACEMENT_3D('',#2329,#2330,#2331);
#2329 = CARTESIAN_POINT('',(3.314790718157,-40.9,204.33946804195));
#2330 = DIRECTION('',(0.,-1.,-0.));
#2331 = DIRECTION('',(-0.691221648547,0.,-0.722642811201));
#2332 = ORIENTED_EDGE('',*,*,#2333,.T.);
#2333 = EDGE_CURVE('',#2325,#2334,#2336,.T.);
#2334 = VERTEX_POINT('',#2335);
#2335 = CARTESIAN_POINT('',(1.874599309934,-40.9,203.66546941367));
#2336 = CIRCLE('',#2337,0.15);
#2337 = AXIS2_PLACEMENT_3D('',#2338,#2339,#2340);
#2338 = CARTESIAN_POINT('',(1.920951859091,-40.9,203.52281093622));
#2339 = DIRECTION('',(0.,-1.,0.));
#2340 = DIRECTION('',(0.951056516295,0.,0.309016994375));
#2341 = ORIENTED_EDGE('',*,*,#2342,.T.);
#2342 = EDGE_CURVE('',#2334,#2343,#2345,.T.);
#2343 = VERTEX_POINT('',#2344);
#2344 = CARTESIAN_POINT('',(1.337232023771,-40.9,203.46722415544));
#2345 = LINE('',#2346,#2347);
#2346 = CARTESIAN_POINT('',(1.740257488394,-40.9,203.61590809911));
#2347 = VECTOR('',#2348,1.);
#2348 = DIRECTION('',(-0.938191335922,0.,-0.346117057077));
#2349 = ORIENTED_EDGE('',*,*,#2350,.T.);
#2350 = EDGE_CURVE('',#2343,#2351,#2353,.T.);
#2351 = VERTEX_POINT('',#2352);
#2352 = CARTESIAN_POINT('',(1.256052608749,-40.9,203.27123971071));
#2353 = CIRCLE('',#2354,0.15);
#2354 = AXIS2_PLACEMENT_3D('',#2355,#2356,#2357);
#2355 = CARTESIAN_POINT('',(1.394634538626,-40.9,203.32864222556));
#2356 = DIRECTION('',(0.,-1.,0.));
#2357 = DIRECTION('',(-0.382683432365,0.,0.923879532511));
#2358 = ORIENTED_EDGE('',*,*,#2359,.F.);
#2359 = EDGE_CURVE('',#2360,#2351,#2362,.T.);
#2360 = VERTEX_POINT('',#2361);
#2361 = CARTESIAN_POINT('',(1.266215422757,-40.9,202.896612016));
#2362 = CIRCLE('',#2363,1.469292842572);
#2363 = AXIS2_PLACEMENT_3D('',#2364,#2365,#2366);
#2364 = CARTESIAN_POINT('',(-0.195625208365,-40.9,203.0444072339));
#2365 = DIRECTION('',(-0.,-1.,0.));
#2366 = DIRECTION('',(0.988011222169,-0.,0.154382074309));
#2367 = ORIENTED_EDGE('',*,*,#2368,.F.);
#2368 = EDGE_CURVE('',#2369,#2360,#2371,.T.);
#2369 = VERTEX_POINT('',#2370);
#2370 = CARTESIAN_POINT('',(0.497500711634,-40.9,202.57819995706));
#2371 = CIRCLE('',#2372,0.471154273188);
#2372 = AXIS2_PLACEMENT_3D('',#2373,#2374,#2375);
#2373 = CARTESIAN_POINT('',(0.79722599085,-40.9,202.94172589305));
#2374 = DIRECTION('',(0.,-1.,-0.));
#2375 = DIRECTION('',(0.995405238997,0.,-9.575181553435E-02));
#2376 = ORIENTED_EDGE('',*,*,#2377,.F.);
#2377 = EDGE_CURVE('',#2378,#2369,#2380,.T.);
#2378 = VERTEX_POINT('',#2379);
#2379 = CARTESIAN_POINT('',(0.239785122986,-40.9,202.85028793511));
#2380 = CIRCLE('',#2381,1.469292842571);
#2381 = AXIS2_PLACEMENT_3D('',#2382,#2383,#2384);
#2382 = CARTESIAN_POINT('',(1.426671134106,-40.9,203.71638438114));
#2383 = DIRECTION('',(0.,-1.,-0.));
#2384 = DIRECTION('',(-0.632392941387,0.,-0.774647770076));
#2385 = ORIENTED_EDGE('',*,*,#2386,.T.);
#2386 = EDGE_CURVE('',#2378,#2387,#2389,.T.);
#2387 = VERTEX_POINT('',#2388);
#2388 = CARTESIAN_POINT('',(4.380067825501E-02,-40.9,202.93146735013));
#2389 = CIRCLE('',#2390,0.15);
#2390 = AXIS2_PLACEMENT_3D('',#2391,#2392,#2393);
#2391 = CARTESIAN_POINT('',(0.10120319311,-40.9,202.79288542025));
#2392 = DIRECTION('',(0.,-1.,0.));
#2393 = DIRECTION('',(0.923879532511,0.,0.382683432365));
#2394 = ORIENTED_EDGE('',*,*,#2395,.T.);
#2395 = EDGE_CURVE('',#2387,#2396,#2398,.T.);
#2396 = VERTEX_POINT('',#2397);
#2397 = CARTESIAN_POINT('',(-0.47635594021,-40.9,202.69167186452));
#2398 = LINE('',#2399,#2400);
#2399 = CARTESIAN_POINT('',(-8.623847636141E-02,-40.9,202.87151847873));
#2400 = VECTOR('',#2401,1.);
#2401 = DIRECTION('',(-0.908143173825,0.,-0.418659737537));
#2402 = ORIENTED_EDGE('',*,*,#2403,.T.);
#2403 = EDGE_CURVE('',#2396,#2404,#2406,.T.);
#2404 = VERTEX_POINT('',#2405);
#2405 = CARTESIAN_POINT('',(-0.541908343877,-40.9,202.48992231093));
#2406 = CIRCLE('',#2407,0.15);
#2407 = AXIS2_PLACEMENT_3D('',#2408,#2409,#2410);
#2408 = CARTESIAN_POINT('',(-0.408257365249,-40.9,202.5580208859));
#2409 = DIRECTION('',(0.,-1.,-0.));
#2410 = DIRECTION('',(-0.45399049974,-0.,0.891006524188));
#2411 = ORIENTED_EDGE('',*,*,#2412,.F.);
#2412 = EDGE_CURVE('',#2413,#2404,#2415,.T.);
#2413 = VERTEX_POINT('',#2414);
#2414 = CARTESIAN_POINT('',(-0.502383908272,-40.9,202.11724683358));
#2415 = CIRCLE('',#2416,1.469292842572);
#2416 = AXIS2_PLACEMENT_3D('',#2417,#2418,#2419);
#2417 = CARTESIAN_POINT('',(-1.971314051742,-40.9,202.14989175414));
#2418 = DIRECTION('',(-0.,-1.,0.));
#2419 = DIRECTION('',(0.972852835356,-0.,0.231424632957));
#2420 = ORIENTED_EDGE('',*,*,#2421,.F.);
#2421 = EDGE_CURVE('',#2422,#2413,#2424,.T.);
#2422 = VERTEX_POINT('',#2423);
#2423 = CARTESIAN_POINT('',(-1.243746606272,-40.9,201.73950367164));
#2424 = CIRCLE('',#2425,0.471154273188);
#2425 = AXIS2_PLACEMENT_3D('',#2426,#2427,#2428);
#2426 = CARTESIAN_POINT('',(-0.973467196276,-40.9,202.12542515287));
#2427 = DIRECTION('',(0.,-1.,-0.));
#2428 = DIRECTION('',(0.999849337706,0.,-1.735804970824E-02));
#2429 = ORIENTED_EDGE('',*,*,#2430,.F.);
#2430 = EDGE_CURVE('',#2431,#2422,#2433,.T.);
#2431 = VERTEX_POINT('',#2432);
#2432 = CARTESIAN_POINT('',(-1.522015520484,-40.9,201.99053276122));
#2433 = CIRCLE('',#2434,1.469292842572);
#2434 = AXIS2_PLACEMENT_3D('',#2435,#2436,#2437);
#2435 = CARTESIAN_POINT('',(-0.406741426802,-40.9,202.94708132413));
#2436 = DIRECTION('',(0.,-1.,-0.));
#2437 = DIRECTION('',(-0.569665321451,0.,-0.821876767853));
#2438 = ORIENTED_EDGE('',*,*,#2439,.T.);
#2439 = EDGE_CURVE('',#2431,#2440,#2442,.T.);
#2440 = VERTEX_POINT('',#2441);
#2441 = CARTESIAN_POINT('',(-1.723765074073,-40.9,202.05608516489));
#2442 = CIRCLE('',#2443,0.15);
#2443 = AXIS2_PLACEMENT_3D('',#2444,#2445,#2446);
#2444 = CARTESIAN_POINT('',(-1.655666499113,-40.9,201.92243418626));
#2445 = DIRECTION('',(0.,-1.,0.));
#2446 = DIRECTION('',(0.891006524188,0.,0.453990499739));
#2447 = ORIENTED_EDGE('',*,*,#2448,.T.);
#2448 = EDGE_CURVE('',#2440,#2449,#2451,.T.);
#2449 = VERTEX_POINT('',#2450);
#2450 = CARTESIAN_POINT('',(-2.223504086317,-40.9,201.77621787082));
#2451 = LINE('',#2452,#2453);
#2452 = CARTESIAN_POINT('',(-1.848699827134,-40.9,201.98611834137));
#2453 = VECTOR('',#2454,1.);
#2454 = DIRECTION('',(-0.872496007073,0.,-0.488621241497));
#2455 = ORIENTED_EDGE('',*,*,#2456,.T.);
#2456 = EDGE_CURVE('',#2449,#2457,#2459,.T.);
#2457 = VERTEX_POINT('',#2458);
#2458 = CARTESIAN_POINT('',(-2.273025326263,-40.9,201.56994706146));
#2459 = CIRCLE('',#2460,0.15);
#2460 = AXIS2_PLACEMENT_3D('',#2461,#2462,#2463);
#2461 = CARTESIAN_POINT('',(-2.14512930161,-40.9,201.64832184616));
#2462 = DIRECTION('',(0.,-1.,-0.));
#2463 = DIRECTION('',(-0.522498564716,-0.,0.852640164354));
#2464 = ORIENTED_EDGE('',*,*,#2465,.F.);
#2465 = EDGE_CURVE('',#2466,#2457,#2468,.T.);
#2466 = VERTEX_POINT('',#2467);
#2467 = CARTESIAN_POINT('',(-2.204382950349,-40.9,201.2015214697));
#2468 = CIRCLE('',#2469,1.469292842572);
#2469 = AXIS2_PLACEMENT_3D('',#2470,#2471,#2472);
#2470 = CARTESIAN_POINT('',(-3.671346163364,-40.9,201.11881482612));
#2471 = DIRECTION('',(-0.,-1.,0.));
#2472 = DIRECTION('',(0.951696487307,-0.,0.307040381786));
#2473 = ORIENTED_EDGE('',*,*,#2474,.F.);
#2474 = EDGE_CURVE('',#2475,#2466,#2477,.T.);
#2475 = VERTEX_POINT('',#2476);
#2476 = CARTESIAN_POINT('',(-2.913822887665,-40.9,200.76677611698));
#2477 = CIRCLE('',#2478,0.471154273188);
#2478 = AXIS2_PLACEMENT_3D('',#2479,#2480,#2481);
#2479 = CARTESIAN_POINT('',(-2.674655709328,-40.9,201.17271380918));
#2480 = DIRECTION('',(-0.,-1.,0.));
#2481 = DIRECTION('',(0.998129032764,-0.,6.114273426666E-02));
#2482 = ORIENTED_EDGE('',*,*,#2483,.F.);
#2483 = EDGE_CURVE('',#2484,#2475,#2486,.T.);
#2484 = VERTEX_POINT('',#2485);
#2485 = CARTESIAN_POINT('',(-3.210929507052,-40.9,200.99519864027));
#2486 = CIRCLE('',#2487,1.469292842571);
#2487 = AXIS2_PLACEMENT_3D('',#2488,#2489,#2490);
#2488 = CARTESIAN_POINT('',(-2.174143366462,-40.9,202.03630188007));
#2489 = DIRECTION('',(0.,-1.,-0.));
#2490 = DIRECTION('',(-0.503425525376,0.,-0.864038622053));
#2491 = ORIENTED_EDGE('',*,*,#2492,.T.);
#2492 = EDGE_CURVE('',#2484,#2493,#2495,.T.);
#2493 = VERTEX_POINT('',#2494);
#2494 = CARTESIAN_POINT('',(-3.417200316413,-40.9,201.04471988022));
#2495 = CIRCLE('',#2496,0.15);
#2496 = AXIS2_PLACEMENT_3D('',#2497,#2498,#2499);
#2497 = CARTESIAN_POINT('',(-3.338825531705,-40.9,200.91682385556));
#2498 = DIRECTION('',(0.,-1.,0.));
#2499 = DIRECTION('',(0.852640164354,0.,0.522498564716));
#2500 = ORIENTED_EDGE('',*,*,#2501,.T.);
#2501 = EDGE_CURVE('',#2493,#2502,#2504,.T.);
#2502 = VERTEX_POINT('',#2503);
#2503 = CARTESIAN_POINT('',(-3.893440665244,-40.9,200.72650625261));
#2504 = LINE('',#2505,#2506);
#2505 = CARTESIAN_POINT('',(-3.536260403621,-40.9,200.96516647331));
#2506 = VECTOR('',#2507,1.);
#2507 = DIRECTION('',(-0.831469612303,0.,-0.55557023302));
#2508 = ORIENTED_EDGE('',*,*,#2509,.T.);
#2509 = EDGE_CURVE('',#2502,#2510,#2512,.T.);
#2510 = VERTEX_POINT('',#2511);
#2511 = CARTESIAN_POINT('',(-3.926625426557,-40.9,200.51698591561));
#2512 = CIRCLE('',#2513,0.15);
#2513 = AXIS2_PLACEMENT_3D('',#2514,#2515,#2516);
#2514 = CARTESIAN_POINT('',(-3.8052728774,-40.9,200.60515370345));
#2515 = DIRECTION('',(0.,-1.,-0.));
#2516 = DIRECTION('',(-0.587785252293,-0.,0.809016994375));
#2517 = ORIENTED_EDGE('',*,*,#2518,.F.);
#2518 = EDGE_CURVE('',#2519,#2510,#2521,.T.);
#2519 = VERTEX_POINT('',#2520);
#2520 = CARTESIAN_POINT('',(-3.829288313407,-40.9,200.15508167574));
#2521 = CIRCLE('',#2522,1.469292842572);
#2522 = AXIS2_PLACEMENT_3D('',#2523,#2524,#2525);
#2523 = CARTESIAN_POINT('',(-5.285240279945,-40.9,199.95753338198));
#2524 = DIRECTION('',(-0.,-1.,0.));
#2525 = DIRECTION('',(0.924672613943,-0.,0.38076312456));
#2526 = ORIENTED_EDGE('',*,*,#2527,.F.);
#2527 = EDGE_CURVE('',#2528,#2519,#2530,.T.);
#2528 = VERTEX_POINT('',#2529);
#2529 = CARTESIAN_POINT('',(-4.502431556914,-40.9,199.6660144819));
#2530 = CIRCLE('',#2531,0.471154273188);
#2531 = AXIS2_PLACEMENT_3D('',#2532,#2533,#2534);
#2532 = CARTESIAN_POINT('',(-4.295851155422,-40.9,200.08946564421));
#2533 = DIRECTION('',(-0.,-1.,0.));
#2534 = DIRECTION('',(0.990254930424,-0.,0.139266552953));
#2535 = ORIENTED_EDGE('',*,*,#2536,.F.);
#2536 = EDGE_CURVE('',#2537,#2528,#2539,.T.);
#2537 = VERTEX_POINT('',#2538);
#2538 = CARTESIAN_POINT('',(-4.816544120369,-40.9,199.87042213809));
#2539 = CIRCLE('',#2540,1.469292842572);
#2540 = AXIS2_PLACEMENT_3D('',#2541,#2542,#2543);
#2541 = CARTESIAN_POINT('',(-3.864638064194,-40.9,200.9896613071));
#2542 = DIRECTION('',(0.,-1.,-0.));
#2543 = DIRECTION('',(-0.434081943531,0.,-0.900873390827));
#2544 = ORIENTED_EDGE('',*,*,#2545,.T.);
#2545 = EDGE_CURVE('',#2537,#2546,#2548,.T.);
#2546 = VERTEX_POINT('',#2547);
#2547 = CARTESIAN_POINT('',(-5.026064457369,-40.9,199.9036068994));
#2548 = CIRCLE('',#2549,0.15);
#2549 = AXIS2_PLACEMENT_3D('',#2550,#2551,#2552);
#2550 = CARTESIAN_POINT('',(-4.937896669525,-40.9,199.78225435025));
#2551 = DIRECTION('',(0.,-1.,0.));
#2552 = DIRECTION('',(0.809016994375,0.,0.587785252293));
#2553 = ORIENTED_EDGE('',*,*,#2554,.T.);
#2554 = EDGE_CURVE('',#2546,#2555,#2557,.T.);
#2555 = VERTEX_POINT('',#2556);
#2556 = CARTESIAN_POINT('',(-5.475869962672,-40.9,199.54900883109));
#2557 = LINE('',#2558,#2559);
#2558 = CARTESIAN_POINT('',(-5.138515833695,-40.9,199.81495738232));
#2559 = VECTOR('',#2560,1.);
#2560 = DIRECTION('',(-0.785316930881,0.,-0.61909394931));
#2561 = ORIENTED_EDGE('',*,*,#2562,.T.);
#2562 = EDGE_CURVE('',#2555,#2563,#2565,.T.);
#2563 = VERTEX_POINT('',#2564);
#2564 = CARTESIAN_POINT('',(-5.492513650263,-40.9,199.337530729));
#2565 = CIRCLE('',#2566,0.15);
#2566 = AXIS2_PLACEMENT_3D('',#2567,#2568,#2569);
#2567 = CARTESIAN_POINT('',(-5.378452755423,-40.9,199.43494793625));
#2568 = DIRECTION('',(0.,-1.,-0.));
#2569 = DIRECTION('',(-0.64944804833,-0.,0.7604059656));
#2570 = ORIENTED_EDGE('',*,*,#2571,.F.);
#2571 = EDGE_CURVE('',#2572,#2563,#2574,.T.);
#2572 = VERTEX_POINT('',#2573);
#2573 = CARTESIAN_POINT('',(-5.367081915548,-40.9,198.98437910101));
#2574 = CIRCLE('',#2575,1.469292842572);
#2575 = AXIS2_PLACEMENT_3D('',#2576,#2577,#2578);
#2576 = CARTESIAN_POINT('',(-6.803046207582,-40.9,198.67320710799));
#2577 = DIRECTION('',(-0.,-1.,0.));
#2578 = DIRECTION('',(0.891947826428,-0.,0.452138336054));
#2579 = ORIENTED_EDGE('',*,*,#2580,.F.);
#2580 = EDGE_CURVE('',#2581,#2572,#2583,.T.);
#2581 = VERTEX_POINT('',#2582);
#2582 = CARTESIAN_POINT('',(-5.999778313306,-40.9,198.44400532792));
#2583 = CIRCLE('',#2584,0.471154273188);
#2584 = AXIS2_PLACEMENT_3D('',#2585,#2586,#2587);
#2585 = CARTESIAN_POINT('',(-5.827058325529,-40.9,198.88235924311));
#2586 = DIRECTION('',(-0.,-1.,0.));
#2587 = DIRECTION('',(0.976275577144,-0.,0.216531747029));
#2588 = ORIENTED_EDGE('',*,*,#2589,.F.);
#2589 = EDGE_CURVE('',#2590,#2581,#2592,.T.);
#2590 = VERTEX_POINT('',#2591);
#2591 = CARTESIAN_POINT('',(-6.328960212423,-40.9,198.62313787584));
#2592 = CIRCLE('',#2593,1.469292842572);
#2593 = AXIS2_PLACEMENT_3D('',#2594,#2595,#2596);
#2594 = CARTESIAN_POINT('',(-5.46780305804,-40.9,199.81361249241));
#2595 = DIRECTION('',(0.,-1.,-0.));
#2596 = DIRECTION('',(-0.362062102157,0.,-0.932153975576));
#2597 = ORIENTED_EDGE('',*,*,#2598,.T.);
#2598 = EDGE_CURVE('',#2590,#2599,#2601,.T.);
#2599 = VERTEX_POINT('',#2600);
#2600 = CARTESIAN_POINT('',(-6.540438314512,-40.9,198.63978156343));
#2601 = CIRCLE('',#2602,0.15);
#2602 = AXIS2_PLACEMENT_3D('',#2603,#2604,#2605);
#2603 = CARTESIAN_POINT('',(-6.443021107263,-40.9,198.52572066859));
#2604 = DIRECTION('',(0.,-1.,0.));
#2605 = DIRECTION('',(0.7604059656,0.,0.64944804833));
#2606 = ORIENTED_EDGE('',*,*,#2607,.T.);
#2607 = EDGE_CURVE('',#2599,#2608,#2610,.T.);
#2608 = VERTEX_POINT('',#2609);
#2609 = CARTESIAN_POINT('',(-6.961035775772,-40.9,198.25098526943));
#2610 = LINE('',#2611,#2612);
#2611 = CARTESIAN_POINT('',(-6.645587679827,-40.9,198.54258248993));
#2612 = VECTOR('',#2613,1.);
#2613 = DIRECTION('',(-0.734322509436,0.,-0.678800745533));
#2614 = ORIENTED_EDGE('',*,*,#2615,.T.);
#2615 = EDGE_CURVE('',#2608,#2616,#2618,.T.);
#2616 = VERTEX_POINT('',#2617);
#2617 = CARTESIAN_POINT('',(-6.961035775771,-40.9,198.03885323507));
#2618 = CIRCLE('',#2619,0.15);
#2619 = AXIS2_PLACEMENT_3D('',#2620,#2621,#2622);
#2620 = CARTESIAN_POINT('',(-6.854969758593,-40.9,198.14491925225));
#2621 = DIRECTION('',(0.,-1.,-0.));
#2622 = DIRECTION('',(-0.707106781187,-0.,0.707106781186));
#2623 = ORIENTED_EDGE('',*,*,#2624,.F.);
#2624 = EDGE_CURVE('',#2625,#2616,#2627,.T.);
#2625 = VERTEX_POINT('',#2626);
#2626 = CARTESIAN_POINT('',(-6.808282747847,-40.9,197.69663151617));
#2627 = CIRCLE('',#2628,1.469292842573);
#2628 = AXIS2_PLACEMENT_3D('',#2629,#2630,#2631);
#2629 = CARTESIAN_POINT('',(-8.215406168009,-40.9,197.2737543027));
#2630 = DIRECTION('',(-0.,-1.,0.));
#2631 = DIRECTION('',(0.853723883961,-0.,0.520725964356));
#2632 = ORIENTED_EDGE('',*,*,#2633,.F.);
#2633 = EDGE_CURVE('',#2634,#2625,#2636,.T.);
#2634 = VERTEX_POINT('',#2635);
#2635 = CARTESIAN_POINT('',(-7.396631516171,-40.9,197.10828274784));
#2636 = CIRCLE('',#2637,0.471154273188);
#2637 = AXIS2_PLACEMENT_3D('',#2638,#2639,#2640);
#2638 = CARTESIAN_POINT('',(-7.258836818268,-40.9,197.55883681826));
#2639 = DIRECTION('',(-0.,-1.,0.));
#2640 = DIRECTION('',(0.956277160287,-0.,0.29246195088));
#2641 = ORIENTED_EDGE('',*,*,#2642,.F.);
#2642 = EDGE_CURVE('',#2643,#2634,#2645,.T.);
#2643 = VERTEX_POINT('',#2644);
#2644 = CARTESIAN_POINT('',(-7.738853235077,-40.9,197.26103577577));
#2645 = CIRCLE('',#2646,1.469292842573);
#2646 = AXIS2_PLACEMENT_3D('',#2647,#2648,#2649);
#2647 = CARTESIAN_POINT('',(-6.973754302707,-40.9,198.515406168));
#2648 = DIRECTION('',(0.,-1.,-0.));
#2649 = DIRECTION('',(-0.287810027525,0.,-0.957687521092));
#2650 = ORIENTED_EDGE('',*,*,#2651,.T.);
#2651 = EDGE_CURVE('',#2643,#2652,#2654,.T.);
#2652 = VERTEX_POINT('',#2653);
#2653 = CARTESIAN_POINT('',(-7.950985269433,-40.9,197.26103577577));
#2654 = CIRCLE('',#2655,0.15);
#2655 = AXIS2_PLACEMENT_3D('',#2656,#2657,#2658);
#2656 = CARTESIAN_POINT('',(-7.844919252255,-40.9,197.15496975859));
#2657 = DIRECTION('',(0.,-1.,0.));
#2658 = DIRECTION('',(0.707106781187,0.,0.707106781187));
#2659 = ORIENTED_EDGE('',*,*,#2660,.T.);
#2660 = EDGE_CURVE('',#2652,#2661,#2663,.T.);
#2661 = VERTEX_POINT('',#2662);
#2662 = CARTESIAN_POINT('',(-8.339781563436,-40.9,196.84043831451));
#2663 = LINE('',#2664,#2665);
#2664 = CARTESIAN_POINT('',(-8.048184342934,-40.9,197.15588641045));
#2665 = VECTOR('',#2666,1.);
#2666 = DIRECTION('',(-0.678800745533,0.,-0.734322509436));
#2667 = ORIENTED_EDGE('',*,*,#2668,.T.);
#2668 = EDGE_CURVE('',#2661,#2669,#2671,.T.);
#2669 = VERTEX_POINT('',#2670);
#2670 = CARTESIAN_POINT('',(-8.323137875846,-40.9,196.62896021242));
#2671 = CIRCLE('',#2672,0.15);
#2672 = AXIS2_PLACEMENT_3D('',#2673,#2674,#2675);
#2673 = CARTESIAN_POINT('',(-8.225720668596,-40.9,196.74302110726));
#2674 = DIRECTION('',(0.,-1.,-0.));
#2675 = DIRECTION('',(-0.7604059656,-0.,0.64944804833));
#2676 = ORIENTED_EDGE('',*,*,#2677,.F.);
#2677 = EDGE_CURVE('',#2678,#2669,#2680,.T.);
#2678 = VERTEX_POINT('',#2679);
#2679 = CARTESIAN_POINT('',(-8.144005327924,-40.9,196.2997783133));
#2680 = CIRCLE('',#2681,1.469292842572);
#2681 = AXIS2_PLACEMENT_3D('',#2682,#2683,#2684);
#2682 = CARTESIAN_POINT('',(-9.513612492412,-40.9,195.76780305804));
#2683 = DIRECTION('',(-0.,-1.,0.));
#2684 = DIRECTION('',(0.810236449857,-0.,0.586103143928));
#2685 = ORIENTED_EDGE('',*,*,#2686,.F.);
#2686 = EDGE_CURVE('',#2687,#2678,#2689,.T.);
#2687 = VERTEX_POINT('',#2688);
#2688 = CARTESIAN_POINT('',(-8.684379101011,-40.9,195.66708191554));
#2689 = CIRCLE('',#2690,0.471154273188);
#2690 = AXIS2_PLACEMENT_3D('',#2691,#2692,#2693);
#2691 = CARTESIAN_POINT('',(-8.582359243117,-40.9,196.12705832552));
#2692 = DIRECTION('',(-0.,-1.,0.));
#2693 = DIRECTION('',(0.930382976743,-0.,0.366589029552));
#2694 = ORIENTED_EDGE('',*,*,#2695,.F.);
#2695 = EDGE_CURVE('',#2696,#2687,#2698,.T.);
#2696 = VERTEX_POINT('',#2697);
#2697 = CARTESIAN_POINT('',(-9.037530729009,-40.9,195.79251365026));
#2698 = CIRCLE('',#2699,1.469292842573);
#2699 = AXIS2_PLACEMENT_3D('',#2700,#2701,#2702);
#2700 = CARTESIAN_POINT('',(-8.373207107992,-40.9,197.10304620758));
#2701 = DIRECTION('',(0.,-1.,-0.));
#2702 = DIRECTION('',(-0.211783508367,0.,-0.977316604578));
#2703 = ORIENTED_EDGE('',*,*,#2704,.T.);
#2704 = EDGE_CURVE('',#2696,#2705,#2707,.T.);
#2705 = VERTEX_POINT('',#2706);
#2706 = CARTESIAN_POINT('',(-9.249008831098,-40.9,195.77586996267));
#2707 = CIRCLE('',#2708,0.15);
#2708 = AXIS2_PLACEMENT_3D('',#2709,#2710,#2711);
#2709 = CARTESIAN_POINT('',(-9.134947936258,-40.9,195.67845275542));
#2710 = DIRECTION('',(0.,-1.,0.));
#2711 = DIRECTION('',(0.64944804833,0.,0.7604059656));
#2712 = ORIENTED_EDGE('',*,*,#2713,.T.);
#2713 = EDGE_CURVE('',#2705,#2714,#2716,.T.);
#2714 = VERTEX_POINT('',#2715);
#2715 = CARTESIAN_POINT('',(-9.603606899406,-40.9,195.32606445736));
#2716 = LINE('',#2717,#2718);
#2717 = CARTESIAN_POINT('',(-9.337658348175,-40.9,195.66341858634));
#2718 = VECTOR('',#2719,1.);
#2719 = DIRECTION('',(-0.61909394931,0.,-0.785316930881));
#2720 = ORIENTED_EDGE('',*,*,#2721,.T.);
#2721 = EDGE_CURVE('',#2714,#2722,#2724,.T.);
#2722 = VERTEX_POINT('',#2723);
#2723 = CARTESIAN_POINT('',(-9.570422138094,-40.9,195.11654412036));
#2724 = CIRCLE('',#2725,0.15);
#2725 = AXIS2_PLACEMENT_3D('',#2726,#2727,#2728);
#2726 = CARTESIAN_POINT('',(-9.48225435025,-40.9,195.23789666952));
#2727 = DIRECTION('',(0.,-1.,-0.));
#2728 = DIRECTION('',(-0.809016994375,-0.,0.587785252292));
#2729 = ORIENTED_EDGE('',*,*,#2730,.F.);
#2730 = EDGE_CURVE('',#2731,#2722,#2733,.T.);
#2731 = VERTEX_POINT('',#2732);
#2732 = CARTESIAN_POINT('',(-9.3660144819,-40.9,194.80243155691));
#2733 = CIRCLE('',#2734,1.469292842573);
#2734 = AXIS2_PLACEMENT_3D('',#2735,#2736,#2737);
#2735 = CARTESIAN_POINT('',(-10.6896613071,-40.9,194.16463806419));
#2736 = DIRECTION('',(-0.,-1.,0.));
#2737 = DIRECTION('',(0.76175363861,-0.,0.647866802719));
#2738 = ORIENTED_EDGE('',*,*,#2739,.F.);
#2739 = EDGE_CURVE('',#2740,#2731,#2742,.T.);
#2740 = VERTEX_POINT('',#2741);
#2741 = CARTESIAN_POINT('',(-9.855081675747,-40.9,194.1292883134));
#2742 = CIRCLE('',#2743,0.471154273188);
#2743 = AXIS2_PLACEMENT_3D('',#2744,#2745,#2746);
#2744 = CARTESIAN_POINT('',(-9.789465644211,-40.9,194.59585115542));
#2745 = DIRECTION('',(-0.,-1.,0.));
#2746 = DIRECTION('',(0.898752672763,-0.,0.438455964952));
#2747 = ORIENTED_EDGE('',*,*,#2748,.F.);
#2748 = EDGE_CURVE('',#2749,#2740,#2751,.T.);
#2749 = VERTEX_POINT('',#2750);
#2750 = CARTESIAN_POINT('',(-10.21698591561,-40.9,194.22662542655));
#2751 = CIRCLE('',#2752,1.46929284257);
#2752 = AXIS2_PLACEMENT_3D('',#2753,#2754,#2755);
#2753 = CARTESIAN_POINT('',(-9.657533381985,-40.9,195.58524027994));
#2754 = DIRECTION('',(0.,-1.,-0.));
#2755 = DIRECTION('',(-0.134451273455,0.,-0.990920206205));
#2756 = ORIENTED_EDGE('',*,*,#2757,.T.);
#2757 = EDGE_CURVE('',#2749,#2758,#2760,.T.);
#2758 = VERTEX_POINT('',#2759);
#2759 = CARTESIAN_POINT('',(-10.42650625261,-40.9,194.19344066524));
#2760 = CIRCLE('',#2761,0.15);
#2761 = AXIS2_PLACEMENT_3D('',#2762,#2763,#2764);
#2762 = CARTESIAN_POINT('',(-10.30515370345,-40.9,194.1052728774));
#2763 = DIRECTION('',(0.,-1.,0.));
#2764 = DIRECTION('',(0.587785252292,0.,0.809016994375));
#2765 = ORIENTED_EDGE('',*,*,#2766,.T.);
#2766 = EDGE_CURVE('',#2758,#2767,#2769,.T.);
#2767 = VERTEX_POINT('',#2768);
#2768 = CARTESIAN_POINT('',(-10.74471988022,-40.9,193.71720031641));
#2769 = LINE('',#2770,#2771);
#2770 = CARTESIAN_POINT('',(-10.50605965951,-40.9,194.07438057803));
#2771 = VECTOR('',#2772,1.);
#2772 = DIRECTION('',(-0.55557023302,0.,-0.831469612303));
#2773 = ORIENTED_EDGE('',*,*,#2774,.T.);
#2774 = EDGE_CURVE('',#2767,#2775,#2777,.T.);
#2775 = VERTEX_POINT('',#2776);
#2776 = CARTESIAN_POINT('',(-10.69519864027,-40.9,193.51092950705));
#2777 = CIRCLE('',#2778,0.15);
#2778 = AXIS2_PLACEMENT_3D('',#2779,#2780,#2781);
#2779 = CARTESIAN_POINT('',(-10.61682385556,-40.9,193.6388255317));
#2780 = DIRECTION('',(0.,-1.,-0.));
#2781 = DIRECTION('',(-0.852640164354,-0.,0.522498564716));
#2782 = ORIENTED_EDGE('',*,*,#2783,.F.);
#2783 = EDGE_CURVE('',#2784,#2775,#2786,.T.);
#2784 = VERTEX_POINT('',#2785);
#2785 = CARTESIAN_POINT('',(-10.46677611698,-40.9,193.21382288766));
#2786 = CIRCLE('',#2787,1.469292842573);
#2787 = AXIS2_PLACEMENT_3D('',#2788,#2789,#2790);
#2788 = CARTESIAN_POINT('',(-11.73630188007,-40.9,192.47414336646));
#2789 = DIRECTION('',(-0.,-1.,0.));
#2790 = DIRECTION('',(0.708574362871,-0.,0.705636147233));
#2791 = ORIENTED_EDGE('',*,*,#2792,.F.);
#2792 = EDGE_CURVE('',#2793,#2784,#2795,.T.);
#2793 = VERTEX_POINT('',#2794);
#2794 = CARTESIAN_POINT('',(-10.9015214697,-40.9,192.50438295034));
#2795 = CIRCLE('',#2796,0.471154273188);
#2796 = AXIS2_PLACEMENT_3D('',#2797,#2798,#2799);
#2797 = CARTESIAN_POINT('',(-10.87271380918,-40.9,192.97465570932));
#2798 = DIRECTION('',(-0.,-1.,0.));
#2799 = DIRECTION('',(0.861581259689,-0.,0.507619673527));
#2800 = ORIENTED_EDGE('',*,*,#2801,.F.);
#2801 = EDGE_CURVE('',#2802,#2793,#2804,.T.);
#2802 = VERTEX_POINT('',#2803);
#2803 = CARTESIAN_POINT('',(-11.26994706146,-40.9,192.57302532626));
#2804 = CIRCLE('',#2805,1.469292842574);
#2805 = AXIS2_PLACEMENT_3D('',#2806,#2807,#2808);
#2806 = CARTESIAN_POINT('',(-10.81881482612,-40.9,193.97134616336));
#2807 = DIRECTION('',(0.,-1.,-0.));
#2808 = DIRECTION('',(-5.629010173296E-02,0.,-0.998414455247));
#2809 = ORIENTED_EDGE('',*,*,#2810,.T.);
#2810 = EDGE_CURVE('',#2802,#2811,#2813,.T.);
#2811 = VERTEX_POINT('',#2812);
#2812 = CARTESIAN_POINT('',(-11.47621787082,-40.9,192.52350408631));
#2813 = CIRCLE('',#2814,0.15);
#2814 = AXIS2_PLACEMENT_3D('',#2815,#2816,#2817);
#2815 = CARTESIAN_POINT('',(-11.34832184616,-40.9,192.4451293016));
#2816 = DIRECTION('',(0.,-1.,0.));
#2817 = DIRECTION('',(0.522498564716,0.,0.852640164354));
#2818 = ORIENTED_EDGE('',*,*,#2819,.T.);
#2819 = EDGE_CURVE('',#2811,#2820,#2822,.T.);
#2820 = VERTEX_POINT('',#2821);
#2821 = CARTESIAN_POINT('',(-11.75608516489,-40.9,192.02376507407));
#2822 = LINE('',#2823,#2824);
#2823 = CARTESIAN_POINT('',(-11.54618469434,-40.9,192.39856933325));
#2824 = VECTOR('',#2825,1.);
#2825 = DIRECTION('',(-0.488621241497,0.,-0.872496007073));
#2826 = ORIENTED_EDGE('',*,*,#2827,.T.);
#2827 = EDGE_CURVE('',#2820,#2828,#2830,.T.);
#2828 = VERTEX_POINT('',#2829);
#2829 = CARTESIAN_POINT('',(-11.69053276122,-40.9,191.82201552048));
#2830 = CIRCLE('',#2831,0.15);
#2831 = AXIS2_PLACEMENT_3D('',#2832,#2833,#2834);
#2832 = CARTESIAN_POINT('',(-11.62243418626,-40.9,191.95566649911));
#2833 = DIRECTION('',(0.,-1.,-0.));
#2834 = DIRECTION('',(-0.891006524188,-0.,0.45399049974));
#2835 = ORIENTED_EDGE('',*,*,#2836,.F.);
#2836 = EDGE_CURVE('',#2837,#2828,#2839,.T.);
#2837 = VERTEX_POINT('',#2838);
#2838 = CARTESIAN_POINT('',(-11.43950367164,-40.9,191.54374660627));
#2839 = CIRCLE('',#2840,1.469292842572);
#2840 = AXIS2_PLACEMENT_3D('',#2841,#2842,#2843);
#2841 = CARTESIAN_POINT('',(-12.64708132413,-40.9,190.7067414268));
#2842 = DIRECTION('',(-0.,-1.,0.));
#2843 = DIRECTION('',(0.65102649056,-0.,0.759055010252));
#2844 = ORIENTED_EDGE('',*,*,#2845,.F.);
#2845 = EDGE_CURVE('',#2846,#2837,#2848,.T.);
#2846 = VERTEX_POINT('',#2847);
#2847 = CARTESIAN_POINT('',(-11.81724683358,-40.9,190.80238390827));
#2848 = CIRCLE('',#2849,0.471154273188);
#2849 = AXIS2_PLACEMENT_3D('',#2850,#2851,#2852);
#2850 = CARTESIAN_POINT('',(-11.82542515287,-40.9,191.27346719627));
#2851 = DIRECTION('',(-0.,-1.,0.));
#2852 = DIRECTION('',(0.819097911645,-0.,0.573653738015));
#2853 = ORIENTED_EDGE('',*,*,#2854,.F.);
#2854 = EDGE_CURVE('',#2855,#2846,#2857,.T.);
#2855 = VERTEX_POINT('',#2856);
#2856 = CARTESIAN_POINT('',(-12.18992231093,-40.9,190.84190834387));
#2857 = CIRCLE('',#2858,1.469292842572);
#2858 = AXIS2_PLACEMENT_3D('',#2859,#2860,#2861);
#2859 = CARTESIAN_POINT('',(-11.84989175414,-40.9,192.27131405174));
#2860 = DIRECTION('',(0.,-1.,-0.));
#2861 = DIRECTION('',(2.221811718531E-02,0.,-0.999753147166));
#2862 = ORIENTED_EDGE('',*,*,#2863,.T.);
#2863 = EDGE_CURVE('',#2855,#2864,#2866,.T.);
#2864 = VERTEX_POINT('',#2865);
#2865 = CARTESIAN_POINT('',(-12.39167186452,-40.9,190.77635594021));
#2866 = CIRCLE('',#2867,0.15);
#2867 = AXIS2_PLACEMENT_3D('',#2868,#2869,#2870);
#2868 = CARTESIAN_POINT('',(-12.2580208859,-40.9,190.70825736524));
#2869 = DIRECTION('',(0.,-1.,0.));
#2870 = DIRECTION('',(0.453990499739,0.,0.891006524188));
#2871 = ORIENTED_EDGE('',*,*,#2872,.T.);
#2872 = EDGE_CURVE('',#2864,#2873,#2875,.T.);
#2873 = VERTEX_POINT('',#2874);
#2874 = CARTESIAN_POINT('',(-12.63146735013,-40.9,190.25619932174));
#2875 = LINE('',#2876,#2877);
#2876 = CARTESIAN_POINT('',(-12.45162073592,-40.9,190.64631678559));
#2877 = VECTOR('',#2878,1.);
#2878 = DIRECTION('',(-0.418659737537,0.,-0.908143173825));
#2879 = ORIENTED_EDGE('',*,*,#2880,.T.);
#2880 = EDGE_CURVE('',#2873,#2881,#2883,.T.);
#2881 = VERTEX_POINT('',#2882);
#2882 = CARTESIAN_POINT('',(-12.55028793511,-40.9,190.06021487701));
#2883 = CIRCLE('',#2884,0.15);
#2884 = AXIS2_PLACEMENT_3D('',#2885,#2886,#2887);
#2885 = CARTESIAN_POINT('',(-12.49288542025,-40.9,190.19879680689));
#2886 = DIRECTION('',(0.,-1.,0.));
#2887 = DIRECTION('',(-0.923879532511,0.,0.382683432365));
#2888 = ORIENTED_EDGE('',*,*,#2889,.F.);
#2889 = EDGE_CURVE('',#2890,#2881,#2892,.T.);
#2890 = VERTEX_POINT('',#2891);
#2891 = CARTESIAN_POINT('',(-12.27819995706,-40.9,189.80249928836));
#2892 = CIRCLE('',#2893,1.469292842571);
#2893 = AXIS2_PLACEMENT_3D('',#2894,#2895,#2896);
#2894 = CARTESIAN_POINT('',(-13.41638438114,-40.9,188.87332886589));
#2895 = DIRECTION('',(-0.,-1.,0.));
#2896 = DIRECTION('',(0.589464823446,-0.,0.807794046722));
#2897 = ORIENTED_EDGE('',*,*,#2898,.F.);
#2898 = EDGE_CURVE('',#2899,#2890,#2901,.T.);
#2899 = VERTEX_POINT('',#2900);
#2900 = CARTESIAN_POINT('',(-12.596612016,-40.9,189.03378457724));
#2901 = CIRCLE('',#2902,0.471154273188);
#2902 = AXIS2_PLACEMENT_3D('',#2903,#2904,#2905);
#2903 = CARTESIAN_POINT('',(-12.64172589305,-40.9,189.50277400915));
#2904 = DIRECTION('',(-0.,-1.,0.));
#2905 = DIRECTION('',(0.771564552598,-0.,0.636151036448));
#2906 = ORIENTED_EDGE('',*,*,#2907,.F.);
#2907 = EDGE_CURVE('',#2908,#2899,#2910,.T.);
#2908 = VERTEX_POINT('',#2909);
#2909 = CARTESIAN_POINT('',(-12.97123971071,-40.9,189.04394739125));
#2910 = CIRCLE('',#2911,1.469292842573);
#2911 = AXIS2_PLACEMENT_3D('',#2912,#2913,#2914);
#2912 = CARTESIAN_POINT('',(-12.7444072339,-40.9,190.49562520836));
#2913 = DIRECTION('',(0.,-1.,-0.));
#2914 = DIRECTION('',(0.100589354023,0.,-0.994928028481));
#2915 = ORIENTED_EDGE('',*,*,#2916,.T.);
#2916 = EDGE_CURVE('',#2908,#2917,#2919,.T.);
#2917 = VERTEX_POINT('',#2918);
#2918 = CARTESIAN_POINT('',(-13.16722415544,-40.9,188.96276797622));
#2919 = CIRCLE('',#2920,0.15);
#2920 = AXIS2_PLACEMENT_3D('',#2921,#2922,#2923);
#2921 = CARTESIAN_POINT('',(-13.02864222556,-40.9,188.90536546137));
#2922 = DIRECTION('',(0.,-1.,0.));
#2923 = DIRECTION('',(0.382683432365,0.,0.923879532511));
#2924 = ORIENTED_EDGE('',*,*,#2925,.T.);
#2925 = EDGE_CURVE('',#2917,#2926,#2928,.T.);
#2926 = VERTEX_POINT('',#2927);
#2927 = CARTESIAN_POINT('',(-13.36546941367,-40.9,188.42540069006));
#2928 = LINE('',#2929,#2930);
#2929 = CARTESIAN_POINT('',(-13.21678547,-40.9,188.82842615468));
#2930 = VECTOR('',#2931,1.);
#2931 = DIRECTION('',(-0.346117057077,0.,-0.938191335922));
#2932 = ORIENTED_EDGE('',*,*,#2933,.T.);
#2933 = EDGE_CURVE('',#2926,#2934,#2936,.T.);
#2934 = VERTEX_POINT('',#2935);
#2935 = CARTESIAN_POINT('',(-13.26916348538,-40.9,188.23638966346));
#2936 = CIRCLE('',#2937,0.15);
#2937 = AXIS2_PLACEMENT_3D('',#2938,#2939,#2940);
#2938 = CARTESIAN_POINT('',(-13.22281093622,-40.9,188.3790481409));
#2939 = DIRECTION('',(0.,-1.,0.));
#2940 = DIRECTION('',(-0.951056516295,0.,0.309016994375));
#2941 = ORIENTED_EDGE('',*,*,#2942,.F.);
#2942 = EDGE_CURVE('',#2943,#2934,#2945,.T.);
#2943 = VERTEX_POINT('',#2944);
#2944 = CARTESIAN_POINT('',(-12.97769413172,-40.9,188.00081630268));
#2945 = CIRCLE('',#2946,1.469292842575);
#2946 = AXIS2_PLACEMENT_3D('',#2947,#2948,#2949);
#2947 = CARTESIAN_POINT('',(-14.03946804195,-40.9,186.98520928184));
#2948 = DIRECTION('',(-0.,-1.,0.));
#2949 = DIRECTION('',(0.52426890968,-0.,0.851552764274));
#2950 = ORIENTED_EDGE('',*,*,#2951,.F.);
#2951 = EDGE_CURVE('',#2952,#2943,#2954,.T.);
#2952 = VERTEX_POINT('',#2953);
#2953 = CARTESIAN_POINT('',(-13.23481197144,-40.9,187.20948896025));
#2954 = CIRCLE('',#2955,0.471154273188);
#2955 = AXIS2_PLACEMENT_3D('',#2956,#2957,#2958);
#2956 = CARTESIAN_POINT('',(-13.3165832642,-40.9,187.67349306026));
#2957 = DIRECTION('',(-0.,-1.,0.));
#2958 = DIRECTION('',(0.719274241513,-0.,0.6947262522));
#2959 = ORIENTED_EDGE('',*,*,#2960,.F.);
#2960 = EDGE_CURVE('',#2961,#2952,#2963,.T.);
#2961 = VERTEX_POINT('',#2962);
#2962 = CARTESIAN_POINT('',(-13.60908217919,-40.9,187.19022749554));
#2963 = CIRCLE('',#2964,1.469292842574);
#2964 = AXIS2_PLACEMENT_3D('',#2965,#2966,#2967);
#2965 = CARTESIAN_POINT('',(-13.49684628003,-40.9,188.65522734543));
#2966 = DIRECTION('',(0.,-1.,-0.));
#2967 = DIRECTION('',(0.178340424043,0.,-0.983968847653));
#2968 = ORIENTED_EDGE('',*,*,#2969,.T.);
#2969 = EDGE_CURVE('',#2961,#2970,#2972,.T.);
#2970 = VERTEX_POINT('',#2971);
#2971 = CARTESIAN_POINT('',(-13.79809320579,-40.9,187.09392156725));
#2972 = CIRCLE('',#2973,0.15);
#2973 = AXIS2_PLACEMENT_3D('',#2974,#2975,#2976);
#2974 = CARTESIAN_POINT('',(-13.65543472835,-40.9,187.04756901809));
#2975 = DIRECTION('',(0.,-1.,0.));
#2976 = DIRECTION('',(0.309016994375,0.,0.951056516295));
#2977 = ORIENTED_EDGE('',*,*,#2978,.T.);
#2978 = EDGE_CURVE('',#2970,#2979,#2981,.T.);
#2979 = VERTEX_POINT('',#2980);
#2980 = CARTESIAN_POINT('',(-13.9535659887,-40.9,186.5426566614));
#2981 = LINE('',#2982,#2983);
#2982 = CARTESIAN_POINT('',(-13.83696140152,-40.9,186.95610534079));
#2983 = VECTOR('',#2984,1.);
#2984 = DIRECTION('',(-0.271440449865,0.,-0.962455236454));
#2985 = ORIENTED_EDGE('',*,*,#2986,.T.);
#2986 = EDGE_CURVE('',#2979,#2987,#2989,.T.);
#2987 = VERTEX_POINT('',#2988);
#2988 = CARTESIAN_POINT('',(-13.84272730522,-40.9,186.36178436876));
#2989 = CIRCLE('',#2990,0.15);
#2990 = AXIS2_PLACEMENT_3D('',#2991,#2992,#2993);
#2991 = CARTESIAN_POINT('',(-13.80771050064,-40.9,186.50763985682));
#2992 = DIRECTION('',(0.,-1.,0.));
#2993 = DIRECTION('',(-0.972369920398,0.,0.233445363856));
#2994 = ORIENTED_EDGE('',*,*,#2995,.F.);
#2995 = EDGE_CURVE('',#2996,#2987,#2998,.T.);
#2996 = VERTEX_POINT('',#2997);
#2997 = CARTESIAN_POINT('',(-13.53367358144,-40.9,186.14980562395));
#2998 = CIRCLE('',#2999,1.469292842571);
#2999 = AXIS2_PLACEMENT_3D('',#3000,#3001,#3002);
#3000 = CARTESIAN_POINT('',(-14.51249078859,-40.9,185.05402355975));
#3001 = DIRECTION('',(-0.,-1.,0.));
#3002 = DIRECTION('',(0.455840703747,-0.,0.890061375865));
#3003 = ORIENTED_EDGE('',*,*,#3004,.F.);
#3004 = EDGE_CURVE('',#3005,#2996,#3007,.T.);
#3005 = VERTEX_POINT('',#3006);
#3006 = CARTESIAN_POINT('',(-13.72791198496,-40.9,185.34074444643));
#3007 = CIRCLE('',#3008,0.471154273188);
#3008 = AXIS2_PLACEMENT_3D('',#3009,#3010,#3011);
#3009 = CARTESIAN_POINT('',(-13.84583654622,-40.9,185.79690247496));
#3010 = DIRECTION('',(-0.,-1.,0.));
#3011 = DIRECTION('',(0.662549365546,-0.,0.749018249587));
#3012 = ORIENTED_EDGE('',*,*,#3013,.F.);
#3013 = EDGE_CURVE('',#3014,#3005,#3016,.T.);
#3014 = VERTEX_POINT('',#3015);
#3015 = CARTESIAN_POINT('',(-14.09951720546,-40.9,185.29217745632));
#3016 = CIRCLE('',#3017,1.469292842574);
#3017 = AXIS2_PLACEMENT_3D('',#3018,#3019,#3020);
#3018 = CARTESIAN_POINT('',(-14.10256985559,-40.9,186.76146712775));
#3019 = DIRECTION('',(0.,-1.,-0.));
#3020 = DIRECTION('',(0.254991966045,0.,-0.966943171677));
#3021 = ORIENTED_EDGE('',*,*,#3022,.T.);
#3022 = EDGE_CURVE('',#3014,#3023,#3025,.T.);
#3023 = VERTEX_POINT('',#3024);
#3024 = CARTESIAN_POINT('',(-14.2803894981,-40.9,185.18133877284));
#3025 = CIRCLE('',#3026,0.15);
#3026 = AXIS2_PLACEMENT_3D('',#3027,#3028,#3029);
#3027 = CARTESIAN_POINT('',(-14.13453401004,-40.9,185.14632196826));
#3028 = DIRECTION('',(0.,-1.,0.));
#3029 = DIRECTION('',(0.233445363856,0.,0.972369920398));
#3030 = ORIENTED_EDGE('',*,*,#3031,.T.);
#3031 = EDGE_CURVE('',#3023,#3032,#3034,.T.);
#3032 = VERTEX_POINT('',#3033);
#3033 = CARTESIAN_POINT('',(-14.39213126429,-40.9,184.61957497876));
#3034 = LINE('',#3035,#3036);
#3035 = CARTESIAN_POINT('',(-14.30832493965,-40.9,185.04089782432));
#3036 = VECTOR('',#3037,1.);
#3037 = DIRECTION('',(-0.195090322016,0.,-0.980785280403));
#3038 = ORIENTED_EDGE('',*,*,#3039,.T.);
#3039 = EDGE_CURVE('',#3032,#3040,#3042,.T.);
#3040 = VERTEX_POINT('',#3041);
#3041 = CARTESIAN_POINT('',(-14.26744318296,-40.9,184.44795655792));
#3042 = CIRCLE('',#3043,0.15);
#3043 = AXIS2_PLACEMENT_3D('',#3044,#3045,#3046);
#3044 = CARTESIAN_POINT('',(-14.2439780132,-40.9,184.59610980901));
#3045 = DIRECTION('',(0.,-1.,0.));
#3046 = DIRECTION('',(-0.987688340595,0.,0.15643446504));
#3047 = ORIENTED_EDGE('',*,*,#3048,.F.);
#3048 = EDGE_CURVE('',#3049,#3040,#3051,.T.);
#3049 = VERTEX_POINT('',#3050);
#3050 = CARTESIAN_POINT('',(-13.94271050803,-40.9,184.26087934853));
#3051 = CIRCLE('',#3052,1.469292842572);
#3052 = AXIS2_PLACEMENT_3D('',#3053,#3054,#3055);
#3053 = CARTESIAN_POINT('',(-14.83253627852,-40.9,183.09167810178));
#3054 = DIRECTION('',(-0.,-1.,0.));
#3055 = DIRECTION('',(0.384602088294,-0.,0.923082463098));
#3056 = ORIENTED_EDGE('',*,*,#3057,.F.);
#3057 = EDGE_CURVE('',#3058,#3049,#3060,.T.);
#3058 = VERTEX_POINT('',#3059);
#3059 = CARTESIAN_POINT('',(-14.072871931,-40.9,183.43907246712));
#3060 = CIRCLE('',#3061,0.471154273188);
#3061 = AXIS2_PLACEMENT_3D('',#3062,#3063,#3064);
#3062 = CARTESIAN_POINT('',(-14.22622271662,-40.9,183.88457205824));
#3063 = DIRECTION('',(-0.,-1.,0.));
#3064 = DIRECTION('',(0.601739652421,-0.,0.798692300391));
#3065 = ORIENTED_EDGE('',*,*,#3066,.F.);
#3066 = EDGE_CURVE('',#3067,#3058,#3069,.T.);
#3067 = VERTEX_POINT('',#3068);
#3068 = CARTESIAN_POINT('',(-14.4395210945,-40.9,183.36149938326));
#3069 = CIRCLE('',#3070,1.469292842571);
#3070 = AXIS2_PLACEMENT_3D('',#3071,#3072,#3073);
#3071 = CARTESIAN_POINT('',(-14.5578434733,-40.9,184.82602021681));
#3072 = DIRECTION('',(0.,-1.,-0.));
#3073 = DIRECTION('',(0.330071397783,0.,-0.943955969506));
#3074 = ORIENTED_EDGE('',*,*,#3075,.T.);
#3075 = EDGE_CURVE('',#3067,#3076,#3078,.T.);
#3076 = VERTEX_POINT('',#3077);
#3077 = CARTESIAN_POINT('',(-14.61113951534,-40.9,183.23681130193));
#3078 = CIRCLE('',#3079,0.15);
#3079 = AXIS2_PLACEMENT_3D('',#3080,#3081,#3082);
#3080 = CARTESIAN_POINT('',(-14.46298626426,-40.9,183.21334613217));
#3081 = DIRECTION('',(0.,-1.,0.));
#3082 = DIRECTION('',(0.15643446504,0.,0.987688340595));
#3083 = ORIENTED_EDGE('',*,*,#3084,.T.);
#3084 = EDGE_CURVE('',#3076,#3085,#3087,.T.);
#3085 = VERTEX_POINT('',#3086);
#3086 = CARTESIAN_POINT('',(-14.67846133966,-40.9,182.66801208022));
#3087 = LINE('',#3088,#3089);
#3088 = CARTESIAN_POINT('',(-14.62796997142,-40.9,183.0946114965));
#3089 = VECTOR('',#3090,1.);
#3090 = DIRECTION('',(-0.117537397458,0.,-0.993068456955));
#3091 = ORIENTED_EDGE('',*,*,#3092,.T.);
#3092 = EDGE_CURVE('',#3085,#3093,#3095,.T.);
#3093 = VERTEX_POINT('',#3094);
#3094 = CARTESIAN_POINT('',(-14.54069260396,-40.9,182.5067056158));
#3095 = CIRCLE('',#3096,0.15);
#3096 = AXIS2_PLACEMENT_3D('',#3097,#3098,#3099);
#3097 = CARTESIAN_POINT('',(-14.5289237396,-40.9,182.65624321586));
#3098 = DIRECTION('',(0.,-1.,0.));
#3099 = DIRECTION('',(-0.996917333733,0.,7.845909572779E-02));
#3100 = ORIENTED_EDGE('',*,*,#3101,.F.);
#3101 = EDGE_CURVE('',#3102,#3093,#3104,.T.);
#3102 = VERTEX_POINT('',#3103);
#3103 = CARTESIAN_POINT('',(-14.20228306283,-40.9,182.34568333505));
#3104 = CIRCLE('',#3105,1.46929284257);
#3105 = AXIS2_PLACEMENT_3D('',#3106,#3107,#3108);
#3106 = CARTESIAN_POINT('',(-14.99763132488,-40.9,181.11027142023));
#3107 = DIRECTION('',(-0.,-1.,0.));
#3108 = DIRECTION('',(0.310992273073,-0.,0.95041243999));
#3109 = ORIENTED_EDGE('',*,*,#3110,.F.);
#3110 = EDGE_CURVE('',#3111,#3102,#3113,.T.);
#3111 = VERTEX_POINT('',#3112);
#3112 = CARTESIAN_POINT('',(-14.26756501679,-40.9,181.51619746243));
#3113 = CIRCLE('',#3114,0.471154273188);
#3114 = AXIS2_PLACEMENT_3D('',#3115,#3116,#3117);
#3115 = CARTESIAN_POINT('',(-14.45539656818,-40.9,181.94829196303));
#3116 = DIRECTION('',(-0.,-1.,0.));
#3117 = DIRECTION('',(0.537220014239,-0.,0.843442147572));
#3118 = ORIENTED_EDGE('',*,*,#3119,.F.);
#3119 = EDGE_CURVE('',#3120,#3111,#3122,.T.);
#3120 = VERTEX_POINT('',#3121);
#3121 = CARTESIAN_POINT('',(-14.62699760926,-40.9,181.41009654869));
#3122 = CIRCLE('',#3123,1.469292842573);
#3123 = AXIS2_PLACEMENT_3D('',#3124,#3125,#3126);
#3124 = CARTESIAN_POINT('',(-14.85986021994,-40.9,182.86081928643));
#3125 = DIRECTION('',(0.,-1.,-0.));
#3126 = DIRECTION('',(0.403115829594,0.,-0.915148964885));
#3127 = ORIENTED_EDGE('',*,*,#3128,.T.);
#3128 = EDGE_CURVE('',#3120,#3129,#3131,.T.);
#3129 = VERTEX_POINT('',#3130);
#3130 = CARTESIAN_POINT('',(-14.78830407368,-40.9,181.27232781299));
#3131 = CIRCLE('',#3132,0.15);
#3132 = AXIS2_PLACEMENT_3D('',#3133,#3134,#3135);
#3133 = CARTESIAN_POINT('',(-14.63876647362,-40.9,181.26055894863));
#3134 = DIRECTION('',(0.,-1.,0.));
#3135 = DIRECTION('',(7.845909572783E-02,0.,0.996917333733));
#3136 = ORIENTED_EDGE('',*,*,#3137,.T.);
#3137 = EDGE_CURVE('',#3129,#3138,#3140,.T.);
#3138 = VERTEX_POINT('',#3139);
#3139 = CARTESIAN_POINT('',(-14.8107908947,-40.9,180.7));
#3140 = LINE('',#3141,#3142);
#3141 = CARTESIAN_POINT('',(-14.79392577894,-40.9,181.12924585974));
#3142 = VECTOR('',#3143,1.);
#3143 = DIRECTION('',(-3.925981575907E-02,0.,-0.999229036241));
#3144 = ORIENTED_EDGE('',*,*,#3145,.T.);
#3145 = EDGE_CURVE('',#3138,#3146,#3148,.T.);
#3146 = VERTEX_POINT('',#3147);
#3147 = CARTESIAN_POINT('',(-14.6607908947,-40.9,180.55));
#3148 = CIRCLE('',#3149,0.15);
#3149 = AXIS2_PLACEMENT_3D('',#3150,#3151,#3152);
#3150 = CARTESIAN_POINT('',(-14.6607908947,-40.9,180.7));
#3151 = DIRECTION('',(0.,-1.,0.));
#3152 = DIRECTION('',(-1.,0.,0.));
#3153 = ORIENTED_EDGE('',*,*,#3154,.F.);
#3154 = EDGE_CURVE('',#3155,#3146,#3157,.T.);
#3155 = VERTEX_POINT('',#3156);
#3156 = CARTESIAN_POINT('',(-14.3107908947,-40.9,180.41602540378));
#3157 = CIRCLE('',#3158,1.469292842573);
#3158 = AXIS2_PLACEMENT_3D('',#3159,#3160,#3161);
#3159 = CARTESIAN_POINT('',(-15.00675806181,-40.9,179.12201954617));
#3160 = DIRECTION('',(-0.,-1.,0.));
#3161 = DIRECTION('',(0.235465087074,-0.,0.971882808146));
#3162 = ORIENTED_EDGE('',*,*,#3163,.F.);
#3163 = EDGE_CURVE('',#3164,#3155,#3166,.T.);
#3164 = VERTEX_POINT('',#3165);
#3165 = CARTESIAN_POINT('',(-14.3107908947,-40.9,179.58397459621));
#3166 = CIRCLE('',#3167,0.471154273188);
#3167 = AXIS2_PLACEMENT_3D('',#3168,#3169,#3170);
#3168 = CARTESIAN_POINT('',(-14.53194516789,-40.9,180.));
#3169 = DIRECTION('',(-0.,-1.,0.));
#3170 = DIRECTION('',(0.469388236026,-0.,0.88299189344));
#3171 = ORIENTED_EDGE('',*,*,#3172,.F.);
#3172 = EDGE_CURVE('',#3173,#3164,#3175,.T.);
#3173 = VERTEX_POINT('',#3174);
#3174 = CARTESIAN_POINT('',(-14.6607908947,-40.9,179.45));
#3175 = CIRCLE('',#3176,1.469292842572);
#3176 = AXIS2_PLACEMENT_3D('',#3177,#3178,#3179);
#3177 = CARTESIAN_POINT('',(-15.00675806181,-40.9,180.87798045382));
#3178 = DIRECTION('',(0.,-1.,-0.));
#3179 = DIRECTION('',(0.473674918265,0.,-0.880699762579));
#3180 = ORIENTED_EDGE('',*,*,#3181,.T.);
#3181 = EDGE_CURVE('',#3173,#3182,#3184,.T.);
#3182 = VERTEX_POINT('',#3183);
#3183 = CARTESIAN_POINT('',(-14.8107908947,-40.9,179.3));
#3184 = CIRCLE('',#3185,0.15);
#3185 = AXIS2_PLACEMENT_3D('',#3186,#3187,#3188);
#3186 = CARTESIAN_POINT('',(-14.6607908947,-40.9,179.3));
#3187 = DIRECTION('',(0.,-1.,0.));
#3188 = DIRECTION('',(-3.079018521626E-13,0.,1.));
#3189 = ORIENTED_EDGE('',*,*,#3190,.T.);
#3190 = EDGE_CURVE('',#3182,#3191,#3193,.T.);
#3191 = VERTEX_POINT('',#3192);
#3192 = CARTESIAN_POINT('',(-14.78830407368,-40.9,178.727672187));
#3193 = LINE('',#3194,#3195);
#3194 = CARTESIAN_POINT('',(-14.80516918944,-40.9,179.15691804675));
#3195 = VECTOR('',#3196,1.);
#3196 = DIRECTION('',(3.925981575907E-02,0.,-0.999229036241));
#3197 = ORIENTED_EDGE('',*,*,#3198,.T.);
#3198 = EDGE_CURVE('',#3191,#3199,#3201,.T.);
#3199 = VERTEX_POINT('',#3200);
#3200 = CARTESIAN_POINT('',(-14.62699760926,-40.9,178.5899034513));
#3201 = CIRCLE('',#3202,0.15);
#3202 = AXIS2_PLACEMENT_3D('',#3203,#3204,#3205);
#3203 = CARTESIAN_POINT('',(-14.63876647362,-40.9,178.73944105136));
#3204 = DIRECTION('',(0.,-1.,0.));
#3205 = DIRECTION('',(-0.996917333733,-0.,-7.845909572779E-02));
#3206 = ORIENTED_EDGE('',*,*,#3207,.F.);
#3207 = EDGE_CURVE('',#3208,#3199,#3210,.T.);
#3208 = VERTEX_POINT('',#3209);
#3209 = CARTESIAN_POINT('',(-14.26756501679,-40.9,178.48380253756));
#3210 = CIRCLE('',#3211,1.469292842573);
#3211 = AXIS2_PLACEMENT_3D('',#3212,#3213,#3214);
#3212 = CARTESIAN_POINT('',(-14.85986021994,-40.9,177.13918071356));
#3213 = DIRECTION('',(-0.,-1.,0.));
#3214 = DIRECTION('',(0.158486180513,-0.,0.987361195605));
#3215 = ORIENTED_EDGE('',*,*,#3216,.F.);
#3216 = EDGE_CURVE('',#3217,#3208,#3219,.T.);
#3217 = VERTEX_POINT('',#3218);
#3218 = CARTESIAN_POINT('',(-14.20228306283,-40.9,177.65431666494));
#3219 = CIRCLE('',#3220,0.471154273188);
#3220 = AXIS2_PLACEMENT_3D('',#3221,#3222,#3223);
#3221 = CARTESIAN_POINT('',(-14.45539656818,-40.9,178.05170803696));
#3222 = DIRECTION('',(-0.,-1.,0.));
#3223 = DIRECTION('',(0.398662523251,-0.,0.91709770066));
#3224 = ORIENTED_EDGE('',*,*,#3225,.F.);
#3225 = EDGE_CURVE('',#3226,#3217,#3228,.T.);
#3226 = VERTEX_POINT('',#3227);
#3227 = CARTESIAN_POINT('',(-14.54069260396,-40.9,177.49329438419));
#3228 = CIRCLE('',#3229,1.469292842574);
#3229 = AXIS2_PLACEMENT_3D('',#3230,#3231,#3232);
#3230 = CARTESIAN_POINT('',(-14.99763132489,-40.9,178.88972857976));
#3231 = DIRECTION('',(0.,-1.,-0.));
#3232 = DIRECTION('',(0.541313643553,0.,-0.840820753373));
#3233 = ORIENTED_EDGE('',*,*,#3234,.T.);
#3234 = EDGE_CURVE('',#3226,#3235,#3237,.T.);
#3235 = VERTEX_POINT('',#3236);
#3236 = CARTESIAN_POINT('',(-14.67846133966,-40.9,177.33198791977));
#3237 = CIRCLE('',#3238,0.15);
#3238 = AXIS2_PLACEMENT_3D('',#3239,#3240,#3241);
#3239 = CARTESIAN_POINT('',(-14.5289237396,-40.9,177.34375678413));
#3240 = DIRECTION('',(0.,-1.,0.));
#3241 = DIRECTION('',(-7.845909572769E-02,0.,0.996917333733));
#3242 = ORIENTED_EDGE('',*,*,#3243,.T.);
#3243 = EDGE_CURVE('',#3235,#3244,#3246,.T.);
#3244 = VERTEX_POINT('',#3245);
#3245 = CARTESIAN_POINT('',(-14.61113951534,-40.9,176.76318869806));
#3246 = LINE('',#3247,#3248);
#3247 = CARTESIAN_POINT('',(-14.66163088358,-40.9,177.18978811435));
#3248 = VECTOR('',#3249,1.);
#3249 = DIRECTION('',(0.117537397458,0.,-0.993068456955));
#3250 = ORIENTED_EDGE('',*,*,#3251,.T.);
#3251 = EDGE_CURVE('',#3244,#3252,#3254,.T.);
#3252 = VERTEX_POINT('',#3253);
#3253 = CARTESIAN_POINT('',(-14.4395210945,-40.9,176.63850061673));
#3254 = CIRCLE('',#3255,0.15);
#3255 = AXIS2_PLACEMENT_3D('',#3256,#3257,#3258);
#3256 = CARTESIAN_POINT('',(-14.46298626426,-40.9,176.78665386782));
#3257 = DIRECTION('',(0.,-1.,0.));
#3258 = DIRECTION('',(-0.987688340595,-0.,-0.15643446504));
#3259 = ORIENTED_EDGE('',*,*,#3260,.F.);
#3260 = EDGE_CURVE('',#3261,#3252,#3263,.T.);
#3261 = VERTEX_POINT('',#3262);
#3262 = CARTESIAN_POINT('',(-14.072871931,-40.9,176.56092753287));
#3263 = CIRCLE('',#3264,1.469292842571);
#3264 = AXIS2_PLACEMENT_3D('',#3265,#3266,#3267);
#3265 = CARTESIAN_POINT('',(-14.5578434733,-40.9,175.17397978318));
#3266 = DIRECTION('',(-0.,-1.,0.));
#3267 = DIRECTION('',(8.053015394597E-02,-0.,0.996752172962));
#3268 = ORIENTED_EDGE('',*,*,#3269,.F.);
#3269 = EDGE_CURVE('',#3270,#3261,#3272,.T.);
#3270 = VERTEX_POINT('',#3271);
#3271 = CARTESIAN_POINT('',(-13.94271050803,-40.9,175.73912065146));
#3272 = CIRCLE('',#3273,0.471154273188);
#3273 = AXIS2_PLACEMENT_3D('',#3274,#3275,#3276);
#3274 = CARTESIAN_POINT('',(-14.22622271662,-40.9,176.11542794175));
#3275 = DIRECTION('',(-0.,-1.,0.));
#3276 = DIRECTION('',(0.325478923451,-0.,0.945549295589));
#3277 = ORIENTED_EDGE('',*,*,#3278,.F.);
#3278 = EDGE_CURVE('',#3279,#3270,#3281,.T.);
#3279 = VERTEX_POINT('',#3280);
#3280 = CARTESIAN_POINT('',(-14.26744318296,-40.9,175.55204344207));
#3281 = CIRCLE('',#3282,1.469292842573);
#3282 = AXIS2_PLACEMENT_3D('',#3283,#3284,#3285);
#3283 = CARTESIAN_POINT('',(-14.83253627852,-40.9,176.90832189821));
#3284 = DIRECTION('',(0.,-1.,-0.));
#3285 = DIRECTION('',(0.605614990223,0.,-0.795757804622));
#3286 = ORIENTED_EDGE('',*,*,#3287,.T.);
#3287 = EDGE_CURVE('',#3279,#3288,#3290,.T.);
#3288 = VERTEX_POINT('',#3289);
#3289 = CARTESIAN_POINT('',(-14.39213126429,-40.9,175.38042502123));
#3290 = CIRCLE('',#3291,0.15);
#3291 = AXIS2_PLACEMENT_3D('',#3292,#3293,#3294);
#3292 = CARTESIAN_POINT('',(-14.2439780132,-40.9,175.40389019098));
#3293 = DIRECTION('',(0.,-1.,0.));
#3294 = DIRECTION('',(-0.15643446504,0.,0.987688340595));
#3295 = ORIENTED_EDGE('',*,*,#3296,.T.);
#3296 = EDGE_CURVE('',#3288,#3297,#3299,.T.);
#3297 = VERTEX_POINT('',#3298);
#3298 = CARTESIAN_POINT('',(-14.2803894981,-40.9,174.81866122715));
#3299 = LINE('',#3300,#3301);
#3300 = CARTESIAN_POINT('',(-14.36419582274,-40.9,175.23998407271));
#3301 = VECTOR('',#3302,1.);
#3302 = DIRECTION('',(0.195090322016,0.,-0.980785280403));
#3303 = ORIENTED_EDGE('',*,*,#3304,.T.);
#3304 = EDGE_CURVE('',#3297,#3305,#3307,.T.);
#3305 = VERTEX_POINT('',#3306);
#3306 = CARTESIAN_POINT('',(-14.09951720546,-40.9,174.70782254367));
#3307 = CIRCLE('',#3308,0.15);
#3308 = AXIS2_PLACEMENT_3D('',#3309,#3310,#3311);
#3309 = CARTESIAN_POINT('',(-14.13453401004,-40.9,174.85367803173));
#3310 = DIRECTION('',(0.,-1.,0.));
#3311 = DIRECTION('',(-0.972369920398,-0.,-0.233445363856));
#3312 = ORIENTED_EDGE('',*,*,#3313,.F.);
#3313 = EDGE_CURVE('',#3314,#3305,#3316,.T.);
#3314 = VERTEX_POINT('',#3315);
#3315 = CARTESIAN_POINT('',(-13.72791198496,-40.9,174.65925555356));
#3316 = CIRCLE('',#3317,1.469292842574);
#3317 = AXIS2_PLACEMENT_3D('',#3318,#3319,#3320);
#3318 = CARTESIAN_POINT('',(-14.10256985559,-40.9,173.23853287224));
#3319 = DIRECTION('',(-0.,-1.,0.));
#3320 = DIRECTION('',(2.077632201815E-03,-0.,0.99999784172));
#3321 = ORIENTED_EDGE('',*,*,#3322,.F.);
#3322 = EDGE_CURVE('',#3323,#3314,#3325,.T.);
#3323 = VERTEX_POINT('',#3324);
#3324 = CARTESIAN_POINT('',(-13.53367358144,-40.9,173.85019437604));
#3325 = CIRCLE('',#3326,0.471154273188);
#3326 = AXIS2_PLACEMENT_3D('',#3327,#3328,#3329);
#3327 = CARTESIAN_POINT('',(-13.84583654622,-40.9,174.20309752503));
#3328 = DIRECTION('',(-0.,-1.,0.));
#3329 = DIRECTION('',(0.250288637855,-0.,0.968171264685));
#3330 = ORIENTED_EDGE('',*,*,#3331,.F.);
#3331 = EDGE_CURVE('',#3332,#3323,#3334,.T.);
#3332 = VERTEX_POINT('',#3333);
#3333 = CARTESIAN_POINT('',(-13.84272730522,-40.9,173.63821563123));
#3334 = CIRCLE('',#3335,1.469292842571);
#3335 = AXIS2_PLACEMENT_3D('',#3336,#3337,#3338);
#3336 = CARTESIAN_POINT('',(-14.51249078859,-40.9,174.94597644024));
#3337 = DIRECTION('',(0.,-1.,-0.));
#3338 = DIRECTION('',(0.666182519091,0.,-0.745788744389));
#3339 = ORIENTED_EDGE('',*,*,#3340,.T.);
#3340 = EDGE_CURVE('',#3332,#3341,#3343,.T.);
#3341 = VERTEX_POINT('',#3342);
#3342 = CARTESIAN_POINT('',(-13.9535659887,-40.9,173.45734333859));
#3343 = CIRCLE('',#3344,0.15);
#3344 = AXIS2_PLACEMENT_3D('',#3345,#3346,#3347);
#3345 = CARTESIAN_POINT('',(-13.80771050064,-40.9,173.49236014317));
#3346 = DIRECTION('',(0.,-1.,0.));
#3347 = DIRECTION('',(-0.233445363856,0.,0.972369920398));
#3348 = ORIENTED_EDGE('',*,*,#3349,.T.);
#3349 = EDGE_CURVE('',#3341,#3350,#3352,.T.);
#3350 = VERTEX_POINT('',#3351);
#3351 = CARTESIAN_POINT('',(-13.79809320579,-40.9,172.90607843274));
#3352 = LINE('',#3353,#3354);
#3353 = CARTESIAN_POINT('',(-13.91469779297,-40.9,173.31952711213));
#3354 = VECTOR('',#3355,1.);
#3355 = DIRECTION('',(0.271440449865,0.,-0.962455236454));
#3356 = ORIENTED_EDGE('',*,*,#3357,.T.);
#3357 = EDGE_CURVE('',#3350,#3358,#3360,.T.);
#3358 = VERTEX_POINT('',#3359);
#3359 = CARTESIAN_POINT('',(-13.60908217919,-40.9,172.80977250446));
#3360 = CIRCLE('',#3361,0.15);
#3361 = AXIS2_PLACEMENT_3D('',#3362,#3363,#3364);
#3362 = CARTESIAN_POINT('',(-13.65543472835,-40.9,172.9524309819));
#3363 = DIRECTION('',(0.,-1.,0.));
#3364 = DIRECTION('',(-0.951056516295,-0.,-0.309016994375));
#3365 = ORIENTED_EDGE('',*,*,#3366,.F.);
#3366 = EDGE_CURVE('',#3367,#3358,#3369,.T.);
#3367 = VERTEX_POINT('',#3368);
#3368 = CARTESIAN_POINT('',(-13.23481197144,-40.9,172.79051103974));
#3369 = CIRCLE('',#3370,1.469292842571);
#3370 = AXIS2_PLACEMENT_3D('',#3371,#3372,#3373);
#3371 = CARTESIAN_POINT('',(-13.49684628003,-40.9,171.34477265457));
#3372 = DIRECTION('',(0.,-1.,-0.));
#3373 = DIRECTION('',(-7.638769883634E-02,-0.,0.99707819125));
#3374 = ORIENTED_EDGE('',*,*,#3375,.F.);
#3375 = EDGE_CURVE('',#3376,#3367,#3378,.T.);
#3376 = VERTEX_POINT('',#3377);
#3377 = CARTESIAN_POINT('',(-12.97769413172,-40.9,171.99918369731));
#3378 = CIRCLE('',#3379,0.471154273188);
#3379 = AXIS2_PLACEMENT_3D('',#3380,#3381,#3382);
#3380 = CARTESIAN_POINT('',(-13.3165832642,-40.9,172.32650693973));
#3381 = DIRECTION('',(-0.,-1.,0.));
#3382 = DIRECTION('',(0.173555239577,-0.,0.984824135983));
#3383 = ORIENTED_EDGE('',*,*,#3384,.F.);
#3384 = EDGE_CURVE('',#3385,#3376,#3387,.T.);
#3385 = VERTEX_POINT('',#3386);
#3386 = CARTESIAN_POINT('',(-13.26916348538,-40.9,171.76361033653));
#3387 = CIRCLE('',#3388,1.469292842572);
#3388 = AXIS2_PLACEMENT_3D('',#3389,#3390,#3391);
#3389 = CARTESIAN_POINT('',(-14.03946804195,-40.9,173.01479071815));
#3390 = DIRECTION('',(0.,-1.,-0.));
#3391 = DIRECTION('',(0.722642811201,0.,-0.691221648547));
#3392 = ORIENTED_EDGE('',*,*,#3393,.T.);
#3393 = EDGE_CURVE('',#3385,#3394,#3396,.T.);
#3394 = VERTEX_POINT('',#3395);
#3395 = CARTESIAN_POINT('',(-13.36546941367,-40.9,171.57459930993));
#3396 = CIRCLE('',#3397,0.15);
#3397 = AXIS2_PLACEMENT_3D('',#3398,#3399,#3400);
#3398 = CARTESIAN_POINT('',(-13.22281093622,-40.9,171.62095185909));
#3399 = DIRECTION('',(0.,-1.,0.));
#3400 = DIRECTION('',(-0.309016994375,0.,0.951056516295));
#3401 = ORIENTED_EDGE('',*,*,#3402,.T.);
#3402 = EDGE_CURVE('',#3394,#3403,#3405,.T.);
#3403 = VERTEX_POINT('',#3404);
#3404 = CARTESIAN_POINT('',(-13.16722415544,-40.9,171.03723202377));
#3405 = LINE('',#3406,#3407);
#3406 = CARTESIAN_POINT('',(-13.31590809911,-40.9,171.44025748839));
#3407 = VECTOR('',#3408,1.);
#3408 = DIRECTION('',(0.346117057077,0.,-0.938191335922));
#3409 = ORIENTED_EDGE('',*,*,#3410,.T.);
#3410 = EDGE_CURVE('',#3403,#3411,#3413,.T.);
#3411 = VERTEX_POINT('',#3412);
#3412 = CARTESIAN_POINT('',(-12.97123971071,-40.9,170.95605260874));
#3413 = CIRCLE('',#3414,0.15);
#3414 = AXIS2_PLACEMENT_3D('',#3415,#3416,#3417);
#3415 = CARTESIAN_POINT('',(-13.02864222556,-40.9,171.09463453862));
#3416 = DIRECTION('',(0.,-1.,0.));
#3417 = DIRECTION('',(-0.923879532511,-0.,-0.382683432365));
#3418 = ORIENTED_EDGE('',*,*,#3419,.F.);
#3419 = EDGE_CURVE('',#3420,#3411,#3422,.T.);
#3420 = VERTEX_POINT('',#3421);
#3421 = CARTESIAN_POINT('',(-12.596612016,-40.9,170.96621542275));
#3422 = CIRCLE('',#3423,1.469292842573);
#3423 = AXIS2_PLACEMENT_3D('',#3424,#3425,#3426);
#3424 = CARTESIAN_POINT('',(-12.7444072339,-40.9,169.50437479163));
#3425 = DIRECTION('',(0.,-1.,-0.));
#3426 = DIRECTION('',(-0.154382074309,-0.,0.988011222169));
#3427 = ORIENTED_EDGE('',*,*,#3428,.F.);
#3428 = EDGE_CURVE('',#3429,#3420,#3431,.T.);
#3429 = VERTEX_POINT('',#3430);
#3430 = CARTESIAN_POINT('',(-12.27819995706,-40.9,170.19750071163));
#3431 = CIRCLE('',#3432,0.471154273188);
#3432 = AXIS2_PLACEMENT_3D('',#3433,#3434,#3435);
#3433 = CARTESIAN_POINT('',(-12.64172589305,-40.9,170.49722599085));
#3434 = DIRECTION('',(-0.,-1.,0.));
#3435 = DIRECTION('',(9.575181553431E-02,-0.,0.995405238997));
#3436 = ORIENTED_EDGE('',*,*,#3437,.F.);
#3437 = EDGE_CURVE('',#3438,#3429,#3440,.T.);
#3438 = VERTEX_POINT('',#3439);
#3439 = CARTESIAN_POINT('',(-12.55028793511,-40.9,169.93978512298));
#3440 = CIRCLE('',#3441,1.46929284257);
#3441 = AXIS2_PLACEMENT_3D('',#3442,#3443,#3444);
#3442 = CARTESIAN_POINT('',(-13.41638438114,-40.9,171.1266711341));
#3443 = DIRECTION('',(0.,-1.,-0.));
#3444 = DIRECTION('',(0.774647770076,0.,-0.632392941387));
#3445 = ORIENTED_EDGE('',*,*,#3446,.T.);
#3446 = EDGE_CURVE('',#3438,#3447,#3449,.T.);
#3447 = VERTEX_POINT('',#3448);
#3448 = CARTESIAN_POINT('',(-12.63146735013,-40.9,169.74380067825));
#3449 = CIRCLE('',#3450,0.15);
#3450 = AXIS2_PLACEMENT_3D('',#3451,#3452,#3453);
#3451 = CARTESIAN_POINT('',(-12.49288542025,-40.9,169.80120319311));
#3452 = DIRECTION('',(0.,-1.,-0.));
#3453 = DIRECTION('',(-0.382683432365,-0.,0.923879532511));
#3454 = ORIENTED_EDGE('',*,*,#3455,.T.);
#3455 = EDGE_CURVE('',#3447,#3456,#3458,.T.);
#3456 = VERTEX_POINT('',#3457);
#3457 = CARTESIAN_POINT('',(-12.39167186452,-40.9,169.22364405979));
#3458 = LINE('',#3459,#3460);
#3459 = CARTESIAN_POINT('',(-12.57151847873,-40.9,169.61376152363));
#3460 = VECTOR('',#3461,1.);
#3461 = DIRECTION('',(0.418659737537,0.,-0.908143173825));
#3462 = ORIENTED_EDGE('',*,*,#3463,.T.);
#3463 = EDGE_CURVE('',#3456,#3464,#3466,.T.);
#3464 = VERTEX_POINT('',#3465);
#3465 = CARTESIAN_POINT('',(-12.18992231093,-40.9,169.15809165612));
#3466 = CIRCLE('',#3467,0.15);
#3467 = AXIS2_PLACEMENT_3D('',#3468,#3469,#3470);
#3468 = CARTESIAN_POINT('',(-12.2580208859,-40.9,169.29174263475));
#3469 = DIRECTION('',(0.,-1.,0.));
#3470 = DIRECTION('',(-0.891006524188,-0.,-0.45399049974));
#3471 = ORIENTED_EDGE('',*,*,#3472,.F.);
#3472 = EDGE_CURVE('',#3473,#3464,#3475,.T.);
#3473 = VERTEX_POINT('',#3474);
#3474 = CARTESIAN_POINT('',(-11.81724683358,-40.9,169.19761609172));
#3475 = CIRCLE('',#3476,1.469292842572);
#3476 = AXIS2_PLACEMENT_3D('',#3477,#3478,#3479);
#3477 = CARTESIAN_POINT('',(-11.84989175414,-40.9,167.72868594825));
#3478 = DIRECTION('',(-0.,-1.,0.));
#3479 = DIRECTION('',(-0.231424632957,0.,0.972852835356));
#3480 = ORIENTED_EDGE('',*,*,#3481,.F.);
#3481 = EDGE_CURVE('',#3482,#3473,#3484,.T.);
#3482 = VERTEX_POINT('',#3483);
#3483 = CARTESIAN_POINT('',(-11.43950367164,-40.9,168.45625339372));
#3484 = CIRCLE('',#3485,0.471154273188);
#3485 = AXIS2_PLACEMENT_3D('',#3486,#3487,#3488);
#3486 = CARTESIAN_POINT('',(-11.82542515287,-40.9,168.72653280372));
#3487 = DIRECTION('',(-0.,-1.,0.));
#3488 = DIRECTION('',(1.735804970809E-02,-0.,0.999849337706));
#3489 = ORIENTED_EDGE('',*,*,#3490,.F.);
#3490 = EDGE_CURVE('',#3491,#3482,#3493,.T.);
#3491 = VERTEX_POINT('',#3492);
#3492 = CARTESIAN_POINT('',(-11.69053276122,-40.9,168.17798447951));
#3493 = CIRCLE('',#3494,1.469292842571);
#3494 = AXIS2_PLACEMENT_3D('',#3495,#3496,#3497);
#3495 = CARTESIAN_POINT('',(-12.64708132412,-40.9,169.29325857319));
#3496 = DIRECTION('',(0.,-1.,-0.));
#3497 = DIRECTION('',(0.821876767853,0.,-0.569665321451));
#3498 = ORIENTED_EDGE('',*,*,#3499,.T.);
#3499 = EDGE_CURVE('',#3491,#3500,#3502,.T.);
#3500 = VERTEX_POINT('',#3501);
#3501 = CARTESIAN_POINT('',(-11.75608516489,-40.9,167.97623492592));
#3502 = CIRCLE('',#3503,0.15);
#3503 = AXIS2_PLACEMENT_3D('',#3504,#3505,#3506);
#3504 = CARTESIAN_POINT('',(-11.62243418626,-40.9,168.04433350088));
#3505 = DIRECTION('',(0.,-1.,-0.));
#3506 = DIRECTION('',(-0.45399049974,-0.,0.891006524188));
#3507 = ORIENTED_EDGE('',*,*,#3508,.T.);
#3508 = EDGE_CURVE('',#3500,#3509,#3511,.T.);
#3509 = VERTEX_POINT('',#3510);
#3510 = CARTESIAN_POINT('',(-11.47621787082,-40.9,167.47649591368));
#3511 = LINE('',#3512,#3513);
#3512 = CARTESIAN_POINT('',(-11.68611834137,-40.9,167.85130017286));
#3513 = VECTOR('',#3514,1.);
#3514 = DIRECTION('',(0.488621241497,0.,-0.872496007073));
#3515 = ORIENTED_EDGE('',*,*,#3516,.T.);
#3516 = EDGE_CURVE('',#3509,#3517,#3519,.T.);
#3517 = VERTEX_POINT('',#3518);
#3518 = CARTESIAN_POINT('',(-11.26994706146,-40.9,167.42697467373));
#3519 = CIRCLE('',#3520,0.15);
#3520 = AXIS2_PLACEMENT_3D('',#3521,#3522,#3523);
#3521 = CARTESIAN_POINT('',(-11.34832184616,-40.9,167.55487069839));
#3522 = DIRECTION('',(0.,-1.,0.));
#3523 = DIRECTION('',(-0.852640164354,-0.,-0.522498564716));
#3524 = ORIENTED_EDGE('',*,*,#3525,.F.);
#3525 = EDGE_CURVE('',#3526,#3517,#3528,.T.);
#3526 = VERTEX_POINT('',#3527);
#3527 = CARTESIAN_POINT('',(-10.9015214697,-40.9,167.49561704965));
#3528 = CIRCLE('',#3529,1.469292842572);
#3529 = AXIS2_PLACEMENT_3D('',#3530,#3531,#3532);
#3530 = CARTESIAN_POINT('',(-10.81881482612,-40.9,166.02865383663));
#3531 = DIRECTION('',(-0.,-1.,0.));
#3532 = DIRECTION('',(-0.307040381786,0.,0.951696487307));
#3533 = ORIENTED_EDGE('',*,*,#3534,.F.);
#3534 = EDGE_CURVE('',#3535,#3526,#3537,.T.);
#3535 = VERTEX_POINT('',#3536);
#3536 = CARTESIAN_POINT('',(-10.46677611698,-40.9,166.78617711233));
#3537 = CIRCLE('',#3538,0.471154273188);
#3538 = AXIS2_PLACEMENT_3D('',#3539,#3540,#3541);
#3539 = CARTESIAN_POINT('',(-10.87271380918,-40.9,167.02534429067));
#3540 = DIRECTION('',(-0.,-1.,0.));
#3541 = DIRECTION('',(-6.11427342666E-02,0.,0.998129032764));
#3542 = ORIENTED_EDGE('',*,*,#3543,.F.);
#3543 = EDGE_CURVE('',#3544,#3535,#3546,.T.);
#3544 = VERTEX_POINT('',#3545);
#3545 = CARTESIAN_POINT('',(-10.69519864027,-40.9,166.48907049294));
#3546 = CIRCLE('',#3547,1.469292842571);
#3547 = AXIS2_PLACEMENT_3D('',#3548,#3549,#3550);
#3548 = CARTESIAN_POINT('',(-11.73630188006,-40.9,167.52585663353));
#3549 = DIRECTION('',(0.,-1.,-0.));
#3550 = DIRECTION('',(0.864038622053,0.,-0.503425525376));
#3551 = ORIENTED_EDGE('',*,*,#3552,.T.);
#3552 = EDGE_CURVE('',#3544,#3553,#3555,.T.);
#3553 = VERTEX_POINT('',#3554);
#3554 = CARTESIAN_POINT('',(-10.74471988022,-40.9,166.28279968358));
#3555 = CIRCLE('',#3556,0.15);
#3556 = AXIS2_PLACEMENT_3D('',#3557,#3558,#3559);
#3557 = CARTESIAN_POINT('',(-10.61682385556,-40.9,166.36117446829));
#3558 = DIRECTION('',(0.,-1.,-0.));
#3559 = DIRECTION('',(-0.522498564716,-0.,0.852640164354));
#3560 = ORIENTED_EDGE('',*,*,#3561,.T.);
#3561 = EDGE_CURVE('',#3553,#3562,#3564,.T.);
#3562 = VERTEX_POINT('',#3563);
#3563 = CARTESIAN_POINT('',(-10.42650625261,-40.9,165.80655933475));
#3564 = LINE('',#3565,#3566);
#3565 = CARTESIAN_POINT('',(-10.66516647331,-40.9,166.16373959638));
#3566 = VECTOR('',#3567,1.);
#3567 = DIRECTION('',(0.55557023302,0.,-0.831469612303));
#3568 = ORIENTED_EDGE('',*,*,#3569,.T.);
#3569 = EDGE_CURVE('',#3562,#3570,#3572,.T.);
#3570 = VERTEX_POINT('',#3571);
#3571 = CARTESIAN_POINT('',(-10.21698591561,-40.9,165.77337457344));
#3572 = CIRCLE('',#3573,0.15);
#3573 = AXIS2_PLACEMENT_3D('',#3574,#3575,#3576);
#3574 = CARTESIAN_POINT('',(-10.30515370345,-40.9,165.8947271226));
#3575 = DIRECTION('',(0.,-1.,0.));
#3576 = DIRECTION('',(-0.809016994375,-0.,-0.587785252293));
#3577 = ORIENTED_EDGE('',*,*,#3578,.F.);
#3578 = EDGE_CURVE('',#3579,#3570,#3581,.T.);
#3579 = VERTEX_POINT('',#3580);
#3580 = CARTESIAN_POINT('',(-9.855081675747,-40.9,165.87071168659));
#3581 = CIRCLE('',#3582,1.469292842572);
#3582 = AXIS2_PLACEMENT_3D('',#3583,#3584,#3585);
#3583 = CARTESIAN_POINT('',(-9.657533381984,-40.9,164.41475972005));
#3584 = DIRECTION('',(-0.,-1.,0.));
#3585 = DIRECTION('',(-0.38076312456,0.,0.924672613943));
#3586 = ORIENTED_EDGE('',*,*,#3587,.F.);
#3587 = EDGE_CURVE('',#3588,#3579,#3590,.T.);
#3588 = VERTEX_POINT('',#3589);
#3589 = CARTESIAN_POINT('',(-9.3660144819,-40.9,165.19756844308));
#3590 = CIRCLE('',#3591,0.471154273188);
#3591 = AXIS2_PLACEMENT_3D('',#3592,#3593,#3594);
#3592 = CARTESIAN_POINT('',(-9.789465644211,-40.9,165.40414884457));
#3593 = DIRECTION('',(-0.,-1.,0.));
#3594 = DIRECTION('',(-0.139266552953,0.,0.990254930424));
#3595 = ORIENTED_EDGE('',*,*,#3596,.F.);
#3596 = EDGE_CURVE('',#3597,#3588,#3599,.T.);
#3597 = VERTEX_POINT('',#3598);
#3598 = CARTESIAN_POINT('',(-9.570422138094,-40.9,164.88345587963));
#3599 = CIRCLE('',#3600,1.469292842572);
#3600 = AXIS2_PLACEMENT_3D('',#3601,#3602,#3603);
#3601 = CARTESIAN_POINT('',(-10.6896613071,-40.9,165.8353619358));
#3602 = DIRECTION('',(0.,-1.,-0.));
#3603 = DIRECTION('',(0.900873390827,0.,-0.434081943531));
#3604 = ORIENTED_EDGE('',*,*,#3605,.T.);
#3605 = EDGE_CURVE('',#3597,#3606,#3608,.T.);
#3606 = VERTEX_POINT('',#3607);
#3607 = CARTESIAN_POINT('',(-9.603606899406,-40.9,164.67393554263));
#3608 = CIRCLE('',#3609,0.15);
#3609 = AXIS2_PLACEMENT_3D('',#3610,#3611,#3612);
#3610 = CARTESIAN_POINT('',(-9.48225435025,-40.9,164.76210333047));
#3611 = DIRECTION('',(0.,-1.,-0.));
#3612 = DIRECTION('',(-0.587785252293,-0.,0.809016994375));
#3613 = ORIENTED_EDGE('',*,*,#3614,.T.);
#3614 = EDGE_CURVE('',#3606,#3615,#3617,.T.);
#3615 = VERTEX_POINT('',#3616);
#3616 = CARTESIAN_POINT('',(-9.249008831098,-40.9,164.22413003732));
#3617 = LINE('',#3618,#3619);
#3618 = CARTESIAN_POINT('',(-9.514957382329,-40.9,164.5614841663));
#3619 = VECTOR('',#3620,1.);
#3620 = DIRECTION('',(0.61909394931,0.,-0.785316930881));
#3621 = ORIENTED_EDGE('',*,*,#3622,.T.);
#3622 = EDGE_CURVE('',#3615,#3623,#3625,.T.);
#3623 = VERTEX_POINT('',#3624);
#3624 = CARTESIAN_POINT('',(-9.037530729009,-40.9,164.20748634973));
#3625 = CIRCLE('',#3626,0.15);
#3626 = AXIS2_PLACEMENT_3D('',#3627,#3628,#3629);
#3627 = CARTESIAN_POINT('',(-9.134947936258,-40.9,164.32154724457));
#3628 = DIRECTION('',(0.,-1.,0.));
#3629 = DIRECTION('',(-0.7604059656,-0.,-0.64944804833));
#3630 = ORIENTED_EDGE('',*,*,#3631,.F.);
#3631 = EDGE_CURVE('',#3632,#3623,#3634,.T.);
#3632 = VERTEX_POINT('',#3633);
#3633 = CARTESIAN_POINT('',(-8.684379101011,-40.9,164.33291808445));
#3634 = CIRCLE('',#3635,1.469292842573);
#3635 = AXIS2_PLACEMENT_3D('',#3636,#3637,#3638);
#3636 = CARTESIAN_POINT('',(-8.373207107992,-40.9,162.89695379241));
#3637 = DIRECTION('',(-0.,-1.,0.));
#3638 = DIRECTION('',(-0.452138336054,0.,0.891947826428));
#3639 = ORIENTED_EDGE('',*,*,#3640,.F.);
#3640 = EDGE_CURVE('',#3641,#3632,#3643,.T.);
#3641 = VERTEX_POINT('',#3642);
#3642 = CARTESIAN_POINT('',(-8.144005327924,-40.9,163.70022168669));
#3643 = CIRCLE('',#3644,0.471154273188);
#3644 = AXIS2_PLACEMENT_3D('',#3645,#3646,#3647);
#3645 = CARTESIAN_POINT('',(-8.582359243117,-40.9,163.87294167447));
#3646 = DIRECTION('',(-0.,-1.,0.));
#3647 = DIRECTION('',(-0.216531747029,0.,0.976275577144));
#3648 = ORIENTED_EDGE('',*,*,#3649,.F.);
#3649 = EDGE_CURVE('',#3650,#3641,#3652,.T.);
#3650 = VERTEX_POINT('',#3651);
#3651 = CARTESIAN_POINT('',(-8.323137875846,-40.9,163.37103978757));
#3652 = CIRCLE('',#3653,1.469292842573);
#3653 = AXIS2_PLACEMENT_3D('',#3654,#3655,#3656);
#3654 = CARTESIAN_POINT('',(-9.513612492413,-40.9,164.23219694196));
#3655 = DIRECTION('',(0.,-1.,-0.));
#3656 = DIRECTION('',(0.932153975576,0.,-0.362062102157));
#3657 = ORIENTED_EDGE('',*,*,#3658,.T.);
#3658 = EDGE_CURVE('',#3650,#3659,#3661,.T.);
#3659 = VERTEX_POINT('',#3660);
#3660 = CARTESIAN_POINT('',(-8.339781563436,-40.9,163.15956168548));
#3661 = CIRCLE('',#3662,0.15);
#3662 = AXIS2_PLACEMENT_3D('',#3663,#3664,#3665);
#3663 = CARTESIAN_POINT('',(-8.225720668596,-40.9,163.25697889273));
#3664 = DIRECTION('',(0.,-1.,-0.));
#3665 = DIRECTION('',(-0.64944804833,-0.,0.7604059656));
#3666 = ORIENTED_EDGE('',*,*,#3667,.T.);
#3667 = EDGE_CURVE('',#3659,#3668,#3670,.T.);
#3668 = VERTEX_POINT('',#3669);
#3669 = CARTESIAN_POINT('',(-7.950985269433,-40.9,162.73896422422));
#3670 = LINE('',#3671,#3672);
#3671 = CARTESIAN_POINT('',(-8.242582489935,-40.9,163.05441232017));
#3672 = VECTOR('',#3673,1.);
#3673 = DIRECTION('',(0.678800745533,0.,-0.734322509436));
#3674 = ORIENTED_EDGE('',*,*,#3675,.T.);
#3675 = EDGE_CURVE('',#3668,#3676,#3678,.T.);
#3676 = VERTEX_POINT('',#3677);
#3677 = CARTESIAN_POINT('',(-7.738853235077,-40.9,162.73896422422));
#3678 = CIRCLE('',#3679,0.15);
#3679 = AXIS2_PLACEMENT_3D('',#3680,#3681,#3682);
#3680 = CARTESIAN_POINT('',(-7.844919252255,-40.9,162.8450302414));
#3681 = DIRECTION('',(0.,-1.,0.));
#3682 = DIRECTION('',(-0.707106781187,-0.,-0.707106781186));
#3683 = ORIENTED_EDGE('',*,*,#3684,.F.);
#3684 = EDGE_CURVE('',#3685,#3676,#3687,.T.);
#3685 = VERTEX_POINT('',#3686);
#3686 = CARTESIAN_POINT('',(-7.396631516171,-40.9,162.89171725215));
#3687 = CIRCLE('',#3688,1.469292842571);
#3688 = AXIS2_PLACEMENT_3D('',#3689,#3690,#3691);
#3689 = CARTESIAN_POINT('',(-6.973754302708,-40.9,161.48459383199));
#3690 = DIRECTION('',(-0.,-1.,0.));
#3691 = DIRECTION('',(-0.520725964356,0.,0.853723883961));
#3692 = ORIENTED_EDGE('',*,*,#3693,.F.);
#3693 = EDGE_CURVE('',#3694,#3685,#3696,.T.);
#3694 = VERTEX_POINT('',#3695);
#3695 = CARTESIAN_POINT('',(-6.808282747847,-40.9,162.30336848382));
#3696 = CIRCLE('',#3697,0.471154273188);
#3697 = AXIS2_PLACEMENT_3D('',#3698,#3699,#3700);
#3698 = CARTESIAN_POINT('',(-7.258836818268,-40.9,162.44116318173));
#3699 = DIRECTION('',(-0.,-1.,0.));
#3700 = DIRECTION('',(-0.29246195088,0.,0.956277160287));
#3701 = ORIENTED_EDGE('',*,*,#3702,.F.);
#3702 = EDGE_CURVE('',#3703,#3694,#3705,.T.);
#3703 = VERTEX_POINT('',#3704);
#3704 = CARTESIAN_POINT('',(-6.961035775772,-40.9,161.96114676492));
#3705 = CIRCLE('',#3706,1.469292842572);
#3706 = AXIS2_PLACEMENT_3D('',#3707,#3708,#3709);
#3707 = CARTESIAN_POINT('',(-8.215406168008,-40.9,162.72624569729));
#3708 = DIRECTION('',(0.,-1.,-0.));
#3709 = DIRECTION('',(0.957687521092,0.,-0.287810027525));
#3710 = ORIENTED_EDGE('',*,*,#3711,.T.);
#3711 = EDGE_CURVE('',#3703,#3712,#3714,.T.);
#3712 = VERTEX_POINT('',#3713);
#3713 = CARTESIAN_POINT('',(-6.961035775772,-40.9,161.74901473056));
#3714 = CIRCLE('',#3715,0.15);
#3715 = AXIS2_PLACEMENT_3D('',#3716,#3717,#3718);
#3716 = CARTESIAN_POINT('',(-6.854969758593,-40.9,161.85508074774));
#3717 = DIRECTION('',(0.,-1.,-0.));
#3718 = DIRECTION('',(-0.707106781187,-0.,0.707106781186));
#3719 = ORIENTED_EDGE('',*,*,#3720,.T.);
#3720 = EDGE_CURVE('',#3712,#3721,#3723,.T.);
#3721 = VERTEX_POINT('',#3722);
#3722 = CARTESIAN_POINT('',(-6.540438314512,-40.9,161.36021843656));
#3723 = LINE('',#3724,#3725);
#3724 = CARTESIAN_POINT('',(-6.855886410457,-40.9,161.65181565706));
#3725 = VECTOR('',#3726,1.);
#3726 = DIRECTION('',(0.734322509436,0.,-0.678800745533));
#3727 = ORIENTED_EDGE('',*,*,#3728,.T.);
#3728 = EDGE_CURVE('',#3721,#3729,#3731,.T.);
#3729 = VERTEX_POINT('',#3730);
#3730 = CARTESIAN_POINT('',(-6.328960212423,-40.9,161.37686212415));
#3731 = CIRCLE('',#3732,0.15);
#3732 = AXIS2_PLACEMENT_3D('',#3733,#3734,#3735);
#3733 = CARTESIAN_POINT('',(-6.443021107263,-40.9,161.4742793314));
#3734 = DIRECTION('',(0.,-1.,0.));
#3735 = DIRECTION('',(-0.64944804833,-0.,-0.7604059656));
#3736 = ORIENTED_EDGE('',*,*,#3737,.F.);
#3737 = EDGE_CURVE('',#3738,#3729,#3740,.T.);
#3738 = VERTEX_POINT('',#3739);
#3739 = CARTESIAN_POINT('',(-5.999778313306,-40.9,161.55599467207));
#3740 = CIRCLE('',#3741,1.469292842572);
#3741 = AXIS2_PLACEMENT_3D('',#3742,#3743,#3744);
#3742 = CARTESIAN_POINT('',(-5.46780305804,-40.9,160.18638750758));
#3743 = DIRECTION('',(-0.,-1.,0.));
#3744 = DIRECTION('',(-0.586103143928,0.,0.810236449857));
#3745 = ORIENTED_EDGE('',*,*,#3746,.F.);
#3746 = EDGE_CURVE('',#3747,#3738,#3749,.T.);
#3747 = VERTEX_POINT('',#3748);
#3748 = CARTESIAN_POINT('',(-5.367081915548,-40.9,161.01562089898));
#3749 = CIRCLE('',#3750,0.471154273188);
#3750 = AXIS2_PLACEMENT_3D('',#3751,#3752,#3753);
#3751 = CARTESIAN_POINT('',(-5.827058325529,-40.9,161.11764075688));
#3752 = DIRECTION('',(-0.,-1.,0.));
#3753 = DIRECTION('',(-0.366589029551,0.,0.930382976743));
#3754 = ORIENTED_EDGE('',*,*,#3755,.F.);
#3755 = EDGE_CURVE('',#3756,#3747,#3758,.T.);
#3756 = VERTEX_POINT('',#3757);
#3757 = CARTESIAN_POINT('',(-5.492513650263,-40.9,160.66246927099));
#3758 = CIRCLE('',#3759,1.469292842572);
#3759 = AXIS2_PLACEMENT_3D('',#3760,#3761,#3762);
#3760 = CARTESIAN_POINT('',(-6.803046207582,-40.9,161.326792892));
#3761 = DIRECTION('',(0.,-1.,-0.));
#3762 = DIRECTION('',(0.977316604578,0.,-0.211783508367));
#3763 = ORIENTED_EDGE('',*,*,#3764,.T.);
#3764 = EDGE_CURVE('',#3756,#3765,#3767,.T.);
#3765 = VERTEX_POINT('',#3766);
#3766 = CARTESIAN_POINT('',(-5.475869962672,-40.9,160.4509911689));
#3767 = CIRCLE('',#3768,0.15);
#3768 = AXIS2_PLACEMENT_3D('',#3769,#3770,#3771);
#3769 = CARTESIAN_POINT('',(-5.378452755423,-40.9,160.56505206374));
#3770 = DIRECTION('',(0.,-1.,-0.));
#3771 = DIRECTION('',(-0.7604059656,-0.,0.64944804833));
#3772 = ORIENTED_EDGE('',*,*,#3773,.T.);
#3773 = EDGE_CURVE('',#3765,#3774,#3776,.T.);
#3774 = VERTEX_POINT('',#3775);
#3775 = CARTESIAN_POINT('',(-5.026064457369,-40.9,160.09639310059));
#3776 = LINE('',#3777,#3778);
#3777 = CARTESIAN_POINT('',(-5.363418586347,-40.9,160.36234165182));
#3778 = VECTOR('',#3779,1.);
#3779 = DIRECTION('',(0.785316930881,0.,-0.61909394931));
#3780 = ORIENTED_EDGE('',*,*,#3781,.T.);
#3781 = EDGE_CURVE('',#3774,#3782,#3784,.T.);
#3782 = VERTEX_POINT('',#3783);
#3783 = CARTESIAN_POINT('',(-4.816544120369,-40.9,160.1295778619));
#3784 = CIRCLE('',#3785,0.15);
#3785 = AXIS2_PLACEMENT_3D('',#3786,#3787,#3788);
#3786 = CARTESIAN_POINT('',(-4.937896669525,-40.9,160.21774564975));
#3787 = DIRECTION('',(0.,-1.,0.));
#3788 = DIRECTION('',(-0.587785252292,-0.,-0.809016994375));
#3789 = ORIENTED_EDGE('',*,*,#3790,.F.);
#3790 = EDGE_CURVE('',#3791,#3782,#3793,.T.);
#3791 = VERTEX_POINT('',#3792);
#3792 = CARTESIAN_POINT('',(-4.502431556914,-40.9,160.3339855181));
#3793 = CIRCLE('',#3794,1.469292842572);
#3794 = AXIS2_PLACEMENT_3D('',#3795,#3796,#3797);
#3795 = CARTESIAN_POINT('',(-3.864638064194,-40.9,159.01033869289));
#3796 = DIRECTION('',(-0.,-1.,0.));
#3797 = DIRECTION('',(-0.647866802719,0.,0.761753638609));
#3798 = ORIENTED_EDGE('',*,*,#3799,.F.);
#3799 = EDGE_CURVE('',#3800,#3791,#3802,.T.);
#3800 = VERTEX_POINT('',#3801);
#3801 = CARTESIAN_POINT('',(-3.829288313407,-40.9,159.84491832425));
#3802 = CIRCLE('',#3803,0.471154273188);
#3803 = AXIS2_PLACEMENT_3D('',#3804,#3805,#3806);
#3804 = CARTESIAN_POINT('',(-4.295851155422,-40.9,159.91053435578));
#3805 = DIRECTION('',(-0.,-1.,0.));
#3806 = DIRECTION('',(-0.438455964952,0.,0.898752672763));
#3807 = ORIENTED_EDGE('',*,*,#3808,.F.);
#3808 = EDGE_CURVE('',#3809,#3800,#3811,.T.);
#3809 = VERTEX_POINT('',#3810);
#3810 = CARTESIAN_POINT('',(-3.926625426557,-40.9,159.48301408438));
#3811 = CIRCLE('',#3812,1.469292842572);
#3812 = AXIS2_PLACEMENT_3D('',#3813,#3814,#3815);
#3813 = CARTESIAN_POINT('',(-5.285240279945,-40.9,160.04246661801));
#3814 = DIRECTION('',(0.,-1.,-0.));
#3815 = DIRECTION('',(0.990920206205,0.,-0.134451273455));
#3816 = ORIENTED_EDGE('',*,*,#3817,.T.);
#3817 = EDGE_CURVE('',#3809,#3818,#3820,.T.);
#3818 = VERTEX_POINT('',#3819);
#3819 = CARTESIAN_POINT('',(-3.893440665244,-40.9,159.27349374738));
#3820 = CIRCLE('',#3821,0.15);
#3821 = AXIS2_PLACEMENT_3D('',#3822,#3823,#3824);
#3822 = CARTESIAN_POINT('',(-3.8052728774,-40.9,159.39484629654));
#3823 = DIRECTION('',(0.,-1.,-0.));
#3824 = DIRECTION('',(-0.809016994375,-0.,0.587785252292));
#3825 = ORIENTED_EDGE('',*,*,#3826,.T.);
#3826 = EDGE_CURVE('',#3818,#3827,#3829,.T.);
#3827 = VERTEX_POINT('',#3828);
#3828 = CARTESIAN_POINT('',(-3.417200316413,-40.9,158.95528011978));
#3829 = LINE('',#3830,#3831);
#3830 = CARTESIAN_POINT('',(-3.774380578036,-40.9,159.19394034048));
#3831 = VECTOR('',#3832,1.);
#3832 = DIRECTION('',(0.831469612303,0.,-0.55557023302));
#3833 = ORIENTED_EDGE('',*,*,#3834,.T.);
#3834 = EDGE_CURVE('',#3827,#3835,#3837,.T.);
#3835 = VERTEX_POINT('',#3836);
#3836 = CARTESIAN_POINT('',(-3.210929507052,-40.9,159.00480135972));
#3837 = CIRCLE('',#3838,0.15);
#3838 = AXIS2_PLACEMENT_3D('',#3839,#3840,#3841);
#3839 = CARTESIAN_POINT('',(-3.338825531705,-40.9,159.08317614443));
#3840 = DIRECTION('',(0.,-1.,0.));
#3841 = DIRECTION('',(-0.522498564716,-0.,-0.852640164354));
#3842 = ORIENTED_EDGE('',*,*,#3843,.F.);
#3843 = EDGE_CURVE('',#3844,#3835,#3846,.T.);
#3844 = VERTEX_POINT('',#3845);
#3845 = CARTESIAN_POINT('',(-2.913822887665,-40.9,159.23322388301));
#3846 = CIRCLE('',#3847,1.469292842571);
#3847 = AXIS2_PLACEMENT_3D('',#3848,#3849,#3850);
#3848 = CARTESIAN_POINT('',(-2.174143366462,-40.9,157.96369811993));
#3849 = DIRECTION('',(-0.,-1.,0.));
#3850 = DIRECTION('',(-0.705636147233,0.,0.708574362871));
#3851 = ORIENTED_EDGE('',*,*,#3852,.F.);
#3852 = EDGE_CURVE('',#3853,#3844,#3855,.T.);
#3853 = VERTEX_POINT('',#3854);
#3854 = CARTESIAN_POINT('',(-2.204382950349,-40.9,158.79847853029));
#3855 = CIRCLE('',#3856,0.471154273188);
#3856 = AXIS2_PLACEMENT_3D('',#3857,#3858,#3859);
#3857 = CARTESIAN_POINT('',(-2.674655709328,-40.9,158.82728619081));
#3858 = DIRECTION('',(-0.,-1.,0.));
#3859 = DIRECTION('',(-0.507619673527,0.,0.861581259689));
#3860 = ORIENTED_EDGE('',*,*,#3861,.F.);
#3861 = EDGE_CURVE('',#3862,#3853,#3864,.T.);
#3862 = VERTEX_POINT('',#3863);
#3863 = CARTESIAN_POINT('',(-2.273025326263,-40.9,158.43005293853));
#3864 = CIRCLE('',#3865,1.469292842572);
#3865 = AXIS2_PLACEMENT_3D('',#3866,#3867,#3868);
#3866 = CARTESIAN_POINT('',(-3.671346163364,-40.9,158.88118517387));
#3867 = DIRECTION('',(0.,-1.,-0.));
#3868 = DIRECTION('',(0.998414455247,0.,-5.629010173277E-02));
#3869 = ORIENTED_EDGE('',*,*,#3870,.T.);
#3870 = EDGE_CURVE('',#3862,#3871,#3873,.T.);
#3871 = VERTEX_POINT('',#3872);
#3872 = CARTESIAN_POINT('',(-2.223504086317,-40.9,158.22378212917));
#3873 = CIRCLE('',#3874,0.15);
#3874 = AXIS2_PLACEMENT_3D('',#3875,#3876,#3877);
#3875 = CARTESIAN_POINT('',(-2.14512930161,-40.9,158.35167815383));
#3876 = DIRECTION('',(0.,-1.,-0.));
#3877 = DIRECTION('',(-0.852640164354,-0.,0.522498564716));
#3878 = ORIENTED_EDGE('',*,*,#3879,.T.);
#3879 = EDGE_CURVE('',#3871,#3880,#3882,.T.);
#3880 = VERTEX_POINT('',#3881);
#3881 = CARTESIAN_POINT('',(-1.723765074073,-40.9,157.9439148351));
#3882 = LINE('',#3883,#3884);
#3883 = CARTESIAN_POINT('',(-2.098569333256,-40.9,158.15381530566));
#3884 = VECTOR('',#3885,1.);
#3885 = DIRECTION('',(0.872496007073,0.,-0.488621241497));
#3886 = ORIENTED_EDGE('',*,*,#3887,.T.);
#3887 = EDGE_CURVE('',#3880,#3888,#3890,.T.);
#3888 = VERTEX_POINT('',#3889);
#3889 = CARTESIAN_POINT('',(-1.522015520484,-40.9,158.00946723877));
#3890 = CIRCLE('',#3891,0.15);
#3891 = AXIS2_PLACEMENT_3D('',#3892,#3893,#3894);
#3892 = CARTESIAN_POINT('',(-1.655666499113,-40.9,158.07756581373));
#3893 = DIRECTION('',(0.,-1.,0.));
#3894 = DIRECTION('',(-0.453990499739,-0.,-0.891006524188));
#3895 = ORIENTED_EDGE('',*,*,#3896,.F.);
#3896 = EDGE_CURVE('',#3897,#3888,#3899,.T.);
#3897 = VERTEX_POINT('',#3898);
#3898 = CARTESIAN_POINT('',(-1.243746606272,-40.9,158.26049632835));
#3899 = CIRCLE('',#3900,1.469292842573);
#3900 = AXIS2_PLACEMENT_3D('',#3901,#3902,#3903);
#3901 = CARTESIAN_POINT('',(-0.406741426801,-40.9,157.05291867586));
#3902 = DIRECTION('',(-0.,-1.,0.));
#3903 = DIRECTION('',(-0.759055010252,0.,0.65102649056));
#3904 = ORIENTED_EDGE('',*,*,#3905,.F.);
#3905 = EDGE_CURVE('',#3906,#3897,#3908,.T.);
#3906 = VERTEX_POINT('',#3907);
#3907 = CARTESIAN_POINT('',(-0.502383908272,-40.9,157.88275316641));
#3908 = CIRCLE('',#3909,0.471154273188);
#3909 = AXIS2_PLACEMENT_3D('',#3910,#3911,#3912);
#3910 = CARTESIAN_POINT('',(-0.973467196276,-40.9,157.87457484712));
#3911 = DIRECTION('',(0.,-1.,-0.));
#3912 = DIRECTION('',(-0.573653738015,-0.,0.819097911645));
#3913 = ORIENTED_EDGE('',*,*,#3914,.F.);
#3914 = EDGE_CURVE('',#3915,#3906,#3917,.T.);
#3915 = VERTEX_POINT('',#3916);
#3916 = CARTESIAN_POINT('',(-0.541908343877,-40.9,157.51007768906));
#3917 = CIRCLE('',#3918,1.469292842572);
#3918 = AXIS2_PLACEMENT_3D('',#3919,#3920,#3921);
#3919 = CARTESIAN_POINT('',(-1.971314051742,-40.9,157.85010824585));
#3920 = DIRECTION('',(-0.,-1.,0.));
#3921 = DIRECTION('',(0.999753147166,-0.,2.221811718532E-02));
#3922 = ORIENTED_EDGE('',*,*,#3923,.T.);
#3923 = EDGE_CURVE('',#3915,#3924,#3926,.T.);
#3924 = VERTEX_POINT('',#3925);
#3925 = CARTESIAN_POINT('',(-0.47635594021,-40.9,157.30832813547));
#3926 = CIRCLE('',#3927,0.15);
#3927 = AXIS2_PLACEMENT_3D('',#3928,#3929,#3930);
#3928 = CARTESIAN_POINT('',(-0.408257365249,-40.9,157.4419791141));
#3929 = DIRECTION('',(0.,-1.,-0.));
#3930 = DIRECTION('',(-0.891006524188,-0.,0.45399049974));
#3931 = ORIENTED_EDGE('',*,*,#3932,.T.);
#3932 = EDGE_CURVE('',#3924,#3933,#3935,.T.);
#3933 = VERTEX_POINT('',#3934);
#3934 = CARTESIAN_POINT('',(4.380067825502E-02,-40.9,157.06853264986));
#3935 = LINE('',#3936,#3937);
#3936 = CARTESIAN_POINT('',(-0.346316785594,-40.9,157.24837926407));
#3937 = VECTOR('',#3938,1.);
#3938 = DIRECTION('',(0.908143173825,0.,-0.418659737537));
#3939 = ORIENTED_EDGE('',*,*,#3940,.T.);
#3940 = EDGE_CURVE('',#3933,#3941,#3943,.T.);
#3941 = VERTEX_POINT('',#3942);
#3942 = CARTESIAN_POINT('',(0.239785122986,-40.9,157.14971206489));
#3943 = CIRCLE('',#3944,0.15);
#3944 = AXIS2_PLACEMENT_3D('',#3945,#3946,#3947);
#3945 = CARTESIAN_POINT('',(0.10120319311,-40.9,157.20711457974));
#3946 = DIRECTION('',(0.,-1.,0.));
#3947 = DIRECTION('',(-0.382683432365,-0.,-0.923879532511));
#3948 = ORIENTED_EDGE('',*,*,#3949,.F.);
#3949 = EDGE_CURVE('',#3950,#3941,#3952,.T.);
#3950 = VERTEX_POINT('',#3951);
#3951 = CARTESIAN_POINT('',(0.497500711634,-40.9,157.42180004294));
#3952 = CIRCLE('',#3953,1.469292842573);
#3953 = AXIS2_PLACEMENT_3D('',#3954,#3955,#3956);
#3954 = CARTESIAN_POINT('',(1.426671134108,-40.9,156.28361561885));
#3955 = DIRECTION('',(-0.,-1.,0.));
#3956 = DIRECTION('',(-0.807794046722,0.,0.589464823447));
#3957 = ORIENTED_EDGE('',*,*,#3958,.F.);
#3958 = EDGE_CURVE('',#3959,#3950,#3961,.T.);
#3959 = VERTEX_POINT('',#3960);
#3960 = CARTESIAN_POINT('',(1.266215422757,-40.9,157.10338798399));
#3961 = CIRCLE('',#3962,0.471154273188);
#3962 = AXIS2_PLACEMENT_3D('',#3963,#3964,#3965);
#3963 = CARTESIAN_POINT('',(0.79722599085,-40.9,157.05827410694));
#3964 = DIRECTION('',(0.,-1.,-0.));
#3965 = DIRECTION('',(-0.636151036448,-0.,0.771564552598));
#3966 = ORIENTED_EDGE('',*,*,#3967,.F.);
#3967 = EDGE_CURVE('',#3968,#3959,#3970,.T.);
#3968 = VERTEX_POINT('',#3969);
#3969 = CARTESIAN_POINT('',(1.256052608749,-40.9,156.72876028928));
#3970 = CIRCLE('',#3971,1.469292842572);
#3971 = AXIS2_PLACEMENT_3D('',#3972,#3973,#3974);
#3972 = CARTESIAN_POINT('',(-0.195625208365,-40.9,156.95559276609));
#3973 = DIRECTION('',(-0.,-1.,0.));
#3974 = DIRECTION('',(0.994928028481,-0.,0.100589354023));
#3975 = ORIENTED_EDGE('',*,*,#3976,.T.);
#3976 = EDGE_CURVE('',#3968,#3977,#3979,.T.);
#3977 = VERTEX_POINT('',#3978);
#3978 = CARTESIAN_POINT('',(1.337232023771,-40.9,156.53277584455));
#3979 = CIRCLE('',#3980,0.15);
#3980 = AXIS2_PLACEMENT_3D('',#3981,#3982,#3983);
#3981 = CARTESIAN_POINT('',(1.394634538626,-40.9,156.67135777443));
#3982 = DIRECTION('',(0.,-1.,0.));
#3983 = DIRECTION('',(-0.923879532511,0.,0.382683432365));
#3984 = ORIENTED_EDGE('',*,*,#3985,.T.);
#3985 = EDGE_CURVE('',#3977,#3986,#3988,.T.);
#3986 = VERTEX_POINT('',#3987);
#3987 = CARTESIAN_POINT('',(1.874599309934,-40.9,156.33453058633));
#3988 = LINE('',#3989,#3990);
#3989 = CARTESIAN_POINT('',(1.471573845312,-40.9,156.48321453));
#3990 = VECTOR('',#3991,1.);
#3991 = DIRECTION('',(0.938191335922,0.,-0.346117057077));
#3992 = ORIENTED_EDGE('',*,*,#3993,.T.);
#3993 = EDGE_CURVE('',#3986,#3994,#3996,.T.);
#3994 = VERTEX_POINT('',#3995);
#3995 = CARTESIAN_POINT('',(2.063610336535,-40.9,156.43083651461));
#3996 = CIRCLE('',#3997,0.15);
#3997 = AXIS2_PLACEMENT_3D('',#3998,#3999,#4000);
#3998 = CARTESIAN_POINT('',(1.920951859091,-40.9,156.47718906377));
#3999 = DIRECTION('',(0.,-1.,0.));
#4000 = DIRECTION('',(-0.309016994375,-0.,-0.951056516295));
#4001 = ORIENTED_EDGE('',*,*,#4002,.F.);
#4002 = EDGE_CURVE('',#4003,#3994,#4005,.T.);
#4003 = VERTEX_POINT('',#4004);
#4004 = CARTESIAN_POINT('',(2.299183697315,-40.9,156.72230586827));
#4005 = CIRCLE('',#4006,1.469292842573);
#4006 = AXIS2_PLACEMENT_3D('',#4007,#4008,#4009);
#4007 = CARTESIAN_POINT('',(3.314790718157,-40.9,155.66053195804));
#4008 = DIRECTION('',(-0.,-1.,0.));
#4009 = DIRECTION('',(-0.851552764274,0.,0.52426890968));
#4010 = ORIENTED_EDGE('',*,*,#4011,.F.);
#4011 = EDGE_CURVE('',#4012,#4003,#4014,.T.);
#4012 = VERTEX_POINT('',#4013);
#4013 = CARTESIAN_POINT('',(3.090511039742,-40.9,156.46518802855));
#4014 = CIRCLE('',#4015,0.471154273188);
#4015 = AXIS2_PLACEMENT_3D('',#4016,#4017,#4018);
#4016 = CARTESIAN_POINT('',(2.626506939735,-40.9,156.38341673579));
#4017 = DIRECTION('',(0.,-1.,-0.));
#4018 = DIRECTION('',(-0.6947262522,-0.,0.719274241513));
#4019 = ORIENTED_EDGE('',*,*,#4020,.F.);
#4020 = EDGE_CURVE('',#4021,#4012,#4023,.T.);
#4021 = VERTEX_POINT('',#4022);
#4022 = CARTESIAN_POINT('',(3.10977250446,-40.9,156.0909178208));
#4023 = CIRCLE('',#4024,1.469292842572);
#4024 = AXIS2_PLACEMENT_3D('',#4025,#4026,#4027);
#4025 = CARTESIAN_POINT('',(1.644772654571,-40.9,156.20315371996));
#4026 = DIRECTION('',(-0.,-1.,0.));
#4027 = DIRECTION('',(0.983968847653,-0.,0.178340424043));
#4028 = ORIENTED_EDGE('',*,*,#4029,.T.);
#4029 = EDGE_CURVE('',#4021,#4030,#4032,.T.);
#4030 = VERTEX_POINT('',#4031);
#4031 = CARTESIAN_POINT('',(3.206078432748,-40.9,155.9019067942));
#4032 = CIRCLE('',#4033,0.15);
#4033 = AXIS2_PLACEMENT_3D('',#4034,#4035,#4036);
#4034 = CARTESIAN_POINT('',(3.252430981904,-40.9,156.04456527164));
#4035 = DIRECTION('',(0.,-1.,0.));
#4036 = DIRECTION('',(-0.951056516295,0.,0.309016994375));
#4037 = ORIENTED_EDGE('',*,*,#4038,.T.);
#4038 = EDGE_CURVE('',#4030,#4039,#4041,.T.);
#4039 = VERTEX_POINT('',#4040);
#4040 = CARTESIAN_POINT('',(3.757343338598,-40.9,155.74643401129));
#4041 = LINE('',#4042,#4043);
#4042 = CARTESIAN_POINT('',(3.34389465921,-40.9,155.86303859847));
#4043 = VECTOR('',#4044,1.);
#4044 = DIRECTION('',(0.962455236454,0.,-0.271440449865));
#4045 = ORIENTED_EDGE('',*,*,#4046,.T.);
#4046 = EDGE_CURVE('',#4039,#4047,#4049,.T.);
#4047 = VERTEX_POINT('',#4048);
#4048 = CARTESIAN_POINT('',(3.938215631236,-40.9,155.85727269477));
#4049 = CIRCLE('',#4050,0.15);
#4050 = AXIS2_PLACEMENT_3D('',#4051,#4052,#4053);
#4051 = CARTESIAN_POINT('',(3.792360143176,-40.9,155.89228949935));
#4052 = DIRECTION('',(0.,-1.,0.));
#4053 = DIRECTION('',(-0.233445363856,-0.,-0.972369920398));
#4054 = ORIENTED_EDGE('',*,*,#4055,.F.);
#4055 = EDGE_CURVE('',#4056,#4047,#4058,.T.);
#4056 = VERTEX_POINT('',#4057);
#4057 = CARTESIAN_POINT('',(4.150194376043,-40.9,156.16632641855));
#4058 = CIRCLE('',#4059,1.469292842573);
#4059 = AXIS2_PLACEMENT_3D('',#4060,#4061,#4062);
#4060 = CARTESIAN_POINT('',(5.245976440245,-40.9,155.1875092114));
#4061 = DIRECTION('',(-0.,-1.,0.));
#4062 = DIRECTION('',(-0.890061375865,0.,0.455840703747));
#4063 = ORIENTED_EDGE('',*,*,#4064,.F.);
#4064 = EDGE_CURVE('',#4065,#4056,#4067,.T.);
#4065 = VERTEX_POINT('',#4066);
#4066 = CARTESIAN_POINT('',(4.959255553566,-40.9,155.97208801503));
#4067 = CIRCLE('',#4068,0.471154273188);
#4068 = AXIS2_PLACEMENT_3D('',#4069,#4070,#4071);
#4069 = CARTESIAN_POINT('',(4.503097525032,-40.9,155.85416345377));
#4070 = DIRECTION('',(0.,-1.,-0.));
#4071 = DIRECTION('',(-0.749018249587,-0.,0.662549365546));
#4072 = ORIENTED_EDGE('',*,*,#4073,.F.);
#4073 = EDGE_CURVE('',#4074,#4065,#4076,.T.);
#4074 = VERTEX_POINT('',#4075);
#4075 = CARTESIAN_POINT('',(5.007822543674,-40.9,155.60048279453));
#4076 = CIRCLE('',#4077,1.469292842572);
#4077 = AXIS2_PLACEMENT_3D('',#4078,#4079,#4080);
#4078 = CARTESIAN_POINT('',(3.538532872247,-40.9,155.59743014441));
#4079 = DIRECTION('',(-0.,-1.,0.));
#4080 = DIRECTION('',(0.966943171677,-0.,0.254991966045));
#4081 = ORIENTED_EDGE('',*,*,#4082,.T.);
#4082 = EDGE_CURVE('',#4074,#4083,#4085,.T.);
#4083 = VERTEX_POINT('',#4084);
#4084 = CARTESIAN_POINT('',(5.118661227155,-40.9,155.41961050189));
#4085 = CIRCLE('',#4086,0.15);
#4086 = AXIS2_PLACEMENT_3D('',#4087,#4088,#4089);
#4087 = CARTESIAN_POINT('',(5.153678031733,-40.9,155.56546598995));
#4088 = DIRECTION('',(0.,-1.,0.));
#4089 = DIRECTION('',(-0.972369920398,0.,0.233445363856));
#4090 = ORIENTED_EDGE('',*,*,#4091,.T.);
#4091 = EDGE_CURVE('',#4083,#4092,#4094,.T.);
#4092 = VERTEX_POINT('',#4093);
#4093 = CARTESIAN_POINT('',(5.680425021233,-40.9,155.3078687357));
#4094 = LINE('',#4095,#4096);
#4095 = CARTESIAN_POINT('',(5.259102175675,-40.9,155.39167506034));
#4096 = VECTOR('',#4097,1.);
#4097 = DIRECTION('',(0.980785280403,0.,-0.195090322016));
#4098 = ORIENTED_EDGE('',*,*,#4099,.T.);
#4099 = EDGE_CURVE('',#4092,#4100,#4102,.T.);
#4100 = VERTEX_POINT('',#4101);
#4101 = CARTESIAN_POINT('',(5.852043442079,-40.9,155.43255681704));
#4102 = CIRCLE('',#4103,0.15);
#4103 = AXIS2_PLACEMENT_3D('',#4104,#4105,#4106);
#4104 = CARTESIAN_POINT('',(5.703890190989,-40.9,155.45602198679));
#4105 = DIRECTION('',(0.,-1.,0.));
#4106 = DIRECTION('',(-0.15643446504,-0.,-0.987688340595));
#4107 = ORIENTED_EDGE('',*,*,#4108,.F.);
#4108 = EDGE_CURVE('',#4109,#4100,#4111,.T.);
#4109 = VERTEX_POINT('',#4110);
#4110 = CARTESIAN_POINT('',(6.039120651461,-40.9,155.75728949196));
#4111 = CIRCLE('',#4112,1.469292842572);
#4112 = AXIS2_PLACEMENT_3D('',#4113,#4114,#4115);
#4113 = CARTESIAN_POINT('',(7.208321898213,-40.9,154.86746372147));
#4114 = DIRECTION('',(-0.,-1.,0.));
#4115 = DIRECTION('',(-0.923082463098,0.,0.384602088294));
#4116 = ORIENTED_EDGE('',*,*,#4117,.F.);
#4117 = EDGE_CURVE('',#4118,#4109,#4120,.T.);
#4118 = VERTEX_POINT('',#4119);
#4119 = CARTESIAN_POINT('',(6.860927532879,-40.9,155.62712806899));
#4120 = CIRCLE('',#4121,0.471154273188);
#4121 = AXIS2_PLACEMENT_3D('',#4122,#4123,#4124);
#4122 = CARTESIAN_POINT('',(6.415427941753,-40.9,155.47377728337));
#4123 = DIRECTION('',(0.,-1.,-0.));
#4124 = DIRECTION('',(-0.798692300391,-0.,0.601739652421));
#4125 = ORIENTED_EDGE('',*,*,#4126,.F.);
#4126 = EDGE_CURVE('',#4127,#4118,#4129,.T.);
#4127 = VERTEX_POINT('',#4128);
#4128 = CARTESIAN_POINT('',(6.938500616733,-40.9,155.26047890549));
#4129 = CIRCLE('',#4130,1.469292842572);
#4130 = AXIS2_PLACEMENT_3D('',#4131,#4132,#4133);
#4131 = CARTESIAN_POINT('',(5.473979783181,-40.9,155.14215652669));
#4132 = DIRECTION('',(-0.,-1.,0.));
#4133 = DIRECTION('',(0.943955969506,-0.,0.330071397783));
#4134 = ORIENTED_EDGE('',*,*,#4135,.T.);
#4135 = EDGE_CURVE('',#4127,#4136,#4138,.T.);
#4136 = VERTEX_POINT('',#4137);
#4137 = CARTESIAN_POINT('',(7.063188698067,-40.9,155.08886048465));
#4138 = CIRCLE('',#4139,0.15);
#4139 = AXIS2_PLACEMENT_3D('',#4140,#4141,#4142);
#4140 = CARTESIAN_POINT('',(7.086653867823,-40.9,155.23701373574));
#4141 = DIRECTION('',(0.,-1.,0.));
#4142 = DIRECTION('',(-0.987688340595,0.,0.15643446504));
#4143 = ORIENTED_EDGE('',*,*,#4144,.T.);
#4144 = EDGE_CURVE('',#4136,#4145,#4147,.T.);
#4145 = VERTEX_POINT('',#4146);
#4146 = CARTESIAN_POINT('',(7.631987919777,-40.9,155.02153866033));
#4147 = LINE('',#4148,#4149);
#4148 = CARTESIAN_POINT('',(7.205388503494,-40.9,155.07203002857));
#4149 = VECTOR('',#4150,1.);
#4150 = DIRECTION('',(0.993068456955,0.,-0.117537397458));
#4151 = ORIENTED_EDGE('',*,*,#4152,.T.);
#4152 = EDGE_CURVE('',#4145,#4153,#4155,.T.);
#4153 = VERTEX_POINT('',#4154);
#4154 = CARTESIAN_POINT('',(7.793294384197,-40.9,155.15930739603));
#4155 = CIRCLE('',#4156,0.15);
#4156 = AXIS2_PLACEMENT_3D('',#4157,#4158,#4159);
#4157 = CARTESIAN_POINT('',(7.643756784137,-40.9,155.17107626039));
#4158 = DIRECTION('',(0.,-1.,0.));
#4159 = DIRECTION('',(-7.845909572786E-02,-0.,-0.996917333733));
#4160 = ORIENTED_EDGE('',*,*,#4161,.F.);
#4161 = EDGE_CURVE('',#4162,#4153,#4164,.T.);
#4162 = VERTEX_POINT('',#4163);
#4163 = CARTESIAN_POINT('',(7.954316664948,-40.9,155.49771693717));
#4164 = CIRCLE('',#4165,1.469292842572);
#4165 = AXIS2_PLACEMENT_3D('',#4166,#4167,#4168);
#4166 = CARTESIAN_POINT('',(9.189728579766,-40.9,154.70236867511));
#4167 = DIRECTION('',(-0.,-1.,0.));
#4168 = DIRECTION('',(-0.95041243999,0.,0.310992273074));
#4169 = ORIENTED_EDGE('',*,*,#4170,.F.);
#4170 = EDGE_CURVE('',#4171,#4162,#4173,.T.);
#4171 = VERTEX_POINT('',#4172);
#4172 = CARTESIAN_POINT('',(8.783802537561,-40.9,155.4324349832));
#4173 = CIRCLE('',#4174,0.471154273188);
#4174 = AXIS2_PLACEMENT_3D('',#4175,#4176,#4177);
#4175 = CARTESIAN_POINT('',(8.351708036964,-40.9,155.24460343181));
#4176 = DIRECTION('',(0.,-1.,-0.));
#4177 = DIRECTION('',(-0.843442147572,-0.,0.537220014239));
#4178 = ORIENTED_EDGE('',*,*,#4179,.F.);
#4179 = EDGE_CURVE('',#4180,#4171,#4182,.T.);
#4180 = VERTEX_POINT('',#4181);
#4181 = CARTESIAN_POINT('',(8.889903451303,-40.9,155.07300239073));
#4182 = CIRCLE('',#4183,1.469292842572);
#4183 = AXIS2_PLACEMENT_3D('',#4184,#4185,#4186);
#4184 = CARTESIAN_POINT('',(7.439180713567,-40.9,154.84013978005));
#4185 = DIRECTION('',(-0.,-1.,0.));
#4186 = DIRECTION('',(0.915148964885,-0.,0.403115829594));
#4187 = ORIENTED_EDGE('',*,*,#4188,.T.);
#4188 = EDGE_CURVE('',#4180,#4189,#4191,.T.);
#4189 = VERTEX_POINT('',#4190);
#4190 = CARTESIAN_POINT('',(9.027672187004,-40.9,154.91169592631));
#4191 = CIRCLE('',#4192,0.15);
#4192 = AXIS2_PLACEMENT_3D('',#4193,#4194,#4195);
#4193 = CARTESIAN_POINT('',(9.039441051363,-40.9,155.06123352637));
#4194 = DIRECTION('',(0.,-1.,0.));
#4195 = DIRECTION('',(-0.996917333733,0.,7.845909572759E-02));
#4196 = ORIENTED_EDGE('',*,*,#4197,.T.);
#4197 = EDGE_CURVE('',#4189,#4198,#4200,.T.);
#4198 = VERTEX_POINT('',#4199);
#4199 = CARTESIAN_POINT('',(9.6,-40.9,154.88920910529));
#4200 = LINE('',#4201,#4202);
#4201 = CARTESIAN_POINT('',(9.170754140253,-40.9,154.90607422105));
#4202 = VECTOR('',#4203,1.);
#4203 = DIRECTION('',(0.999229036241,0.,-3.925981575907E-02));
#4204 = ORIENTED_EDGE('',*,*,#4205,.T.);
#4205 = EDGE_CURVE('',#4198,#4206,#4208,.T.);
#4206 = VERTEX_POINT('',#4207);
#4207 = CARTESIAN_POINT('',(9.75,-40.9,155.03920910529));
#4208 = CIRCLE('',#4209,0.15);
#4209 = AXIS2_PLACEMENT_3D('',#4210,#4211,#4212);
#4210 = CARTESIAN_POINT('',(9.6,-40.9,155.03920910529));
#4211 = DIRECTION('',(0.,-1.,0.));
#4212 = DIRECTION('',(-3.5527136788E-14,-0.,-1.));
#4213 = ORIENTED_EDGE('',*,*,#4214,.F.);
#4214 = EDGE_CURVE('',#4215,#4206,#4217,.T.);
#4215 = VERTEX_POINT('',#4216);
#4216 = CARTESIAN_POINT('',(9.883974596216,-40.9,155.38920910529));
#4217 = CIRCLE('',#4218,1.469292842572);
#4218 = AXIS2_PLACEMENT_3D('',#4219,#4220,#4221);
#4219 = CARTESIAN_POINT('',(11.177980453827,-40.9,154.69324193818));
#4220 = DIRECTION('',(-0.,-1.,0.));
#4221 = DIRECTION('',(-0.971882808146,0.,0.235465087074));
#4222 = ORIENTED_EDGE('',*,*,#4223,.F.);
#4223 = EDGE_CURVE('',#4224,#4215,#4226,.T.);
#4224 = VERTEX_POINT('',#4225);
#4225 = CARTESIAN_POINT('',(10.716025403784,-40.9,155.38920910529));
#4226 = CIRCLE('',#4227,0.471154273188);
#4227 = AXIS2_PLACEMENT_3D('',#4228,#4229,#4230);
#4228 = CARTESIAN_POINT('',(10.3,-40.9,155.1680548321));
#4229 = DIRECTION('',(0.,-1.,-0.));
#4230 = DIRECTION('',(-0.88299189344,-0.,0.469388236026));
#4231 = ORIENTED_EDGE('',*,*,#4232,.F.);
#4232 = EDGE_CURVE('',#4233,#4224,#4235,.T.);
#4233 = VERTEX_POINT('',#4234);
#4234 = CARTESIAN_POINT('',(10.85,-40.9,155.03920910529));
#4235 = CIRCLE('',#4236,1.469292842572);
#4236 = AXIS2_PLACEMENT_3D('',#4237,#4238,#4239);
#4237 = CARTESIAN_POINT('',(9.422019546173,-40.9,154.69324193818));
#4238 = DIRECTION('',(-0.,-1.,0.));
#4239 = DIRECTION('',(0.880699762579,-0.,0.473674918265));
#4240 = ORIENTED_EDGE('',*,*,#4241,.T.);
#4241 = EDGE_CURVE('',#4233,#4242,#4244,.T.);
#4242 = VERTEX_POINT('',#4243);
#4243 = CARTESIAN_POINT('',(11.,-40.9,154.88920910529));
#4244 = CIRCLE('',#4245,0.15);
#4245 = AXIS2_PLACEMENT_3D('',#4246,#4247,#4248);
#4246 = CARTESIAN_POINT('',(11.,-40.9,155.03920910529));
#4247 = DIRECTION('',(0.,-1.,0.));
#4248 = DIRECTION('',(-1.,0.,0.));
#4249 = ORIENTED_EDGE('',*,*,#4250,.T.);
#4250 = EDGE_CURVE('',#4242,#4251,#4253,.T.);
#4251 = VERTEX_POINT('',#4252);
#4252 = CARTESIAN_POINT('',(11.572327812996,-40.9,154.91169592631));
#4253 = LINE('',#4254,#4255);
#4254 = CARTESIAN_POINT('',(11.143081953249,-40.9,154.89483081055));
#4255 = VECTOR('',#4256,1.);
#4256 = DIRECTION('',(0.999229036241,-0.,3.925981575907E-02));
#4257 = ORIENTED_EDGE('',*,*,#4258,.T.);
#4258 = EDGE_CURVE('',#4251,#4259,#4261,.T.);
#4259 = VERTEX_POINT('',#4260);
#4260 = CARTESIAN_POINT('',(11.710096548697,-40.9,155.07300239073));
#4261 = CIRCLE('',#4262,0.15);
#4262 = AXIS2_PLACEMENT_3D('',#4263,#4264,#4265);
#4263 = CARTESIAN_POINT('',(11.560558948637,-40.9,155.06123352637));
#4264 = DIRECTION('',(0.,-1.,0.));
#4265 = DIRECTION('',(7.845909572798E-02,0.,-0.996917333733));
#4266 = ORIENTED_EDGE('',*,*,#4267,.F.);
#4267 = EDGE_CURVE('',#4268,#4259,#4270,.T.);
#4268 = VERTEX_POINT('',#4269);
#4269 = CARTESIAN_POINT('',(11.816197462439,-40.9,155.4324349832));
#4270 = CIRCLE('',#4271,1.469292842572);
#4271 = AXIS2_PLACEMENT_3D('',#4272,#4273,#4274);
#4272 = CARTESIAN_POINT('',(13.160819286432,-40.9,154.84013978005));
#4273 = DIRECTION('',(-0.,-1.,0.));
#4274 = DIRECTION('',(-0.987361195605,0.,0.158486180512));
#4275 = ORIENTED_EDGE('',*,*,#4276,.F.);
#4276 = EDGE_CURVE('',#4277,#4268,#4279,.T.);
#4277 = VERTEX_POINT('',#4278);
#4278 = CARTESIAN_POINT('',(12.645683335052,-40.9,155.49771693717));
#4279 = CIRCLE('',#4280,0.471154273188);
#4280 = AXIS2_PLACEMENT_3D('',#4281,#4282,#4283);
#4281 = CARTESIAN_POINT('',(12.248291963036,-40.9,155.24460343181));
#4282 = DIRECTION('',(0.,-1.,-0.));
#4283 = DIRECTION('',(-0.91709770066,-0.,0.398662523251));
#4284 = ORIENTED_EDGE('',*,*,#4285,.F.);
#4285 = EDGE_CURVE('',#4286,#4277,#4288,.T.);
#4286 = VERTEX_POINT('',#4287);
#4287 = CARTESIAN_POINT('',(12.806705615803,-40.9,155.15930739603));
#4288 = CIRCLE('',#4289,1.469292842572);
#4289 = AXIS2_PLACEMENT_3D('',#4290,#4291,#4292);
#4290 = CARTESIAN_POINT('',(11.410271420235,-40.9,154.70236867511));
#4291 = DIRECTION('',(-0.,-1.,0.));
#4292 = DIRECTION('',(0.840820753373,-0.,0.541313643553));
#4293 = ORIENTED_EDGE('',*,*,#4294,.T.);
#4294 = EDGE_CURVE('',#4286,#4295,#4297,.T.);
#4295 = VERTEX_POINT('',#4296);
#4296 = CARTESIAN_POINT('',(12.968012080223,-40.9,155.02153866033));
#4297 = CIRCLE('',#4298,0.15);
#4298 = AXIS2_PLACEMENT_3D('',#4299,#4300,#4301);
#4299 = CARTESIAN_POINT('',(12.956243215863,-40.9,155.17107626039));
#4300 = DIRECTION('',(0.,-1.,0.));
#4301 = DIRECTION('',(-0.996917333733,-0.,-7.845909572779E-02));
#4302 = ORIENTED_EDGE('',*,*,#4303,.T.);
#4303 = EDGE_CURVE('',#4295,#4304,#4306,.T.);
#4304 = VERTEX_POINT('',#4305);
#4305 = CARTESIAN_POINT('',(13.536811301933,-40.9,155.08886048465));
#4306 = LINE('',#4307,#4308);
#4307 = CARTESIAN_POINT('',(13.11021188565,-40.9,155.03836911641));
#4308 = VECTOR('',#4309,1.);
#4309 = DIRECTION('',(0.993068456955,-0.,0.117537397458));
#4310 = ORIENTED_EDGE('',*,*,#4311,.T.);
#4311 = EDGE_CURVE('',#4304,#4312,#4314,.T.);
#4312 = VERTEX_POINT('',#4313);
#4313 = CARTESIAN_POINT('',(13.661499383267,-40.9,155.26047890549));
#4314 = CIRCLE('',#4315,0.15);
#4315 = AXIS2_PLACEMENT_3D('',#4316,#4317,#4318);
#4316 = CARTESIAN_POINT('',(13.513346132177,-40.9,155.23701373574));
#4317 = DIRECTION('',(0.,-1.,0.));
#4318 = DIRECTION('',(0.15643446504,0.,-0.987688340595));
#4319 = ORIENTED_EDGE('',*,*,#4320,.F.);
#4320 = EDGE_CURVE('',#4321,#4312,#4323,.T.);
#4321 = VERTEX_POINT('',#4322);
#4322 = CARTESIAN_POINT('',(13.739072467121,-40.9,155.62712806899));
#4323 = CIRCLE('',#4324,1.469292842572);
#4324 = AXIS2_PLACEMENT_3D('',#4325,#4326,#4327);
#4325 = CARTESIAN_POINT('',(15.126020216819,-40.9,155.14215652669));
#4326 = DIRECTION('',(-0.,-1.,0.));
#4327 = DIRECTION('',(-0.996752172962,0.,8.05301539461E-02));
#4328 = ORIENTED_EDGE('',*,*,#4329,.F.);
#4329 = EDGE_CURVE('',#4330,#4321,#4332,.T.);
#4330 = VERTEX_POINT('',#4331);
#4331 = CARTESIAN_POINT('',(14.560879348539,-40.9,155.75728949196));
#4332 = CIRCLE('',#4333,0.471154273188);
#4333 = AXIS2_PLACEMENT_3D('',#4334,#4335,#4336);
#4334 = CARTESIAN_POINT('',(14.184572058247,-40.9,155.47377728337));
#4335 = DIRECTION('',(0.,-1.,-0.));
#4336 = DIRECTION('',(-0.945549295589,-0.,0.325478923451));
#4337 = ORIENTED_EDGE('',*,*,#4338,.F.);
#4338 = EDGE_CURVE('',#4339,#4330,#4341,.T.);
#4339 = VERTEX_POINT('',#4340);
#4340 = CARTESIAN_POINT('',(14.747956557921,-40.9,155.43255681704));
#4341 = CIRCLE('',#4342,1.469292842572);
#4342 = AXIS2_PLACEMENT_3D('',#4343,#4344,#4345);
#4343 = CARTESIAN_POINT('',(13.391678101787,-40.9,154.86746372147));
#4344 = DIRECTION('',(-0.,-1.,0.));
#4345 = DIRECTION('',(0.795757804622,-0.,0.605614990223));
#4346 = ORIENTED_EDGE('',*,*,#4347,.T.);
#4347 = EDGE_CURVE('',#4339,#4348,#4350,.T.);
#4348 = VERTEX_POINT('',#4349);
#4349 = CARTESIAN_POINT('',(14.919574978767,-40.9,155.3078687357));
#4350 = CIRCLE('',#4351,0.15);
#4351 = AXIS2_PLACEMENT_3D('',#4352,#4353,#4354);
#4352 = CARTESIAN_POINT('',(14.896109809011,-40.9,155.45602198679));
#4353 = DIRECTION('',(0.,-1.,0.));
#4354 = DIRECTION('',(-0.987688340595,-0.,-0.15643446504));
#4355 = ORIENTED_EDGE('',*,*,#4356,.T.);
#4356 = EDGE_CURVE('',#4348,#4357,#4359,.T.);
#4357 = VERTEX_POINT('',#4358);
#4358 = CARTESIAN_POINT('',(15.481338772845,-40.9,155.41961050189));
#4359 = LINE('',#4360,#4361);
#4360 = CARTESIAN_POINT('',(15.060015927286,-40.9,155.33580417725));
#4361 = VECTOR('',#4362,1.);
#4362 = DIRECTION('',(0.980785280403,-0.,0.195090322016));
#4363 = ORIENTED_EDGE('',*,*,#4364,.T.);
#4364 = EDGE_CURVE('',#4357,#4365,#4367,.T.);
#4365 = VERTEX_POINT('',#4366);
#4366 = CARTESIAN_POINT('',(15.592177456326,-40.9,155.60048279453));
#4367 = CIRCLE('',#4368,0.15);
#4368 = AXIS2_PLACEMENT_3D('',#4369,#4370,#4371);
#4369 = CARTESIAN_POINT('',(15.446321968267,-40.9,155.56546598995));
#4370 = DIRECTION('',(0.,-1.,0.));
#4371 = DIRECTION('',(0.233445363856,0.,-0.972369920398));
#4372 = ORIENTED_EDGE('',*,*,#4373,.F.);
#4373 = EDGE_CURVE('',#4374,#4365,#4376,.T.);
#4374 = VERTEX_POINT('',#4375);
#4375 = CARTESIAN_POINT('',(15.640744446434,-40.9,155.97208801503));
#4376 = CIRCLE('',#4377,1.469292842572);
#4377 = AXIS2_PLACEMENT_3D('',#4378,#4379,#4380);
#4378 = CARTESIAN_POINT('',(17.061467127753,-40.9,155.59743014441));
#4379 = DIRECTION('',(-0.,-1.,0.));
#4380 = DIRECTION('',(-0.99999784172,0.,2.077632201668E-03));
#4381 = ORIENTED_EDGE('',*,*,#4382,.F.);
#4382 = EDGE_CURVE('',#4383,#4374,#4385,.T.);
#4383 = VERTEX_POINT('',#4384);
#4384 = CARTESIAN_POINT('',(16.449805623957,-40.9,156.16632641855));
#4385 = CIRCLE('',#4386,0.471154273188);
#4386 = AXIS2_PLACEMENT_3D('',#4387,#4388,#4389);
#4387 = CARTESIAN_POINT('',(16.096902474968,-40.9,155.85416345377));
#4388 = DIRECTION('',(0.,-1.,-0.));
#4389 = DIRECTION('',(-0.968171264685,-0.,0.250288637855));
#4390 = ORIENTED_EDGE('',*,*,#4391,.F.);
#4391 = EDGE_CURVE('',#4392,#4383,#4394,.T.);
#4392 = VERTEX_POINT('',#4393);
#4393 = CARTESIAN_POINT('',(16.661784368764,-40.9,155.85727269477));
#4394 = CIRCLE('',#4395,1.469292842574);
#4395 = AXIS2_PLACEMENT_3D('',#4396,#4397,#4398);
#4396 = CARTESIAN_POINT('',(15.354023559754,-40.9,155.1875092114));
#4397 = DIRECTION('',(-0.,-1.,0.));
#4398 = DIRECTION('',(0.745788744389,-0.,0.666182519091));
#4399 = ORIENTED_EDGE('',*,*,#4400,.T.);
#4400 = EDGE_CURVE('',#4392,#4401,#4403,.T.);
#4401 = VERTEX_POINT('',#4402);
#4402 = CARTESIAN_POINT('',(16.842656661402,-40.9,155.74643401129));
#4403 = CIRCLE('',#4404,0.15);
#4404 = AXIS2_PLACEMENT_3D('',#4405,#4406,#4407);
#4405 = CARTESIAN_POINT('',(16.807639856824,-40.9,155.89228949935));
#4406 = DIRECTION('',(0.,-1.,0.));
#4407 = DIRECTION('',(-0.972369920398,-0.,-0.233445363856));
#4408 = ORIENTED_EDGE('',*,*,#4409,.T.);
#4409 = EDGE_CURVE('',#4401,#4410,#4412,.T.);
#4410 = VERTEX_POINT('',#4411);
#4411 = CARTESIAN_POINT('',(17.393921567252,-40.9,155.9019067942));
#4412 = LINE('',#4413,#4414);
#4413 = CARTESIAN_POINT('',(16.980472887864,-40.9,155.78530220702));
#4414 = VECTOR('',#4415,1.);
#4415 = DIRECTION('',(0.962455236454,-0.,0.271440449865));
#4416 = ORIENTED_EDGE('',*,*,#4417,.T.);
#4417 = EDGE_CURVE('',#4410,#4418,#4420,.T.);
#4418 = VERTEX_POINT('',#4419);
#4419 = CARTESIAN_POINT('',(17.49022749554,-40.9,156.0909178208));
#4420 = CIRCLE('',#4421,0.15);
#4421 = AXIS2_PLACEMENT_3D('',#4422,#4423,#4424);
#4422 = CARTESIAN_POINT('',(17.347569018096,-40.9,156.04456527164));
#4423 = DIRECTION('',(0.,-1.,0.));
#4424 = DIRECTION('',(0.309016994375,0.,-0.951056516295));
#4425 = ORIENTED_EDGE('',*,*,#4426,.F.);
#4426 = EDGE_CURVE('',#4427,#4418,#4429,.T.);
#4427 = VERTEX_POINT('',#4428);
#4428 = CARTESIAN_POINT('',(17.509488960258,-40.9,156.46518802855));
#4429 = CIRCLE('',#4430,1.469292842572);
#4430 = AXIS2_PLACEMENT_3D('',#4431,#4432,#4433);
#4431 = CARTESIAN_POINT('',(18.955227345429,-40.9,156.20315371996));
#4432 = DIRECTION('',(0.,-1.,-0.));
#4433 = DIRECTION('',(-0.99707819125,0.,-7.638769883622E-02));
#4434 = ORIENTED_EDGE('',*,*,#4435,.F.);
#4435 = EDGE_CURVE('',#4436,#4427,#4438,.T.);
#4436 = VERTEX_POINT('',#4437);
#4437 = CARTESIAN_POINT('',(18.300816302685,-40.9,156.72230586827));
#4438 = CIRCLE('',#4439,0.471154273188);
#4439 = AXIS2_PLACEMENT_3D('',#4440,#4441,#4442);
#4440 = CARTESIAN_POINT('',(17.973493060265,-40.9,156.38341673579));
#4441 = DIRECTION('',(0.,-1.,-0.));
#4442 = DIRECTION('',(-0.984824135983,-0.,0.173555239577));
#4443 = ORIENTED_EDGE('',*,*,#4444,.F.);
#4444 = EDGE_CURVE('',#4445,#4436,#4447,.T.);
#4445 = VERTEX_POINT('',#4446);
#4446 = CARTESIAN_POINT('',(18.536389663465,-40.9,156.43083651461));
#4447 = CIRCLE('',#4448,1.469292842573);
#4448 = AXIS2_PLACEMENT_3D('',#4449,#4450,#4451);
#4449 = CARTESIAN_POINT('',(17.285209281844,-40.9,155.66053195804));
#4450 = DIRECTION('',(-0.,-1.,0.));
#4451 = DIRECTION('',(0.691221648547,-0.,0.722642811201));
#4452 = ORIENTED_EDGE('',*,*,#4453,.T.);
#4453 = EDGE_CURVE('',#4445,#4454,#4456,.T.);
#4454 = VERTEX_POINT('',#4455);
#4455 = CARTESIAN_POINT('',(18.725400690066,-40.9,156.33453058633));
#4456 = CIRCLE('',#4457,0.15);
#4457 = AXIS2_PLACEMENT_3D('',#4458,#4459,#4460);
#4458 = CARTESIAN_POINT('',(18.679048140909,-40.9,156.47718906377));
#4459 = DIRECTION('',(0.,-1.,0.));
#4460 = DIRECTION('',(-0.951056516295,-0.,-0.309016994375));
#4461 = ORIENTED_EDGE('',*,*,#4462,.T.);
#4462 = EDGE_CURVE('',#4454,#4463,#4465,.T.);
#4463 = VERTEX_POINT('',#4464);
#4464 = CARTESIAN_POINT('',(19.262767976229,-40.9,156.53277584455));
#4465 = LINE('',#4466,#4467);
#4466 = CARTESIAN_POINT('',(18.859742511607,-40.9,156.38409190088));
#4467 = VECTOR('',#4468,1.);
#4468 = DIRECTION('',(0.938191335922,-0.,0.346117057078));
#4469 = ORIENTED_EDGE('',*,*,#4470,.T.);
#4470 = EDGE_CURVE('',#4463,#4471,#4473,.T.);
#4471 = VERTEX_POINT('',#4472);
#4472 = CARTESIAN_POINT('',(19.343947391251,-40.9,156.72876028928));
#4473 = CIRCLE('',#4474,0.15);
#4474 = AXIS2_PLACEMENT_3D('',#4475,#4476,#4477);
#4475 = CARTESIAN_POINT('',(19.205365461374,-40.9,156.67135777443));
#4476 = DIRECTION('',(0.,-1.,0.));
#4477 = DIRECTION('',(0.382683432365,0.,-0.923879532511));
#4478 = ORIENTED_EDGE('',*,*,#4479,.F.);
#4479 = EDGE_CURVE('',#4480,#4471,#4482,.T.);
#4480 = VERTEX_POINT('',#4481);
#4481 = CARTESIAN_POINT('',(19.333784577243,-40.9,157.10338798399));
#4482 = CIRCLE('',#4483,1.469292842573);
#4483 = AXIS2_PLACEMENT_3D('',#4484,#4485,#4486);
#4484 = CARTESIAN_POINT('',(20.795625208365,-40.9,156.95559276609));
#4485 = DIRECTION('',(0.,-1.,-0.));
#4486 = DIRECTION('',(-0.988011222169,0.,-0.154382074309));
#4487 = ORIENTED_EDGE('',*,*,#4488,.F.);
#4488 = EDGE_CURVE('',#4489,#4480,#4491,.T.);
#4489 = VERTEX_POINT('',#4490);
#4490 = CARTESIAN_POINT('',(20.102499288366,-40.9,157.42180004294));
#4491 = CIRCLE('',#4492,0.471154273188);
#4492 = AXIS2_PLACEMENT_3D('',#4493,#4494,#4495);
#4493 = CARTESIAN_POINT('',(19.80277400915,-40.9,157.05827410694));
#4494 = DIRECTION('',(0.,-1.,-0.));
#4495 = DIRECTION('',(-0.995405238997,-0.,9.575181553435E-02));
#4496 = ORIENTED_EDGE('',*,*,#4497,.F.);
#4497 = EDGE_CURVE('',#4498,#4489,#4500,.T.);
#4498 = VERTEX_POINT('',#4499);
#4499 = CARTESIAN_POINT('',(20.360214877014,-40.9,157.14971206489));
#4500 = CIRCLE('',#4501,1.469292842571);
#4501 = AXIS2_PLACEMENT_3D('',#4502,#4503,#4504);
#4502 = CARTESIAN_POINT('',(19.173328865893,-40.9,156.28361561885));
#4503 = DIRECTION('',(-0.,-1.,0.));
#4504 = DIRECTION('',(0.632392941387,-0.,0.774647770076));
#4505 = ORIENTED_EDGE('',*,*,#4506,.T.);
#4506 = EDGE_CURVE('',#4498,#4507,#4509,.T.);
#4507 = VERTEX_POINT('',#4508);
#4508 = CARTESIAN_POINT('',(20.556199321745,-40.9,157.06853264986));
#4509 = CIRCLE('',#4510,0.15);
#4510 = AXIS2_PLACEMENT_3D('',#4511,#4512,#4513);
#4511 = CARTESIAN_POINT('',(20.49879680689,-40.9,157.20711457974));
#4512 = DIRECTION('',(0.,-1.,0.));
#4513 = DIRECTION('',(-0.923879532511,-0.,-0.382683432365));
#4514 = ORIENTED_EDGE('',*,*,#4515,.T.);
#4515 = EDGE_CURVE('',#4507,#4516,#4518,.T.);
#4516 = VERTEX_POINT('',#4517);
#4517 = CARTESIAN_POINT('',(21.07635594021,-40.9,157.30832813547));
#4518 = LINE('',#4519,#4520);
#4519 = CARTESIAN_POINT('',(20.686238476361,-40.9,157.12848152126));
#4520 = VECTOR('',#4521,1.);
#4521 = DIRECTION('',(0.908143173825,-0.,0.418659737537));
#4522 = ORIENTED_EDGE('',*,*,#4523,.T.);
#4523 = EDGE_CURVE('',#4516,#4524,#4526,.T.);
#4524 = VERTEX_POINT('',#4525);
#4525 = CARTESIAN_POINT('',(21.141908343877,-40.9,157.51007768906));
#4526 = CIRCLE('',#4527,0.15);
#4527 = AXIS2_PLACEMENT_3D('',#4528,#4529,#4530);
#4528 = CARTESIAN_POINT('',(21.008257365249,-40.9,157.4419791141));
#4529 = DIRECTION('',(0.,-1.,0.));
#4530 = DIRECTION('',(0.45399049974,0.,-0.891006524188));
#4531 = ORIENTED_EDGE('',*,*,#4532,.F.);
#4532 = EDGE_CURVE('',#4533,#4524,#4535,.T.);
#4533 = VERTEX_POINT('',#4534);
#4534 = CARTESIAN_POINT('',(21.102383908272,-40.9,157.88275316641));
#4535 = CIRCLE('',#4536,1.469292842572);
#4536 = AXIS2_PLACEMENT_3D('',#4537,#4538,#4539);
#4537 = CARTESIAN_POINT('',(22.571314051742,-40.9,157.85010824585));
#4538 = DIRECTION('',(0.,-1.,-0.));
#4539 = DIRECTION('',(-0.972852835356,0.,-0.231424632957));
#4540 = ORIENTED_EDGE('',*,*,#4541,.F.);
#4541 = EDGE_CURVE('',#4542,#4533,#4544,.T.);
#4542 = VERTEX_POINT('',#4543);
#4543 = CARTESIAN_POINT('',(21.843746606272,-40.9,158.26049632835));
#4544 = CIRCLE('',#4545,0.471154273188);
#4545 = AXIS2_PLACEMENT_3D('',#4546,#4547,#4548);
#4546 = CARTESIAN_POINT('',(21.573467196276,-40.9,157.87457484712));
#4547 = DIRECTION('',(0.,-1.,-0.));
#4548 = DIRECTION('',(-0.999849337706,-0.,1.735804970824E-02));
#4549 = ORIENTED_EDGE('',*,*,#4550,.F.);
#4550 = EDGE_CURVE('',#4551,#4542,#4553,.T.);
#4551 = VERTEX_POINT('',#4552);
#4552 = CARTESIAN_POINT('',(22.122015520484,-40.9,158.00946723877));
#4553 = CIRCLE('',#4554,1.469292842572);
#4554 = AXIS2_PLACEMENT_3D('',#4555,#4556,#4557);
#4555 = CARTESIAN_POINT('',(21.006741426802,-40.9,157.05291867587));
#4556 = DIRECTION('',(-0.,-1.,0.));
#4557 = DIRECTION('',(0.569665321451,-0.,0.821876767853));
#4558 = ORIENTED_EDGE('',*,*,#4559,.T.);
#4559 = EDGE_CURVE('',#4551,#4560,#4562,.T.);
#4560 = VERTEX_POINT('',#4561);
#4561 = CARTESIAN_POINT('',(22.323765074073,-40.9,157.9439148351));
#4562 = CIRCLE('',#4563,0.15);
#4563 = AXIS2_PLACEMENT_3D('',#4564,#4565,#4566);
#4564 = CARTESIAN_POINT('',(22.255666499112,-40.9,158.07756581373));
#4565 = DIRECTION('',(0.,-1.,0.));
#4566 = DIRECTION('',(-0.891006524188,-0.,-0.453990499739));
#4567 = ORIENTED_EDGE('',*,*,#4568,.T.);
#4568 = EDGE_CURVE('',#4560,#4569,#4571,.T.);
#4569 = VERTEX_POINT('',#4570);
#4570 = CARTESIAN_POINT('',(22.823504086317,-40.9,158.22378212917));
#4571 = LINE('',#4572,#4573);
#4572 = CARTESIAN_POINT('',(22.448699827134,-40.9,158.01388165862));
#4573 = VECTOR('',#4574,1.);
#4574 = DIRECTION('',(0.872496007073,-0.,0.488621241497));
#4575 = ORIENTED_EDGE('',*,*,#4576,.T.);
#4576 = EDGE_CURVE('',#4569,#4577,#4579,.T.);
#4577 = VERTEX_POINT('',#4578);
#4578 = CARTESIAN_POINT('',(22.873025326263,-40.9,158.43005293853));
#4579 = CIRCLE('',#4580,0.15);
#4580 = AXIS2_PLACEMENT_3D('',#4581,#4582,#4583);
#4581 = CARTESIAN_POINT('',(22.74512930161,-40.9,158.35167815383));
#4582 = DIRECTION('',(0.,-1.,0.));
#4583 = DIRECTION('',(0.522498564716,0.,-0.852640164354));
#4584 = ORIENTED_EDGE('',*,*,#4585,.F.);
#4585 = EDGE_CURVE('',#4586,#4577,#4588,.T.);
#4586 = VERTEX_POINT('',#4587);
#4587 = CARTESIAN_POINT('',(22.804382950349,-40.9,158.79847853029));
#4588 = CIRCLE('',#4589,1.469292842572);
#4589 = AXIS2_PLACEMENT_3D('',#4590,#4591,#4592);
#4590 = CARTESIAN_POINT('',(24.271346163364,-40.9,158.88118517387));
#4591 = DIRECTION('',(0.,-1.,-0.));
#4592 = DIRECTION('',(-0.951696487307,0.,-0.307040381786));
#4593 = ORIENTED_EDGE('',*,*,#4594,.F.);
#4594 = EDGE_CURVE('',#4595,#4586,#4597,.T.);
#4595 = VERTEX_POINT('',#4596);
#4596 = CARTESIAN_POINT('',(23.513822887665,-40.9,159.23322388301));
#4597 = CIRCLE('',#4598,0.471154273188);
#4598 = AXIS2_PLACEMENT_3D('',#4599,#4600,#4601);
#4599 = CARTESIAN_POINT('',(23.274655709328,-40.9,158.82728619081));
#4600 = DIRECTION('',(0.,-1.,-0.));
#4601 = DIRECTION('',(-0.998129032764,0.,-6.11427342666E-02));
#4602 = ORIENTED_EDGE('',*,*,#4603,.F.);
#4603 = EDGE_CURVE('',#4604,#4595,#4606,.T.);
#4604 = VERTEX_POINT('',#4605);
#4605 = CARTESIAN_POINT('',(23.810929507052,-40.9,159.00480135972));
#4606 = CIRCLE('',#4607,1.469292842573);
#4607 = AXIS2_PLACEMENT_3D('',#4608,#4609,#4610);
#4608 = CARTESIAN_POINT('',(22.774143366461,-40.9,157.96369811992));
#4609 = DIRECTION('',(-0.,-1.,0.));
#4610 = DIRECTION('',(0.503425525376,-0.,0.864038622053));
#4611 = ORIENTED_EDGE('',*,*,#4612,.T.);
#4612 = EDGE_CURVE('',#4604,#4613,#4615,.T.);
#4613 = VERTEX_POINT('',#4614);
#4614 = CARTESIAN_POINT('',(24.017200316413,-40.9,158.95528011978));
#4615 = CIRCLE('',#4616,0.15);
#4616 = AXIS2_PLACEMENT_3D('',#4617,#4618,#4619);
#4617 = CARTESIAN_POINT('',(23.938825531705,-40.9,159.08317614443));
#4618 = DIRECTION('',(0.,-1.,0.));
#4619 = DIRECTION('',(-0.852640164354,-0.,-0.522498564716));
#4620 = ORIENTED_EDGE('',*,*,#4621,.T.);
#4621 = EDGE_CURVE('',#4613,#4622,#4624,.T.);
#4622 = VERTEX_POINT('',#4623);
#4623 = CARTESIAN_POINT('',(24.493440665244,-40.9,159.27349374738));
#4624 = LINE('',#4625,#4626);
#4625 = CARTESIAN_POINT('',(24.13626040362,-40.9,159.03483352668));
#4626 = VECTOR('',#4627,1.);
#4627 = DIRECTION('',(0.831469612303,-0.,0.55557023302));
#4628 = ORIENTED_EDGE('',*,*,#4629,.T.);
#4629 = EDGE_CURVE('',#4622,#4630,#4632,.T.);
#4630 = VERTEX_POINT('',#4631);
#4631 = CARTESIAN_POINT('',(24.526625426557,-40.9,159.48301408438));
#4632 = CIRCLE('',#4633,0.15);
#4633 = AXIS2_PLACEMENT_3D('',#4634,#4635,#4636);
#4634 = CARTESIAN_POINT('',(24.4052728774,-40.9,159.39484629654));
#4635 = DIRECTION('',(0.,-1.,0.));
#4636 = DIRECTION('',(0.587785252292,0.,-0.809016994375));
#4637 = ORIENTED_EDGE('',*,*,#4638,.F.);
#4638 = EDGE_CURVE('',#4639,#4630,#4641,.T.);
#4639 = VERTEX_POINT('',#4640);
#4640 = CARTESIAN_POINT('',(24.429288313407,-40.9,159.84491832425));
#4641 = CIRCLE('',#4642,1.469292842572);
#4642 = AXIS2_PLACEMENT_3D('',#4643,#4644,#4645);
#4643 = CARTESIAN_POINT('',(25.885240279945,-40.9,160.04246661801));
#4644 = DIRECTION('',(0.,-1.,-0.));
#4645 = DIRECTION('',(-0.924672613943,0.,-0.38076312456));
#4646 = ORIENTED_EDGE('',*,*,#4647,.F.);
#4647 = EDGE_CURVE('',#4648,#4639,#4650,.T.);
#4648 = VERTEX_POINT('',#4649);
#4649 = CARTESIAN_POINT('',(25.102431556914,-40.9,160.3339855181));
#4650 = CIRCLE('',#4651,0.471154273188);
#4651 = AXIS2_PLACEMENT_3D('',#4652,#4653,#4654);
#4652 = CARTESIAN_POINT('',(24.895851155422,-40.9,159.91053435578));
#4653 = DIRECTION('',(0.,-1.,-0.));
#4654 = DIRECTION('',(-0.990254930424,0.,-0.139266552953));
#4655 = ORIENTED_EDGE('',*,*,#4656,.F.);
#4656 = EDGE_CURVE('',#4657,#4648,#4659,.T.);
#4657 = VERTEX_POINT('',#4658);
#4658 = CARTESIAN_POINT('',(25.416544120369,-40.9,160.1295778619));
#4659 = CIRCLE('',#4660,1.46929284257);
#4660 = AXIS2_PLACEMENT_3D('',#4661,#4662,#4663);
#4661 = CARTESIAN_POINT('',(24.464638064195,-40.9,159.01033869289));
#4662 = DIRECTION('',(-0.,-1.,0.));
#4663 = DIRECTION('',(0.434081943531,-0.,0.900873390827));
#4664 = ORIENTED_EDGE('',*,*,#4665,.T.);
#4665 = EDGE_CURVE('',#4657,#4666,#4668,.T.);
#4666 = VERTEX_POINT('',#4667);
#4667 = CARTESIAN_POINT('',(25.626064457369,-40.9,160.09639310059));
#4668 = CIRCLE('',#4669,0.15);
#4669 = AXIS2_PLACEMENT_3D('',#4670,#4671,#4672);
#4670 = CARTESIAN_POINT('',(25.537896669525,-40.9,160.21774564975));
#4671 = DIRECTION('',(0.,-1.,0.));
#4672 = DIRECTION('',(-0.809016994375,-0.,-0.587785252293));
#4673 = ORIENTED_EDGE('',*,*,#4674,.T.);
#4674 = EDGE_CURVE('',#4666,#4675,#4677,.T.);
#4675 = VERTEX_POINT('',#4676);
#4676 = CARTESIAN_POINT('',(26.075869962672,-40.9,160.4509911689));
#4677 = LINE('',#4678,#4679);
#4678 = CARTESIAN_POINT('',(25.738515833695,-40.9,160.18504261767));
#4679 = VECTOR('',#4680,1.);
#4680 = DIRECTION('',(0.785316930881,-0.,0.61909394931));
#4681 = ORIENTED_EDGE('',*,*,#4682,.T.);
#4682 = EDGE_CURVE('',#4675,#4683,#4685,.T.);
#4683 = VERTEX_POINT('',#4684);
#4684 = CARTESIAN_POINT('',(26.092513650263,-40.9,160.66246927099));
#4685 = CIRCLE('',#4686,0.15);
#4686 = AXIS2_PLACEMENT_3D('',#4687,#4688,#4689);
#4687 = CARTESIAN_POINT('',(25.978452755423,-40.9,160.56505206374));
#4688 = DIRECTION('',(0.,-1.,0.));
#4689 = DIRECTION('',(0.64944804833,0.,-0.7604059656));
#4690 = ORIENTED_EDGE('',*,*,#4691,.F.);
#4691 = EDGE_CURVE('',#4692,#4683,#4694,.T.);
#4692 = VERTEX_POINT('',#4693);
#4693 = CARTESIAN_POINT('',(25.967081915548,-40.9,161.01562089898));
#4694 = CIRCLE('',#4695,1.469292842573);
#4695 = AXIS2_PLACEMENT_3D('',#4696,#4697,#4698);
#4696 = CARTESIAN_POINT('',(27.403046207582,-40.9,161.326792892));
#4697 = DIRECTION('',(0.,-1.,-0.));
#4698 = DIRECTION('',(-0.891947826428,0.,-0.452138336054));
#4699 = ORIENTED_EDGE('',*,*,#4700,.F.);
#4700 = EDGE_CURVE('',#4701,#4692,#4703,.T.);
#4701 = VERTEX_POINT('',#4702);
#4702 = CARTESIAN_POINT('',(26.599778313306,-40.9,161.55599467207));
#4703 = CIRCLE('',#4704,0.471154273188);
#4704 = AXIS2_PLACEMENT_3D('',#4705,#4706,#4707);
#4705 = CARTESIAN_POINT('',(26.427058325529,-40.9,161.11764075688));
#4706 = DIRECTION('',(0.,-1.,-0.));
#4707 = DIRECTION('',(-0.976275577144,0.,-0.216531747029));
#4708 = ORIENTED_EDGE('',*,*,#4709,.F.);
#4709 = EDGE_CURVE('',#4710,#4701,#4712,.T.);
#4710 = VERTEX_POINT('',#4711);
#4711 = CARTESIAN_POINT('',(26.928960212423,-40.9,161.37686212415));
#4712 = CIRCLE('',#4713,1.469292842572);
#4713 = AXIS2_PLACEMENT_3D('',#4714,#4715,#4716);
#4714 = CARTESIAN_POINT('',(26.06780305804,-40.9,160.18638750758));
#4715 = DIRECTION('',(-0.,-1.,0.));
#4716 = DIRECTION('',(0.362062102157,-0.,0.932153975576));
#4717 = ORIENTED_EDGE('',*,*,#4718,.T.);
#4718 = EDGE_CURVE('',#4710,#4719,#4721,.T.);
#4719 = VERTEX_POINT('',#4720);
#4720 = CARTESIAN_POINT('',(27.140438314512,-40.9,161.36021843656));
#4721 = CIRCLE('',#4722,0.15);
#4722 = AXIS2_PLACEMENT_3D('',#4723,#4724,#4725);
#4723 = CARTESIAN_POINT('',(27.043021107263,-40.9,161.4742793314));
#4724 = DIRECTION('',(0.,-1.,0.));
#4725 = DIRECTION('',(-0.7604059656,-0.,-0.64944804833));
#4726 = ORIENTED_EDGE('',*,*,#4727,.T.);
#4727 = EDGE_CURVE('',#4719,#4728,#4730,.T.);
#4728 = VERTEX_POINT('',#4729);
#4729 = CARTESIAN_POINT('',(27.561035775771,-40.9,161.74901473056));
#4730 = LINE('',#4731,#4732);
#4731 = CARTESIAN_POINT('',(27.245587679827,-40.9,161.45741751006));
#4732 = VECTOR('',#4733,1.);
#4733 = DIRECTION('',(0.734322509436,-0.,0.678800745533));
#4734 = ORIENTED_EDGE('',*,*,#4735,.T.);
#4735 = EDGE_CURVE('',#4728,#4736,#4738,.T.);
#4736 = VERTEX_POINT('',#4737);
#4737 = CARTESIAN_POINT('',(27.561035775771,-40.9,161.96114676492));
#4738 = CIRCLE('',#4739,0.15);
#4739 = AXIS2_PLACEMENT_3D('',#4740,#4741,#4742);
#4740 = CARTESIAN_POINT('',(27.454969758593,-40.9,161.85508074774));
#4741 = DIRECTION('',(0.,-1.,0.));
#4742 = DIRECTION('',(0.707106781187,0.,-0.707106781186));
#4743 = ORIENTED_EDGE('',*,*,#4744,.F.);
#4744 = EDGE_CURVE('',#4745,#4736,#4747,.T.);
#4745 = VERTEX_POINT('',#4746);
#4746 = CARTESIAN_POINT('',(27.408282747847,-40.9,162.30336848382));
#4747 = CIRCLE('',#4748,1.469292842573);
#4748 = AXIS2_PLACEMENT_3D('',#4749,#4750,#4751);
#4749 = CARTESIAN_POINT('',(28.815406168009,-40.9,162.72624569729));
#4750 = DIRECTION('',(0.,-1.,-0.));
#4751 = DIRECTION('',(-0.853723883961,0.,-0.520725964356));
#4752 = ORIENTED_EDGE('',*,*,#4753,.F.);
#4753 = EDGE_CURVE('',#4754,#4745,#4756,.T.);
#4754 = VERTEX_POINT('',#4755);
#4755 = CARTESIAN_POINT('',(27.996631516171,-40.9,162.89171725215));
#4756 = CIRCLE('',#4757,0.471154273188);
#4757 = AXIS2_PLACEMENT_3D('',#4758,#4759,#4760);
#4758 = CARTESIAN_POINT('',(27.858836818268,-40.9,162.44116318173));
#4759 = DIRECTION('',(0.,-1.,-0.));
#4760 = DIRECTION('',(-0.956277160287,0.,-0.29246195088));
#4761 = ORIENTED_EDGE('',*,*,#4762,.F.);
#4762 = EDGE_CURVE('',#4763,#4754,#4765,.T.);
#4763 = VERTEX_POINT('',#4764);
#4764 = CARTESIAN_POINT('',(28.338853235077,-40.9,162.73896422422));
#4765 = CIRCLE('',#4766,1.469292842573);
#4766 = AXIS2_PLACEMENT_3D('',#4767,#4768,#4769);
#4767 = CARTESIAN_POINT('',(27.573754302707,-40.9,161.48459383199));
#4768 = DIRECTION('',(-0.,-1.,0.));
#4769 = DIRECTION('',(0.287810027525,-0.,0.957687521092));
#4770 = ORIENTED_EDGE('',*,*,#4771,.T.);
#4771 = EDGE_CURVE('',#4763,#4772,#4774,.T.);
#4772 = VERTEX_POINT('',#4773);
#4773 = CARTESIAN_POINT('',(28.550985269433,-40.9,162.73896422422));
#4774 = CIRCLE('',#4775,0.15);
#4775 = AXIS2_PLACEMENT_3D('',#4776,#4777,#4778);
#4776 = CARTESIAN_POINT('',(28.444919252255,-40.9,162.8450302414));
#4777 = DIRECTION('',(0.,-1.,0.));
#4778 = DIRECTION('',(-0.707106781186,-0.,-0.707106781187));
#4779 = ORIENTED_EDGE('',*,*,#4780,.T.);
#4780 = EDGE_CURVE('',#4772,#4781,#4783,.T.);
#4781 = VERTEX_POINT('',#4782);
#4782 = CARTESIAN_POINT('',(28.939781563436,-40.9,163.15956168548));
#4783 = LINE('',#4784,#4785);
#4784 = CARTESIAN_POINT('',(28.648184342934,-40.9,162.84411358954));
#4785 = VECTOR('',#4786,1.);
#4786 = DIRECTION('',(0.678800745533,-0.,0.734322509436));
#4787 = ORIENTED_EDGE('',*,*,#4788,.T.);
#4788 = EDGE_CURVE('',#4781,#4789,#4791,.T.);
#4789 = VERTEX_POINT('',#4790);
#4790 = CARTESIAN_POINT('',(28.923137875846,-40.9,163.37103978757));
#4791 = CIRCLE('',#4792,0.15);
#4792 = AXIS2_PLACEMENT_3D('',#4793,#4794,#4795);
#4793 = CARTESIAN_POINT('',(28.825720668596,-40.9,163.25697889273));
#4794 = DIRECTION('',(0.,-1.,0.));
#4795 = DIRECTION('',(0.7604059656,0.,-0.64944804833));
#4796 = ORIENTED_EDGE('',*,*,#4797,.F.);
#4797 = EDGE_CURVE('',#4798,#4789,#4800,.T.);
#4798 = VERTEX_POINT('',#4799);
#4799 = CARTESIAN_POINT('',(28.744005327924,-40.9,163.70022168669));
#4800 = CIRCLE('',#4801,1.469292842573);
#4801 = AXIS2_PLACEMENT_3D('',#4802,#4803,#4804);
#4802 = CARTESIAN_POINT('',(30.113612492413,-40.9,164.23219694196));
#4803 = DIRECTION('',(0.,-1.,-0.));
#4804 = DIRECTION('',(-0.810236449858,0.,-0.586103143928));
#4805 = ORIENTED_EDGE('',*,*,#4806,.F.);
#4806 = EDGE_CURVE('',#4807,#4798,#4809,.T.);
#4807 = VERTEX_POINT('',#4808);
#4808 = CARTESIAN_POINT('',(29.284379101011,-40.9,164.33291808445));
#4809 = CIRCLE('',#4810,0.471154273188);
#4810 = AXIS2_PLACEMENT_3D('',#4811,#4812,#4813);
#4811 = CARTESIAN_POINT('',(29.182359243117,-40.9,163.87294167447));
#4812 = DIRECTION('',(0.,-1.,-0.));
#4813 = DIRECTION('',(-0.930382976743,0.,-0.366589029552));
#4814 = ORIENTED_EDGE('',*,*,#4815,.F.);
#4815 = EDGE_CURVE('',#4816,#4807,#4818,.T.);
#4816 = VERTEX_POINT('',#4817);
#4817 = CARTESIAN_POINT('',(29.637530729009,-40.9,164.20748634973));
#4818 = CIRCLE('',#4819,1.469292842573);
#4819 = AXIS2_PLACEMENT_3D('',#4820,#4821,#4822);
#4820 = CARTESIAN_POINT('',(28.973207107992,-40.9,162.89695379241));
#4821 = DIRECTION('',(-0.,-1.,0.));
#4822 = DIRECTION('',(0.211783508367,-0.,0.977316604578));
#4823 = ORIENTED_EDGE('',*,*,#4824,.T.);
#4824 = EDGE_CURVE('',#4816,#4825,#4827,.T.);
#4825 = VERTEX_POINT('',#4826);
#4826 = CARTESIAN_POINT('',(29.849008831098,-40.9,164.22413003732));
#4827 = CIRCLE('',#4828,0.15);
#4828 = AXIS2_PLACEMENT_3D('',#4829,#4830,#4831);
#4829 = CARTESIAN_POINT('',(29.734947936258,-40.9,164.32154724457));
#4830 = DIRECTION('',(0.,-1.,0.));
#4831 = DIRECTION('',(-0.64944804833,-0.,-0.7604059656));
#4832 = ORIENTED_EDGE('',*,*,#4833,.T.);
#4833 = EDGE_CURVE('',#4825,#4834,#4836,.T.);
#4834 = VERTEX_POINT('',#4835);
#4835 = CARTESIAN_POINT('',(30.203606899406,-40.9,164.67393554263));
#4836 = LINE('',#4837,#4838);
#4837 = CARTESIAN_POINT('',(29.937658348175,-40.9,164.33658141365));
#4838 = VECTOR('',#4839,1.);
#4839 = DIRECTION('',(0.61909394931,-0.,0.785316930881));
#4840 = ORIENTED_EDGE('',*,*,#4841,.T.);
#4841 = EDGE_CURVE('',#4834,#4842,#4844,.T.);
#4842 = VERTEX_POINT('',#4843);
#4843 = CARTESIAN_POINT('',(30.170422138094,-40.9,164.88345587963));
#4844 = CIRCLE('',#4845,0.15);
#4845 = AXIS2_PLACEMENT_3D('',#4846,#4847,#4848);
#4846 = CARTESIAN_POINT('',(30.08225435025,-40.9,164.76210333047));
#4847 = DIRECTION('',(0.,-1.,0.));
#4848 = DIRECTION('',(0.809016994375,0.,-0.587785252292));
#4849 = ORIENTED_EDGE('',*,*,#4850,.F.);
#4850 = EDGE_CURVE('',#4851,#4842,#4853,.T.);
#4851 = VERTEX_POINT('',#4852);
#4852 = CARTESIAN_POINT('',(29.9660144819,-40.9,165.19756844308));
#4853 = CIRCLE('',#4854,1.469292842573);
#4854 = AXIS2_PLACEMENT_3D('',#4855,#4856,#4857);
#4855 = CARTESIAN_POINT('',(31.289661307107,-40.9,165.8353619358));
#4856 = DIRECTION('',(0.,-1.,-0.));
#4857 = DIRECTION('',(-0.76175363861,0.,-0.647866802719));
#4858 = ORIENTED_EDGE('',*,*,#4859,.F.);
#4859 = EDGE_CURVE('',#4860,#4851,#4862,.T.);
#4860 = VERTEX_POINT('',#4861);
#4861 = CARTESIAN_POINT('',(30.455081675747,-40.9,165.87071168659));
#4862 = CIRCLE('',#4863,0.471154273188);
#4863 = AXIS2_PLACEMENT_3D('',#4864,#4865,#4866);
#4864 = CARTESIAN_POINT('',(30.389465644211,-40.9,165.40414884457));
#4865 = DIRECTION('',(0.,-1.,-0.));
#4866 = DIRECTION('',(-0.898752672763,0.,-0.438455964952));
#4867 = ORIENTED_EDGE('',*,*,#4868,.F.);
#4868 = EDGE_CURVE('',#4869,#4860,#4871,.T.);
#4869 = VERTEX_POINT('',#4870);
#4870 = CARTESIAN_POINT('',(30.816985915615,-40.9,165.77337457344));
#4871 = CIRCLE('',#4872,1.46929284257);
#4872 = AXIS2_PLACEMENT_3D('',#4873,#4874,#4875);
#4873 = CARTESIAN_POINT('',(30.257533381985,-40.9,164.41475972005));
#4874 = DIRECTION('',(-0.,-1.,0.));
#4875 = DIRECTION('',(0.134451273455,-0.,0.990920206205));
#4876 = ORIENTED_EDGE('',*,*,#4877,.T.);
#4877 = EDGE_CURVE('',#4869,#4878,#4880,.T.);
#4878 = VERTEX_POINT('',#4879);
#4879 = CARTESIAN_POINT('',(31.026506252615,-40.9,165.80655933475));
#4880 = CIRCLE('',#4881,0.15);
#4881 = AXIS2_PLACEMENT_3D('',#4882,#4883,#4884);
#4882 = CARTESIAN_POINT('',(30.905153703459,-40.9,165.8947271226));
#4883 = DIRECTION('',(0.,-1.,0.));
#4884 = DIRECTION('',(-0.587785252292,-0.,-0.809016994375));
#4885 = ORIENTED_EDGE('',*,*,#4886,.T.);
#4886 = EDGE_CURVE('',#4878,#4887,#4889,.T.);
#4887 = VERTEX_POINT('',#4888);
#4888 = CARTESIAN_POINT('',(31.34471988022,-40.9,166.28279968358));
#4889 = LINE('',#4890,#4891);
#4890 = CARTESIAN_POINT('',(31.106059659516,-40.9,165.92561942196));
#4891 = VECTOR('',#4892,1.);
#4892 = DIRECTION('',(0.55557023302,-0.,0.831469612303));
#4893 = ORIENTED_EDGE('',*,*,#4894,.T.);
#4894 = EDGE_CURVE('',#4887,#4895,#4897,.T.);
#4895 = VERTEX_POINT('',#4896);
#4896 = CARTESIAN_POINT('',(31.295198640274,-40.9,166.48907049294));
#4897 = CIRCLE('',#4898,0.15);
#4898 = AXIS2_PLACEMENT_3D('',#4899,#4900,#4901);
#4899 = CARTESIAN_POINT('',(31.216823855567,-40.9,166.36117446829));
#4900 = DIRECTION('',(0.,-1.,0.));
#4901 = DIRECTION('',(0.852640164354,0.,-0.522498564716));
#4902 = ORIENTED_EDGE('',*,*,#4903,.F.);
#4903 = EDGE_CURVE('',#4904,#4895,#4906,.T.);
#4904 = VERTEX_POINT('',#4905);
#4905 = CARTESIAN_POINT('',(31.066776116981,-40.9,166.78617711233));
#4906 = CIRCLE('',#4907,1.469292842571);
#4907 = AXIS2_PLACEMENT_3D('',#4908,#4909,#4910);
#4908 = CARTESIAN_POINT('',(32.336301880069,-40.9,167.52585663353));
#4909 = DIRECTION('',(0.,-1.,-0.));
#4910 = DIRECTION('',(-0.708574362871,0.,-0.705636147234));
#4911 = ORIENTED_EDGE('',*,*,#4912,.F.);
#4912 = EDGE_CURVE('',#4913,#4904,#4915,.T.);
#4913 = VERTEX_POINT('',#4914);
#4914 = CARTESIAN_POINT('',(31.501521469707,-40.9,167.49561704965));
#4915 = CIRCLE('',#4916,0.471154273188);
#4916 = AXIS2_PLACEMENT_3D('',#4917,#4918,#4919);
#4917 = CARTESIAN_POINT('',(31.472713809183,-40.9,167.02534429067));
#4918 = DIRECTION('',(0.,-1.,-0.));
#4919 = DIRECTION('',(-0.861581259689,0.,-0.507619673527));
#4920 = ORIENTED_EDGE('',*,*,#4921,.F.);
#4921 = EDGE_CURVE('',#4922,#4913,#4924,.T.);
#4922 = VERTEX_POINT('',#4923);
#4923 = CARTESIAN_POINT('',(31.869947061462,-40.9,167.42697467373));
#4924 = CIRCLE('',#4925,1.469292842572);
#4925 = AXIS2_PLACEMENT_3D('',#4926,#4927,#4928);
#4926 = CARTESIAN_POINT('',(31.418814826123,-40.9,166.02865383663));
#4927 = DIRECTION('',(-0.,-1.,0.));
#4928 = DIRECTION('',(5.629010173274E-02,-0.,0.998414455247));
#4929 = ORIENTED_EDGE('',*,*,#4930,.T.);
#4930 = EDGE_CURVE('',#4922,#4931,#4933,.T.);
#4931 = VERTEX_POINT('',#4932);
#4932 = CARTESIAN_POINT('',(32.076217870822,-40.9,167.47649591368));
#4933 = CIRCLE('',#4934,0.15);
#4934 = AXIS2_PLACEMENT_3D('',#4935,#4936,#4937);
#4935 = CARTESIAN_POINT('',(31.948321846169,-40.9,167.55487069839));
#4936 = DIRECTION('',(0.,-1.,0.));
#4937 = DIRECTION('',(-0.522498564716,-0.,-0.852640164354));
#4938 = ORIENTED_EDGE('',*,*,#4939,.T.);
#4939 = EDGE_CURVE('',#4931,#4940,#4942,.T.);
#4940 = VERTEX_POINT('',#4941);
#4941 = CARTESIAN_POINT('',(32.356085164893,-40.9,167.97623492592));
#4942 = LINE('',#4943,#4944);
#4943 = CARTESIAN_POINT('',(32.14618469434,-40.9,167.60143066674));
#4944 = VECTOR('',#4945,1.);
#4945 = DIRECTION('',(0.488621241497,-0.,0.872496007073));
#4946 = ORIENTED_EDGE('',*,*,#4947,.T.);
#4947 = EDGE_CURVE('',#4940,#4948,#4950,.T.);
#4948 = VERTEX_POINT('',#4949);
#4949 = CARTESIAN_POINT('',(32.290532761225,-40.9,168.17798447951));
#4950 = CIRCLE('',#4951,0.15);
#4951 = AXIS2_PLACEMENT_3D('',#4952,#4953,#4954);
#4952 = CARTESIAN_POINT('',(32.222434186265,-40.9,168.04433350088));
#4953 = DIRECTION('',(0.,-1.,0.));
#4954 = DIRECTION('',(0.891006524188,0.,-0.45399049974));
#4955 = ORIENTED_EDGE('',*,*,#4956,.F.);
#4956 = EDGE_CURVE('',#4957,#4948,#4959,.T.);
#4957 = VERTEX_POINT('',#4958);
#4958 = CARTESIAN_POINT('',(32.039503671648,-40.9,168.45625339372));
#4959 = CIRCLE('',#4960,1.469292842572);
#4960 = AXIS2_PLACEMENT_3D('',#4961,#4962,#4963);
#4961 = CARTESIAN_POINT('',(33.24708132413,-40.9,169.29325857319));
#4962 = DIRECTION('',(0.,-1.,-0.));
#4963 = DIRECTION('',(-0.65102649056,0.,-0.759055010252));
#4964 = ORIENTED_EDGE('',*,*,#4965,.F.);
#4965 = EDGE_CURVE('',#4966,#4957,#4968,.T.);
#4966 = VERTEX_POINT('',#4967);
#4967 = CARTESIAN_POINT('',(32.417246833585,-40.9,169.19761609172));
#4968 = CIRCLE('',#4969,0.471154273188);
#4969 = AXIS2_PLACEMENT_3D('',#4970,#4971,#4972);
#4970 = CARTESIAN_POINT('',(32.425425152879,-40.9,168.72653280372));
#4971 = DIRECTION('',(0.,-1.,-0.));
#4972 = DIRECTION('',(-0.819097911645,0.,-0.573653738015));
#4973 = ORIENTED_EDGE('',*,*,#4974,.F.);
#4974 = EDGE_CURVE('',#4975,#4966,#4977,.T.);
#4975 = VERTEX_POINT('',#4976);
#4976 = CARTESIAN_POINT('',(32.789922310939,-40.9,169.15809165612));
#4977 = CIRCLE('',#4978,1.469292842572);
#4978 = AXIS2_PLACEMENT_3D('',#4979,#4980,#4981);
#4979 = CARTESIAN_POINT('',(32.449891754141,-40.9,167.72868594825));
#4980 = DIRECTION('',(-0.,-1.,0.));
#4981 = DIRECTION('',(-2.221811718531E-02,0.,0.999753147166));
#4982 = ORIENTED_EDGE('',*,*,#4983,.T.);
#4983 = EDGE_CURVE('',#4975,#4984,#4986,.T.);
#4984 = VERTEX_POINT('',#4985);
#4985 = CARTESIAN_POINT('',(32.991671864528,-40.9,169.22364405979));
#4986 = CIRCLE('',#4987,0.15);
#4987 = AXIS2_PLACEMENT_3D('',#4988,#4989,#4990);
#4988 = CARTESIAN_POINT('',(32.8580208859,-40.9,169.29174263475));
#4989 = DIRECTION('',(0.,-1.,0.));
#4990 = DIRECTION('',(-0.453990499739,-0.,-0.891006524188));
#4991 = ORIENTED_EDGE('',*,*,#4992,.T.);
#4992 = EDGE_CURVE('',#4984,#4993,#4995,.T.);
#4993 = VERTEX_POINT('',#4994);
#4994 = CARTESIAN_POINT('',(33.231467350132,-40.9,169.74380067825));
#4995 = LINE('',#4996,#4997);
#4996 = CARTESIAN_POINT('',(33.051620735929,-40.9,169.3536832144));
#4997 = VECTOR('',#4998,1.);
#4998 = DIRECTION('',(0.418659737537,-0.,0.908143173825));
#4999 = ORIENTED_EDGE('',*,*,#5000,.T.);
#5000 = EDGE_CURVE('',#4993,#5001,#5003,.T.);
#5001 = VERTEX_POINT('',#5002);
#5002 = CARTESIAN_POINT('',(33.15028793511,-40.9,169.93978512298));
#5003 = CIRCLE('',#5004,0.15);
#5004 = AXIS2_PLACEMENT_3D('',#5005,#5006,#5007);
#5005 = CARTESIAN_POINT('',(33.092885420255,-40.9,169.80120319311));
#5006 = DIRECTION('',(0.,-1.,0.));
#5007 = DIRECTION('',(0.923879532511,0.,-0.382683432365));
#5008 = ORIENTED_EDGE('',*,*,#5009,.F.);
#5009 = EDGE_CURVE('',#5010,#5001,#5012,.T.);
#5010 = VERTEX_POINT('',#5011);
#5011 = CARTESIAN_POINT('',(32.87819995706,-40.9,170.19750071163));
#5012 = CIRCLE('',#5013,1.469292842573);
#5013 = AXIS2_PLACEMENT_3D('',#5014,#5015,#5016);
#5014 = CARTESIAN_POINT('',(34.016384381148,-40.9,171.1266711341));
#5015 = DIRECTION('',(0.,-1.,-0.));
#5016 = DIRECTION('',(-0.589464823447,0.,-0.807794046722));
#5017 = ORIENTED_EDGE('',*,*,#5018,.F.);
#5018 = EDGE_CURVE('',#5019,#5010,#5021,.T.);
#5019 = VERTEX_POINT('',#5020);
#5020 = CARTESIAN_POINT('',(33.196612016003,-40.9,170.96621542275));
#5021 = CIRCLE('',#5022,0.471154273188);
#5022 = AXIS2_PLACEMENT_3D('',#5023,#5024,#5025);
#5023 = CARTESIAN_POINT('',(33.241725893057,-40.9,170.49722599085));
#5024 = DIRECTION('',(0.,-1.,-0.));
#5025 = DIRECTION('',(-0.771564552598,0.,-0.636151036448));
#5026 = ORIENTED_EDGE('',*,*,#5027,.F.);
#5027 = EDGE_CURVE('',#5028,#5019,#5030,.T.);
#5028 = VERTEX_POINT('',#5029);
#5029 = CARTESIAN_POINT('',(33.571239710711,-40.9,170.95605260874));
#5030 = CIRCLE('',#5031,1.469292842573);
#5031 = AXIS2_PLACEMENT_3D('',#5032,#5033,#5034);
#5032 = CARTESIAN_POINT('',(33.344407233907,-40.9,169.50437479163));
#5033 = DIRECTION('',(0.,-1.,-0.));
#5034 = DIRECTION('',(-0.100589354023,-0.,0.994928028481));
#5035 = ORIENTED_EDGE('',*,*,#5036,.T.);
#5036 = EDGE_CURVE('',#5028,#5037,#5039,.T.);
#5037 = VERTEX_POINT('',#5038);
#5038 = CARTESIAN_POINT('',(33.767224155443,-40.9,171.03723202377));
#5039 = CIRCLE('',#5040,0.15);
#5040 = AXIS2_PLACEMENT_3D('',#5041,#5042,#5043);
#5041 = CARTESIAN_POINT('',(33.628642225566,-40.9,171.09463453862));
#5042 = DIRECTION('',(0.,-1.,0.));
#5043 = DIRECTION('',(-0.382683432365,-0.,-0.923879532511));
#5044 = ORIENTED_EDGE('',*,*,#5045,.T.);
#5045 = EDGE_CURVE('',#5037,#5046,#5048,.T.);
#5046 = VERTEX_POINT('',#5047);
#5047 = CARTESIAN_POINT('',(33.96546941367,-40.9,171.57459930993));
#5048 = LINE('',#5049,#5050);
#5049 = CARTESIAN_POINT('',(33.81678547,-40.9,171.17157384531));
#5050 = VECTOR('',#5051,1.);
#5051 = DIRECTION('',(0.346117057077,-0.,0.938191335922));
#5052 = ORIENTED_EDGE('',*,*,#5053,.T.);
#5053 = EDGE_CURVE('',#5046,#5054,#5056,.T.);
#5054 = VERTEX_POINT('',#5055);
#5055 = CARTESIAN_POINT('',(33.869163485382,-40.9,171.76361033653));
#5056 = CIRCLE('',#5057,0.15);
#5057 = AXIS2_PLACEMENT_3D('',#5058,#5059,#5060);
#5058 = CARTESIAN_POINT('',(33.822810936226,-40.9,171.62095185909));
#5059 = DIRECTION('',(0.,-1.,0.));
#5060 = DIRECTION('',(0.951056516295,0.,-0.309016994375));
#5061 = ORIENTED_EDGE('',*,*,#5062,.F.);
#5062 = EDGE_CURVE('',#5063,#5054,#5065,.T.);
#5063 = VERTEX_POINT('',#5064);
#5064 = CARTESIAN_POINT('',(33.577694131724,-40.9,171.99918369731));
#5065 = CIRCLE('',#5066,1.469292842572);
#5066 = AXIS2_PLACEMENT_3D('',#5067,#5068,#5069);
#5067 = CARTESIAN_POINT('',(34.639468041957,-40.9,173.01479071815));
#5068 = DIRECTION('',(0.,-1.,-0.));
#5069 = DIRECTION('',(-0.52426890968,0.,-0.851552764274));
#5070 = ORIENTED_EDGE('',*,*,#5071,.F.);
#5071 = EDGE_CURVE('',#5072,#5063,#5074,.T.);
#5072 = VERTEX_POINT('',#5073);
#5073 = CARTESIAN_POINT('',(33.834811971446,-40.9,172.79051103974));
#5074 = CIRCLE('',#5075,0.471154273188);
#5075 = AXIS2_PLACEMENT_3D('',#5076,#5077,#5078);
#5076 = CARTESIAN_POINT('',(33.916583264207,-40.9,172.32650693973));
#5077 = DIRECTION('',(0.,-1.,-0.));
#5078 = DIRECTION('',(-0.719274241513,0.,-0.6947262522));
#5079 = ORIENTED_EDGE('',*,*,#5080,.F.);
#5080 = EDGE_CURVE('',#5081,#5072,#5083,.T.);
#5081 = VERTEX_POINT('',#5082);
#5082 = CARTESIAN_POINT('',(34.209082179194,-40.9,172.80977250446));
#5083 = CIRCLE('',#5084,1.469292842574);
#5084 = AXIS2_PLACEMENT_3D('',#5085,#5086,#5087);
#5085 = CARTESIAN_POINT('',(34.096846280034,-40.9,171.34477265456));
#5086 = DIRECTION('',(0.,-1.,-0.));
#5087 = DIRECTION('',(-0.178340424043,-0.,0.983968847653));
#5088 = ORIENTED_EDGE('',*,*,#5089,.T.);
#5089 = EDGE_CURVE('',#5081,#5090,#5092,.T.);
#5090 = VERTEX_POINT('',#5091);
#5091 = CARTESIAN_POINT('',(34.398093205795,-40.9,172.90607843274));
#5092 = CIRCLE('',#5093,0.15);
#5093 = AXIS2_PLACEMENT_3D('',#5094,#5095,#5096);
#5094 = CARTESIAN_POINT('',(34.255434728351,-40.9,172.9524309819));
#5095 = DIRECTION('',(0.,-1.,0.));
#5096 = DIRECTION('',(-0.309016994375,-0.,-0.951056516295));
#5097 = ORIENTED_EDGE('',*,*,#5098,.T.);
#5098 = EDGE_CURVE('',#5090,#5099,#5101,.T.);
#5099 = VERTEX_POINT('',#5100);
#5100 = CARTESIAN_POINT('',(34.553565988706,-40.9,173.45734333859));
#5101 = LINE('',#5102,#5103);
#5102 = CARTESIAN_POINT('',(34.436961401523,-40.9,173.04389465921));
#5103 = VECTOR('',#5104,1.);
#5104 = DIRECTION('',(0.271440449865,-0.,0.962455236454));
#5105 = ORIENTED_EDGE('',*,*,#5106,.T.);
#5106 = EDGE_CURVE('',#5099,#5107,#5109,.T.);
#5107 = VERTEX_POINT('',#5108);
#5108 = CARTESIAN_POINT('',(34.442727305225,-40.9,173.63821563123));
#5109 = CIRCLE('',#5110,0.15);
#5110 = AXIS2_PLACEMENT_3D('',#5111,#5112,#5113);
#5111 = CARTESIAN_POINT('',(34.407710500647,-40.9,173.49236014317));
#5112 = DIRECTION('',(0.,-1.,0.));
#5113 = DIRECTION('',(0.972369920398,0.,-0.233445363856));
#5114 = ORIENTED_EDGE('',*,*,#5115,.F.);
#5115 = EDGE_CURVE('',#5116,#5107,#5118,.T.);
#5116 = VERTEX_POINT('',#5117);
#5117 = CARTESIAN_POINT('',(34.133673581447,-40.9,173.85019437604));
#5118 = CIRCLE('',#5119,1.469292842574);
#5119 = AXIS2_PLACEMENT_3D('',#5120,#5121,#5122);
#5120 = CARTESIAN_POINT('',(35.112490788595,-40.9,174.94597644024));
#5121 = DIRECTION('',(0.,-1.,-0.));
#5122 = DIRECTION('',(-0.455840703748,0.,-0.890061375865));
#5123 = ORIENTED_EDGE('',*,*,#5124,.F.);
#5124 = EDGE_CURVE('',#5125,#5116,#5127,.T.);
#5125 = VERTEX_POINT('',#5126);
#5126 = CARTESIAN_POINT('',(34.327911984966,-40.9,174.65925555356));
#5127 = CIRCLE('',#5128,0.471154273188);
#5128 = AXIS2_PLACEMENT_3D('',#5129,#5130,#5131);
#5129 = CARTESIAN_POINT('',(34.445836546222,-40.9,174.20309752503));
#5130 = DIRECTION('',(0.,-1.,-0.));
#5131 = DIRECTION('',(-0.662549365546,0.,-0.749018249587));
#5132 = ORIENTED_EDGE('',*,*,#5133,.F.);
#5133 = EDGE_CURVE('',#5134,#5125,#5136,.T.);
#5134 = VERTEX_POINT('',#5135);
#5135 = CARTESIAN_POINT('',(34.699517205466,-40.9,174.70782254367));
#5136 = CIRCLE('',#5137,1.469292842574);
#5137 = AXIS2_PLACEMENT_3D('',#5138,#5139,#5140);
#5138 = CARTESIAN_POINT('',(34.70256985559,-40.9,173.23853287224));
#5139 = DIRECTION('',(-0.,-1.,0.));
#5140 = DIRECTION('',(-0.254991966045,0.,0.966943171677));
#5141 = ORIENTED_EDGE('',*,*,#5142,.T.);
#5142 = EDGE_CURVE('',#5134,#5143,#5145,.T.);
#5143 = VERTEX_POINT('',#5144);
#5144 = CARTESIAN_POINT('',(34.880389498104,-40.9,174.81866122715));
#5145 = CIRCLE('',#5146,0.15);
#5146 = AXIS2_PLACEMENT_3D('',#5147,#5148,#5149);
#5147 = CARTESIAN_POINT('',(34.734534010045,-40.9,174.85367803173));
#5148 = DIRECTION('',(0.,-1.,0.));
#5149 = DIRECTION('',(-0.233445363856,-0.,-0.972369920398));
#5150 = ORIENTED_EDGE('',*,*,#5151,.T.);
#5151 = EDGE_CURVE('',#5143,#5152,#5154,.T.);
#5152 = VERTEX_POINT('',#5153);
#5153 = CARTESIAN_POINT('',(34.992131264293,-40.9,175.38042502123));
#5154 = LINE('',#5155,#5156);
#5155 = CARTESIAN_POINT('',(34.908324939652,-40.9,174.95910217567));
#5156 = VECTOR('',#5157,1.);
#5157 = DIRECTION('',(0.195090322016,-0.,0.980785280403));
#5158 = ORIENTED_EDGE('',*,*,#5159,.T.);
#5159 = EDGE_CURVE('',#5152,#5160,#5162,.T.);
#5160 = VERTEX_POINT('',#5161);
#5161 = CARTESIAN_POINT('',(34.86744318296,-40.9,175.55204344207));
#5162 = CIRCLE('',#5163,0.15);
#5163 = AXIS2_PLACEMENT_3D('',#5164,#5165,#5166);
#5164 = CARTESIAN_POINT('',(34.843978013204,-40.9,175.40389019098));
#5165 = DIRECTION('',(0.,-1.,0.));
#5166 = DIRECTION('',(0.987688340595,0.,-0.15643446504));
#5167 = ORIENTED_EDGE('',*,*,#5168,.F.);
#5168 = EDGE_CURVE('',#5169,#5160,#5171,.T.);
#5169 = VERTEX_POINT('',#5170);
#5170 = CARTESIAN_POINT('',(34.542710508039,-40.9,175.73912065146));
#5171 = CIRCLE('',#5172,1.469292842574);
#5172 = AXIS2_PLACEMENT_3D('',#5173,#5174,#5175);
#5173 = CARTESIAN_POINT('',(35.43253627853,-40.9,176.90832189821));
#5174 = DIRECTION('',(0.,-1.,-0.));
#5175 = DIRECTION('',(-0.384602088294,0.,-0.923082463098));
#5176 = ORIENTED_EDGE('',*,*,#5177,.F.);
#5177 = EDGE_CURVE('',#5178,#5169,#5180,.T.);
#5178 = VERTEX_POINT('',#5179);
#5179 = CARTESIAN_POINT('',(34.672871931008,-40.9,176.56092753287));
#5180 = CIRCLE('',#5181,0.471154273188);
#5181 = AXIS2_PLACEMENT_3D('',#5182,#5183,#5184);
#5182 = CARTESIAN_POINT('',(34.826222716624,-40.9,176.11542794175));
#5183 = DIRECTION('',(0.,-1.,-0.));
#5184 = DIRECTION('',(-0.601739652421,0.,-0.798692300391));
#5185 = ORIENTED_EDGE('',*,*,#5186,.F.);
#5186 = EDGE_CURVE('',#5187,#5178,#5189,.T.);
#5187 = VERTEX_POINT('',#5188);
#5188 = CARTESIAN_POINT('',(35.039521094504,-40.9,176.63850061673));
#5189 = CIRCLE('',#5190,1.469292842574);
#5190 = AXIS2_PLACEMENT_3D('',#5191,#5192,#5193);
#5191 = CARTESIAN_POINT('',(35.157843473308,-40.9,175.17397978317));
#5192 = DIRECTION('',(-0.,-1.,0.));
#5193 = DIRECTION('',(-0.330071397783,0.,0.943955969506));
#5194 = ORIENTED_EDGE('',*,*,#5195,.T.);
#5195 = EDGE_CURVE('',#5187,#5196,#5198,.T.);
#5196 = VERTEX_POINT('',#5197);
#5197 = CARTESIAN_POINT('',(35.211139515349,-40.9,176.76318869806));
#5198 = CIRCLE('',#5199,0.15);
#5199 = AXIS2_PLACEMENT_3D('',#5200,#5201,#5202);
#5200 = CARTESIAN_POINT('',(35.06298626426,-40.9,176.78665386782));
#5201 = DIRECTION('',(0.,-1.,0.));
#5202 = DIRECTION('',(-0.15643446504,-0.,-0.987688340595));
#5203 = ORIENTED_EDGE('',*,*,#5204,.T.);
#5204 = EDGE_CURVE('',#5196,#5205,#5207,.T.);
#5205 = VERTEX_POINT('',#5206);
#5206 = CARTESIAN_POINT('',(35.278461339668,-40.9,177.33198791977));
#5207 = LINE('',#5208,#5209);
#5208 = CARTESIAN_POINT('',(35.227969971429,-40.9,176.90538850349));
#5209 = VECTOR('',#5210,1.);
#5210 = DIRECTION('',(0.117537397458,-0.,0.993068456955));
#5211 = ORIENTED_EDGE('',*,*,#5212,.T.);
#5212 = EDGE_CURVE('',#5205,#5213,#5215,.T.);
#5213 = VERTEX_POINT('',#5214);
#5214 = CARTESIAN_POINT('',(35.140692603967,-40.9,177.49329438419));
#5215 = CIRCLE('',#5216,0.15);
#5216 = AXIS2_PLACEMENT_3D('',#5217,#5218,#5219);
#5217 = CARTESIAN_POINT('',(35.128923739608,-40.9,177.34375678413));
#5218 = DIRECTION('',(0.,-1.,0.));
#5219 = DIRECTION('',(0.996917333733,0.,-7.845909572799E-02));
#5220 = ORIENTED_EDGE('',*,*,#5221,.F.);
#5221 = EDGE_CURVE('',#5222,#5213,#5224,.T.);
#5222 = VERTEX_POINT('',#5223);
#5223 = CARTESIAN_POINT('',(34.80228306283,-40.9,177.65431666494));
#5224 = CIRCLE('',#5225,1.469292842574);
#5225 = AXIS2_PLACEMENT_3D('',#5226,#5227,#5228);
#5226 = CARTESIAN_POINT('',(35.59763132489,-40.9,178.88972857976));
#5227 = DIRECTION('',(0.,-1.,-0.));
#5228 = DIRECTION('',(-0.310992273074,0.,-0.95041243999));
#5229 = ORIENTED_EDGE('',*,*,#5230,.F.);
#5230 = EDGE_CURVE('',#5231,#5222,#5233,.T.);
#5231 = VERTEX_POINT('',#5232);
#5232 = CARTESIAN_POINT('',(34.867565016792,-40.9,178.48380253756));
#5233 = CIRCLE('',#5234,0.471154273188);
#5234 = AXIS2_PLACEMENT_3D('',#5235,#5236,#5237);
#5235 = CARTESIAN_POINT('',(35.055396568181,-40.9,178.05170803696));
#5236 = DIRECTION('',(0.,-1.,-0.));
#5237 = DIRECTION('',(-0.537220014239,0.,-0.843442147572));
#5238 = ORIENTED_EDGE('',*,*,#5239,.F.);
#5239 = EDGE_CURVE('',#1007,#5231,#5240,.T.);
#5240 = CIRCLE('',#5241,1.469292842574);
#5241 = AXIS2_PLACEMENT_3D('',#5242,#5243,#5244);
#5242 = CARTESIAN_POINT('',(35.459860219942,-40.9,177.13918071356));
#5243 = DIRECTION('',(-0.,-1.,0.));
#5244 = DIRECTION('',(-0.403115829594,0.,0.915148964886));
#5245 = PLANE('',#5246);
#5246 = AXIS2_PLACEMENT_3D('',#5247,#5248,#5249);
#5247 = CARTESIAN_POINT('',(10.3,-40.9,180.));
#5248 = DIRECTION('',(0.,1.,0.));
#5249 = DIRECTION('',(0.,-0.,1.));
#5250 = ADVANCED_FACE('',(#5251),#5254,.F.);
#5251 = FACE_BOUND('',#5252,.T.);
#5252 = EDGE_LOOP('',(#5253));
#5253 = ORIENTED_EDGE('',*,*,#982,.F.);
#5254 = PLANE('',#5255);
#5255 = AXIS2_PLACEMENT_3D('',#5256,#5257,#5258);
#5256 = CARTESIAN_POINT('',(10.3,53.,180.));
#5257 = DIRECTION('',(0.,1.,0.));
#5258 = DIRECTION('',(0.,-0.,1.));
#5259 = ADVANCED_FACE('',(#5260,#5263),#5274,.T.);
#5260 = FACE_BOUND('',#5261,.T.);
#5261 = EDGE_LOOP('',(#5262));
#5262 = ORIENTED_EDGE('',*,*,#974,.T.);
#5263 = FACE_BOUND('',#5264,.T.);
#5264 = EDGE_LOOP('',(#5265));
#5265 = ORIENTED_EDGE('',*,*,#5266,.F.);
#5266 = EDGE_CURVE('',#5267,#5267,#5269,.T.);
#5267 = VERTEX_POINT('',#5268);
#5268 = CARTESIAN_POINT('',(10.3,61.,183.95));
#5269 = CIRCLE('',#5270,3.95);
#5270 = AXIS2_PLACEMENT_3D('',#5271,#5272,#5273);
#5271 = CARTESIAN_POINT('',(10.3,61.,180.));
#5272 = DIRECTION('',(0.,1.,0.));
#5273 = DIRECTION('',(0.,-0.,1.));
#5274 = PLANE('',#5275);
#5275 = AXIS2_PLACEMENT_3D('',#5276,#5277,#5278);
#5276 = CARTESIAN_POINT('',(10.3,61.,180.));
#5277 = DIRECTION('',(0.,1.,0.));
#5278 = DIRECTION('',(0.,-0.,1.));
#5279 = ADVANCED_FACE('',(#5280),#5306,.T.);
#5280 = FACE_BOUND('',#5281,.T.);
#5281 = EDGE_LOOP('',(#5282,#5293,#5299,#5300));
#5282 = ORIENTED_EDGE('',*,*,#5283,.F.);
#5283 = EDGE_CURVE('',#5284,#5286,#5288,.T.);
#5284 = VERTEX_POINT('',#5285);
#5285 = CARTESIAN_POINT('',(35.226997609268,-50.7,178.5899034513));
#5286 = VERTEX_POINT('',#5287);
#5287 = CARTESIAN_POINT('',(35.388304073687,-50.7,178.727672187));
#5288 = CIRCLE('',#5289,0.15);
#5289 = AXIS2_PLACEMENT_3D('',#5290,#5291,#5292);
#5290 = CARTESIAN_POINT('',(35.238766473627,-50.7,178.73944105136));
#5291 = DIRECTION('',(0.,-1.,0.));
#5292 = DIRECTION('',(-7.845909572784E-02,-0.,-0.996917333733));
#5293 = ORIENTED_EDGE('',*,*,#5294,.T.);
#5294 = EDGE_CURVE('',#5284,#1007,#5295,.T.);
#5295 = LINE('',#5296,#5297);
#5296 = CARTESIAN_POINT('',(35.226997609268,-50.8,178.5899034513));
#5297 = VECTOR('',#5298,1.);
#5298 = DIRECTION('',(0.,1.,0.));
#5299 = ORIENTED_EDGE('',*,*,#1006,.T.);
#5300 = ORIENTED_EDGE('',*,*,#5301,.F.);
#5301 = EDGE_CURVE('',#5286,#1009,#5302,.T.);
#5302 = LINE('',#5303,#5304);
#5303 = CARTESIAN_POINT('',(35.388304073687,-50.8,178.727672187));
#5304 = VECTOR('',#5305,1.);
#5305 = DIRECTION('',(0.,1.,0.));
#5306 = CYLINDRICAL_SURFACE('',#5307,0.15);
#5307 = AXIS2_PLACEMENT_3D('',#5308,#5309,#5310);
#5308 = CARTESIAN_POINT('',(35.238766473627,-50.8,178.73944105136));
#5309 = DIRECTION('',(0.,-1.,0.));
#5310 = DIRECTION('',(-7.845909572784E-02,-0.,-0.996917333733));
#5311 = ADVANCED_FACE('',(#5312),#5331,.F.);
#5312 = FACE_BOUND('',#5313,.T.);
#5313 = EDGE_LOOP('',(#5314,#5315,#5324,#5330));
#5314 = ORIENTED_EDGE('',*,*,#5294,.F.);
#5315 = ORIENTED_EDGE('',*,*,#5316,.T.);
#5316 = EDGE_CURVE('',#5284,#5317,#5319,.T.);
#5317 = VERTEX_POINT('',#5318);
#5318 = CARTESIAN_POINT('',(34.867565016792,-50.7,178.48380253756));
#5319 = CIRCLE('',#5320,1.469292842574);
#5320 = AXIS2_PLACEMENT_3D('',#5321,#5322,#5323);
#5321 = CARTESIAN_POINT('',(35.459860219942,-50.7,177.13918071356));
#5322 = DIRECTION('',(-0.,-1.,0.));
#5323 = DIRECTION('',(-0.403115829594,0.,0.915148964886));
#5324 = ORIENTED_EDGE('',*,*,#5325,.T.);
#5325 = EDGE_CURVE('',#5317,#5231,#5326,.T.);
#5326 = LINE('',#5327,#5328);
#5327 = CARTESIAN_POINT('',(34.867565016792,-50.8,178.48380253756));
#5328 = VECTOR('',#5329,1.);
#5329 = DIRECTION('',(0.,1.,0.));
#5330 = ORIENTED_EDGE('',*,*,#5239,.F.);
#5331 = CYLINDRICAL_SURFACE('',#5332,1.469292842574);
#5332 = AXIS2_PLACEMENT_3D('',#5333,#5334,#5335);
#5333 = CARTESIAN_POINT('',(35.459860219942,-50.8,177.13918071356));
#5334 = DIRECTION('',(-0.,-1.,-0.));
#5335 = DIRECTION('',(-0.403115829594,0.,0.915148964886));
#5336 = ADVANCED_FACE('',(#5337),#5356,.F.);
#5337 = FACE_BOUND('',#5338,.T.);
#5338 = EDGE_LOOP('',(#5339,#5340,#5349,#5355));
#5339 = ORIENTED_EDGE('',*,*,#5325,.F.);
#5340 = ORIENTED_EDGE('',*,*,#5341,.T.);
#5341 = EDGE_CURVE('',#5317,#5342,#5344,.T.);
#5342 = VERTEX_POINT('',#5343);
#5343 = CARTESIAN_POINT('',(34.80228306283,-50.7,177.65431666494));
#5344 = CIRCLE('',#5345,0.471154273188);
#5345 = AXIS2_PLACEMENT_3D('',#5346,#5347,#5348);
#5346 = CARTESIAN_POINT('',(35.055396568181,-50.7,178.05170803696));
#5347 = DIRECTION('',(0.,-1.,-0.));
#5348 = DIRECTION('',(-0.537220014239,0.,-0.843442147572));
#5349 = ORIENTED_EDGE('',*,*,#5350,.T.);
#5350 = EDGE_CURVE('',#5342,#5222,#5351,.T.);
#5351 = LINE('',#5352,#5353);
#5352 = CARTESIAN_POINT('',(34.80228306283,-50.8,177.65431666494));
#5353 = VECTOR('',#5354,1.);
#5354 = DIRECTION('',(0.,1.,0.));
#5355 = ORIENTED_EDGE('',*,*,#5230,.F.);
#5356 = CYLINDRICAL_SURFACE('',#5357,0.471154273188);
#5357 = AXIS2_PLACEMENT_3D('',#5358,#5359,#5360);
#5358 = CARTESIAN_POINT('',(35.055396568181,-50.8,178.05170803696));
#5359 = DIRECTION('',(-0.,-1.,-0.));
#5360 = DIRECTION('',(-0.537220014239,0.,-0.843442147572));
#5361 = ADVANCED_FACE('',(#5362),#5381,.F.);
#5362 = FACE_BOUND('',#5363,.T.);
#5363 = EDGE_LOOP('',(#5364,#5365,#5374,#5380));
#5364 = ORIENTED_EDGE('',*,*,#5350,.F.);
#5365 = ORIENTED_EDGE('',*,*,#5366,.T.);
#5366 = EDGE_CURVE('',#5342,#5367,#5369,.T.);
#5367 = VERTEX_POINT('',#5368);
#5368 = CARTESIAN_POINT('',(35.140692603967,-50.7,177.49329438419));
#5369 = CIRCLE('',#5370,1.469292842574);
#5370 = AXIS2_PLACEMENT_3D('',#5371,#5372,#5373);
#5371 = CARTESIAN_POINT('',(35.59763132489,-50.7,178.88972857976));
#5372 = DIRECTION('',(0.,-1.,-0.));
#5373 = DIRECTION('',(-0.310992273074,0.,-0.95041243999));
#5374 = ORIENTED_EDGE('',*,*,#5375,.T.);
#5375 = EDGE_CURVE('',#5367,#5213,#5376,.T.);
#5376 = LINE('',#5377,#5378);
#5377 = CARTESIAN_POINT('',(35.140692603967,-50.8,177.49329438419));
#5378 = VECTOR('',#5379,1.);
#5379 = DIRECTION('',(0.,1.,0.));
#5380 = ORIENTED_EDGE('',*,*,#5221,.F.);
#5381 = CYLINDRICAL_SURFACE('',#5382,1.469292842574);
#5382 = AXIS2_PLACEMENT_3D('',#5383,#5384,#5385);
#5383 = CARTESIAN_POINT('',(35.59763132489,-50.8,178.88972857976));
#5384 = DIRECTION('',(-0.,-1.,-0.));
#5385 = DIRECTION('',(-0.310992273074,0.,-0.95041243999));
#5386 = ADVANCED_FACE('',(#5387),#5406,.T.);
#5387 = FACE_BOUND('',#5388,.T.);
#5388 = EDGE_LOOP('',(#5389,#5398,#5404,#5405));
#5389 = ORIENTED_EDGE('',*,*,#5390,.F.);
#5390 = EDGE_CURVE('',#5391,#5367,#5393,.T.);
#5391 = VERTEX_POINT('',#5392);
#5392 = CARTESIAN_POINT('',(35.278461339668,-50.7,177.33198791977));
#5393 = CIRCLE('',#5394,0.15);
#5394 = AXIS2_PLACEMENT_3D('',#5395,#5396,#5397);
#5395 = CARTESIAN_POINT('',(35.128923739608,-50.7,177.34375678413));
#5396 = DIRECTION('',(0.,-1.,0.));
#5397 = DIRECTION('',(0.996917333733,0.,-7.845909572799E-02));
#5398 = ORIENTED_EDGE('',*,*,#5399,.T.);
#5399 = EDGE_CURVE('',#5391,#5205,#5400,.T.);
#5400 = LINE('',#5401,#5402);
#5401 = CARTESIAN_POINT('',(35.278461339668,-50.8,177.33198791977));
#5402 = VECTOR('',#5403,1.);
#5403 = DIRECTION('',(0.,1.,0.));
#5404 = ORIENTED_EDGE('',*,*,#5212,.T.);
#5405 = ORIENTED_EDGE('',*,*,#5375,.F.);
#5406 = CYLINDRICAL_SURFACE('',#5407,0.15);
#5407 = AXIS2_PLACEMENT_3D('',#5408,#5409,#5410);
#5408 = CARTESIAN_POINT('',(35.128923739608,-50.8,177.34375678413));
#5409 = DIRECTION('',(0.,-1.,0.));
#5410 = DIRECTION('',(0.996917333733,0.,-7.845909572799E-02));
#5411 = ADVANCED_FACE('',(#5412),#5430,.T.);
#5412 = FACE_BOUND('',#5413,.T.);
#5413 = EDGE_LOOP('',(#5414,#5422,#5428,#5429));
#5414 = ORIENTED_EDGE('',*,*,#5415,.F.);
#5415 = EDGE_CURVE('',#5416,#5391,#5418,.T.);
#5416 = VERTEX_POINT('',#5417);
#5417 = CARTESIAN_POINT('',(35.211139515349,-50.7,176.76318869806));
#5418 = LINE('',#5419,#5420);
#5419 = CARTESIAN_POINT('',(35.227969971429,-50.7,176.90538850349));
#5420 = VECTOR('',#5421,1.);
#5421 = DIRECTION('',(0.117537397458,-0.,0.993068456955));
#5422 = ORIENTED_EDGE('',*,*,#5423,.T.);
#5423 = EDGE_CURVE('',#5416,#5196,#5424,.T.);
#5424 = LINE('',#5425,#5426);
#5425 = CARTESIAN_POINT('',(35.211139515349,-50.8,176.76318869806));
#5426 = VECTOR('',#5427,1.);
#5427 = DIRECTION('',(0.,1.,0.));
#5428 = ORIENTED_EDGE('',*,*,#5204,.T.);
#5429 = ORIENTED_EDGE('',*,*,#5399,.F.);
#5430 = PLANE('',#5431);
#5431 = AXIS2_PLACEMENT_3D('',#5432,#5433,#5434);
#5432 = CARTESIAN_POINT('',(35.211139515349,-50.8,176.76318869806));
#5433 = DIRECTION('',(0.993068456955,0.,-0.117537397458));
#5434 = DIRECTION('',(0.117537397458,0.,0.993068456955));
#5435 = ADVANCED_FACE('',(#5436),#5455,.T.);
#5436 = FACE_BOUND('',#5437,.T.);
#5437 = EDGE_LOOP('',(#5438,#5447,#5453,#5454));
#5438 = ORIENTED_EDGE('',*,*,#5439,.F.);
#5439 = EDGE_CURVE('',#5440,#5416,#5442,.T.);
#5440 = VERTEX_POINT('',#5441);
#5441 = CARTESIAN_POINT('',(35.039521094504,-50.7,176.63850061673));
#5442 = CIRCLE('',#5443,0.15);
#5443 = AXIS2_PLACEMENT_3D('',#5444,#5445,#5446);
#5444 = CARTESIAN_POINT('',(35.06298626426,-50.7,176.78665386782));
#5445 = DIRECTION('',(0.,-1.,0.));
#5446 = DIRECTION('',(-0.15643446504,-0.,-0.987688340595));
#5447 = ORIENTED_EDGE('',*,*,#5448,.T.);
#5448 = EDGE_CURVE('',#5440,#5187,#5449,.T.);
#5449 = LINE('',#5450,#5451);
#5450 = CARTESIAN_POINT('',(35.039521094504,-50.8,176.63850061673));
#5451 = VECTOR('',#5452,1.);
#5452 = DIRECTION('',(0.,1.,0.));
#5453 = ORIENTED_EDGE('',*,*,#5195,.T.);
#5454 = ORIENTED_EDGE('',*,*,#5423,.F.);
#5455 = CYLINDRICAL_SURFACE('',#5456,0.15);
#5456 = AXIS2_PLACEMENT_3D('',#5457,#5458,#5459);
#5457 = CARTESIAN_POINT('',(35.06298626426,-50.8,176.78665386782));
#5458 = DIRECTION('',(0.,-1.,0.));
#5459 = DIRECTION('',(-0.15643446504,-0.,-0.987688340595));
#5460 = ADVANCED_FACE('',(#5461),#5480,.F.);
#5461 = FACE_BOUND('',#5462,.T.);
#5462 = EDGE_LOOP('',(#5463,#5464,#5473,#5479));
#5463 = ORIENTED_EDGE('',*,*,#5448,.F.);
#5464 = ORIENTED_EDGE('',*,*,#5465,.T.);
#5465 = EDGE_CURVE('',#5440,#5466,#5468,.T.);
#5466 = VERTEX_POINT('',#5467);
#5467 = CARTESIAN_POINT('',(34.672871931008,-50.7,176.56092753287));
#5468 = CIRCLE('',#5469,1.469292842574);
#5469 = AXIS2_PLACEMENT_3D('',#5470,#5471,#5472);
#5470 = CARTESIAN_POINT('',(35.157843473308,-50.7,175.17397978317));
#5471 = DIRECTION('',(-0.,-1.,0.));
#5472 = DIRECTION('',(-0.330071397783,0.,0.943955969506));
#5473 = ORIENTED_EDGE('',*,*,#5474,.T.);
#5474 = EDGE_CURVE('',#5466,#5178,#5475,.T.);
#5475 = LINE('',#5476,#5477);
#5476 = CARTESIAN_POINT('',(34.672871931008,-50.8,176.56092753287));
#5477 = VECTOR('',#5478,1.);
#5478 = DIRECTION('',(0.,1.,0.));
#5479 = ORIENTED_EDGE('',*,*,#5186,.F.);
#5480 = CYLINDRICAL_SURFACE('',#5481,1.469292842574);
#5481 = AXIS2_PLACEMENT_3D('',#5482,#5483,#5484);
#5482 = CARTESIAN_POINT('',(35.157843473308,-50.8,175.17397978317));
#5483 = DIRECTION('',(-0.,-1.,-0.));
#5484 = DIRECTION('',(-0.330071397783,0.,0.943955969506));
#5485 = ADVANCED_FACE('',(#5486),#5505,.F.);
#5486 = FACE_BOUND('',#5487,.T.);
#5487 = EDGE_LOOP('',(#5488,#5489,#5498,#5504));
#5488 = ORIENTED_EDGE('',*,*,#5474,.F.);
#5489 = ORIENTED_EDGE('',*,*,#5490,.T.);
#5490 = EDGE_CURVE('',#5466,#5491,#5493,.T.);
#5491 = VERTEX_POINT('',#5492);
#5492 = CARTESIAN_POINT('',(34.542710508039,-50.7,175.73912065146));
#5493 = CIRCLE('',#5494,0.471154273188);
#5494 = AXIS2_PLACEMENT_3D('',#5495,#5496,#5497);
#5495 = CARTESIAN_POINT('',(34.826222716624,-50.7,176.11542794175));
#5496 = DIRECTION('',(0.,-1.,-0.));
#5497 = DIRECTION('',(-0.601739652421,0.,-0.798692300391));
#5498 = ORIENTED_EDGE('',*,*,#5499,.T.);
#5499 = EDGE_CURVE('',#5491,#5169,#5500,.T.);
#5500 = LINE('',#5501,#5502);
#5501 = CARTESIAN_POINT('',(34.542710508039,-50.8,175.73912065146));
#5502 = VECTOR('',#5503,1.);
#5503 = DIRECTION('',(0.,1.,0.));
#5504 = ORIENTED_EDGE('',*,*,#5177,.F.);
#5505 = CYLINDRICAL_SURFACE('',#5506,0.471154273188);
#5506 = AXIS2_PLACEMENT_3D('',#5507,#5508,#5509);
#5507 = CARTESIAN_POINT('',(34.826222716624,-50.8,176.11542794175));
#5508 = DIRECTION('',(-0.,-1.,-0.));
#5509 = DIRECTION('',(-0.601739652421,0.,-0.798692300391));
#5510 = ADVANCED_FACE('',(#5511),#5530,.F.);
#5511 = FACE_BOUND('',#5512,.T.);
#5512 = EDGE_LOOP('',(#5513,#5514,#5523,#5529));
#5513 = ORIENTED_EDGE('',*,*,#5499,.F.);
#5514 = ORIENTED_EDGE('',*,*,#5515,.T.);
#5515 = EDGE_CURVE('',#5491,#5516,#5518,.T.);
#5516 = VERTEX_POINT('',#5517);
#5517 = CARTESIAN_POINT('',(34.86744318296,-50.7,175.55204344207));
#5518 = CIRCLE('',#5519,1.469292842574);
#5519 = AXIS2_PLACEMENT_3D('',#5520,#5521,#5522);
#5520 = CARTESIAN_POINT('',(35.43253627853,-50.7,176.90832189821));
#5521 = DIRECTION('',(0.,-1.,-0.));
#5522 = DIRECTION('',(-0.384602088294,0.,-0.923082463098));
#5523 = ORIENTED_EDGE('',*,*,#5524,.T.);
#5524 = EDGE_CURVE('',#5516,#5160,#5525,.T.);
#5525 = LINE('',#5526,#5527);
#5526 = CARTESIAN_POINT('',(34.86744318296,-50.8,175.55204344207));
#5527 = VECTOR('',#5528,1.);
#5528 = DIRECTION('',(0.,1.,0.));
#5529 = ORIENTED_EDGE('',*,*,#5168,.F.);
#5530 = CYLINDRICAL_SURFACE('',#5531,1.469292842574);
#5531 = AXIS2_PLACEMENT_3D('',#5532,#5533,#5534);
#5532 = CARTESIAN_POINT('',(35.43253627853,-50.8,176.90832189821));
#5533 = DIRECTION('',(-0.,-1.,-0.));
#5534 = DIRECTION('',(-0.384602088294,0.,-0.923082463098));
#5535 = ADVANCED_FACE('',(#5536),#5555,.T.);
#5536 = FACE_BOUND('',#5537,.T.);
#5537 = EDGE_LOOP('',(#5538,#5547,#5553,#5554));
#5538 = ORIENTED_EDGE('',*,*,#5539,.F.);
#5539 = EDGE_CURVE('',#5540,#5516,#5542,.T.);
#5540 = VERTEX_POINT('',#5541);
#5541 = CARTESIAN_POINT('',(34.992131264293,-50.7,175.38042502123));
#5542 = CIRCLE('',#5543,0.15);
#5543 = AXIS2_PLACEMENT_3D('',#5544,#5545,#5546);
#5544 = CARTESIAN_POINT('',(34.843978013204,-50.7,175.40389019098));
#5545 = DIRECTION('',(0.,-1.,0.));
#5546 = DIRECTION('',(0.987688340595,0.,-0.15643446504));
#5547 = ORIENTED_EDGE('',*,*,#5548,.T.);
#5548 = EDGE_CURVE('',#5540,#5152,#5549,.T.);
#5549 = LINE('',#5550,#5551);
#5550 = CARTESIAN_POINT('',(34.992131264293,-50.8,175.38042502123));
#5551 = VECTOR('',#5552,1.);
#5552 = DIRECTION('',(0.,1.,0.));
#5553 = ORIENTED_EDGE('',*,*,#5159,.T.);
#5554 = ORIENTED_EDGE('',*,*,#5524,.F.);
#5555 = CYLINDRICAL_SURFACE('',#5556,0.15);
#5556 = AXIS2_PLACEMENT_3D('',#5557,#5558,#5559);
#5557 = CARTESIAN_POINT('',(34.843978013204,-50.8,175.40389019098));
#5558 = DIRECTION('',(0.,-1.,0.));
#5559 = DIRECTION('',(0.987688340595,0.,-0.15643446504));
#5560 = ADVANCED_FACE('',(#5561),#5579,.T.);
#5561 = FACE_BOUND('',#5562,.T.);
#5562 = EDGE_LOOP('',(#5563,#5571,#5577,#5578));
#5563 = ORIENTED_EDGE('',*,*,#5564,.F.);
#5564 = EDGE_CURVE('',#5565,#5540,#5567,.T.);
#5565 = VERTEX_POINT('',#5566);
#5566 = CARTESIAN_POINT('',(34.880389498104,-50.7,174.81866122715));
#5567 = LINE('',#5568,#5569);
#5568 = CARTESIAN_POINT('',(34.908324939652,-50.7,174.95910217567));
#5569 = VECTOR('',#5570,1.);
#5570 = DIRECTION('',(0.195090322016,-0.,0.980785280403));
#5571 = ORIENTED_EDGE('',*,*,#5572,.T.);
#5572 = EDGE_CURVE('',#5565,#5143,#5573,.T.);
#5573 = LINE('',#5574,#5575);
#5574 = CARTESIAN_POINT('',(34.880389498104,-50.8,174.81866122715));
#5575 = VECTOR('',#5576,1.);
#5576 = DIRECTION('',(0.,1.,0.));
#5577 = ORIENTED_EDGE('',*,*,#5151,.T.);
#5578 = ORIENTED_EDGE('',*,*,#5548,.F.);
#5579 = PLANE('',#5580);
#5580 = AXIS2_PLACEMENT_3D('',#5581,#5582,#5583);
#5581 = CARTESIAN_POINT('',(34.880389498104,-50.8,174.81866122715));
#5582 = DIRECTION('',(0.980785280403,0.,-0.195090322016));
#5583 = DIRECTION('',(0.195090322016,0.,0.980785280403));
#5584 = ADVANCED_FACE('',(#5585),#5604,.T.);
#5585 = FACE_BOUND('',#5586,.T.);
#5586 = EDGE_LOOP('',(#5587,#5596,#5602,#5603));
#5587 = ORIENTED_EDGE('',*,*,#5588,.F.);
#5588 = EDGE_CURVE('',#5589,#5565,#5591,.T.);
#5589 = VERTEX_POINT('',#5590);
#5590 = CARTESIAN_POINT('',(34.699517205466,-50.7,174.70782254367));
#5591 = CIRCLE('',#5592,0.15);
#5592 = AXIS2_PLACEMENT_3D('',#5593,#5594,#5595);
#5593 = CARTESIAN_POINT('',(34.734534010045,-50.7,174.85367803173));
#5594 = DIRECTION('',(0.,-1.,0.));
#5595 = DIRECTION('',(-0.233445363856,-0.,-0.972369920398));
#5596 = ORIENTED_EDGE('',*,*,#5597,.T.);
#5597 = EDGE_CURVE('',#5589,#5134,#5598,.T.);
#5598 = LINE('',#5599,#5600);
#5599 = CARTESIAN_POINT('',(34.699517205466,-50.8,174.70782254367));
#5600 = VECTOR('',#5601,1.);
#5601 = DIRECTION('',(0.,1.,0.));
#5602 = ORIENTED_EDGE('',*,*,#5142,.T.);
#5603 = ORIENTED_EDGE('',*,*,#5572,.F.);
#5604 = CYLINDRICAL_SURFACE('',#5605,0.15);
#5605 = AXIS2_PLACEMENT_3D('',#5606,#5607,#5608);
#5606 = CARTESIAN_POINT('',(34.734534010045,-50.8,174.85367803173));
#5607 = DIRECTION('',(0.,-1.,0.));
#5608 = DIRECTION('',(-0.233445363856,-0.,-0.972369920398));
#5609 = ADVANCED_FACE('',(#5610),#5629,.F.);
#5610 = FACE_BOUND('',#5611,.T.);
#5611 = EDGE_LOOP('',(#5612,#5613,#5622,#5628));
#5612 = ORIENTED_EDGE('',*,*,#5597,.F.);
#5613 = ORIENTED_EDGE('',*,*,#5614,.T.);
#5614 = EDGE_CURVE('',#5589,#5615,#5617,.T.);
#5615 = VERTEX_POINT('',#5616);
#5616 = CARTESIAN_POINT('',(34.327911984966,-50.7,174.65925555356));
#5617 = CIRCLE('',#5618,1.469292842574);
#5618 = AXIS2_PLACEMENT_3D('',#5619,#5620,#5621);
#5619 = CARTESIAN_POINT('',(34.70256985559,-50.7,173.23853287224));
#5620 = DIRECTION('',(-0.,-1.,0.));
#5621 = DIRECTION('',(-0.254991966045,0.,0.966943171677));
#5622 = ORIENTED_EDGE('',*,*,#5623,.T.);
#5623 = EDGE_CURVE('',#5615,#5125,#5624,.T.);
#5624 = LINE('',#5625,#5626);
#5625 = CARTESIAN_POINT('',(34.327911984966,-50.8,174.65925555356));
#5626 = VECTOR('',#5627,1.);
#5627 = DIRECTION('',(0.,1.,0.));
#5628 = ORIENTED_EDGE('',*,*,#5133,.F.);
#5629 = CYLINDRICAL_SURFACE('',#5630,1.469292842574);
#5630 = AXIS2_PLACEMENT_3D('',#5631,#5632,#5633);
#5631 = CARTESIAN_POINT('',(34.70256985559,-50.8,173.23853287224));
#5632 = DIRECTION('',(-0.,-1.,-0.));
#5633 = DIRECTION('',(-0.254991966045,0.,0.966943171677));
#5634 = ADVANCED_FACE('',(#5635),#5654,.F.);
#5635 = FACE_BOUND('',#5636,.T.);
#5636 = EDGE_LOOP('',(#5637,#5638,#5647,#5653));
#5637 = ORIENTED_EDGE('',*,*,#5623,.F.);
#5638 = ORIENTED_EDGE('',*,*,#5639,.T.);
#5639 = EDGE_CURVE('',#5615,#5640,#5642,.T.);
#5640 = VERTEX_POINT('',#5641);
#5641 = CARTESIAN_POINT('',(34.133673581447,-50.7,173.85019437604));
#5642 = CIRCLE('',#5643,0.471154273188);
#5643 = AXIS2_PLACEMENT_3D('',#5644,#5645,#5646);
#5644 = CARTESIAN_POINT('',(34.445836546222,-50.7,174.20309752503));
#5645 = DIRECTION('',(0.,-1.,-0.));
#5646 = DIRECTION('',(-0.662549365546,0.,-0.749018249587));
#5647 = ORIENTED_EDGE('',*,*,#5648,.T.);
#5648 = EDGE_CURVE('',#5640,#5116,#5649,.T.);
#5649 = LINE('',#5650,#5651);
#5650 = CARTESIAN_POINT('',(34.133673581447,-50.8,173.85019437604));
#5651 = VECTOR('',#5652,1.);
#5652 = DIRECTION('',(0.,1.,0.));
#5653 = ORIENTED_EDGE('',*,*,#5124,.F.);
#5654 = CYLINDRICAL_SURFACE('',#5655,0.471154273188);
#5655 = AXIS2_PLACEMENT_3D('',#5656,#5657,#5658);
#5656 = CARTESIAN_POINT('',(34.445836546222,-50.8,174.20309752503));
#5657 = DIRECTION('',(-0.,-1.,-0.));
#5658 = DIRECTION('',(-0.662549365546,0.,-0.749018249587));
#5659 = ADVANCED_FACE('',(#5660),#5679,.F.);
#5660 = FACE_BOUND('',#5661,.T.);
#5661 = EDGE_LOOP('',(#5662,#5663,#5672,#5678));
#5662 = ORIENTED_EDGE('',*,*,#5648,.F.);
#5663 = ORIENTED_EDGE('',*,*,#5664,.T.);
#5664 = EDGE_CURVE('',#5640,#5665,#5667,.T.);
#5665 = VERTEX_POINT('',#5666);
#5666 = CARTESIAN_POINT('',(34.442727305225,-50.7,173.63821563123));
#5667 = CIRCLE('',#5668,1.469292842574);
#5668 = AXIS2_PLACEMENT_3D('',#5669,#5670,#5671);
#5669 = CARTESIAN_POINT('',(35.112490788595,-50.7,174.94597644024));
#5670 = DIRECTION('',(0.,-1.,-0.));
#5671 = DIRECTION('',(-0.455840703748,0.,-0.890061375865));
#5672 = ORIENTED_EDGE('',*,*,#5673,.T.);
#5673 = EDGE_CURVE('',#5665,#5107,#5674,.T.);
#5674 = LINE('',#5675,#5676);
#5675 = CARTESIAN_POINT('',(34.442727305225,-50.8,173.63821563123));
#5676 = VECTOR('',#5677,1.);
#5677 = DIRECTION('',(0.,1.,0.));
#5678 = ORIENTED_EDGE('',*,*,#5115,.F.);
#5679 = CYLINDRICAL_SURFACE('',#5680,1.469292842574);
#5680 = AXIS2_PLACEMENT_3D('',#5681,#5682,#5683);
#5681 = CARTESIAN_POINT('',(35.112490788595,-50.8,174.94597644024));
#5682 = DIRECTION('',(-0.,-1.,-0.));
#5683 = DIRECTION('',(-0.455840703748,0.,-0.890061375865));
#5684 = ADVANCED_FACE('',(#5685),#5704,.T.);
#5685 = FACE_BOUND('',#5686,.T.);
#5686 = EDGE_LOOP('',(#5687,#5696,#5702,#5703));
#5687 = ORIENTED_EDGE('',*,*,#5688,.F.);
#5688 = EDGE_CURVE('',#5689,#5665,#5691,.T.);
#5689 = VERTEX_POINT('',#5690);
#5690 = CARTESIAN_POINT('',(34.553565988706,-50.7,173.45734333859));
#5691 = CIRCLE('',#5692,0.15);
#5692 = AXIS2_PLACEMENT_3D('',#5693,#5694,#5695);
#5693 = CARTESIAN_POINT('',(34.407710500647,-50.7,173.49236014317));
#5694 = DIRECTION('',(0.,-1.,0.));
#5695 = DIRECTION('',(0.972369920398,0.,-0.233445363856));
#5696 = ORIENTED_EDGE('',*,*,#5697,.T.);
#5697 = EDGE_CURVE('',#5689,#5099,#5698,.T.);
#5698 = LINE('',#5699,#5700);
#5699 = CARTESIAN_POINT('',(34.553565988706,-50.8,173.45734333859));
#5700 = VECTOR('',#5701,1.);
#5701 = DIRECTION('',(0.,1.,0.));
#5702 = ORIENTED_EDGE('',*,*,#5106,.T.);
#5703 = ORIENTED_EDGE('',*,*,#5673,.F.);
#5704 = CYLINDRICAL_SURFACE('',#5705,0.15);
#5705 = AXIS2_PLACEMENT_3D('',#5706,#5707,#5708);
#5706 = CARTESIAN_POINT('',(34.407710500647,-50.8,173.49236014317));
#5707 = DIRECTION('',(0.,-1.,0.));
#5708 = DIRECTION('',(0.972369920398,0.,-0.233445363856));
#5709 = ADVANCED_FACE('',(#5710),#5728,.T.);
#5710 = FACE_BOUND('',#5711,.T.);
#5711 = EDGE_LOOP('',(#5712,#5720,#5726,#5727));
#5712 = ORIENTED_EDGE('',*,*,#5713,.F.);
#5713 = EDGE_CURVE('',#5714,#5689,#5716,.T.);
#5714 = VERTEX_POINT('',#5715);
#5715 = CARTESIAN_POINT('',(34.398093205795,-50.7,172.90607843274));
#5716 = LINE('',#5717,#5718);
#5717 = CARTESIAN_POINT('',(34.436961401523,-50.7,173.04389465921));
#5718 = VECTOR('',#5719,1.);
#5719 = DIRECTION('',(0.271440449865,-0.,0.962455236454));
#5720 = ORIENTED_EDGE('',*,*,#5721,.T.);
#5721 = EDGE_CURVE('',#5714,#5090,#5722,.T.);
#5722 = LINE('',#5723,#5724);
#5723 = CARTESIAN_POINT('',(34.398093205795,-50.8,172.90607843274));
#5724 = VECTOR('',#5725,1.);
#5725 = DIRECTION('',(0.,1.,0.));
#5726 = ORIENTED_EDGE('',*,*,#5098,.T.);
#5727 = ORIENTED_EDGE('',*,*,#5697,.F.);
#5728 = PLANE('',#5729);
#5729 = AXIS2_PLACEMENT_3D('',#5730,#5731,#5732);
#5730 = CARTESIAN_POINT('',(34.398093205795,-50.8,172.90607843274));
#5731 = DIRECTION('',(0.962455236454,0.,-0.271440449865));
#5732 = DIRECTION('',(0.271440449865,0.,0.962455236454));
#5733 = ADVANCED_FACE('',(#5734),#5753,.T.);
#5734 = FACE_BOUND('',#5735,.T.);
#5735 = EDGE_LOOP('',(#5736,#5745,#5751,#5752));
#5736 = ORIENTED_EDGE('',*,*,#5737,.F.);
#5737 = EDGE_CURVE('',#5738,#5714,#5740,.T.);
#5738 = VERTEX_POINT('',#5739);
#5739 = CARTESIAN_POINT('',(34.209082179194,-50.7,172.80977250446));
#5740 = CIRCLE('',#5741,0.15);
#5741 = AXIS2_PLACEMENT_3D('',#5742,#5743,#5744);
#5742 = CARTESIAN_POINT('',(34.255434728351,-50.7,172.9524309819));
#5743 = DIRECTION('',(0.,-1.,0.));
#5744 = DIRECTION('',(-0.309016994375,-0.,-0.951056516295));
#5745 = ORIENTED_EDGE('',*,*,#5746,.T.);
#5746 = EDGE_CURVE('',#5738,#5081,#5747,.T.);
#5747 = LINE('',#5748,#5749);
#5748 = CARTESIAN_POINT('',(34.209082179194,-50.8,172.80977250446));
#5749 = VECTOR('',#5750,1.);
#5750 = DIRECTION('',(0.,1.,0.));
#5751 = ORIENTED_EDGE('',*,*,#5089,.T.);
#5752 = ORIENTED_EDGE('',*,*,#5721,.F.);
#5753 = CYLINDRICAL_SURFACE('',#5754,0.15);
#5754 = AXIS2_PLACEMENT_3D('',#5755,#5756,#5757);
#5755 = CARTESIAN_POINT('',(34.255434728351,-50.8,172.9524309819));
#5756 = DIRECTION('',(0.,-1.,0.));
#5757 = DIRECTION('',(-0.309016994375,-0.,-0.951056516295));
#5758 = ADVANCED_FACE('',(#5759),#5778,.F.);
#5759 = FACE_BOUND('',#5760,.T.);
#5760 = EDGE_LOOP('',(#5761,#5762,#5771,#5777));
#5761 = ORIENTED_EDGE('',*,*,#5746,.F.);
#5762 = ORIENTED_EDGE('',*,*,#5763,.T.);
#5763 = EDGE_CURVE('',#5738,#5764,#5766,.T.);
#5764 = VERTEX_POINT('',#5765);
#5765 = CARTESIAN_POINT('',(33.834811971446,-50.7,172.79051103974));
#5766 = CIRCLE('',#5767,1.469292842574);
#5767 = AXIS2_PLACEMENT_3D('',#5768,#5769,#5770);
#5768 = CARTESIAN_POINT('',(34.096846280034,-50.7,171.34477265456));
#5769 = DIRECTION('',(0.,-1.,-0.));
#5770 = DIRECTION('',(-0.178340424043,-0.,0.983968847653));
#5771 = ORIENTED_EDGE('',*,*,#5772,.T.);
#5772 = EDGE_CURVE('',#5764,#5072,#5773,.T.);
#5773 = LINE('',#5774,#5775);
#5774 = CARTESIAN_POINT('',(33.834811971446,-50.8,172.79051103974));
#5775 = VECTOR('',#5776,1.);
#5776 = DIRECTION('',(0.,1.,0.));
#5777 = ORIENTED_EDGE('',*,*,#5080,.F.);
#5778 = CYLINDRICAL_SURFACE('',#5779,1.469292842574);
#5779 = AXIS2_PLACEMENT_3D('',#5780,#5781,#5782);
#5780 = CARTESIAN_POINT('',(34.096846280034,-50.8,171.34477265456));
#5781 = DIRECTION('',(0.,-1.,-0.));
#5782 = DIRECTION('',(-0.178340424043,-0.,0.983968847653));
#5783 = ADVANCED_FACE('',(#5784),#5803,.F.);
#5784 = FACE_BOUND('',#5785,.T.);
#5785 = EDGE_LOOP('',(#5786,#5787,#5796,#5802));
#5786 = ORIENTED_EDGE('',*,*,#5772,.F.);
#5787 = ORIENTED_EDGE('',*,*,#5788,.T.);
#5788 = EDGE_CURVE('',#5764,#5789,#5791,.T.);
#5789 = VERTEX_POINT('',#5790);
#5790 = CARTESIAN_POINT('',(33.577694131724,-50.7,171.99918369731));
#5791 = CIRCLE('',#5792,0.471154273188);
#5792 = AXIS2_PLACEMENT_3D('',#5793,#5794,#5795);
#5793 = CARTESIAN_POINT('',(33.916583264207,-50.7,172.32650693973));
#5794 = DIRECTION('',(0.,-1.,-0.));
#5795 = DIRECTION('',(-0.719274241513,0.,-0.6947262522));
#5796 = ORIENTED_EDGE('',*,*,#5797,.T.);
#5797 = EDGE_CURVE('',#5789,#5063,#5798,.T.);
#5798 = LINE('',#5799,#5800);
#5799 = CARTESIAN_POINT('',(33.577694131724,-50.8,171.99918369731));
#5800 = VECTOR('',#5801,1.);
#5801 = DIRECTION('',(0.,1.,0.));
#5802 = ORIENTED_EDGE('',*,*,#5071,.F.);
#5803 = CYLINDRICAL_SURFACE('',#5804,0.471154273188);
#5804 = AXIS2_PLACEMENT_3D('',#5805,#5806,#5807);
#5805 = CARTESIAN_POINT('',(33.916583264207,-50.8,172.32650693973));
#5806 = DIRECTION('',(-0.,-1.,-0.));
#5807 = DIRECTION('',(-0.719274241513,0.,-0.6947262522));
#5808 = ADVANCED_FACE('',(#5809),#5828,.F.);
#5809 = FACE_BOUND('',#5810,.T.);
#5810 = EDGE_LOOP('',(#5811,#5812,#5821,#5827));
#5811 = ORIENTED_EDGE('',*,*,#5797,.F.);
#5812 = ORIENTED_EDGE('',*,*,#5813,.T.);
#5813 = EDGE_CURVE('',#5789,#5814,#5816,.T.);
#5814 = VERTEX_POINT('',#5815);
#5815 = CARTESIAN_POINT('',(33.869163485382,-50.7,171.76361033653));
#5816 = CIRCLE('',#5817,1.469292842572);
#5817 = AXIS2_PLACEMENT_3D('',#5818,#5819,#5820);
#5818 = CARTESIAN_POINT('',(34.639468041957,-50.7,173.01479071815));
#5819 = DIRECTION('',(0.,-1.,-0.));
#5820 = DIRECTION('',(-0.52426890968,0.,-0.851552764274));
#5821 = ORIENTED_EDGE('',*,*,#5822,.T.);
#5822 = EDGE_CURVE('',#5814,#5054,#5823,.T.);
#5823 = LINE('',#5824,#5825);
#5824 = CARTESIAN_POINT('',(33.869163485382,-50.8,171.76361033653));
#5825 = VECTOR('',#5826,1.);
#5826 = DIRECTION('',(0.,1.,0.));
#5827 = ORIENTED_EDGE('',*,*,#5062,.F.);
#5828 = CYLINDRICAL_SURFACE('',#5829,1.469292842572);
#5829 = AXIS2_PLACEMENT_3D('',#5830,#5831,#5832);
#5830 = CARTESIAN_POINT('',(34.639468041957,-50.8,173.01479071815));
#5831 = DIRECTION('',(-0.,-1.,-0.));
#5832 = DIRECTION('',(-0.52426890968,0.,-0.851552764274));
#5833 = ADVANCED_FACE('',(#5834),#5853,.T.);
#5834 = FACE_BOUND('',#5835,.T.);
#5835 = EDGE_LOOP('',(#5836,#5845,#5851,#5852));
#5836 = ORIENTED_EDGE('',*,*,#5837,.F.);
#5837 = EDGE_CURVE('',#5838,#5814,#5840,.T.);
#5838 = VERTEX_POINT('',#5839);
#5839 = CARTESIAN_POINT('',(33.96546941367,-50.7,171.57459930993));
#5840 = CIRCLE('',#5841,0.15);
#5841 = AXIS2_PLACEMENT_3D('',#5842,#5843,#5844);
#5842 = CARTESIAN_POINT('',(33.822810936226,-50.7,171.62095185909));
#5843 = DIRECTION('',(0.,-1.,0.));
#5844 = DIRECTION('',(0.951056516295,0.,-0.309016994375));
#5845 = ORIENTED_EDGE('',*,*,#5846,.T.);
#5846 = EDGE_CURVE('',#5838,#5046,#5847,.T.);
#5847 = LINE('',#5848,#5849);
#5848 = CARTESIAN_POINT('',(33.96546941367,-50.8,171.57459930993));
#5849 = VECTOR('',#5850,1.);
#5850 = DIRECTION('',(0.,1.,0.));
#5851 = ORIENTED_EDGE('',*,*,#5053,.T.);
#5852 = ORIENTED_EDGE('',*,*,#5822,.F.);
#5853 = CYLINDRICAL_SURFACE('',#5854,0.15);
#5854 = AXIS2_PLACEMENT_3D('',#5855,#5856,#5857);
#5855 = CARTESIAN_POINT('',(33.822810936226,-50.8,171.62095185909));
#5856 = DIRECTION('',(0.,-1.,0.));
#5857 = DIRECTION('',(0.951056516295,0.,-0.309016994375));
#5858 = ADVANCED_FACE('',(#5859),#5877,.T.);
#5859 = FACE_BOUND('',#5860,.T.);
#5860 = EDGE_LOOP('',(#5861,#5869,#5875,#5876));
#5861 = ORIENTED_EDGE('',*,*,#5862,.F.);
#5862 = EDGE_CURVE('',#5863,#5838,#5865,.T.);
#5863 = VERTEX_POINT('',#5864);
#5864 = CARTESIAN_POINT('',(33.767224155443,-50.7,171.03723202377));
#5865 = LINE('',#5866,#5867);
#5866 = CARTESIAN_POINT('',(33.81678547,-50.7,171.17157384531));
#5867 = VECTOR('',#5868,1.);
#5868 = DIRECTION('',(0.346117057077,-0.,0.938191335922));
#5869 = ORIENTED_EDGE('',*,*,#5870,.T.);
#5870 = EDGE_CURVE('',#5863,#5037,#5871,.T.);
#5871 = LINE('',#5872,#5873);
#5872 = CARTESIAN_POINT('',(33.767224155443,-50.8,171.03723202377));
#5873 = VECTOR('',#5874,1.);
#5874 = DIRECTION('',(0.,1.,0.));
#5875 = ORIENTED_EDGE('',*,*,#5045,.T.);
#5876 = ORIENTED_EDGE('',*,*,#5846,.F.);
#5877 = PLANE('',#5878);
#5878 = AXIS2_PLACEMENT_3D('',#5879,#5880,#5881);
#5879 = CARTESIAN_POINT('',(33.767224155443,-50.8,171.03723202377));
#5880 = DIRECTION('',(0.938191335922,0.,-0.346117057077));
#5881 = DIRECTION('',(0.346117057077,0.,0.938191335922));
#5882 = ADVANCED_FACE('',(#5883),#5902,.T.);
#5883 = FACE_BOUND('',#5884,.T.);
#5884 = EDGE_LOOP('',(#5885,#5894,#5900,#5901));
#5885 = ORIENTED_EDGE('',*,*,#5886,.F.);
#5886 = EDGE_CURVE('',#5887,#5863,#5889,.T.);
#5887 = VERTEX_POINT('',#5888);
#5888 = CARTESIAN_POINT('',(33.571239710711,-50.7,170.95605260874));
#5889 = CIRCLE('',#5890,0.15);
#5890 = AXIS2_PLACEMENT_3D('',#5891,#5892,#5893);
#5891 = CARTESIAN_POINT('',(33.628642225566,-50.7,171.09463453862));
#5892 = DIRECTION('',(0.,-1.,0.));
#5893 = DIRECTION('',(-0.382683432365,-0.,-0.923879532511));
#5894 = ORIENTED_EDGE('',*,*,#5895,.T.);
#5895 = EDGE_CURVE('',#5887,#5028,#5896,.T.);
#5896 = LINE('',#5897,#5898);
#5897 = CARTESIAN_POINT('',(33.571239710711,-50.8,170.95605260874));
#5898 = VECTOR('',#5899,1.);
#5899 = DIRECTION('',(0.,1.,0.));
#5900 = ORIENTED_EDGE('',*,*,#5036,.T.);
#5901 = ORIENTED_EDGE('',*,*,#5870,.F.);
#5902 = CYLINDRICAL_SURFACE('',#5903,0.15);
#5903 = AXIS2_PLACEMENT_3D('',#5904,#5905,#5906);
#5904 = CARTESIAN_POINT('',(33.628642225566,-50.8,171.09463453862));
#5905 = DIRECTION('',(0.,-1.,0.));
#5906 = DIRECTION('',(-0.382683432365,-0.,-0.923879532511));
#5907 = ADVANCED_FACE('',(#5908),#5927,.F.);
#5908 = FACE_BOUND('',#5909,.T.);
#5909 = EDGE_LOOP('',(#5910,#5911,#5920,#5926));
#5910 = ORIENTED_EDGE('',*,*,#5895,.F.);
#5911 = ORIENTED_EDGE('',*,*,#5912,.T.);
#5912 = EDGE_CURVE('',#5887,#5913,#5915,.T.);
#5913 = VERTEX_POINT('',#5914);
#5914 = CARTESIAN_POINT('',(33.196612016003,-50.7,170.96621542275));
#5915 = CIRCLE('',#5916,1.469292842573);
#5916 = AXIS2_PLACEMENT_3D('',#5917,#5918,#5919);
#5917 = CARTESIAN_POINT('',(33.344407233907,-50.7,169.50437479163));
#5918 = DIRECTION('',(0.,-1.,-0.));
#5919 = DIRECTION('',(-0.100589354023,-0.,0.994928028481));
#5920 = ORIENTED_EDGE('',*,*,#5921,.T.);
#5921 = EDGE_CURVE('',#5913,#5019,#5922,.T.);
#5922 = LINE('',#5923,#5924);
#5923 = CARTESIAN_POINT('',(33.196612016003,-50.8,170.96621542275));
#5924 = VECTOR('',#5925,1.);
#5925 = DIRECTION('',(0.,1.,0.));
#5926 = ORIENTED_EDGE('',*,*,#5027,.F.);
#5927 = CYLINDRICAL_SURFACE('',#5928,1.469292842573);
#5928 = AXIS2_PLACEMENT_3D('',#5929,#5930,#5931);
#5929 = CARTESIAN_POINT('',(33.344407233907,-50.8,169.50437479163));
#5930 = DIRECTION('',(0.,-1.,-0.));
#5931 = DIRECTION('',(-0.100589354023,-0.,0.994928028481));
#5932 = ADVANCED_FACE('',(#5933),#5952,.F.);
#5933 = FACE_BOUND('',#5934,.T.);
#5934 = EDGE_LOOP('',(#5935,#5936,#5945,#5951));
#5935 = ORIENTED_EDGE('',*,*,#5921,.F.);
#5936 = ORIENTED_EDGE('',*,*,#5937,.T.);
#5937 = EDGE_CURVE('',#5913,#5938,#5940,.T.);
#5938 = VERTEX_POINT('',#5939);
#5939 = CARTESIAN_POINT('',(32.87819995706,-50.7,170.19750071163));
#5940 = CIRCLE('',#5941,0.471154273188);
#5941 = AXIS2_PLACEMENT_3D('',#5942,#5943,#5944);
#5942 = CARTESIAN_POINT('',(33.241725893057,-50.7,170.49722599085));
#5943 = DIRECTION('',(0.,-1.,-0.));
#5944 = DIRECTION('',(-0.771564552598,0.,-0.636151036448));
#5945 = ORIENTED_EDGE('',*,*,#5946,.T.);
#5946 = EDGE_CURVE('',#5938,#5010,#5947,.T.);
#5947 = LINE('',#5948,#5949);
#5948 = CARTESIAN_POINT('',(32.87819995706,-50.8,170.19750071163));
#5949 = VECTOR('',#5950,1.);
#5950 = DIRECTION('',(0.,1.,0.));
#5951 = ORIENTED_EDGE('',*,*,#5018,.F.);
#5952 = CYLINDRICAL_SURFACE('',#5953,0.471154273188);
#5953 = AXIS2_PLACEMENT_3D('',#5954,#5955,#5956);
#5954 = CARTESIAN_POINT('',(33.241725893057,-50.8,170.49722599085));
#5955 = DIRECTION('',(-0.,-1.,-0.));
#5956 = DIRECTION('',(-0.771564552598,0.,-0.636151036448));
#5957 = ADVANCED_FACE('',(#5958),#5977,.F.);
#5958 = FACE_BOUND('',#5959,.T.);
#5959 = EDGE_LOOP('',(#5960,#5961,#5970,#5976));
#5960 = ORIENTED_EDGE('',*,*,#5946,.F.);
#5961 = ORIENTED_EDGE('',*,*,#5962,.T.);
#5962 = EDGE_CURVE('',#5938,#5963,#5965,.T.);
#5963 = VERTEX_POINT('',#5964);
#5964 = CARTESIAN_POINT('',(33.15028793511,-50.7,169.93978512298));
#5965 = CIRCLE('',#5966,1.469292842573);
#5966 = AXIS2_PLACEMENT_3D('',#5967,#5968,#5969);
#5967 = CARTESIAN_POINT('',(34.016384381148,-50.7,171.1266711341));
#5968 = DIRECTION('',(0.,-1.,-0.));
#5969 = DIRECTION('',(-0.589464823447,0.,-0.807794046722));
#5970 = ORIENTED_EDGE('',*,*,#5971,.T.);
#5971 = EDGE_CURVE('',#5963,#5001,#5972,.T.);
#5972 = LINE('',#5973,#5974);
#5973 = CARTESIAN_POINT('',(33.15028793511,-50.8,169.93978512298));
#5974 = VECTOR('',#5975,1.);
#5975 = DIRECTION('',(0.,1.,0.));
#5976 = ORIENTED_EDGE('',*,*,#5009,.F.);
#5977 = CYLINDRICAL_SURFACE('',#5978,1.469292842573);
#5978 = AXIS2_PLACEMENT_3D('',#5979,#5980,#5981);
#5979 = CARTESIAN_POINT('',(34.016384381148,-50.8,171.1266711341));
#5980 = DIRECTION('',(-0.,-1.,-0.));
#5981 = DIRECTION('',(-0.589464823447,0.,-0.807794046722));
#5982 = ADVANCED_FACE('',(#5983),#6002,.T.);
#5983 = FACE_BOUND('',#5984,.T.);
#5984 = EDGE_LOOP('',(#5985,#5994,#6000,#6001));
#5985 = ORIENTED_EDGE('',*,*,#5986,.F.);
#5986 = EDGE_CURVE('',#5987,#5963,#5989,.T.);
#5987 = VERTEX_POINT('',#5988);
#5988 = CARTESIAN_POINT('',(33.231467350132,-50.7,169.74380067825));
#5989 = CIRCLE('',#5990,0.15);
#5990 = AXIS2_PLACEMENT_3D('',#5991,#5992,#5993);
#5991 = CARTESIAN_POINT('',(33.092885420255,-50.7,169.80120319311));
#5992 = DIRECTION('',(0.,-1.,0.));
#5993 = DIRECTION('',(0.923879532511,0.,-0.382683432365));
#5994 = ORIENTED_EDGE('',*,*,#5995,.T.);
#5995 = EDGE_CURVE('',#5987,#4993,#5996,.T.);
#5996 = LINE('',#5997,#5998);
#5997 = CARTESIAN_POINT('',(33.231467350132,-50.8,169.74380067825));
#5998 = VECTOR('',#5999,1.);
#5999 = DIRECTION('',(0.,1.,0.));
#6000 = ORIENTED_EDGE('',*,*,#5000,.T.);
#6001 = ORIENTED_EDGE('',*,*,#5971,.F.);
#6002 = CYLINDRICAL_SURFACE('',#6003,0.15);
#6003 = AXIS2_PLACEMENT_3D('',#6004,#6005,#6006);
#6004 = CARTESIAN_POINT('',(33.092885420255,-50.8,169.80120319311));
#6005 = DIRECTION('',(0.,-1.,0.));
#6006 = DIRECTION('',(0.923879532511,0.,-0.382683432365));
#6007 = ADVANCED_FACE('',(#6008),#6026,.T.);
#6008 = FACE_BOUND('',#6009,.T.);
#6009 = EDGE_LOOP('',(#6010,#6018,#6024,#6025));
#6010 = ORIENTED_EDGE('',*,*,#6011,.F.);
#6011 = EDGE_CURVE('',#6012,#5987,#6014,.T.);
#6012 = VERTEX_POINT('',#6013);
#6013 = CARTESIAN_POINT('',(32.991671864528,-50.7,169.22364405979));
#6014 = LINE('',#6015,#6016);
#6015 = CARTESIAN_POINT('',(33.051620735929,-50.7,169.3536832144));
#6016 = VECTOR('',#6017,1.);
#6017 = DIRECTION('',(0.418659737537,-0.,0.908143173825));
#6018 = ORIENTED_EDGE('',*,*,#6019,.T.);
#6019 = EDGE_CURVE('',#6012,#4984,#6020,.T.);
#6020 = LINE('',#6021,#6022);
#6021 = CARTESIAN_POINT('',(32.991671864528,-50.8,169.22364405979));
#6022 = VECTOR('',#6023,1.);
#6023 = DIRECTION('',(0.,1.,0.));
#6024 = ORIENTED_EDGE('',*,*,#4992,.T.);
#6025 = ORIENTED_EDGE('',*,*,#5995,.F.);
#6026 = PLANE('',#6027);
#6027 = AXIS2_PLACEMENT_3D('',#6028,#6029,#6030);
#6028 = CARTESIAN_POINT('',(32.991671864528,-50.8,169.22364405979));
#6029 = DIRECTION('',(0.908143173825,0.,-0.418659737537));
#6030 = DIRECTION('',(0.418659737537,0.,0.908143173825));
#6031 = ADVANCED_FACE('',(#6032),#6051,.T.);
#6032 = FACE_BOUND('',#6033,.T.);
#6033 = EDGE_LOOP('',(#6034,#6043,#6049,#6050));
#6034 = ORIENTED_EDGE('',*,*,#6035,.F.);
#6035 = EDGE_CURVE('',#6036,#6012,#6038,.T.);
#6036 = VERTEX_POINT('',#6037);
#6037 = CARTESIAN_POINT('',(32.789922310939,-50.7,169.15809165612));
#6038 = CIRCLE('',#6039,0.15);
#6039 = AXIS2_PLACEMENT_3D('',#6040,#6041,#6042);
#6040 = CARTESIAN_POINT('',(32.8580208859,-50.7,169.29174263475));
#6041 = DIRECTION('',(0.,-1.,0.));
#6042 = DIRECTION('',(-0.453990499739,-0.,-0.891006524188));
#6043 = ORIENTED_EDGE('',*,*,#6044,.T.);
#6044 = EDGE_CURVE('',#6036,#4975,#6045,.T.);
#6045 = LINE('',#6046,#6047);
#6046 = CARTESIAN_POINT('',(32.789922310939,-50.8,169.15809165612));
#6047 = VECTOR('',#6048,1.);
#6048 = DIRECTION('',(0.,1.,0.));
#6049 = ORIENTED_EDGE('',*,*,#4983,.T.);
#6050 = ORIENTED_EDGE('',*,*,#6019,.F.);
#6051 = CYLINDRICAL_SURFACE('',#6052,0.15);
#6052 = AXIS2_PLACEMENT_3D('',#6053,#6054,#6055);
#6053 = CARTESIAN_POINT('',(32.8580208859,-50.8,169.29174263475));
#6054 = DIRECTION('',(0.,-1.,0.));
#6055 = DIRECTION('',(-0.453990499739,-0.,-0.891006524188));
#6056 = ADVANCED_FACE('',(#6057),#6076,.F.);
#6057 = FACE_BOUND('',#6058,.T.);
#6058 = EDGE_LOOP('',(#6059,#6060,#6069,#6075));
#6059 = ORIENTED_EDGE('',*,*,#6044,.F.);
#6060 = ORIENTED_EDGE('',*,*,#6061,.T.);
#6061 = EDGE_CURVE('',#6036,#6062,#6064,.T.);
#6062 = VERTEX_POINT('',#6063);
#6063 = CARTESIAN_POINT('',(32.417246833585,-50.7,169.19761609172));
#6064 = CIRCLE('',#6065,1.469292842572);
#6065 = AXIS2_PLACEMENT_3D('',#6066,#6067,#6068);
#6066 = CARTESIAN_POINT('',(32.449891754141,-50.7,167.72868594825));
#6067 = DIRECTION('',(-0.,-1.,0.));
#6068 = DIRECTION('',(-2.221811718531E-02,0.,0.999753147166));
#6069 = ORIENTED_EDGE('',*,*,#6070,.T.);
#6070 = EDGE_CURVE('',#6062,#4966,#6071,.T.);
#6071 = LINE('',#6072,#6073);
#6072 = CARTESIAN_POINT('',(32.417246833585,-50.8,169.19761609172));
#6073 = VECTOR('',#6074,1.);
#6074 = DIRECTION('',(0.,1.,0.));
#6075 = ORIENTED_EDGE('',*,*,#4974,.F.);
#6076 = CYLINDRICAL_SURFACE('',#6077,1.469292842572);
#6077 = AXIS2_PLACEMENT_3D('',#6078,#6079,#6080);
#6078 = CARTESIAN_POINT('',(32.449891754141,-50.8,167.72868594825));
#6079 = DIRECTION('',(-0.,-1.,-0.));
#6080 = DIRECTION('',(-2.221811718531E-02,0.,0.999753147166));
#6081 = ADVANCED_FACE('',(#6082),#6101,.F.);
#6082 = FACE_BOUND('',#6083,.T.);
#6083 = EDGE_LOOP('',(#6084,#6085,#6094,#6100));
#6084 = ORIENTED_EDGE('',*,*,#6070,.F.);
#6085 = ORIENTED_EDGE('',*,*,#6086,.T.);
#6086 = EDGE_CURVE('',#6062,#6087,#6089,.T.);
#6087 = VERTEX_POINT('',#6088);
#6088 = CARTESIAN_POINT('',(32.039503671648,-50.7,168.45625339372));
#6089 = CIRCLE('',#6090,0.471154273188);
#6090 = AXIS2_PLACEMENT_3D('',#6091,#6092,#6093);
#6091 = CARTESIAN_POINT('',(32.425425152879,-50.7,168.72653280372));
#6092 = DIRECTION('',(0.,-1.,-0.));
#6093 = DIRECTION('',(-0.819097911645,0.,-0.573653738015));
#6094 = ORIENTED_EDGE('',*,*,#6095,.T.);
#6095 = EDGE_CURVE('',#6087,#4957,#6096,.T.);
#6096 = LINE('',#6097,#6098);
#6097 = CARTESIAN_POINT('',(32.039503671648,-50.8,168.45625339372));
#6098 = VECTOR('',#6099,1.);
#6099 = DIRECTION('',(0.,1.,0.));
#6100 = ORIENTED_EDGE('',*,*,#4965,.F.);
#6101 = CYLINDRICAL_SURFACE('',#6102,0.471154273188);
#6102 = AXIS2_PLACEMENT_3D('',#6103,#6104,#6105);
#6103 = CARTESIAN_POINT('',(32.425425152879,-50.8,168.72653280372));
#6104 = DIRECTION('',(-0.,-1.,-0.));
#6105 = DIRECTION('',(-0.819097911645,0.,-0.573653738015));
#6106 = ADVANCED_FACE('',(#6107),#6126,.F.);
#6107 = FACE_BOUND('',#6108,.T.);
#6108 = EDGE_LOOP('',(#6109,#6110,#6119,#6125));
#6109 = ORIENTED_EDGE('',*,*,#6095,.F.);
#6110 = ORIENTED_EDGE('',*,*,#6111,.T.);
#6111 = EDGE_CURVE('',#6087,#6112,#6114,.T.);
#6112 = VERTEX_POINT('',#6113);
#6113 = CARTESIAN_POINT('',(32.290532761225,-50.7,168.17798447951));
#6114 = CIRCLE('',#6115,1.469292842572);
#6115 = AXIS2_PLACEMENT_3D('',#6116,#6117,#6118);
#6116 = CARTESIAN_POINT('',(33.24708132413,-50.7,169.29325857319));
#6117 = DIRECTION('',(0.,-1.,-0.));
#6118 = DIRECTION('',(-0.65102649056,0.,-0.759055010252));
#6119 = ORIENTED_EDGE('',*,*,#6120,.T.);
#6120 = EDGE_CURVE('',#6112,#4948,#6121,.T.);
#6121 = LINE('',#6122,#6123);
#6122 = CARTESIAN_POINT('',(32.290532761225,-50.8,168.17798447951));
#6123 = VECTOR('',#6124,1.);
#6124 = DIRECTION('',(0.,1.,0.));
#6125 = ORIENTED_EDGE('',*,*,#4956,.F.);
#6126 = CYLINDRICAL_SURFACE('',#6127,1.469292842572);
#6127 = AXIS2_PLACEMENT_3D('',#6128,#6129,#6130);
#6128 = CARTESIAN_POINT('',(33.24708132413,-50.8,169.29325857319));
#6129 = DIRECTION('',(-0.,-1.,-0.));
#6130 = DIRECTION('',(-0.65102649056,0.,-0.759055010252));
#6131 = ADVANCED_FACE('',(#6132),#6151,.T.);
#6132 = FACE_BOUND('',#6133,.T.);
#6133 = EDGE_LOOP('',(#6134,#6143,#6149,#6150));
#6134 = ORIENTED_EDGE('',*,*,#6135,.F.);
#6135 = EDGE_CURVE('',#6136,#6112,#6138,.T.);
#6136 = VERTEX_POINT('',#6137);
#6137 = CARTESIAN_POINT('',(32.356085164893,-50.7,167.97623492592));
#6138 = CIRCLE('',#6139,0.15);
#6139 = AXIS2_PLACEMENT_3D('',#6140,#6141,#6142);
#6140 = CARTESIAN_POINT('',(32.222434186265,-50.7,168.04433350088));
#6141 = DIRECTION('',(0.,-1.,0.));
#6142 = DIRECTION('',(0.891006524188,0.,-0.45399049974));
#6143 = ORIENTED_EDGE('',*,*,#6144,.T.);
#6144 = EDGE_CURVE('',#6136,#4940,#6145,.T.);
#6145 = LINE('',#6146,#6147);
#6146 = CARTESIAN_POINT('',(32.356085164893,-50.8,167.97623492592));
#6147 = VECTOR('',#6148,1.);
#6148 = DIRECTION('',(0.,1.,0.));
#6149 = ORIENTED_EDGE('',*,*,#4947,.T.);
#6150 = ORIENTED_EDGE('',*,*,#6120,.F.);
#6151 = CYLINDRICAL_SURFACE('',#6152,0.15);
#6152 = AXIS2_PLACEMENT_3D('',#6153,#6154,#6155);
#6153 = CARTESIAN_POINT('',(32.222434186265,-50.8,168.04433350088));
#6154 = DIRECTION('',(0.,-1.,0.));
#6155 = DIRECTION('',(0.891006524188,0.,-0.45399049974));
#6156 = ADVANCED_FACE('',(#6157),#6175,.T.);
#6157 = FACE_BOUND('',#6158,.T.);
#6158 = EDGE_LOOP('',(#6159,#6167,#6173,#6174));
#6159 = ORIENTED_EDGE('',*,*,#6160,.F.);
#6160 = EDGE_CURVE('',#6161,#6136,#6163,.T.);
#6161 = VERTEX_POINT('',#6162);
#6162 = CARTESIAN_POINT('',(32.076217870822,-50.7,167.47649591368));
#6163 = LINE('',#6164,#6165);
#6164 = CARTESIAN_POINT('',(32.14618469434,-50.7,167.60143066674));
#6165 = VECTOR('',#6166,1.);
#6166 = DIRECTION('',(0.488621241497,-0.,0.872496007073));
#6167 = ORIENTED_EDGE('',*,*,#6168,.T.);
#6168 = EDGE_CURVE('',#6161,#4931,#6169,.T.);
#6169 = LINE('',#6170,#6171);
#6170 = CARTESIAN_POINT('',(32.076217870822,-50.8,167.47649591368));
#6171 = VECTOR('',#6172,1.);
#6172 = DIRECTION('',(0.,1.,0.));
#6173 = ORIENTED_EDGE('',*,*,#4939,.T.);
#6174 = ORIENTED_EDGE('',*,*,#6144,.F.);
#6175 = PLANE('',#6176);
#6176 = AXIS2_PLACEMENT_3D('',#6177,#6178,#6179);
#6177 = CARTESIAN_POINT('',(32.076217870822,-50.8,167.47649591368));
#6178 = DIRECTION('',(0.872496007073,0.,-0.488621241497));
#6179 = DIRECTION('',(0.488621241497,0.,0.872496007073));
#6180 = ADVANCED_FACE('',(#6181),#6200,.T.);
#6181 = FACE_BOUND('',#6182,.T.);
#6182 = EDGE_LOOP('',(#6183,#6192,#6198,#6199));
#6183 = ORIENTED_EDGE('',*,*,#6184,.F.);
#6184 = EDGE_CURVE('',#6185,#6161,#6187,.T.);
#6185 = VERTEX_POINT('',#6186);
#6186 = CARTESIAN_POINT('',(31.869947061462,-50.7,167.42697467373));
#6187 = CIRCLE('',#6188,0.15);
#6188 = AXIS2_PLACEMENT_3D('',#6189,#6190,#6191);
#6189 = CARTESIAN_POINT('',(31.948321846169,-50.7,167.55487069839));
#6190 = DIRECTION('',(0.,-1.,0.));
#6191 = DIRECTION('',(-0.522498564716,-0.,-0.852640164354));
#6192 = ORIENTED_EDGE('',*,*,#6193,.T.);
#6193 = EDGE_CURVE('',#6185,#4922,#6194,.T.);
#6194 = LINE('',#6195,#6196);
#6195 = CARTESIAN_POINT('',(31.869947061462,-50.8,167.42697467373));
#6196 = VECTOR('',#6197,1.);
#6197 = DIRECTION('',(0.,1.,0.));
#6198 = ORIENTED_EDGE('',*,*,#4930,.T.);
#6199 = ORIENTED_EDGE('',*,*,#6168,.F.);
#6200 = CYLINDRICAL_SURFACE('',#6201,0.15);
#6201 = AXIS2_PLACEMENT_3D('',#6202,#6203,#6204);
#6202 = CARTESIAN_POINT('',(31.948321846169,-50.8,167.55487069839));
#6203 = DIRECTION('',(0.,-1.,0.));
#6204 = DIRECTION('',(-0.522498564716,-0.,-0.852640164354));
#6205 = ADVANCED_FACE('',(#6206),#6225,.F.);
#6206 = FACE_BOUND('',#6207,.T.);
#6207 = EDGE_LOOP('',(#6208,#6209,#6218,#6224));
#6208 = ORIENTED_EDGE('',*,*,#6193,.F.);
#6209 = ORIENTED_EDGE('',*,*,#6210,.T.);
#6210 = EDGE_CURVE('',#6185,#6211,#6213,.T.);
#6211 = VERTEX_POINT('',#6212);
#6212 = CARTESIAN_POINT('',(31.501521469707,-50.7,167.49561704965));
#6213 = CIRCLE('',#6214,1.469292842572);
#6214 = AXIS2_PLACEMENT_3D('',#6215,#6216,#6217);
#6215 = CARTESIAN_POINT('',(31.418814826123,-50.7,166.02865383663));
#6216 = DIRECTION('',(-0.,-1.,0.));
#6217 = DIRECTION('',(5.629010173274E-02,-0.,0.998414455247));
#6218 = ORIENTED_EDGE('',*,*,#6219,.T.);
#6219 = EDGE_CURVE('',#6211,#4913,#6220,.T.);
#6220 = LINE('',#6221,#6222);
#6221 = CARTESIAN_POINT('',(31.501521469707,-50.8,167.49561704965));
#6222 = VECTOR('',#6223,1.);
#6223 = DIRECTION('',(0.,1.,0.));
#6224 = ORIENTED_EDGE('',*,*,#4921,.F.);
#6225 = CYLINDRICAL_SURFACE('',#6226,1.469292842572);
#6226 = AXIS2_PLACEMENT_3D('',#6227,#6228,#6229);
#6227 = CARTESIAN_POINT('',(31.418814826123,-50.8,166.02865383663));
#6228 = DIRECTION('',(-0.,-1.,-0.));
#6229 = DIRECTION('',(5.629010173274E-02,-0.,0.998414455247));
#6230 = ADVANCED_FACE('',(#6231),#6250,.F.);
#6231 = FACE_BOUND('',#6232,.T.);
#6232 = EDGE_LOOP('',(#6233,#6234,#6243,#6249));
#6233 = ORIENTED_EDGE('',*,*,#6219,.F.);
#6234 = ORIENTED_EDGE('',*,*,#6235,.T.);
#6235 = EDGE_CURVE('',#6211,#6236,#6238,.T.);
#6236 = VERTEX_POINT('',#6237);
#6237 = CARTESIAN_POINT('',(31.066776116981,-50.7,166.78617711233));
#6238 = CIRCLE('',#6239,0.471154273188);
#6239 = AXIS2_PLACEMENT_3D('',#6240,#6241,#6242);
#6240 = CARTESIAN_POINT('',(31.472713809183,-50.7,167.02534429067));
#6241 = DIRECTION('',(0.,-1.,-0.));
#6242 = DIRECTION('',(-0.861581259689,0.,-0.507619673527));
#6243 = ORIENTED_EDGE('',*,*,#6244,.T.);
#6244 = EDGE_CURVE('',#6236,#4904,#6245,.T.);
#6245 = LINE('',#6246,#6247);
#6246 = CARTESIAN_POINT('',(31.066776116981,-50.8,166.78617711233));
#6247 = VECTOR('',#6248,1.);
#6248 = DIRECTION('',(0.,1.,0.));
#6249 = ORIENTED_EDGE('',*,*,#4912,.F.);
#6250 = CYLINDRICAL_SURFACE('',#6251,0.471154273188);
#6251 = AXIS2_PLACEMENT_3D('',#6252,#6253,#6254);
#6252 = CARTESIAN_POINT('',(31.472713809183,-50.8,167.02534429067));
#6253 = DIRECTION('',(-0.,-1.,-0.));
#6254 = DIRECTION('',(-0.861581259689,0.,-0.507619673527));
#6255 = ADVANCED_FACE('',(#6256),#6275,.F.);
#6256 = FACE_BOUND('',#6257,.T.);
#6257 = EDGE_LOOP('',(#6258,#6259,#6268,#6274));
#6258 = ORIENTED_EDGE('',*,*,#6244,.F.);
#6259 = ORIENTED_EDGE('',*,*,#6260,.T.);
#6260 = EDGE_CURVE('',#6236,#6261,#6263,.T.);
#6261 = VERTEX_POINT('',#6262);
#6262 = CARTESIAN_POINT('',(31.295198640274,-50.7,166.48907049294));
#6263 = CIRCLE('',#6264,1.469292842571);
#6264 = AXIS2_PLACEMENT_3D('',#6265,#6266,#6267);
#6265 = CARTESIAN_POINT('',(32.336301880069,-50.7,167.52585663353));
#6266 = DIRECTION('',(0.,-1.,-0.));
#6267 = DIRECTION('',(-0.708574362871,0.,-0.705636147234));
#6268 = ORIENTED_EDGE('',*,*,#6269,.T.);
#6269 = EDGE_CURVE('',#6261,#4895,#6270,.T.);
#6270 = LINE('',#6271,#6272);
#6271 = CARTESIAN_POINT('',(31.295198640274,-50.8,166.48907049294));
#6272 = VECTOR('',#6273,1.);
#6273 = DIRECTION('',(0.,1.,0.));
#6274 = ORIENTED_EDGE('',*,*,#4903,.F.);
#6275 = CYLINDRICAL_SURFACE('',#6276,1.469292842571);
#6276 = AXIS2_PLACEMENT_3D('',#6277,#6278,#6279);
#6277 = CARTESIAN_POINT('',(32.336301880069,-50.8,167.52585663353));
#6278 = DIRECTION('',(-0.,-1.,-0.));
#6279 = DIRECTION('',(-0.708574362871,0.,-0.705636147234));
#6280 = ADVANCED_FACE('',(#6281),#6300,.T.);
#6281 = FACE_BOUND('',#6282,.T.);
#6282 = EDGE_LOOP('',(#6283,#6292,#6298,#6299));
#6283 = ORIENTED_EDGE('',*,*,#6284,.F.);
#6284 = EDGE_CURVE('',#6285,#6261,#6287,.T.);
#6285 = VERTEX_POINT('',#6286);
#6286 = CARTESIAN_POINT('',(31.34471988022,-50.7,166.28279968358));
#6287 = CIRCLE('',#6288,0.15);
#6288 = AXIS2_PLACEMENT_3D('',#6289,#6290,#6291);
#6289 = CARTESIAN_POINT('',(31.216823855567,-50.7,166.36117446829));
#6290 = DIRECTION('',(0.,-1.,0.));
#6291 = DIRECTION('',(0.852640164354,0.,-0.522498564716));
#6292 = ORIENTED_EDGE('',*,*,#6293,.T.);
#6293 = EDGE_CURVE('',#6285,#4887,#6294,.T.);
#6294 = LINE('',#6295,#6296);
#6295 = CARTESIAN_POINT('',(31.34471988022,-50.8,166.28279968358));
#6296 = VECTOR('',#6297,1.);
#6297 = DIRECTION('',(0.,1.,0.));
#6298 = ORIENTED_EDGE('',*,*,#4894,.T.);
#6299 = ORIENTED_EDGE('',*,*,#6269,.F.);
#6300 = CYLINDRICAL_SURFACE('',#6301,0.15);
#6301 = AXIS2_PLACEMENT_3D('',#6302,#6303,#6304);
#6302 = CARTESIAN_POINT('',(31.216823855567,-50.8,166.36117446829));
#6303 = DIRECTION('',(0.,-1.,0.));
#6304 = DIRECTION('',(0.852640164354,0.,-0.522498564716));
#6305 = ADVANCED_FACE('',(#6306),#6324,.T.);
#6306 = FACE_BOUND('',#6307,.T.);
#6307 = EDGE_LOOP('',(#6308,#6316,#6322,#6323));
#6308 = ORIENTED_EDGE('',*,*,#6309,.F.);
#6309 = EDGE_CURVE('',#6310,#6285,#6312,.T.);
#6310 = VERTEX_POINT('',#6311);
#6311 = CARTESIAN_POINT('',(31.026506252615,-50.7,165.80655933475));
#6312 = LINE('',#6313,#6314);
#6313 = CARTESIAN_POINT('',(31.106059659516,-50.7,165.92561942196));
#6314 = VECTOR('',#6315,1.);
#6315 = DIRECTION('',(0.55557023302,-0.,0.831469612303));
#6316 = ORIENTED_EDGE('',*,*,#6317,.T.);
#6317 = EDGE_CURVE('',#6310,#4878,#6318,.T.);
#6318 = LINE('',#6319,#6320);
#6319 = CARTESIAN_POINT('',(31.026506252615,-50.8,165.80655933475));
#6320 = VECTOR('',#6321,1.);
#6321 = DIRECTION('',(0.,1.,0.));
#6322 = ORIENTED_EDGE('',*,*,#4886,.T.);
#6323 = ORIENTED_EDGE('',*,*,#6293,.F.);
#6324 = PLANE('',#6325);
#6325 = AXIS2_PLACEMENT_3D('',#6326,#6327,#6328);
#6326 = CARTESIAN_POINT('',(31.026506252615,-50.8,165.80655933475));
#6327 = DIRECTION('',(0.831469612303,0.,-0.55557023302));
#6328 = DIRECTION('',(0.55557023302,0.,0.831469612303));
#6329 = ADVANCED_FACE('',(#6330),#6349,.T.);
#6330 = FACE_BOUND('',#6331,.T.);
#6331 = EDGE_LOOP('',(#6332,#6341,#6347,#6348));
#6332 = ORIENTED_EDGE('',*,*,#6333,.F.);
#6333 = EDGE_CURVE('',#6334,#6310,#6336,.T.);
#6334 = VERTEX_POINT('',#6335);
#6335 = CARTESIAN_POINT('',(30.816985915615,-50.7,165.77337457344));
#6336 = CIRCLE('',#6337,0.15);
#6337 = AXIS2_PLACEMENT_3D('',#6338,#6339,#6340);
#6338 = CARTESIAN_POINT('',(30.905153703459,-50.7,165.8947271226));
#6339 = DIRECTION('',(0.,-1.,0.));
#6340 = DIRECTION('',(-0.587785252292,-0.,-0.809016994375));
#6341 = ORIENTED_EDGE('',*,*,#6342,.T.);
#6342 = EDGE_CURVE('',#6334,#4869,#6343,.T.);
#6343 = LINE('',#6344,#6345);
#6344 = CARTESIAN_POINT('',(30.816985915615,-50.8,165.77337457344));
#6345 = VECTOR('',#6346,1.);
#6346 = DIRECTION('',(0.,1.,0.));
#6347 = ORIENTED_EDGE('',*,*,#4877,.T.);
#6348 = ORIENTED_EDGE('',*,*,#6317,.F.);
#6349 = CYLINDRICAL_SURFACE('',#6350,0.15);
#6350 = AXIS2_PLACEMENT_3D('',#6351,#6352,#6353);
#6351 = CARTESIAN_POINT('',(30.905153703459,-50.8,165.8947271226));
#6352 = DIRECTION('',(0.,-1.,0.));
#6353 = DIRECTION('',(-0.587785252292,-0.,-0.809016994375));
#6354 = ADVANCED_FACE('',(#6355),#6374,.F.);
#6355 = FACE_BOUND('',#6356,.T.);
#6356 = EDGE_LOOP('',(#6357,#6358,#6367,#6373));
#6357 = ORIENTED_EDGE('',*,*,#6342,.F.);
#6358 = ORIENTED_EDGE('',*,*,#6359,.T.);
#6359 = EDGE_CURVE('',#6334,#6360,#6362,.T.);
#6360 = VERTEX_POINT('',#6361);
#6361 = CARTESIAN_POINT('',(30.455081675747,-50.7,165.87071168659));
#6362 = CIRCLE('',#6363,1.46929284257);
#6363 = AXIS2_PLACEMENT_3D('',#6364,#6365,#6366);
#6364 = CARTESIAN_POINT('',(30.257533381985,-50.7,164.41475972005));
#6365 = DIRECTION('',(-0.,-1.,0.));
#6366 = DIRECTION('',(0.134451273455,-0.,0.990920206205));
#6367 = ORIENTED_EDGE('',*,*,#6368,.T.);
#6368 = EDGE_CURVE('',#6360,#4860,#6369,.T.);
#6369 = LINE('',#6370,#6371);
#6370 = CARTESIAN_POINT('',(30.455081675747,-50.8,165.87071168659));
#6371 = VECTOR('',#6372,1.);
#6372 = DIRECTION('',(0.,1.,0.));
#6373 = ORIENTED_EDGE('',*,*,#4868,.F.);
#6374 = CYLINDRICAL_SURFACE('',#6375,1.46929284257);
#6375 = AXIS2_PLACEMENT_3D('',#6376,#6377,#6378);
#6376 = CARTESIAN_POINT('',(30.257533381985,-50.8,164.41475972005));
#6377 = DIRECTION('',(-0.,-1.,-0.));
#6378 = DIRECTION('',(0.134451273455,-0.,0.990920206205));
#6379 = ADVANCED_FACE('',(#6380),#6399,.F.);
#6380 = FACE_BOUND('',#6381,.T.);
#6381 = EDGE_LOOP('',(#6382,#6383,#6392,#6398));
#6382 = ORIENTED_EDGE('',*,*,#6368,.F.);
#6383 = ORIENTED_EDGE('',*,*,#6384,.T.);
#6384 = EDGE_CURVE('',#6360,#6385,#6387,.T.);
#6385 = VERTEX_POINT('',#6386);
#6386 = CARTESIAN_POINT('',(29.9660144819,-50.7,165.19756844308));
#6387 = CIRCLE('',#6388,0.471154273188);
#6388 = AXIS2_PLACEMENT_3D('',#6389,#6390,#6391);
#6389 = CARTESIAN_POINT('',(30.389465644211,-50.7,165.40414884457));
#6390 = DIRECTION('',(0.,-1.,-0.));
#6391 = DIRECTION('',(-0.898752672763,0.,-0.438455964952));
#6392 = ORIENTED_EDGE('',*,*,#6393,.T.);
#6393 = EDGE_CURVE('',#6385,#4851,#6394,.T.);
#6394 = LINE('',#6395,#6396);
#6395 = CARTESIAN_POINT('',(29.9660144819,-50.8,165.19756844308));
#6396 = VECTOR('',#6397,1.);
#6397 = DIRECTION('',(0.,1.,0.));
#6398 = ORIENTED_EDGE('',*,*,#4859,.F.);
#6399 = CYLINDRICAL_SURFACE('',#6400,0.471154273188);
#6400 = AXIS2_PLACEMENT_3D('',#6401,#6402,#6403);
#6401 = CARTESIAN_POINT('',(30.389465644211,-50.8,165.40414884457));
#6402 = DIRECTION('',(-0.,-1.,-0.));
#6403 = DIRECTION('',(-0.898752672763,0.,-0.438455964952));
#6404 = ADVANCED_FACE('',(#6405),#6424,.F.);
#6405 = FACE_BOUND('',#6406,.T.);
#6406 = EDGE_LOOP('',(#6407,#6408,#6417,#6423));
#6407 = ORIENTED_EDGE('',*,*,#6393,.F.);
#6408 = ORIENTED_EDGE('',*,*,#6409,.T.);
#6409 = EDGE_CURVE('',#6385,#6410,#6412,.T.);
#6410 = VERTEX_POINT('',#6411);
#6411 = CARTESIAN_POINT('',(30.170422138094,-50.7,164.88345587963));
#6412 = CIRCLE('',#6413,1.469292842573);
#6413 = AXIS2_PLACEMENT_3D('',#6414,#6415,#6416);
#6414 = CARTESIAN_POINT('',(31.289661307107,-50.7,165.8353619358));
#6415 = DIRECTION('',(0.,-1.,-0.));
#6416 = DIRECTION('',(-0.76175363861,0.,-0.647866802719));
#6417 = ORIENTED_EDGE('',*,*,#6418,.T.);
#6418 = EDGE_CURVE('',#6410,#4842,#6419,.T.);
#6419 = LINE('',#6420,#6421);
#6420 = CARTESIAN_POINT('',(30.170422138094,-50.8,164.88345587963));
#6421 = VECTOR('',#6422,1.);
#6422 = DIRECTION('',(0.,1.,0.));
#6423 = ORIENTED_EDGE('',*,*,#4850,.F.);
#6424 = CYLINDRICAL_SURFACE('',#6425,1.469292842573);
#6425 = AXIS2_PLACEMENT_3D('',#6426,#6427,#6428);
#6426 = CARTESIAN_POINT('',(31.289661307107,-50.8,165.8353619358));
#6427 = DIRECTION('',(-0.,-1.,-0.));
#6428 = DIRECTION('',(-0.76175363861,0.,-0.647866802719));
#6429 = ADVANCED_FACE('',(#6430),#6449,.T.);
#6430 = FACE_BOUND('',#6431,.T.);
#6431 = EDGE_LOOP('',(#6432,#6441,#6447,#6448));
#6432 = ORIENTED_EDGE('',*,*,#6433,.F.);
#6433 = EDGE_CURVE('',#6434,#6410,#6436,.T.);
#6434 = VERTEX_POINT('',#6435);
#6435 = CARTESIAN_POINT('',(30.203606899406,-50.7,164.67393554263));
#6436 = CIRCLE('',#6437,0.15);
#6437 = AXIS2_PLACEMENT_3D('',#6438,#6439,#6440);
#6438 = CARTESIAN_POINT('',(30.08225435025,-50.7,164.76210333047));
#6439 = DIRECTION('',(0.,-1.,0.));
#6440 = DIRECTION('',(0.809016994375,0.,-0.587785252292));
#6441 = ORIENTED_EDGE('',*,*,#6442,.T.);
#6442 = EDGE_CURVE('',#6434,#4834,#6443,.T.);
#6443 = LINE('',#6444,#6445);
#6444 = CARTESIAN_POINT('',(30.203606899406,-50.8,164.67393554263));
#6445 = VECTOR('',#6446,1.);
#6446 = DIRECTION('',(0.,1.,0.));
#6447 = ORIENTED_EDGE('',*,*,#4841,.T.);
#6448 = ORIENTED_EDGE('',*,*,#6418,.F.);
#6449 = CYLINDRICAL_SURFACE('',#6450,0.15);
#6450 = AXIS2_PLACEMENT_3D('',#6451,#6452,#6453);
#6451 = CARTESIAN_POINT('',(30.08225435025,-50.8,164.76210333047));
#6452 = DIRECTION('',(0.,-1.,0.));
#6453 = DIRECTION('',(0.809016994375,0.,-0.587785252292));
#6454 = ADVANCED_FACE('',(#6455),#6473,.T.);
#6455 = FACE_BOUND('',#6456,.T.);
#6456 = EDGE_LOOP('',(#6457,#6465,#6471,#6472));
#6457 = ORIENTED_EDGE('',*,*,#6458,.F.);
#6458 = EDGE_CURVE('',#6459,#6434,#6461,.T.);
#6459 = VERTEX_POINT('',#6460);
#6460 = CARTESIAN_POINT('',(29.849008831098,-50.7,164.22413003732));
#6461 = LINE('',#6462,#6463);
#6462 = CARTESIAN_POINT('',(29.937658348175,-50.7,164.33658141365));
#6463 = VECTOR('',#6464,1.);
#6464 = DIRECTION('',(0.61909394931,-0.,0.785316930881));
#6465 = ORIENTED_EDGE('',*,*,#6466,.T.);
#6466 = EDGE_CURVE('',#6459,#4825,#6467,.T.);
#6467 = LINE('',#6468,#6469);
#6468 = CARTESIAN_POINT('',(29.849008831098,-50.8,164.22413003732));
#6469 = VECTOR('',#6470,1.);
#6470 = DIRECTION('',(0.,1.,0.));
#6471 = ORIENTED_EDGE('',*,*,#4833,.T.);
#6472 = ORIENTED_EDGE('',*,*,#6442,.F.);
#6473 = PLANE('',#6474);
#6474 = AXIS2_PLACEMENT_3D('',#6475,#6476,#6477);
#6475 = CARTESIAN_POINT('',(29.849008831098,-50.8,164.22413003732));
#6476 = DIRECTION('',(0.785316930881,0.,-0.61909394931));
#6477 = DIRECTION('',(0.61909394931,0.,0.785316930881));
#6478 = ADVANCED_FACE('',(#6479),#6498,.T.);
#6479 = FACE_BOUND('',#6480,.T.);
#6480 = EDGE_LOOP('',(#6481,#6490,#6496,#6497));
#6481 = ORIENTED_EDGE('',*,*,#6482,.F.);
#6482 = EDGE_CURVE('',#6483,#6459,#6485,.T.);
#6483 = VERTEX_POINT('',#6484);
#6484 = CARTESIAN_POINT('',(29.637530729009,-50.7,164.20748634973));
#6485 = CIRCLE('',#6486,0.15);
#6486 = AXIS2_PLACEMENT_3D('',#6487,#6488,#6489);
#6487 = CARTESIAN_POINT('',(29.734947936258,-50.7,164.32154724457));
#6488 = DIRECTION('',(0.,-1.,0.));
#6489 = DIRECTION('',(-0.64944804833,-0.,-0.7604059656));
#6490 = ORIENTED_EDGE('',*,*,#6491,.T.);
#6491 = EDGE_CURVE('',#6483,#4816,#6492,.T.);
#6492 = LINE('',#6493,#6494);
#6493 = CARTESIAN_POINT('',(29.637530729009,-50.8,164.20748634973));
#6494 = VECTOR('',#6495,1.);
#6495 = DIRECTION('',(0.,1.,0.));
#6496 = ORIENTED_EDGE('',*,*,#4824,.T.);
#6497 = ORIENTED_EDGE('',*,*,#6466,.F.);
#6498 = CYLINDRICAL_SURFACE('',#6499,0.15);
#6499 = AXIS2_PLACEMENT_3D('',#6500,#6501,#6502);
#6500 = CARTESIAN_POINT('',(29.734947936258,-50.8,164.32154724457));
#6501 = DIRECTION('',(0.,-1.,0.));
#6502 = DIRECTION('',(-0.64944804833,-0.,-0.7604059656));
#6503 = ADVANCED_FACE('',(#6504),#6523,.F.);
#6504 = FACE_BOUND('',#6505,.T.);
#6505 = EDGE_LOOP('',(#6506,#6507,#6516,#6522));
#6506 = ORIENTED_EDGE('',*,*,#6491,.F.);
#6507 = ORIENTED_EDGE('',*,*,#6508,.T.);
#6508 = EDGE_CURVE('',#6483,#6509,#6511,.T.);
#6509 = VERTEX_POINT('',#6510);
#6510 = CARTESIAN_POINT('',(29.284379101011,-50.7,164.33291808445));
#6511 = CIRCLE('',#6512,1.469292842573);
#6512 = AXIS2_PLACEMENT_3D('',#6513,#6514,#6515);
#6513 = CARTESIAN_POINT('',(28.973207107992,-50.7,162.89695379241));
#6514 = DIRECTION('',(-0.,-1.,0.));
#6515 = DIRECTION('',(0.211783508367,-0.,0.977316604578));
#6516 = ORIENTED_EDGE('',*,*,#6517,.T.);
#6517 = EDGE_CURVE('',#6509,#4807,#6518,.T.);
#6518 = LINE('',#6519,#6520);
#6519 = CARTESIAN_POINT('',(29.284379101011,-50.8,164.33291808445));
#6520 = VECTOR('',#6521,1.);
#6521 = DIRECTION('',(0.,1.,0.));
#6522 = ORIENTED_EDGE('',*,*,#4815,.F.);
#6523 = CYLINDRICAL_SURFACE('',#6524,1.469292842573);
#6524 = AXIS2_PLACEMENT_3D('',#6525,#6526,#6527);
#6525 = CARTESIAN_POINT('',(28.973207107992,-50.8,162.89695379241));
#6526 = DIRECTION('',(-0.,-1.,-0.));
#6527 = DIRECTION('',(0.211783508367,-0.,0.977316604578));
#6528 = ADVANCED_FACE('',(#6529),#6548,.F.);
#6529 = FACE_BOUND('',#6530,.T.);
#6530 = EDGE_LOOP('',(#6531,#6532,#6541,#6547));
#6531 = ORIENTED_EDGE('',*,*,#6517,.F.);
#6532 = ORIENTED_EDGE('',*,*,#6533,.T.);
#6533 = EDGE_CURVE('',#6509,#6534,#6536,.T.);
#6534 = VERTEX_POINT('',#6535);
#6535 = CARTESIAN_POINT('',(28.744005327924,-50.7,163.70022168669));
#6536 = CIRCLE('',#6537,0.471154273188);
#6537 = AXIS2_PLACEMENT_3D('',#6538,#6539,#6540);
#6538 = CARTESIAN_POINT('',(29.182359243117,-50.7,163.87294167447));
#6539 = DIRECTION('',(0.,-1.,-0.));
#6540 = DIRECTION('',(-0.930382976743,0.,-0.366589029552));
#6541 = ORIENTED_EDGE('',*,*,#6542,.T.);
#6542 = EDGE_CURVE('',#6534,#4798,#6543,.T.);
#6543 = LINE('',#6544,#6545);
#6544 = CARTESIAN_POINT('',(28.744005327924,-50.8,163.70022168669));
#6545 = VECTOR('',#6546,1.);
#6546 = DIRECTION('',(0.,1.,0.));
#6547 = ORIENTED_EDGE('',*,*,#4806,.F.);
#6548 = CYLINDRICAL_SURFACE('',#6549,0.471154273188);
#6549 = AXIS2_PLACEMENT_3D('',#6550,#6551,#6552);
#6550 = CARTESIAN_POINT('',(29.182359243117,-50.8,163.87294167447));
#6551 = DIRECTION('',(-0.,-1.,-0.));
#6552 = DIRECTION('',(-0.930382976743,0.,-0.366589029552));
#6553 = ADVANCED_FACE('',(#6554),#6573,.F.);
#6554 = FACE_BOUND('',#6555,.T.);
#6555 = EDGE_LOOP('',(#6556,#6557,#6566,#6572));
#6556 = ORIENTED_EDGE('',*,*,#6542,.F.);
#6557 = ORIENTED_EDGE('',*,*,#6558,.T.);
#6558 = EDGE_CURVE('',#6534,#6559,#6561,.T.);
#6559 = VERTEX_POINT('',#6560);
#6560 = CARTESIAN_POINT('',(28.923137875846,-50.7,163.37103978757));
#6561 = CIRCLE('',#6562,1.469292842573);
#6562 = AXIS2_PLACEMENT_3D('',#6563,#6564,#6565);
#6563 = CARTESIAN_POINT('',(30.113612492413,-50.7,164.23219694196));
#6564 = DIRECTION('',(0.,-1.,-0.));
#6565 = DIRECTION('',(-0.810236449858,0.,-0.586103143928));
#6566 = ORIENTED_EDGE('',*,*,#6567,.T.);
#6567 = EDGE_CURVE('',#6559,#4789,#6568,.T.);
#6568 = LINE('',#6569,#6570);
#6569 = CARTESIAN_POINT('',(28.923137875846,-50.8,163.37103978757));
#6570 = VECTOR('',#6571,1.);
#6571 = DIRECTION('',(0.,1.,0.));
#6572 = ORIENTED_EDGE('',*,*,#4797,.F.);
#6573 = CYLINDRICAL_SURFACE('',#6574,1.469292842573);
#6574 = AXIS2_PLACEMENT_3D('',#6575,#6576,#6577);
#6575 = CARTESIAN_POINT('',(30.113612492413,-50.8,164.23219694196));
#6576 = DIRECTION('',(-0.,-1.,-0.));
#6577 = DIRECTION('',(-0.810236449858,0.,-0.586103143928));
#6578 = ADVANCED_FACE('',(#6579),#6598,.T.);
#6579 = FACE_BOUND('',#6580,.T.);
#6580 = EDGE_LOOP('',(#6581,#6590,#6596,#6597));
#6581 = ORIENTED_EDGE('',*,*,#6582,.F.);
#6582 = EDGE_CURVE('',#6583,#6559,#6585,.T.);
#6583 = VERTEX_POINT('',#6584);
#6584 = CARTESIAN_POINT('',(28.939781563436,-50.7,163.15956168548));
#6585 = CIRCLE('',#6586,0.15);
#6586 = AXIS2_PLACEMENT_3D('',#6587,#6588,#6589);
#6587 = CARTESIAN_POINT('',(28.825720668596,-50.7,163.25697889273));
#6588 = DIRECTION('',(0.,-1.,0.));
#6589 = DIRECTION('',(0.7604059656,0.,-0.64944804833));
#6590 = ORIENTED_EDGE('',*,*,#6591,.T.);
#6591 = EDGE_CURVE('',#6583,#4781,#6592,.T.);
#6592 = LINE('',#6593,#6594);
#6593 = CARTESIAN_POINT('',(28.939781563436,-50.8,163.15956168548));
#6594 = VECTOR('',#6595,1.);
#6595 = DIRECTION('',(0.,1.,0.));
#6596 = ORIENTED_EDGE('',*,*,#4788,.T.);
#6597 = ORIENTED_EDGE('',*,*,#6567,.F.);
#6598 = CYLINDRICAL_SURFACE('',#6599,0.15);
#6599 = AXIS2_PLACEMENT_3D('',#6600,#6601,#6602);
#6600 = CARTESIAN_POINT('',(28.825720668596,-50.8,163.25697889273));
#6601 = DIRECTION('',(0.,-1.,0.));
#6602 = DIRECTION('',(0.7604059656,0.,-0.64944804833));
#6603 = ADVANCED_FACE('',(#6604),#6622,.T.);
#6604 = FACE_BOUND('',#6605,.T.);
#6605 = EDGE_LOOP('',(#6606,#6614,#6620,#6621));
#6606 = ORIENTED_EDGE('',*,*,#6607,.F.);
#6607 = EDGE_CURVE('',#6608,#6583,#6610,.T.);
#6608 = VERTEX_POINT('',#6609);
#6609 = CARTESIAN_POINT('',(28.550985269433,-50.7,162.73896422422));
#6610 = LINE('',#6611,#6612);
#6611 = CARTESIAN_POINT('',(28.648184342934,-50.7,162.84411358954));
#6612 = VECTOR('',#6613,1.);
#6613 = DIRECTION('',(0.678800745533,-0.,0.734322509436));
#6614 = ORIENTED_EDGE('',*,*,#6615,.T.);
#6615 = EDGE_CURVE('',#6608,#4772,#6616,.T.);
#6616 = LINE('',#6617,#6618);
#6617 = CARTESIAN_POINT('',(28.550985269433,-50.8,162.73896422422));
#6618 = VECTOR('',#6619,1.);
#6619 = DIRECTION('',(0.,1.,0.));
#6620 = ORIENTED_EDGE('',*,*,#4780,.T.);
#6621 = ORIENTED_EDGE('',*,*,#6591,.F.);
#6622 = PLANE('',#6623);
#6623 = AXIS2_PLACEMENT_3D('',#6624,#6625,#6626);
#6624 = CARTESIAN_POINT('',(28.550985269433,-50.8,162.73896422422));
#6625 = DIRECTION('',(0.734322509436,0.,-0.678800745533));
#6626 = DIRECTION('',(0.678800745533,0.,0.734322509436));
#6627 = ADVANCED_FACE('',(#6628),#6647,.T.);
#6628 = FACE_BOUND('',#6629,.T.);
#6629 = EDGE_LOOP('',(#6630,#6639,#6645,#6646));
#6630 = ORIENTED_EDGE('',*,*,#6631,.F.);
#6631 = EDGE_CURVE('',#6632,#6608,#6634,.T.);
#6632 = VERTEX_POINT('',#6633);
#6633 = CARTESIAN_POINT('',(28.338853235077,-50.7,162.73896422422));
#6634 = CIRCLE('',#6635,0.15);
#6635 = AXIS2_PLACEMENT_3D('',#6636,#6637,#6638);
#6636 = CARTESIAN_POINT('',(28.444919252255,-50.7,162.8450302414));
#6637 = DIRECTION('',(0.,-1.,0.));
#6638 = DIRECTION('',(-0.707106781186,-0.,-0.707106781187));
#6639 = ORIENTED_EDGE('',*,*,#6640,.T.);
#6640 = EDGE_CURVE('',#6632,#4763,#6641,.T.);
#6641 = LINE('',#6642,#6643);
#6642 = CARTESIAN_POINT('',(28.338853235077,-50.8,162.73896422422));
#6643 = VECTOR('',#6644,1.);
#6644 = DIRECTION('',(0.,1.,0.));
#6645 = ORIENTED_EDGE('',*,*,#4771,.T.);
#6646 = ORIENTED_EDGE('',*,*,#6615,.F.);
#6647 = CYLINDRICAL_SURFACE('',#6648,0.15);
#6648 = AXIS2_PLACEMENT_3D('',#6649,#6650,#6651);
#6649 = CARTESIAN_POINT('',(28.444919252255,-50.8,162.8450302414));
#6650 = DIRECTION('',(0.,-1.,0.));
#6651 = DIRECTION('',(-0.707106781186,-0.,-0.707106781187));
#6652 = ADVANCED_FACE('',(#6653),#6672,.F.);
#6653 = FACE_BOUND('',#6654,.T.);
#6654 = EDGE_LOOP('',(#6655,#6656,#6665,#6671));
#6655 = ORIENTED_EDGE('',*,*,#6640,.F.);
#6656 = ORIENTED_EDGE('',*,*,#6657,.T.);
#6657 = EDGE_CURVE('',#6632,#6658,#6660,.T.);
#6658 = VERTEX_POINT('',#6659);
#6659 = CARTESIAN_POINT('',(27.996631516171,-50.7,162.89171725215));
#6660 = CIRCLE('',#6661,1.469292842573);
#6661 = AXIS2_PLACEMENT_3D('',#6662,#6663,#6664);
#6662 = CARTESIAN_POINT('',(27.573754302707,-50.7,161.48459383199));
#6663 = DIRECTION('',(-0.,-1.,0.));
#6664 = DIRECTION('',(0.287810027525,-0.,0.957687521092));
#6665 = ORIENTED_EDGE('',*,*,#6666,.T.);
#6666 = EDGE_CURVE('',#6658,#4754,#6667,.T.);
#6667 = LINE('',#6668,#6669);
#6668 = CARTESIAN_POINT('',(27.996631516171,-50.8,162.89171725215));
#6669 = VECTOR('',#6670,1.);
#6670 = DIRECTION('',(0.,1.,0.));
#6671 = ORIENTED_EDGE('',*,*,#4762,.F.);
#6672 = CYLINDRICAL_SURFACE('',#6673,1.469292842573);
#6673 = AXIS2_PLACEMENT_3D('',#6674,#6675,#6676);
#6674 = CARTESIAN_POINT('',(27.573754302707,-50.8,161.48459383199));
#6675 = DIRECTION('',(-0.,-1.,-0.));
#6676 = DIRECTION('',(0.287810027525,-0.,0.957687521092));
#6677 = ADVANCED_FACE('',(#6678),#6697,.F.);
#6678 = FACE_BOUND('',#6679,.T.);
#6679 = EDGE_LOOP('',(#6680,#6681,#6690,#6696));
#6680 = ORIENTED_EDGE('',*,*,#6666,.F.);
#6681 = ORIENTED_EDGE('',*,*,#6682,.T.);
#6682 = EDGE_CURVE('',#6658,#6683,#6685,.T.);
#6683 = VERTEX_POINT('',#6684);
#6684 = CARTESIAN_POINT('',(27.408282747847,-50.7,162.30336848382));
#6685 = CIRCLE('',#6686,0.471154273188);
#6686 = AXIS2_PLACEMENT_3D('',#6687,#6688,#6689);
#6687 = CARTESIAN_POINT('',(27.858836818268,-50.7,162.44116318173));
#6688 = DIRECTION('',(0.,-1.,-0.));
#6689 = DIRECTION('',(-0.956277160287,0.,-0.29246195088));
#6690 = ORIENTED_EDGE('',*,*,#6691,.T.);
#6691 = EDGE_CURVE('',#6683,#4745,#6692,.T.);
#6692 = LINE('',#6693,#6694);
#6693 = CARTESIAN_POINT('',(27.408282747847,-50.8,162.30336848382));
#6694 = VECTOR('',#6695,1.);
#6695 = DIRECTION('',(0.,1.,0.));
#6696 = ORIENTED_EDGE('',*,*,#4753,.F.);
#6697 = CYLINDRICAL_SURFACE('',#6698,0.471154273188);
#6698 = AXIS2_PLACEMENT_3D('',#6699,#6700,#6701);
#6699 = CARTESIAN_POINT('',(27.858836818268,-50.8,162.44116318173));
#6700 = DIRECTION('',(-0.,-1.,-0.));
#6701 = DIRECTION('',(-0.956277160287,0.,-0.29246195088));
#6702 = ADVANCED_FACE('',(#6703),#6722,.F.);
#6703 = FACE_BOUND('',#6704,.T.);
#6704 = EDGE_LOOP('',(#6705,#6706,#6715,#6721));
#6705 = ORIENTED_EDGE('',*,*,#6691,.F.);
#6706 = ORIENTED_EDGE('',*,*,#6707,.T.);
#6707 = EDGE_CURVE('',#6683,#6708,#6710,.T.);
#6708 = VERTEX_POINT('',#6709);
#6709 = CARTESIAN_POINT('',(27.561035775771,-50.7,161.96114676492));
#6710 = CIRCLE('',#6711,1.469292842573);
#6711 = AXIS2_PLACEMENT_3D('',#6712,#6713,#6714);
#6712 = CARTESIAN_POINT('',(28.815406168009,-50.7,162.72624569729));
#6713 = DIRECTION('',(0.,-1.,-0.));
#6714 = DIRECTION('',(-0.853723883961,0.,-0.520725964356));
#6715 = ORIENTED_EDGE('',*,*,#6716,.T.);
#6716 = EDGE_CURVE('',#6708,#4736,#6717,.T.);
#6717 = LINE('',#6718,#6719);
#6718 = CARTESIAN_POINT('',(27.561035775771,-50.8,161.96114676492));
#6719 = VECTOR('',#6720,1.);
#6720 = DIRECTION('',(0.,1.,0.));
#6721 = ORIENTED_EDGE('',*,*,#4744,.F.);
#6722 = CYLINDRICAL_SURFACE('',#6723,1.469292842573);
#6723 = AXIS2_PLACEMENT_3D('',#6724,#6725,#6726);
#6724 = CARTESIAN_POINT('',(28.815406168009,-50.8,162.72624569729));
#6725 = DIRECTION('',(-0.,-1.,-0.));
#6726 = DIRECTION('',(-0.853723883961,0.,-0.520725964356));
#6727 = ADVANCED_FACE('',(#6728),#6747,.T.);
#6728 = FACE_BOUND('',#6729,.T.);
#6729 = EDGE_LOOP('',(#6730,#6739,#6745,#6746));
#6730 = ORIENTED_EDGE('',*,*,#6731,.F.);
#6731 = EDGE_CURVE('',#6732,#6708,#6734,.T.);
#6732 = VERTEX_POINT('',#6733);
#6733 = CARTESIAN_POINT('',(27.561035775771,-50.7,161.74901473056));
#6734 = CIRCLE('',#6735,0.15);
#6735 = AXIS2_PLACEMENT_3D('',#6736,#6737,#6738);
#6736 = CARTESIAN_POINT('',(27.454969758593,-50.7,161.85508074774));
#6737 = DIRECTION('',(0.,-1.,0.));
#6738 = DIRECTION('',(0.707106781187,0.,-0.707106781186));
#6739 = ORIENTED_EDGE('',*,*,#6740,.T.);
#6740 = EDGE_CURVE('',#6732,#4728,#6741,.T.);
#6741 = LINE('',#6742,#6743);
#6742 = CARTESIAN_POINT('',(27.561035775771,-50.8,161.74901473056));
#6743 = VECTOR('',#6744,1.);
#6744 = DIRECTION('',(0.,1.,0.));
#6745 = ORIENTED_EDGE('',*,*,#4735,.T.);
#6746 = ORIENTED_EDGE('',*,*,#6716,.F.);
#6747 = CYLINDRICAL_SURFACE('',#6748,0.15);
#6748 = AXIS2_PLACEMENT_3D('',#6749,#6750,#6751);
#6749 = CARTESIAN_POINT('',(27.454969758593,-50.8,161.85508074774));
#6750 = DIRECTION('',(0.,-1.,0.));
#6751 = DIRECTION('',(0.707106781187,0.,-0.707106781186));
#6752 = ADVANCED_FACE('',(#6753),#6771,.T.);
#6753 = FACE_BOUND('',#6754,.T.);
#6754 = EDGE_LOOP('',(#6755,#6763,#6769,#6770));
#6755 = ORIENTED_EDGE('',*,*,#6756,.F.);
#6756 = EDGE_CURVE('',#6757,#6732,#6759,.T.);
#6757 = VERTEX_POINT('',#6758);
#6758 = CARTESIAN_POINT('',(27.140438314512,-50.7,161.36021843656));
#6759 = LINE('',#6760,#6761);
#6760 = CARTESIAN_POINT('',(27.245587679827,-50.7,161.45741751006));
#6761 = VECTOR('',#6762,1.);
#6762 = DIRECTION('',(0.734322509436,-0.,0.678800745533));
#6763 = ORIENTED_EDGE('',*,*,#6764,.T.);
#6764 = EDGE_CURVE('',#6757,#4719,#6765,.T.);
#6765 = LINE('',#6766,#6767);
#6766 = CARTESIAN_POINT('',(27.140438314512,-50.8,161.36021843656));
#6767 = VECTOR('',#6768,1.);
#6768 = DIRECTION('',(0.,1.,0.));
#6769 = ORIENTED_EDGE('',*,*,#4727,.T.);
#6770 = ORIENTED_EDGE('',*,*,#6740,.F.);
#6771 = PLANE('',#6772);
#6772 = AXIS2_PLACEMENT_3D('',#6773,#6774,#6775);
#6773 = CARTESIAN_POINT('',(27.140438314512,-50.8,161.36021843656));
#6774 = DIRECTION('',(0.678800745533,0.,-0.734322509436));
#6775 = DIRECTION('',(0.734322509436,0.,0.678800745533));
#6776 = ADVANCED_FACE('',(#6777),#6796,.T.);
#6777 = FACE_BOUND('',#6778,.T.);
#6778 = EDGE_LOOP('',(#6779,#6788,#6794,#6795));
#6779 = ORIENTED_EDGE('',*,*,#6780,.F.);
#6780 = EDGE_CURVE('',#6781,#6757,#6783,.T.);
#6781 = VERTEX_POINT('',#6782);
#6782 = CARTESIAN_POINT('',(26.928960212423,-50.7,161.37686212415));
#6783 = CIRCLE('',#6784,0.15);
#6784 = AXIS2_PLACEMENT_3D('',#6785,#6786,#6787);
#6785 = CARTESIAN_POINT('',(27.043021107263,-50.7,161.4742793314));
#6786 = DIRECTION('',(0.,-1.,0.));
#6787 = DIRECTION('',(-0.7604059656,-0.,-0.64944804833));
#6788 = ORIENTED_EDGE('',*,*,#6789,.T.);
#6789 = EDGE_CURVE('',#6781,#4710,#6790,.T.);
#6790 = LINE('',#6791,#6792);
#6791 = CARTESIAN_POINT('',(26.928960212423,-50.8,161.37686212415));
#6792 = VECTOR('',#6793,1.);
#6793 = DIRECTION('',(0.,1.,0.));
#6794 = ORIENTED_EDGE('',*,*,#4718,.T.);
#6795 = ORIENTED_EDGE('',*,*,#6764,.F.);
#6796 = CYLINDRICAL_SURFACE('',#6797,0.15);
#6797 = AXIS2_PLACEMENT_3D('',#6798,#6799,#6800);
#6798 = CARTESIAN_POINT('',(27.043021107263,-50.8,161.4742793314));
#6799 = DIRECTION('',(0.,-1.,0.));
#6800 = DIRECTION('',(-0.7604059656,-0.,-0.64944804833));
#6801 = ADVANCED_FACE('',(#6802),#6821,.F.);
#6802 = FACE_BOUND('',#6803,.T.);
#6803 = EDGE_LOOP('',(#6804,#6805,#6814,#6820));
#6804 = ORIENTED_EDGE('',*,*,#6789,.F.);
#6805 = ORIENTED_EDGE('',*,*,#6806,.T.);
#6806 = EDGE_CURVE('',#6781,#6807,#6809,.T.);
#6807 = VERTEX_POINT('',#6808);
#6808 = CARTESIAN_POINT('',(26.599778313306,-50.7,161.55599467207));
#6809 = CIRCLE('',#6810,1.469292842572);
#6810 = AXIS2_PLACEMENT_3D('',#6811,#6812,#6813);
#6811 = CARTESIAN_POINT('',(26.06780305804,-50.7,160.18638750758));
#6812 = DIRECTION('',(-0.,-1.,0.));
#6813 = DIRECTION('',(0.362062102157,-0.,0.932153975576));
#6814 = ORIENTED_EDGE('',*,*,#6815,.T.);
#6815 = EDGE_CURVE('',#6807,#4701,#6816,.T.);
#6816 = LINE('',#6817,#6818);
#6817 = CARTESIAN_POINT('',(26.599778313306,-50.8,161.55599467207));
#6818 = VECTOR('',#6819,1.);
#6819 = DIRECTION('',(0.,1.,0.));
#6820 = ORIENTED_EDGE('',*,*,#4709,.F.);
#6821 = CYLINDRICAL_SURFACE('',#6822,1.469292842572);
#6822 = AXIS2_PLACEMENT_3D('',#6823,#6824,#6825);
#6823 = CARTESIAN_POINT('',(26.06780305804,-50.8,160.18638750758));
#6824 = DIRECTION('',(-0.,-1.,-0.));
#6825 = DIRECTION('',(0.362062102157,-0.,0.932153975576));
#6826 = ADVANCED_FACE('',(#6827),#6846,.F.);
#6827 = FACE_BOUND('',#6828,.T.);
#6828 = EDGE_LOOP('',(#6829,#6830,#6839,#6845));
#6829 = ORIENTED_EDGE('',*,*,#6815,.F.);
#6830 = ORIENTED_EDGE('',*,*,#6831,.T.);
#6831 = EDGE_CURVE('',#6807,#6832,#6834,.T.);
#6832 = VERTEX_POINT('',#6833);
#6833 = CARTESIAN_POINT('',(25.967081915548,-50.7,161.01562089898));
#6834 = CIRCLE('',#6835,0.471154273188);
#6835 = AXIS2_PLACEMENT_3D('',#6836,#6837,#6838);
#6836 = CARTESIAN_POINT('',(26.427058325529,-50.7,161.11764075688));
#6837 = DIRECTION('',(0.,-1.,-0.));
#6838 = DIRECTION('',(-0.976275577144,0.,-0.216531747029));
#6839 = ORIENTED_EDGE('',*,*,#6840,.T.);
#6840 = EDGE_CURVE('',#6832,#4692,#6841,.T.);
#6841 = LINE('',#6842,#6843);
#6842 = CARTESIAN_POINT('',(25.967081915548,-50.8,161.01562089898));
#6843 = VECTOR('',#6844,1.);
#6844 = DIRECTION('',(0.,1.,0.));
#6845 = ORIENTED_EDGE('',*,*,#4700,.F.);
#6846 = CYLINDRICAL_SURFACE('',#6847,0.471154273188);
#6847 = AXIS2_PLACEMENT_3D('',#6848,#6849,#6850);
#6848 = CARTESIAN_POINT('',(26.427058325529,-50.8,161.11764075688));
#6849 = DIRECTION('',(-0.,-1.,-0.));
#6850 = DIRECTION('',(-0.976275577144,0.,-0.216531747029));
#6851 = ADVANCED_FACE('',(#6852),#6871,.F.);
#6852 = FACE_BOUND('',#6853,.T.);
#6853 = EDGE_LOOP('',(#6854,#6855,#6864,#6870));
#6854 = ORIENTED_EDGE('',*,*,#6840,.F.);
#6855 = ORIENTED_EDGE('',*,*,#6856,.T.);
#6856 = EDGE_CURVE('',#6832,#6857,#6859,.T.);
#6857 = VERTEX_POINT('',#6858);
#6858 = CARTESIAN_POINT('',(26.092513650263,-50.7,160.66246927099));
#6859 = CIRCLE('',#6860,1.469292842573);
#6860 = AXIS2_PLACEMENT_3D('',#6861,#6862,#6863);
#6861 = CARTESIAN_POINT('',(27.403046207582,-50.7,161.326792892));
#6862 = DIRECTION('',(0.,-1.,-0.));
#6863 = DIRECTION('',(-0.891947826428,0.,-0.452138336054));
#6864 = ORIENTED_EDGE('',*,*,#6865,.T.);
#6865 = EDGE_CURVE('',#6857,#4683,#6866,.T.);
#6866 = LINE('',#6867,#6868);
#6867 = CARTESIAN_POINT('',(26.092513650263,-50.8,160.66246927099));
#6868 = VECTOR('',#6869,1.);
#6869 = DIRECTION('',(0.,1.,0.));
#6870 = ORIENTED_EDGE('',*,*,#4691,.F.);
#6871 = CYLINDRICAL_SURFACE('',#6872,1.469292842573);
#6872 = AXIS2_PLACEMENT_3D('',#6873,#6874,#6875);
#6873 = CARTESIAN_POINT('',(27.403046207582,-50.8,161.326792892));
#6874 = DIRECTION('',(-0.,-1.,-0.));
#6875 = DIRECTION('',(-0.891947826428,0.,-0.452138336054));
#6876 = ADVANCED_FACE('',(#6877),#6896,.T.);
#6877 = FACE_BOUND('',#6878,.T.);
#6878 = EDGE_LOOP('',(#6879,#6888,#6894,#6895));
#6879 = ORIENTED_EDGE('',*,*,#6880,.F.);
#6880 = EDGE_CURVE('',#6881,#6857,#6883,.T.);
#6881 = VERTEX_POINT('',#6882);
#6882 = CARTESIAN_POINT('',(26.075869962672,-50.7,160.4509911689));
#6883 = CIRCLE('',#6884,0.15);
#6884 = AXIS2_PLACEMENT_3D('',#6885,#6886,#6887);
#6885 = CARTESIAN_POINT('',(25.978452755423,-50.7,160.56505206374));
#6886 = DIRECTION('',(0.,-1.,0.));
#6887 = DIRECTION('',(0.64944804833,0.,-0.7604059656));
#6888 = ORIENTED_EDGE('',*,*,#6889,.T.);
#6889 = EDGE_CURVE('',#6881,#4675,#6890,.T.);
#6890 = LINE('',#6891,#6892);
#6891 = CARTESIAN_POINT('',(26.075869962672,-50.8,160.4509911689));
#6892 = VECTOR('',#6893,1.);
#6893 = DIRECTION('',(0.,1.,0.));
#6894 = ORIENTED_EDGE('',*,*,#4682,.T.);
#6895 = ORIENTED_EDGE('',*,*,#6865,.F.);
#6896 = CYLINDRICAL_SURFACE('',#6897,0.15);
#6897 = AXIS2_PLACEMENT_3D('',#6898,#6899,#6900);
#6898 = CARTESIAN_POINT('',(25.978452755423,-50.8,160.56505206374));
#6899 = DIRECTION('',(0.,-1.,0.));
#6900 = DIRECTION('',(0.64944804833,0.,-0.7604059656));
#6901 = ADVANCED_FACE('',(#6902),#6920,.T.);
#6902 = FACE_BOUND('',#6903,.T.);
#6903 = EDGE_LOOP('',(#6904,#6912,#6918,#6919));
#6904 = ORIENTED_EDGE('',*,*,#6905,.F.);
#6905 = EDGE_CURVE('',#6906,#6881,#6908,.T.);
#6906 = VERTEX_POINT('',#6907);
#6907 = CARTESIAN_POINT('',(25.626064457369,-50.7,160.09639310059));
#6908 = LINE('',#6909,#6910);
#6909 = CARTESIAN_POINT('',(25.738515833695,-50.7,160.18504261767));
#6910 = VECTOR('',#6911,1.);
#6911 = DIRECTION('',(0.785316930881,-0.,0.61909394931));
#6912 = ORIENTED_EDGE('',*,*,#6913,.T.);
#6913 = EDGE_CURVE('',#6906,#4666,#6914,.T.);
#6914 = LINE('',#6915,#6916);
#6915 = CARTESIAN_POINT('',(25.626064457369,-50.8,160.09639310059));
#6916 = VECTOR('',#6917,1.);
#6917 = DIRECTION('',(0.,1.,0.));
#6918 = ORIENTED_EDGE('',*,*,#4674,.T.);
#6919 = ORIENTED_EDGE('',*,*,#6889,.F.);
#6920 = PLANE('',#6921);
#6921 = AXIS2_PLACEMENT_3D('',#6922,#6923,#6924);
#6922 = CARTESIAN_POINT('',(25.626064457369,-50.8,160.09639310059));
#6923 = DIRECTION('',(0.61909394931,0.,-0.785316930881));
#6924 = DIRECTION('',(0.785316930881,0.,0.61909394931));
#6925 = ADVANCED_FACE('',(#6926),#6945,.T.);
#6926 = FACE_BOUND('',#6927,.T.);
#6927 = EDGE_LOOP('',(#6928,#6937,#6943,#6944));
#6928 = ORIENTED_EDGE('',*,*,#6929,.F.);
#6929 = EDGE_CURVE('',#6930,#6906,#6932,.T.);
#6930 = VERTEX_POINT('',#6931);
#6931 = CARTESIAN_POINT('',(25.416544120369,-50.7,160.1295778619));
#6932 = CIRCLE('',#6933,0.15);
#6933 = AXIS2_PLACEMENT_3D('',#6934,#6935,#6936);
#6934 = CARTESIAN_POINT('',(25.537896669525,-50.7,160.21774564975));
#6935 = DIRECTION('',(0.,-1.,0.));
#6936 = DIRECTION('',(-0.809016994375,-0.,-0.587785252293));
#6937 = ORIENTED_EDGE('',*,*,#6938,.T.);
#6938 = EDGE_CURVE('',#6930,#4657,#6939,.T.);
#6939 = LINE('',#6940,#6941);
#6940 = CARTESIAN_POINT('',(25.416544120369,-50.8,160.1295778619));
#6941 = VECTOR('',#6942,1.);
#6942 = DIRECTION('',(0.,1.,0.));
#6943 = ORIENTED_EDGE('',*,*,#4665,.T.);
#6944 = ORIENTED_EDGE('',*,*,#6913,.F.);
#6945 = CYLINDRICAL_SURFACE('',#6946,0.15);
#6946 = AXIS2_PLACEMENT_3D('',#6947,#6948,#6949);
#6947 = CARTESIAN_POINT('',(25.537896669525,-50.8,160.21774564975));
#6948 = DIRECTION('',(0.,-1.,0.));
#6949 = DIRECTION('',(-0.809016994375,-0.,-0.587785252293));
#6950 = ADVANCED_FACE('',(#6951),#6970,.F.);
#6951 = FACE_BOUND('',#6952,.T.);
#6952 = EDGE_LOOP('',(#6953,#6954,#6963,#6969));
#6953 = ORIENTED_EDGE('',*,*,#6938,.F.);
#6954 = ORIENTED_EDGE('',*,*,#6955,.T.);
#6955 = EDGE_CURVE('',#6930,#6956,#6958,.T.);
#6956 = VERTEX_POINT('',#6957);
#6957 = CARTESIAN_POINT('',(25.102431556914,-50.7,160.3339855181));
#6958 = CIRCLE('',#6959,1.46929284257);
#6959 = AXIS2_PLACEMENT_3D('',#6960,#6961,#6962);
#6960 = CARTESIAN_POINT('',(24.464638064195,-50.7,159.01033869289));
#6961 = DIRECTION('',(-0.,-1.,0.));
#6962 = DIRECTION('',(0.434081943531,-0.,0.900873390827));
#6963 = ORIENTED_EDGE('',*,*,#6964,.T.);
#6964 = EDGE_CURVE('',#6956,#4648,#6965,.T.);
#6965 = LINE('',#6966,#6967);
#6966 = CARTESIAN_POINT('',(25.102431556914,-50.8,160.3339855181));
#6967 = VECTOR('',#6968,1.);
#6968 = DIRECTION('',(0.,1.,0.));
#6969 = ORIENTED_EDGE('',*,*,#4656,.F.);
#6970 = CYLINDRICAL_SURFACE('',#6971,1.46929284257);
#6971 = AXIS2_PLACEMENT_3D('',#6972,#6973,#6974);
#6972 = CARTESIAN_POINT('',(24.464638064195,-50.8,159.01033869289));
#6973 = DIRECTION('',(-0.,-1.,-0.));
#6974 = DIRECTION('',(0.434081943531,-0.,0.900873390827));
#6975 = ADVANCED_FACE('',(#6976),#6995,.F.);
#6976 = FACE_BOUND('',#6977,.T.);
#6977 = EDGE_LOOP('',(#6978,#6979,#6988,#6994));
#6978 = ORIENTED_EDGE('',*,*,#6964,.F.);
#6979 = ORIENTED_EDGE('',*,*,#6980,.T.);
#6980 = EDGE_CURVE('',#6956,#6981,#6983,.T.);
#6981 = VERTEX_POINT('',#6982);
#6982 = CARTESIAN_POINT('',(24.429288313407,-50.7,159.84491832425));
#6983 = CIRCLE('',#6984,0.471154273188);
#6984 = AXIS2_PLACEMENT_3D('',#6985,#6986,#6987);
#6985 = CARTESIAN_POINT('',(24.895851155422,-50.7,159.91053435578));
#6986 = DIRECTION('',(0.,-1.,-0.));
#6987 = DIRECTION('',(-0.990254930424,0.,-0.139266552953));
#6988 = ORIENTED_EDGE('',*,*,#6989,.T.);
#6989 = EDGE_CURVE('',#6981,#4639,#6990,.T.);
#6990 = LINE('',#6991,#6992);
#6991 = CARTESIAN_POINT('',(24.429288313407,-50.8,159.84491832425));
#6992 = VECTOR('',#6993,1.);
#6993 = DIRECTION('',(0.,1.,0.));
#6994 = ORIENTED_EDGE('',*,*,#4647,.F.);
#6995 = CYLINDRICAL_SURFACE('',#6996,0.471154273188);
#6996 = AXIS2_PLACEMENT_3D('',#6997,#6998,#6999);
#6997 = CARTESIAN_POINT('',(24.895851155422,-50.8,159.91053435578));
#6998 = DIRECTION('',(-0.,-1.,-0.));
#6999 = DIRECTION('',(-0.990254930424,0.,-0.139266552953));
#7000 = ADVANCED_FACE('',(#7001),#7020,.F.);
#7001 = FACE_BOUND('',#7002,.T.);
#7002 = EDGE_LOOP('',(#7003,#7004,#7013,#7019));
#7003 = ORIENTED_EDGE('',*,*,#6989,.F.);
#7004 = ORIENTED_EDGE('',*,*,#7005,.T.);
#7005 = EDGE_CURVE('',#6981,#7006,#7008,.T.);
#7006 = VERTEX_POINT('',#7007);
#7007 = CARTESIAN_POINT('',(24.526625426557,-50.7,159.48301408438));
#7008 = CIRCLE('',#7009,1.469292842572);
#7009 = AXIS2_PLACEMENT_3D('',#7010,#7011,#7012);
#7010 = CARTESIAN_POINT('',(25.885240279945,-50.7,160.04246661801));
#7011 = DIRECTION('',(0.,-1.,-0.));
#7012 = DIRECTION('',(-0.924672613943,0.,-0.38076312456));
#7013 = ORIENTED_EDGE('',*,*,#7014,.T.);
#7014 = EDGE_CURVE('',#7006,#4630,#7015,.T.);
#7015 = LINE('',#7016,#7017);
#7016 = CARTESIAN_POINT('',(24.526625426557,-50.8,159.48301408438));
#7017 = VECTOR('',#7018,1.);
#7018 = DIRECTION('',(0.,1.,0.));
#7019 = ORIENTED_EDGE('',*,*,#4638,.F.);
#7020 = CYLINDRICAL_SURFACE('',#7021,1.469292842572);
#7021 = AXIS2_PLACEMENT_3D('',#7022,#7023,#7024);
#7022 = CARTESIAN_POINT('',(25.885240279945,-50.8,160.04246661801));
#7023 = DIRECTION('',(-0.,-1.,-0.));
#7024 = DIRECTION('',(-0.924672613943,0.,-0.38076312456));
#7025 = ADVANCED_FACE('',(#7026),#7045,.T.);
#7026 = FACE_BOUND('',#7027,.T.);
#7027 = EDGE_LOOP('',(#7028,#7037,#7043,#7044));
#7028 = ORIENTED_EDGE('',*,*,#7029,.F.);
#7029 = EDGE_CURVE('',#7030,#7006,#7032,.T.);
#7030 = VERTEX_POINT('',#7031);
#7031 = CARTESIAN_POINT('',(24.493440665244,-50.7,159.27349374738));
#7032 = CIRCLE('',#7033,0.15);
#7033 = AXIS2_PLACEMENT_3D('',#7034,#7035,#7036);
#7034 = CARTESIAN_POINT('',(24.4052728774,-50.7,159.39484629654));
#7035 = DIRECTION('',(0.,-1.,0.));
#7036 = DIRECTION('',(0.587785252292,0.,-0.809016994375));
#7037 = ORIENTED_EDGE('',*,*,#7038,.T.);
#7038 = EDGE_CURVE('',#7030,#4622,#7039,.T.);
#7039 = LINE('',#7040,#7041);
#7040 = CARTESIAN_POINT('',(24.493440665244,-50.8,159.27349374738));
#7041 = VECTOR('',#7042,1.);
#7042 = DIRECTION('',(0.,1.,0.));
#7043 = ORIENTED_EDGE('',*,*,#4629,.T.);
#7044 = ORIENTED_EDGE('',*,*,#7014,.F.);
#7045 = CYLINDRICAL_SURFACE('',#7046,0.15);
#7046 = AXIS2_PLACEMENT_3D('',#7047,#7048,#7049);
#7047 = CARTESIAN_POINT('',(24.4052728774,-50.8,159.39484629654));
#7048 = DIRECTION('',(0.,-1.,0.));
#7049 = DIRECTION('',(0.587785252292,0.,-0.809016994375));
#7050 = ADVANCED_FACE('',(#7051),#7069,.T.);
#7051 = FACE_BOUND('',#7052,.T.);
#7052 = EDGE_LOOP('',(#7053,#7061,#7067,#7068));
#7053 = ORIENTED_EDGE('',*,*,#7054,.F.);
#7054 = EDGE_CURVE('',#7055,#7030,#7057,.T.);
#7055 = VERTEX_POINT('',#7056);
#7056 = CARTESIAN_POINT('',(24.017200316413,-50.7,158.95528011978));
#7057 = LINE('',#7058,#7059);
#7058 = CARTESIAN_POINT('',(24.13626040362,-50.7,159.03483352668));
#7059 = VECTOR('',#7060,1.);
#7060 = DIRECTION('',(0.831469612303,-0.,0.55557023302));
#7061 = ORIENTED_EDGE('',*,*,#7062,.T.);
#7062 = EDGE_CURVE('',#7055,#4613,#7063,.T.);
#7063 = LINE('',#7064,#7065);
#7064 = CARTESIAN_POINT('',(24.017200316413,-50.8,158.95528011978));
#7065 = VECTOR('',#7066,1.);
#7066 = DIRECTION('',(0.,1.,0.));
#7067 = ORIENTED_EDGE('',*,*,#4621,.T.);
#7068 = ORIENTED_EDGE('',*,*,#7038,.F.);
#7069 = PLANE('',#7070);
#7070 = AXIS2_PLACEMENT_3D('',#7071,#7072,#7073);
#7071 = CARTESIAN_POINT('',(24.017200316413,-50.8,158.95528011978));
#7072 = DIRECTION('',(0.55557023302,0.,-0.831469612303));
#7073 = DIRECTION('',(0.831469612303,0.,0.55557023302));
#7074 = ADVANCED_FACE('',(#7075),#7094,.T.);
#7075 = FACE_BOUND('',#7076,.T.);
#7076 = EDGE_LOOP('',(#7077,#7086,#7092,#7093));
#7077 = ORIENTED_EDGE('',*,*,#7078,.F.);
#7078 = EDGE_CURVE('',#7079,#7055,#7081,.T.);
#7079 = VERTEX_POINT('',#7080);
#7080 = CARTESIAN_POINT('',(23.810929507052,-50.7,159.00480135972));
#7081 = CIRCLE('',#7082,0.15);
#7082 = AXIS2_PLACEMENT_3D('',#7083,#7084,#7085);
#7083 = CARTESIAN_POINT('',(23.938825531705,-50.7,159.08317614443));
#7084 = DIRECTION('',(0.,-1.,0.));
#7085 = DIRECTION('',(-0.852640164354,-0.,-0.522498564716));
#7086 = ORIENTED_EDGE('',*,*,#7087,.T.);
#7087 = EDGE_CURVE('',#7079,#4604,#7088,.T.);
#7088 = LINE('',#7089,#7090);
#7089 = CARTESIAN_POINT('',(23.810929507052,-50.8,159.00480135972));
#7090 = VECTOR('',#7091,1.);
#7091 = DIRECTION('',(0.,1.,0.));
#7092 = ORIENTED_EDGE('',*,*,#4612,.T.);
#7093 = ORIENTED_EDGE('',*,*,#7062,.F.);
#7094 = CYLINDRICAL_SURFACE('',#7095,0.15);
#7095 = AXIS2_PLACEMENT_3D('',#7096,#7097,#7098);
#7096 = CARTESIAN_POINT('',(23.938825531705,-50.8,159.08317614443));
#7097 = DIRECTION('',(0.,-1.,0.));
#7098 = DIRECTION('',(-0.852640164354,-0.,-0.522498564716));
#7099 = ADVANCED_FACE('',(#7100),#7119,.F.);
#7100 = FACE_BOUND('',#7101,.T.);
#7101 = EDGE_LOOP('',(#7102,#7103,#7112,#7118));
#7102 = ORIENTED_EDGE('',*,*,#7087,.F.);
#7103 = ORIENTED_EDGE('',*,*,#7104,.T.);
#7104 = EDGE_CURVE('',#7079,#7105,#7107,.T.);
#7105 = VERTEX_POINT('',#7106);
#7106 = CARTESIAN_POINT('',(23.513822887665,-50.7,159.23322388301));
#7107 = CIRCLE('',#7108,1.469292842573);
#7108 = AXIS2_PLACEMENT_3D('',#7109,#7110,#7111);
#7109 = CARTESIAN_POINT('',(22.774143366461,-50.7,157.96369811992));
#7110 = DIRECTION('',(-0.,-1.,0.));
#7111 = DIRECTION('',(0.503425525376,-0.,0.864038622053));
#7112 = ORIENTED_EDGE('',*,*,#7113,.T.);
#7113 = EDGE_CURVE('',#7105,#4595,#7114,.T.);
#7114 = LINE('',#7115,#7116);
#7115 = CARTESIAN_POINT('',(23.513822887665,-50.8,159.23322388301));
#7116 = VECTOR('',#7117,1.);
#7117 = DIRECTION('',(0.,1.,0.));
#7118 = ORIENTED_EDGE('',*,*,#4603,.F.);
#7119 = CYLINDRICAL_SURFACE('',#7120,1.469292842573);
#7120 = AXIS2_PLACEMENT_3D('',#7121,#7122,#7123);
#7121 = CARTESIAN_POINT('',(22.774143366461,-50.8,157.96369811992));
#7122 = DIRECTION('',(-0.,-1.,-0.));
#7123 = DIRECTION('',(0.503425525376,-0.,0.864038622053));
#7124 = ADVANCED_FACE('',(#7125),#7144,.F.);
#7125 = FACE_BOUND('',#7126,.T.);
#7126 = EDGE_LOOP('',(#7127,#7128,#7137,#7143));
#7127 = ORIENTED_EDGE('',*,*,#7113,.F.);
#7128 = ORIENTED_EDGE('',*,*,#7129,.T.);
#7129 = EDGE_CURVE('',#7105,#7130,#7132,.T.);
#7130 = VERTEX_POINT('',#7131);
#7131 = CARTESIAN_POINT('',(22.804382950349,-50.7,158.79847853029));
#7132 = CIRCLE('',#7133,0.471154273188);
#7133 = AXIS2_PLACEMENT_3D('',#7134,#7135,#7136);
#7134 = CARTESIAN_POINT('',(23.274655709328,-50.7,158.82728619081));
#7135 = DIRECTION('',(0.,-1.,-0.));
#7136 = DIRECTION('',(-0.998129032764,0.,-6.11427342666E-02));
#7137 = ORIENTED_EDGE('',*,*,#7138,.T.);
#7138 = EDGE_CURVE('',#7130,#4586,#7139,.T.);
#7139 = LINE('',#7140,#7141);
#7140 = CARTESIAN_POINT('',(22.804382950349,-50.8,158.79847853029));
#7141 = VECTOR('',#7142,1.);
#7142 = DIRECTION('',(0.,1.,0.));
#7143 = ORIENTED_EDGE('',*,*,#4594,.F.);
#7144 = CYLINDRICAL_SURFACE('',#7145,0.471154273188);
#7145 = AXIS2_PLACEMENT_3D('',#7146,#7147,#7148);
#7146 = CARTESIAN_POINT('',(23.274655709328,-50.8,158.82728619081));
#7147 = DIRECTION('',(-0.,-1.,-0.));
#7148 = DIRECTION('',(-0.998129032764,0.,-6.11427342666E-02));
#7149 = ADVANCED_FACE('',(#7150),#7169,.F.);
#7150 = FACE_BOUND('',#7151,.T.);
#7151 = EDGE_LOOP('',(#7152,#7153,#7162,#7168));
#7152 = ORIENTED_EDGE('',*,*,#7138,.F.);
#7153 = ORIENTED_EDGE('',*,*,#7154,.T.);
#7154 = EDGE_CURVE('',#7130,#7155,#7157,.T.);
#7155 = VERTEX_POINT('',#7156);
#7156 = CARTESIAN_POINT('',(22.873025326263,-50.7,158.43005293853));
#7157 = CIRCLE('',#7158,1.469292842572);
#7158 = AXIS2_PLACEMENT_3D('',#7159,#7160,#7161);
#7159 = CARTESIAN_POINT('',(24.271346163364,-50.7,158.88118517387));
#7160 = DIRECTION('',(0.,-1.,-0.));
#7161 = DIRECTION('',(-0.951696487307,0.,-0.307040381786));
#7162 = ORIENTED_EDGE('',*,*,#7163,.T.);
#7163 = EDGE_CURVE('',#7155,#4577,#7164,.T.);
#7164 = LINE('',#7165,#7166);
#7165 = CARTESIAN_POINT('',(22.873025326263,-50.8,158.43005293853));
#7166 = VECTOR('',#7167,1.);
#7167 = DIRECTION('',(0.,1.,0.));
#7168 = ORIENTED_EDGE('',*,*,#4585,.F.);
#7169 = CYLINDRICAL_SURFACE('',#7170,1.469292842572);
#7170 = AXIS2_PLACEMENT_3D('',#7171,#7172,#7173);
#7171 = CARTESIAN_POINT('',(24.271346163364,-50.8,158.88118517387));
#7172 = DIRECTION('',(-0.,-1.,-0.));
#7173 = DIRECTION('',(-0.951696487307,0.,-0.307040381786));
#7174 = ADVANCED_FACE('',(#7175),#7194,.T.);
#7175 = FACE_BOUND('',#7176,.T.);
#7176 = EDGE_LOOP('',(#7177,#7186,#7192,#7193));
#7177 = ORIENTED_EDGE('',*,*,#7178,.F.);
#7178 = EDGE_CURVE('',#7179,#7155,#7181,.T.);
#7179 = VERTEX_POINT('',#7180);
#7180 = CARTESIAN_POINT('',(22.823504086317,-50.7,158.22378212917));
#7181 = CIRCLE('',#7182,0.15);
#7182 = AXIS2_PLACEMENT_3D('',#7183,#7184,#7185);
#7183 = CARTESIAN_POINT('',(22.74512930161,-50.7,158.35167815383));
#7184 = DIRECTION('',(0.,-1.,0.));
#7185 = DIRECTION('',(0.522498564716,0.,-0.852640164354));
#7186 = ORIENTED_EDGE('',*,*,#7187,.T.);
#7187 = EDGE_CURVE('',#7179,#4569,#7188,.T.);
#7188 = LINE('',#7189,#7190);
#7189 = CARTESIAN_POINT('',(22.823504086317,-50.8,158.22378212917));
#7190 = VECTOR('',#7191,1.);
#7191 = DIRECTION('',(0.,1.,0.));
#7192 = ORIENTED_EDGE('',*,*,#4576,.T.);
#7193 = ORIENTED_EDGE('',*,*,#7163,.F.);
#7194 = CYLINDRICAL_SURFACE('',#7195,0.15);
#7195 = AXIS2_PLACEMENT_3D('',#7196,#7197,#7198);
#7196 = CARTESIAN_POINT('',(22.74512930161,-50.8,158.35167815383));
#7197 = DIRECTION('',(0.,-1.,0.));
#7198 = DIRECTION('',(0.522498564716,0.,-0.852640164354));
#7199 = ADVANCED_FACE('',(#7200),#7218,.T.);
#7200 = FACE_BOUND('',#7201,.T.);
#7201 = EDGE_LOOP('',(#7202,#7210,#7216,#7217));
#7202 = ORIENTED_EDGE('',*,*,#7203,.F.);
#7203 = EDGE_CURVE('',#7204,#7179,#7206,.T.);
#7204 = VERTEX_POINT('',#7205);
#7205 = CARTESIAN_POINT('',(22.323765074073,-50.7,157.9439148351));
#7206 = LINE('',#7207,#7208);
#7207 = CARTESIAN_POINT('',(22.448699827134,-50.7,158.01388165862));
#7208 = VECTOR('',#7209,1.);
#7209 = DIRECTION('',(0.872496007073,-0.,0.488621241497));
#7210 = ORIENTED_EDGE('',*,*,#7211,.T.);
#7211 = EDGE_CURVE('',#7204,#4560,#7212,.T.);
#7212 = LINE('',#7213,#7214);
#7213 = CARTESIAN_POINT('',(22.323765074073,-50.8,157.9439148351));
#7214 = VECTOR('',#7215,1.);
#7215 = DIRECTION('',(0.,1.,0.));
#7216 = ORIENTED_EDGE('',*,*,#4568,.T.);
#7217 = ORIENTED_EDGE('',*,*,#7187,.F.);
#7218 = PLANE('',#7219);
#7219 = AXIS2_PLACEMENT_3D('',#7220,#7221,#7222);
#7220 = CARTESIAN_POINT('',(22.323765074073,-50.8,157.9439148351));
#7221 = DIRECTION('',(0.488621241497,0.,-0.872496007073));
#7222 = DIRECTION('',(0.872496007073,0.,0.488621241497));
#7223 = ADVANCED_FACE('',(#7224),#7243,.T.);
#7224 = FACE_BOUND('',#7225,.T.);
#7225 = EDGE_LOOP('',(#7226,#7235,#7241,#7242));
#7226 = ORIENTED_EDGE('',*,*,#7227,.F.);
#7227 = EDGE_CURVE('',#7228,#7204,#7230,.T.);
#7228 = VERTEX_POINT('',#7229);
#7229 = CARTESIAN_POINT('',(22.122015520484,-50.7,158.00946723877));
#7230 = CIRCLE('',#7231,0.15);
#7231 = AXIS2_PLACEMENT_3D('',#7232,#7233,#7234);
#7232 = CARTESIAN_POINT('',(22.255666499112,-50.7,158.07756581373));
#7233 = DIRECTION('',(0.,-1.,0.));
#7234 = DIRECTION('',(-0.891006524188,-0.,-0.453990499739));
#7235 = ORIENTED_EDGE('',*,*,#7236,.T.);
#7236 = EDGE_CURVE('',#7228,#4551,#7237,.T.);
#7237 = LINE('',#7238,#7239);
#7238 = CARTESIAN_POINT('',(22.122015520484,-50.8,158.00946723877));
#7239 = VECTOR('',#7240,1.);
#7240 = DIRECTION('',(0.,1.,0.));
#7241 = ORIENTED_EDGE('',*,*,#4559,.T.);
#7242 = ORIENTED_EDGE('',*,*,#7211,.F.);
#7243 = CYLINDRICAL_SURFACE('',#7244,0.15);
#7244 = AXIS2_PLACEMENT_3D('',#7245,#7246,#7247);
#7245 = CARTESIAN_POINT('',(22.255666499112,-50.8,158.07756581373));
#7246 = DIRECTION('',(0.,-1.,0.));
#7247 = DIRECTION('',(-0.891006524188,-0.,-0.453990499739));
#7248 = ADVANCED_FACE('',(#7249),#7268,.F.);
#7249 = FACE_BOUND('',#7250,.T.);
#7250 = EDGE_LOOP('',(#7251,#7252,#7261,#7267));
#7251 = ORIENTED_EDGE('',*,*,#7236,.F.);
#7252 = ORIENTED_EDGE('',*,*,#7253,.T.);
#7253 = EDGE_CURVE('',#7228,#7254,#7256,.T.);
#7254 = VERTEX_POINT('',#7255);
#7255 = CARTESIAN_POINT('',(21.843746606272,-50.7,158.26049632835));
#7256 = CIRCLE('',#7257,1.469292842572);
#7257 = AXIS2_PLACEMENT_3D('',#7258,#7259,#7260);
#7258 = CARTESIAN_POINT('',(21.006741426802,-50.7,157.05291867587));
#7259 = DIRECTION('',(-0.,-1.,0.));
#7260 = DIRECTION('',(0.569665321451,-0.,0.821876767853));
#7261 = ORIENTED_EDGE('',*,*,#7262,.T.);
#7262 = EDGE_CURVE('',#7254,#4542,#7263,.T.);
#7263 = LINE('',#7264,#7265);
#7264 = CARTESIAN_POINT('',(21.843746606272,-50.8,158.26049632835));
#7265 = VECTOR('',#7266,1.);
#7266 = DIRECTION('',(0.,1.,0.));
#7267 = ORIENTED_EDGE('',*,*,#4550,.F.);
#7268 = CYLINDRICAL_SURFACE('',#7269,1.469292842572);
#7269 = AXIS2_PLACEMENT_3D('',#7270,#7271,#7272);
#7270 = CARTESIAN_POINT('',(21.006741426802,-50.8,157.05291867587));
#7271 = DIRECTION('',(-0.,-1.,-0.));
#7272 = DIRECTION('',(0.569665321451,-0.,0.821876767853));
#7273 = ADVANCED_FACE('',(#7274),#7293,.F.);
#7274 = FACE_BOUND('',#7275,.T.);
#7275 = EDGE_LOOP('',(#7276,#7277,#7286,#7292));
#7276 = ORIENTED_EDGE('',*,*,#7262,.F.);
#7277 = ORIENTED_EDGE('',*,*,#7278,.T.);
#7278 = EDGE_CURVE('',#7254,#7279,#7281,.T.);
#7279 = VERTEX_POINT('',#7280);
#7280 = CARTESIAN_POINT('',(21.102383908272,-50.7,157.88275316641));
#7281 = CIRCLE('',#7282,0.471154273188);
#7282 = AXIS2_PLACEMENT_3D('',#7283,#7284,#7285);
#7283 = CARTESIAN_POINT('',(21.573467196276,-50.7,157.87457484712));
#7284 = DIRECTION('',(0.,-1.,-0.));
#7285 = DIRECTION('',(-0.999849337706,-0.,1.735804970824E-02));
#7286 = ORIENTED_EDGE('',*,*,#7287,.T.);
#7287 = EDGE_CURVE('',#7279,#4533,#7288,.T.);
#7288 = LINE('',#7289,#7290);
#7289 = CARTESIAN_POINT('',(21.102383908272,-50.8,157.88275316641));
#7290 = VECTOR('',#7291,1.);
#7291 = DIRECTION('',(0.,1.,0.));
#7292 = ORIENTED_EDGE('',*,*,#4541,.F.);
#7293 = CYLINDRICAL_SURFACE('',#7294,0.471154273188);
#7294 = AXIS2_PLACEMENT_3D('',#7295,#7296,#7297);
#7295 = CARTESIAN_POINT('',(21.573467196276,-50.8,157.87457484712));
#7296 = DIRECTION('',(0.,-1.,-0.));
#7297 = DIRECTION('',(-0.999849337706,-0.,1.735804970824E-02));
#7298 = ADVANCED_FACE('',(#7299),#7318,.F.);
#7299 = FACE_BOUND('',#7300,.T.);
#7300 = EDGE_LOOP('',(#7301,#7302,#7311,#7317));
#7301 = ORIENTED_EDGE('',*,*,#7287,.F.);
#7302 = ORIENTED_EDGE('',*,*,#7303,.T.);
#7303 = EDGE_CURVE('',#7279,#7304,#7306,.T.);
#7304 = VERTEX_POINT('',#7305);
#7305 = CARTESIAN_POINT('',(21.141908343877,-50.7,157.51007768906));
#7306 = CIRCLE('',#7307,1.469292842572);
#7307 = AXIS2_PLACEMENT_3D('',#7308,#7309,#7310);
#7308 = CARTESIAN_POINT('',(22.571314051742,-50.7,157.85010824585));
#7309 = DIRECTION('',(0.,-1.,-0.));
#7310 = DIRECTION('',(-0.972852835356,0.,-0.231424632957));
#7311 = ORIENTED_EDGE('',*,*,#7312,.T.);
#7312 = EDGE_CURVE('',#7304,#4524,#7313,.T.);
#7313 = LINE('',#7314,#7315);
#7314 = CARTESIAN_POINT('',(21.141908343877,-50.8,157.51007768906));
#7315 = VECTOR('',#7316,1.);
#7316 = DIRECTION('',(0.,1.,0.));
#7317 = ORIENTED_EDGE('',*,*,#4532,.F.);
#7318 = CYLINDRICAL_SURFACE('',#7319,1.469292842572);
#7319 = AXIS2_PLACEMENT_3D('',#7320,#7321,#7322);
#7320 = CARTESIAN_POINT('',(22.571314051742,-50.8,157.85010824585));
#7321 = DIRECTION('',(-0.,-1.,-0.));
#7322 = DIRECTION('',(-0.972852835356,0.,-0.231424632957));
#7323 = ADVANCED_FACE('',(#7324),#7343,.T.);
#7324 = FACE_BOUND('',#7325,.T.);
#7325 = EDGE_LOOP('',(#7326,#7335,#7341,#7342));
#7326 = ORIENTED_EDGE('',*,*,#7327,.F.);
#7327 = EDGE_CURVE('',#7328,#7304,#7330,.T.);
#7328 = VERTEX_POINT('',#7329);
#7329 = CARTESIAN_POINT('',(21.07635594021,-50.7,157.30832813547));
#7330 = CIRCLE('',#7331,0.15);
#7331 = AXIS2_PLACEMENT_3D('',#7332,#7333,#7334);
#7332 = CARTESIAN_POINT('',(21.008257365249,-50.7,157.4419791141));
#7333 = DIRECTION('',(0.,-1.,0.));
#7334 = DIRECTION('',(0.45399049974,0.,-0.891006524188));
#7335 = ORIENTED_EDGE('',*,*,#7336,.T.);
#7336 = EDGE_CURVE('',#7328,#4516,#7337,.T.);
#7337 = LINE('',#7338,#7339);
#7338 = CARTESIAN_POINT('',(21.07635594021,-50.8,157.30832813547));
#7339 = VECTOR('',#7340,1.);
#7340 = DIRECTION('',(0.,1.,0.));
#7341 = ORIENTED_EDGE('',*,*,#4523,.T.);
#7342 = ORIENTED_EDGE('',*,*,#7312,.F.);
#7343 = CYLINDRICAL_SURFACE('',#7344,0.15);
#7344 = AXIS2_PLACEMENT_3D('',#7345,#7346,#7347);
#7345 = CARTESIAN_POINT('',(21.008257365249,-50.8,157.4419791141));
#7346 = DIRECTION('',(0.,-1.,0.));
#7347 = DIRECTION('',(0.45399049974,0.,-0.891006524188));
#7348 = ADVANCED_FACE('',(#7349),#7367,.T.);
#7349 = FACE_BOUND('',#7350,.T.);
#7350 = EDGE_LOOP('',(#7351,#7359,#7365,#7366));
#7351 = ORIENTED_EDGE('',*,*,#7352,.F.);
#7352 = EDGE_CURVE('',#7353,#7328,#7355,.T.);
#7353 = VERTEX_POINT('',#7354);
#7354 = CARTESIAN_POINT('',(20.556199321745,-50.7,157.06853264986));
#7355 = LINE('',#7356,#7357);
#7356 = CARTESIAN_POINT('',(20.686238476361,-50.7,157.12848152126));
#7357 = VECTOR('',#7358,1.);
#7358 = DIRECTION('',(0.908143173825,-0.,0.418659737537));
#7359 = ORIENTED_EDGE('',*,*,#7360,.T.);
#7360 = EDGE_CURVE('',#7353,#4507,#7361,.T.);
#7361 = LINE('',#7362,#7363);
#7362 = CARTESIAN_POINT('',(20.556199321745,-50.8,157.06853264986));
#7363 = VECTOR('',#7364,1.);
#7364 = DIRECTION('',(0.,1.,0.));
#7365 = ORIENTED_EDGE('',*,*,#4515,.T.);
#7366 = ORIENTED_EDGE('',*,*,#7336,.F.);
#7367 = PLANE('',#7368);
#7368 = AXIS2_PLACEMENT_3D('',#7369,#7370,#7371);
#7369 = CARTESIAN_POINT('',(20.556199321745,-50.8,157.06853264986));
#7370 = DIRECTION('',(0.418659737537,0.,-0.908143173825));
#7371 = DIRECTION('',(0.908143173825,0.,0.418659737537));
#7372 = ADVANCED_FACE('',(#7373),#7392,.T.);
#7373 = FACE_BOUND('',#7374,.T.);
#7374 = EDGE_LOOP('',(#7375,#7384,#7390,#7391));
#7375 = ORIENTED_EDGE('',*,*,#7376,.F.);
#7376 = EDGE_CURVE('',#7377,#7353,#7379,.T.);
#7377 = VERTEX_POINT('',#7378);
#7378 = CARTESIAN_POINT('',(20.360214877014,-50.7,157.14971206489));
#7379 = CIRCLE('',#7380,0.15);
#7380 = AXIS2_PLACEMENT_3D('',#7381,#7382,#7383);
#7381 = CARTESIAN_POINT('',(20.49879680689,-50.7,157.20711457974));
#7382 = DIRECTION('',(0.,-1.,0.));
#7383 = DIRECTION('',(-0.923879532511,-0.,-0.382683432365));
#7384 = ORIENTED_EDGE('',*,*,#7385,.T.);
#7385 = EDGE_CURVE('',#7377,#4498,#7386,.T.);
#7386 = LINE('',#7387,#7388);
#7387 = CARTESIAN_POINT('',(20.360214877014,-50.8,157.14971206489));
#7388 = VECTOR('',#7389,1.);
#7389 = DIRECTION('',(0.,1.,0.));
#7390 = ORIENTED_EDGE('',*,*,#4506,.T.);
#7391 = ORIENTED_EDGE('',*,*,#7360,.F.);
#7392 = CYLINDRICAL_SURFACE('',#7393,0.15);
#7393 = AXIS2_PLACEMENT_3D('',#7394,#7395,#7396);
#7394 = CARTESIAN_POINT('',(20.49879680689,-50.8,157.20711457974));
#7395 = DIRECTION('',(0.,-1.,0.));
#7396 = DIRECTION('',(-0.923879532511,-0.,-0.382683432365));
#7397 = ADVANCED_FACE('',(#7398),#7417,.F.);
#7398 = FACE_BOUND('',#7399,.T.);
#7399 = EDGE_LOOP('',(#7400,#7401,#7410,#7416));
#7400 = ORIENTED_EDGE('',*,*,#7385,.F.);
#7401 = ORIENTED_EDGE('',*,*,#7402,.T.);
#7402 = EDGE_CURVE('',#7377,#7403,#7405,.T.);
#7403 = VERTEX_POINT('',#7404);
#7404 = CARTESIAN_POINT('',(20.102499288366,-50.7,157.42180004294));
#7405 = CIRCLE('',#7406,1.469292842571);
#7406 = AXIS2_PLACEMENT_3D('',#7407,#7408,#7409);
#7407 = CARTESIAN_POINT('',(19.173328865893,-50.7,156.28361561885));
#7408 = DIRECTION('',(-0.,-1.,0.));
#7409 = DIRECTION('',(0.632392941387,-0.,0.774647770076));
#7410 = ORIENTED_EDGE('',*,*,#7411,.T.);
#7411 = EDGE_CURVE('',#7403,#4489,#7412,.T.);
#7412 = LINE('',#7413,#7414);
#7413 = CARTESIAN_POINT('',(20.102499288366,-50.8,157.42180004294));
#7414 = VECTOR('',#7415,1.);
#7415 = DIRECTION('',(0.,1.,0.));
#7416 = ORIENTED_EDGE('',*,*,#4497,.F.);
#7417 = CYLINDRICAL_SURFACE('',#7418,1.469292842571);
#7418 = AXIS2_PLACEMENT_3D('',#7419,#7420,#7421);
#7419 = CARTESIAN_POINT('',(19.173328865893,-50.8,156.28361561885));
#7420 = DIRECTION('',(-0.,-1.,-0.));
#7421 = DIRECTION('',(0.632392941387,-0.,0.774647770076));
#7422 = ADVANCED_FACE('',(#7423),#7442,.F.);
#7423 = FACE_BOUND('',#7424,.T.);
#7424 = EDGE_LOOP('',(#7425,#7426,#7435,#7441));
#7425 = ORIENTED_EDGE('',*,*,#7411,.F.);
#7426 = ORIENTED_EDGE('',*,*,#7427,.T.);
#7427 = EDGE_CURVE('',#7403,#7428,#7430,.T.);
#7428 = VERTEX_POINT('',#7429);
#7429 = CARTESIAN_POINT('',(19.333784577243,-50.7,157.10338798399));
#7430 = CIRCLE('',#7431,0.471154273188);
#7431 = AXIS2_PLACEMENT_3D('',#7432,#7433,#7434);
#7432 = CARTESIAN_POINT('',(19.80277400915,-50.7,157.05827410694));
#7433 = DIRECTION('',(0.,-1.,-0.));
#7434 = DIRECTION('',(-0.995405238997,-0.,9.575181553435E-02));
#7435 = ORIENTED_EDGE('',*,*,#7436,.T.);
#7436 = EDGE_CURVE('',#7428,#4480,#7437,.T.);
#7437 = LINE('',#7438,#7439);
#7438 = CARTESIAN_POINT('',(19.333784577243,-50.8,157.10338798399));
#7439 = VECTOR('',#7440,1.);
#7440 = DIRECTION('',(0.,1.,0.));
#7441 = ORIENTED_EDGE('',*,*,#4488,.F.);
#7442 = CYLINDRICAL_SURFACE('',#7443,0.471154273188);
#7443 = AXIS2_PLACEMENT_3D('',#7444,#7445,#7446);
#7444 = CARTESIAN_POINT('',(19.80277400915,-50.8,157.05827410694));
#7445 = DIRECTION('',(0.,-1.,-0.));
#7446 = DIRECTION('',(-0.995405238997,-0.,9.575181553435E-02));
#7447 = ADVANCED_FACE('',(#7448),#7467,.F.);
#7448 = FACE_BOUND('',#7449,.T.);
#7449 = EDGE_LOOP('',(#7450,#7451,#7460,#7466));
#7450 = ORIENTED_EDGE('',*,*,#7436,.F.);
#7451 = ORIENTED_EDGE('',*,*,#7452,.T.);
#7452 = EDGE_CURVE('',#7428,#7453,#7455,.T.);
#7453 = VERTEX_POINT('',#7454);
#7454 = CARTESIAN_POINT('',(19.343947391251,-50.7,156.72876028928));
#7455 = CIRCLE('',#7456,1.469292842573);
#7456 = AXIS2_PLACEMENT_3D('',#7457,#7458,#7459);
#7457 = CARTESIAN_POINT('',(20.795625208365,-50.7,156.95559276609));
#7458 = DIRECTION('',(0.,-1.,-0.));
#7459 = DIRECTION('',(-0.988011222169,0.,-0.154382074309));
#7460 = ORIENTED_EDGE('',*,*,#7461,.T.);
#7461 = EDGE_CURVE('',#7453,#4471,#7462,.T.);
#7462 = LINE('',#7463,#7464);
#7463 = CARTESIAN_POINT('',(19.343947391251,-50.8,156.72876028928));
#7464 = VECTOR('',#7465,1.);
#7465 = DIRECTION('',(0.,1.,0.));
#7466 = ORIENTED_EDGE('',*,*,#4479,.F.);
#7467 = CYLINDRICAL_SURFACE('',#7468,1.469292842573);
#7468 = AXIS2_PLACEMENT_3D('',#7469,#7470,#7471);
#7469 = CARTESIAN_POINT('',(20.795625208365,-50.8,156.95559276609));
#7470 = DIRECTION('',(-0.,-1.,-0.));
#7471 = DIRECTION('',(-0.988011222169,0.,-0.154382074309));
#7472 = ADVANCED_FACE('',(#7473),#7492,.T.);
#7473 = FACE_BOUND('',#7474,.T.);
#7474 = EDGE_LOOP('',(#7475,#7484,#7490,#7491));
#7475 = ORIENTED_EDGE('',*,*,#7476,.F.);
#7476 = EDGE_CURVE('',#7477,#7453,#7479,.T.);
#7477 = VERTEX_POINT('',#7478);
#7478 = CARTESIAN_POINT('',(19.262767976229,-50.7,156.53277584455));
#7479 = CIRCLE('',#7480,0.15);
#7480 = AXIS2_PLACEMENT_3D('',#7481,#7482,#7483);
#7481 = CARTESIAN_POINT('',(19.205365461374,-50.7,156.67135777443));
#7482 = DIRECTION('',(0.,-1.,0.));
#7483 = DIRECTION('',(0.382683432365,0.,-0.923879532511));
#7484 = ORIENTED_EDGE('',*,*,#7485,.T.);
#7485 = EDGE_CURVE('',#7477,#4463,#7486,.T.);
#7486 = LINE('',#7487,#7488);
#7487 = CARTESIAN_POINT('',(19.262767976229,-50.8,156.53277584455));
#7488 = VECTOR('',#7489,1.);
#7489 = DIRECTION('',(0.,1.,0.));
#7490 = ORIENTED_EDGE('',*,*,#4470,.T.);
#7491 = ORIENTED_EDGE('',*,*,#7461,.F.);
#7492 = CYLINDRICAL_SURFACE('',#7493,0.15);
#7493 = AXIS2_PLACEMENT_3D('',#7494,#7495,#7496);
#7494 = CARTESIAN_POINT('',(19.205365461374,-50.8,156.67135777443));
#7495 = DIRECTION('',(0.,-1.,0.));
#7496 = DIRECTION('',(0.382683432365,0.,-0.923879532511));
#7497 = ADVANCED_FACE('',(#7498),#7516,.T.);
#7498 = FACE_BOUND('',#7499,.T.);
#7499 = EDGE_LOOP('',(#7500,#7508,#7514,#7515));
#7500 = ORIENTED_EDGE('',*,*,#7501,.F.);
#7501 = EDGE_CURVE('',#7502,#7477,#7504,.T.);
#7502 = VERTEX_POINT('',#7503);
#7503 = CARTESIAN_POINT('',(18.725400690066,-50.7,156.33453058633));
#7504 = LINE('',#7505,#7506);
#7505 = CARTESIAN_POINT('',(18.859742511607,-50.7,156.38409190088));
#7506 = VECTOR('',#7507,1.);
#7507 = DIRECTION('',(0.938191335922,-0.,0.346117057078));
#7508 = ORIENTED_EDGE('',*,*,#7509,.T.);
#7509 = EDGE_CURVE('',#7502,#4454,#7510,.T.);
#7510 = LINE('',#7511,#7512);
#7511 = CARTESIAN_POINT('',(18.725400690066,-50.8,156.33453058633));
#7512 = VECTOR('',#7513,1.);
#7513 = DIRECTION('',(0.,1.,0.));
#7514 = ORIENTED_EDGE('',*,*,#4462,.T.);
#7515 = ORIENTED_EDGE('',*,*,#7485,.F.);
#7516 = PLANE('',#7517);
#7517 = AXIS2_PLACEMENT_3D('',#7518,#7519,#7520);
#7518 = CARTESIAN_POINT('',(18.725400690066,-50.8,156.33453058633));
#7519 = DIRECTION('',(0.346117057078,0.,-0.938191335922));
#7520 = DIRECTION('',(0.938191335922,0.,0.346117057078));
#7521 = ADVANCED_FACE('',(#7522),#7541,.T.);
#7522 = FACE_BOUND('',#7523,.T.);
#7523 = EDGE_LOOP('',(#7524,#7533,#7539,#7540));
#7524 = ORIENTED_EDGE('',*,*,#7525,.F.);
#7525 = EDGE_CURVE('',#7526,#7502,#7528,.T.);
#7526 = VERTEX_POINT('',#7527);
#7527 = CARTESIAN_POINT('',(18.536389663465,-50.7,156.43083651461));
#7528 = CIRCLE('',#7529,0.15);
#7529 = AXIS2_PLACEMENT_3D('',#7530,#7531,#7532);
#7530 = CARTESIAN_POINT('',(18.679048140909,-50.7,156.47718906377));
#7531 = DIRECTION('',(0.,-1.,0.));
#7532 = DIRECTION('',(-0.951056516295,-0.,-0.309016994375));
#7533 = ORIENTED_EDGE('',*,*,#7534,.T.);
#7534 = EDGE_CURVE('',#7526,#4445,#7535,.T.);
#7535 = LINE('',#7536,#7537);
#7536 = CARTESIAN_POINT('',(18.536389663465,-50.8,156.43083651461));
#7537 = VECTOR('',#7538,1.);
#7538 = DIRECTION('',(0.,1.,0.));
#7539 = ORIENTED_EDGE('',*,*,#4453,.T.);
#7540 = ORIENTED_EDGE('',*,*,#7509,.F.);
#7541 = CYLINDRICAL_SURFACE('',#7542,0.15);
#7542 = AXIS2_PLACEMENT_3D('',#7543,#7544,#7545);
#7543 = CARTESIAN_POINT('',(18.679048140909,-50.8,156.47718906377));
#7544 = DIRECTION('',(0.,-1.,0.));
#7545 = DIRECTION('',(-0.951056516295,-0.,-0.309016994375));
#7546 = ADVANCED_FACE('',(#7547),#7566,.F.);
#7547 = FACE_BOUND('',#7548,.T.);
#7548 = EDGE_LOOP('',(#7549,#7550,#7559,#7565));
#7549 = ORIENTED_EDGE('',*,*,#7534,.F.);
#7550 = ORIENTED_EDGE('',*,*,#7551,.T.);
#7551 = EDGE_CURVE('',#7526,#7552,#7554,.T.);
#7552 = VERTEX_POINT('',#7553);
#7553 = CARTESIAN_POINT('',(18.300816302685,-50.7,156.72230586827));
#7554 = CIRCLE('',#7555,1.469292842573);
#7555 = AXIS2_PLACEMENT_3D('',#7556,#7557,#7558);
#7556 = CARTESIAN_POINT('',(17.285209281844,-50.7,155.66053195804));
#7557 = DIRECTION('',(-0.,-1.,0.));
#7558 = DIRECTION('',(0.691221648547,-0.,0.722642811201));
#7559 = ORIENTED_EDGE('',*,*,#7560,.T.);
#7560 = EDGE_CURVE('',#7552,#4436,#7561,.T.);
#7561 = LINE('',#7562,#7563);
#7562 = CARTESIAN_POINT('',(18.300816302685,-50.8,156.72230586827));
#7563 = VECTOR('',#7564,1.);
#7564 = DIRECTION('',(0.,1.,0.));
#7565 = ORIENTED_EDGE('',*,*,#4444,.F.);
#7566 = CYLINDRICAL_SURFACE('',#7567,1.469292842573);
#7567 = AXIS2_PLACEMENT_3D('',#7568,#7569,#7570);
#7568 = CARTESIAN_POINT('',(17.285209281844,-50.8,155.66053195804));
#7569 = DIRECTION('',(-0.,-1.,-0.));
#7570 = DIRECTION('',(0.691221648547,-0.,0.722642811201));
#7571 = ADVANCED_FACE('',(#7572),#7591,.F.);
#7572 = FACE_BOUND('',#7573,.T.);
#7573 = EDGE_LOOP('',(#7574,#7575,#7584,#7590));
#7574 = ORIENTED_EDGE('',*,*,#7560,.F.);
#7575 = ORIENTED_EDGE('',*,*,#7576,.T.);
#7576 = EDGE_CURVE('',#7552,#7577,#7579,.T.);
#7577 = VERTEX_POINT('',#7578);
#7578 = CARTESIAN_POINT('',(17.509488960258,-50.7,156.46518802855));
#7579 = CIRCLE('',#7580,0.471154273188);
#7580 = AXIS2_PLACEMENT_3D('',#7581,#7582,#7583);
#7581 = CARTESIAN_POINT('',(17.973493060265,-50.7,156.38341673579));
#7582 = DIRECTION('',(0.,-1.,-0.));
#7583 = DIRECTION('',(-0.984824135983,-0.,0.173555239577));
#7584 = ORIENTED_EDGE('',*,*,#7585,.T.);
#7585 = EDGE_CURVE('',#7577,#4427,#7586,.T.);
#7586 = LINE('',#7587,#7588);
#7587 = CARTESIAN_POINT('',(17.509488960258,-50.8,156.46518802855));
#7588 = VECTOR('',#7589,1.);
#7589 = DIRECTION('',(0.,1.,0.));
#7590 = ORIENTED_EDGE('',*,*,#4435,.F.);
#7591 = CYLINDRICAL_SURFACE('',#7592,0.471154273188);
#7592 = AXIS2_PLACEMENT_3D('',#7593,#7594,#7595);
#7593 = CARTESIAN_POINT('',(17.973493060265,-50.8,156.38341673579));
#7594 = DIRECTION('',(0.,-1.,-0.));
#7595 = DIRECTION('',(-0.984824135983,-0.,0.173555239577));
#7596 = ADVANCED_FACE('',(#7597),#7616,.F.);
#7597 = FACE_BOUND('',#7598,.T.);
#7598 = EDGE_LOOP('',(#7599,#7600,#7609,#7615));
#7599 = ORIENTED_EDGE('',*,*,#7585,.F.);
#7600 = ORIENTED_EDGE('',*,*,#7601,.T.);
#7601 = EDGE_CURVE('',#7577,#7602,#7604,.T.);
#7602 = VERTEX_POINT('',#7603);
#7603 = CARTESIAN_POINT('',(17.49022749554,-50.7,156.0909178208));
#7604 = CIRCLE('',#7605,1.469292842572);
#7605 = AXIS2_PLACEMENT_3D('',#7606,#7607,#7608);
#7606 = CARTESIAN_POINT('',(18.955227345429,-50.7,156.20315371996));
#7607 = DIRECTION('',(0.,-1.,-0.));
#7608 = DIRECTION('',(-0.99707819125,0.,-7.638769883622E-02));
#7609 = ORIENTED_EDGE('',*,*,#7610,.T.);
#7610 = EDGE_CURVE('',#7602,#4418,#7611,.T.);
#7611 = LINE('',#7612,#7613);
#7612 = CARTESIAN_POINT('',(17.49022749554,-50.8,156.0909178208));
#7613 = VECTOR('',#7614,1.);
#7614 = DIRECTION('',(0.,1.,0.));
#7615 = ORIENTED_EDGE('',*,*,#4426,.F.);
#7616 = CYLINDRICAL_SURFACE('',#7617,1.469292842572);
#7617 = AXIS2_PLACEMENT_3D('',#7618,#7619,#7620);
#7618 = CARTESIAN_POINT('',(18.955227345429,-50.8,156.20315371996));
#7619 = DIRECTION('',(-0.,-1.,-0.));
#7620 = DIRECTION('',(-0.99707819125,0.,-7.638769883622E-02));
#7621 = ADVANCED_FACE('',(#7622),#7641,.T.);
#7622 = FACE_BOUND('',#7623,.T.);
#7623 = EDGE_LOOP('',(#7624,#7633,#7639,#7640));
#7624 = ORIENTED_EDGE('',*,*,#7625,.F.);
#7625 = EDGE_CURVE('',#7626,#7602,#7628,.T.);
#7626 = VERTEX_POINT('',#7627);
#7627 = CARTESIAN_POINT('',(17.393921567252,-50.7,155.9019067942));
#7628 = CIRCLE('',#7629,0.15);
#7629 = AXIS2_PLACEMENT_3D('',#7630,#7631,#7632);
#7630 = CARTESIAN_POINT('',(17.347569018096,-50.7,156.04456527164));
#7631 = DIRECTION('',(0.,-1.,0.));
#7632 = DIRECTION('',(0.309016994375,0.,-0.951056516295));
#7633 = ORIENTED_EDGE('',*,*,#7634,.T.);
#7634 = EDGE_CURVE('',#7626,#4410,#7635,.T.);
#7635 = LINE('',#7636,#7637);
#7636 = CARTESIAN_POINT('',(17.393921567252,-50.8,155.9019067942));
#7637 = VECTOR('',#7638,1.);
#7638 = DIRECTION('',(0.,1.,0.));
#7639 = ORIENTED_EDGE('',*,*,#4417,.T.);
#7640 = ORIENTED_EDGE('',*,*,#7610,.F.);
#7641 = CYLINDRICAL_SURFACE('',#7642,0.15);
#7642 = AXIS2_PLACEMENT_3D('',#7643,#7644,#7645);
#7643 = CARTESIAN_POINT('',(17.347569018096,-50.8,156.04456527164));
#7644 = DIRECTION('',(0.,-1.,0.));
#7645 = DIRECTION('',(0.309016994375,0.,-0.951056516295));
#7646 = ADVANCED_FACE('',(#7647),#7665,.T.);
#7647 = FACE_BOUND('',#7648,.T.);
#7648 = EDGE_LOOP('',(#7649,#7657,#7663,#7664));
#7649 = ORIENTED_EDGE('',*,*,#7650,.F.);
#7650 = EDGE_CURVE('',#7651,#7626,#7653,.T.);
#7651 = VERTEX_POINT('',#7652);
#7652 = CARTESIAN_POINT('',(16.842656661402,-50.7,155.74643401129));
#7653 = LINE('',#7654,#7655);
#7654 = CARTESIAN_POINT('',(16.980472887864,-50.7,155.78530220702));
#7655 = VECTOR('',#7656,1.);
#7656 = DIRECTION('',(0.962455236454,-0.,0.271440449865));
#7657 = ORIENTED_EDGE('',*,*,#7658,.T.);
#7658 = EDGE_CURVE('',#7651,#4401,#7659,.T.);
#7659 = LINE('',#7660,#7661);
#7660 = CARTESIAN_POINT('',(16.842656661402,-50.8,155.74643401129));
#7661 = VECTOR('',#7662,1.);
#7662 = DIRECTION('',(0.,1.,0.));
#7663 = ORIENTED_EDGE('',*,*,#4409,.T.);
#7664 = ORIENTED_EDGE('',*,*,#7634,.F.);
#7665 = PLANE('',#7666);
#7666 = AXIS2_PLACEMENT_3D('',#7667,#7668,#7669);
#7667 = CARTESIAN_POINT('',(16.842656661402,-50.8,155.74643401129));
#7668 = DIRECTION('',(0.271440449865,0.,-0.962455236454));
#7669 = DIRECTION('',(0.962455236454,0.,0.271440449865));
#7670 = ADVANCED_FACE('',(#7671),#7690,.T.);
#7671 = FACE_BOUND('',#7672,.T.);
#7672 = EDGE_LOOP('',(#7673,#7682,#7688,#7689));
#7673 = ORIENTED_EDGE('',*,*,#7674,.F.);
#7674 = EDGE_CURVE('',#7675,#7651,#7677,.T.);
#7675 = VERTEX_POINT('',#7676);
#7676 = CARTESIAN_POINT('',(16.661784368764,-50.7,155.85727269477));
#7677 = CIRCLE('',#7678,0.15);
#7678 = AXIS2_PLACEMENT_3D('',#7679,#7680,#7681);
#7679 = CARTESIAN_POINT('',(16.807639856824,-50.7,155.89228949935));
#7680 = DIRECTION('',(0.,-1.,0.));
#7681 = DIRECTION('',(-0.972369920398,-0.,-0.233445363856));
#7682 = ORIENTED_EDGE('',*,*,#7683,.T.);
#7683 = EDGE_CURVE('',#7675,#4392,#7684,.T.);
#7684 = LINE('',#7685,#7686);
#7685 = CARTESIAN_POINT('',(16.661784368764,-50.8,155.85727269477));
#7686 = VECTOR('',#7687,1.);
#7687 = DIRECTION('',(0.,1.,0.));
#7688 = ORIENTED_EDGE('',*,*,#4400,.T.);
#7689 = ORIENTED_EDGE('',*,*,#7658,.F.);
#7690 = CYLINDRICAL_SURFACE('',#7691,0.15);
#7691 = AXIS2_PLACEMENT_3D('',#7692,#7693,#7694);
#7692 = CARTESIAN_POINT('',(16.807639856824,-50.8,155.89228949935));
#7693 = DIRECTION('',(0.,-1.,0.));
#7694 = DIRECTION('',(-0.972369920398,-0.,-0.233445363856));
#7695 = ADVANCED_FACE('',(#7696),#7715,.F.);
#7696 = FACE_BOUND('',#7697,.T.);
#7697 = EDGE_LOOP('',(#7698,#7699,#7708,#7714));
#7698 = ORIENTED_EDGE('',*,*,#7683,.F.);
#7699 = ORIENTED_EDGE('',*,*,#7700,.T.);
#7700 = EDGE_CURVE('',#7675,#7701,#7703,.T.);
#7701 = VERTEX_POINT('',#7702);
#7702 = CARTESIAN_POINT('',(16.449805623957,-50.7,156.16632641855));
#7703 = CIRCLE('',#7704,1.469292842574);
#7704 = AXIS2_PLACEMENT_3D('',#7705,#7706,#7707);
#7705 = CARTESIAN_POINT('',(15.354023559754,-50.7,155.1875092114));
#7706 = DIRECTION('',(-0.,-1.,0.));
#7707 = DIRECTION('',(0.745788744389,-0.,0.666182519091));
#7708 = ORIENTED_EDGE('',*,*,#7709,.T.);
#7709 = EDGE_CURVE('',#7701,#4383,#7710,.T.);
#7710 = LINE('',#7711,#7712);
#7711 = CARTESIAN_POINT('',(16.449805623957,-50.8,156.16632641855));
#7712 = VECTOR('',#7713,1.);
#7713 = DIRECTION('',(0.,1.,0.));
#7714 = ORIENTED_EDGE('',*,*,#4391,.F.);
#7715 = CYLINDRICAL_SURFACE('',#7716,1.469292842574);
#7716 = AXIS2_PLACEMENT_3D('',#7717,#7718,#7719);
#7717 = CARTESIAN_POINT('',(15.354023559754,-50.8,155.1875092114));
#7718 = DIRECTION('',(-0.,-1.,-0.));
#7719 = DIRECTION('',(0.745788744389,-0.,0.666182519091));
#7720 = ADVANCED_FACE('',(#7721),#7740,.F.);
#7721 = FACE_BOUND('',#7722,.T.);
#7722 = EDGE_LOOP('',(#7723,#7724,#7733,#7739));
#7723 = ORIENTED_EDGE('',*,*,#7709,.F.);
#7724 = ORIENTED_EDGE('',*,*,#7725,.T.);
#7725 = EDGE_CURVE('',#7701,#7726,#7728,.T.);
#7726 = VERTEX_POINT('',#7727);
#7727 = CARTESIAN_POINT('',(15.640744446434,-50.7,155.97208801503));
#7728 = CIRCLE('',#7729,0.471154273188);
#7729 = AXIS2_PLACEMENT_3D('',#7730,#7731,#7732);
#7730 = CARTESIAN_POINT('',(16.096902474968,-50.7,155.85416345377));
#7731 = DIRECTION('',(0.,-1.,-0.));
#7732 = DIRECTION('',(-0.968171264685,-0.,0.250288637855));
#7733 = ORIENTED_EDGE('',*,*,#7734,.T.);
#7734 = EDGE_CURVE('',#7726,#4374,#7735,.T.);
#7735 = LINE('',#7736,#7737);
#7736 = CARTESIAN_POINT('',(15.640744446434,-50.8,155.97208801503));
#7737 = VECTOR('',#7738,1.);
#7738 = DIRECTION('',(0.,1.,0.));
#7739 = ORIENTED_EDGE('',*,*,#4382,.F.);
#7740 = CYLINDRICAL_SURFACE('',#7741,0.471154273188);
#7741 = AXIS2_PLACEMENT_3D('',#7742,#7743,#7744);
#7742 = CARTESIAN_POINT('',(16.096902474968,-50.8,155.85416345377));
#7743 = DIRECTION('',(0.,-1.,-0.));
#7744 = DIRECTION('',(-0.968171264685,-0.,0.250288637855));
#7745 = ADVANCED_FACE('',(#7746),#7765,.F.);
#7746 = FACE_BOUND('',#7747,.T.);
#7747 = EDGE_LOOP('',(#7748,#7749,#7758,#7764));
#7748 = ORIENTED_EDGE('',*,*,#7734,.F.);
#7749 = ORIENTED_EDGE('',*,*,#7750,.T.);
#7750 = EDGE_CURVE('',#7726,#7751,#7753,.T.);
#7751 = VERTEX_POINT('',#7752);
#7752 = CARTESIAN_POINT('',(15.592177456326,-50.7,155.60048279453));
#7753 = CIRCLE('',#7754,1.469292842572);
#7754 = AXIS2_PLACEMENT_3D('',#7755,#7756,#7757);
#7755 = CARTESIAN_POINT('',(17.061467127753,-50.7,155.59743014441));
#7756 = DIRECTION('',(-0.,-1.,0.));
#7757 = DIRECTION('',(-0.99999784172,0.,2.077632201668E-03));
#7758 = ORIENTED_EDGE('',*,*,#7759,.T.);
#7759 = EDGE_CURVE('',#7751,#4365,#7760,.T.);
#7760 = LINE('',#7761,#7762);
#7761 = CARTESIAN_POINT('',(15.592177456326,-50.8,155.60048279453));
#7762 = VECTOR('',#7763,1.);
#7763 = DIRECTION('',(0.,1.,0.));
#7764 = ORIENTED_EDGE('',*,*,#4373,.F.);
#7765 = CYLINDRICAL_SURFACE('',#7766,1.469292842572);
#7766 = AXIS2_PLACEMENT_3D('',#7767,#7768,#7769);
#7767 = CARTESIAN_POINT('',(17.061467127753,-50.8,155.59743014441));
#7768 = DIRECTION('',(-0.,-1.,-0.));
#7769 = DIRECTION('',(-0.99999784172,0.,2.077632201668E-03));
#7770 = ADVANCED_FACE('',(#7771),#7790,.T.);
#7771 = FACE_BOUND('',#7772,.T.);
#7772 = EDGE_LOOP('',(#7773,#7782,#7788,#7789));
#7773 = ORIENTED_EDGE('',*,*,#7774,.F.);
#7774 = EDGE_CURVE('',#7775,#7751,#7777,.T.);
#7775 = VERTEX_POINT('',#7776);
#7776 = CARTESIAN_POINT('',(15.481338772845,-50.7,155.41961050189));
#7777 = CIRCLE('',#7778,0.15);
#7778 = AXIS2_PLACEMENT_3D('',#7779,#7780,#7781);
#7779 = CARTESIAN_POINT('',(15.446321968267,-50.7,155.56546598995));
#7780 = DIRECTION('',(0.,-1.,0.));
#7781 = DIRECTION('',(0.233445363856,0.,-0.972369920398));
#7782 = ORIENTED_EDGE('',*,*,#7783,.T.);
#7783 = EDGE_CURVE('',#7775,#4357,#7784,.T.);
#7784 = LINE('',#7785,#7786);
#7785 = CARTESIAN_POINT('',(15.481338772845,-50.8,155.41961050189));
#7786 = VECTOR('',#7787,1.);
#7787 = DIRECTION('',(0.,1.,0.));
#7788 = ORIENTED_EDGE('',*,*,#4364,.T.);
#7789 = ORIENTED_EDGE('',*,*,#7759,.F.);
#7790 = CYLINDRICAL_SURFACE('',#7791,0.15);
#7791 = AXIS2_PLACEMENT_3D('',#7792,#7793,#7794);
#7792 = CARTESIAN_POINT('',(15.446321968267,-50.8,155.56546598995));
#7793 = DIRECTION('',(0.,-1.,0.));
#7794 = DIRECTION('',(0.233445363856,0.,-0.972369920398));
#7795 = ADVANCED_FACE('',(#7796),#7814,.T.);
#7796 = FACE_BOUND('',#7797,.T.);
#7797 = EDGE_LOOP('',(#7798,#7806,#7812,#7813));
#7798 = ORIENTED_EDGE('',*,*,#7799,.F.);
#7799 = EDGE_CURVE('',#7800,#7775,#7802,.T.);
#7800 = VERTEX_POINT('',#7801);
#7801 = CARTESIAN_POINT('',(14.919574978767,-50.7,155.3078687357));
#7802 = LINE('',#7803,#7804);
#7803 = CARTESIAN_POINT('',(15.060015927286,-50.7,155.33580417725));
#7804 = VECTOR('',#7805,1.);
#7805 = DIRECTION('',(0.980785280403,-0.,0.195090322016));
#7806 = ORIENTED_EDGE('',*,*,#7807,.T.);
#7807 = EDGE_CURVE('',#7800,#4348,#7808,.T.);
#7808 = LINE('',#7809,#7810);
#7809 = CARTESIAN_POINT('',(14.919574978767,-50.8,155.3078687357));
#7810 = VECTOR('',#7811,1.);
#7811 = DIRECTION('',(0.,1.,0.));
#7812 = ORIENTED_EDGE('',*,*,#4356,.T.);
#7813 = ORIENTED_EDGE('',*,*,#7783,.F.);
#7814 = PLANE('',#7815);
#7815 = AXIS2_PLACEMENT_3D('',#7816,#7817,#7818);
#7816 = CARTESIAN_POINT('',(14.919574978767,-50.8,155.3078687357));
#7817 = DIRECTION('',(0.195090322016,0.,-0.980785280403));
#7818 = DIRECTION('',(0.980785280403,0.,0.195090322016));
#7819 = ADVANCED_FACE('',(#7820),#7839,.T.);
#7820 = FACE_BOUND('',#7821,.T.);
#7821 = EDGE_LOOP('',(#7822,#7831,#7837,#7838));
#7822 = ORIENTED_EDGE('',*,*,#7823,.F.);
#7823 = EDGE_CURVE('',#7824,#7800,#7826,.T.);
#7824 = VERTEX_POINT('',#7825);
#7825 = CARTESIAN_POINT('',(14.747956557921,-50.7,155.43255681704));
#7826 = CIRCLE('',#7827,0.15);
#7827 = AXIS2_PLACEMENT_3D('',#7828,#7829,#7830);
#7828 = CARTESIAN_POINT('',(14.896109809011,-50.7,155.45602198679));
#7829 = DIRECTION('',(0.,-1.,0.));
#7830 = DIRECTION('',(-0.987688340595,-0.,-0.15643446504));
#7831 = ORIENTED_EDGE('',*,*,#7832,.T.);
#7832 = EDGE_CURVE('',#7824,#4339,#7833,.T.);
#7833 = LINE('',#7834,#7835);
#7834 = CARTESIAN_POINT('',(14.747956557921,-50.8,155.43255681704));
#7835 = VECTOR('',#7836,1.);
#7836 = DIRECTION('',(0.,1.,0.));
#7837 = ORIENTED_EDGE('',*,*,#4347,.T.);
#7838 = ORIENTED_EDGE('',*,*,#7807,.F.);
#7839 = CYLINDRICAL_SURFACE('',#7840,0.15);
#7840 = AXIS2_PLACEMENT_3D('',#7841,#7842,#7843);
#7841 = CARTESIAN_POINT('',(14.896109809011,-50.8,155.45602198679));
#7842 = DIRECTION('',(0.,-1.,0.));
#7843 = DIRECTION('',(-0.987688340595,-0.,-0.15643446504));
#7844 = ADVANCED_FACE('',(#7845),#7864,.F.);
#7845 = FACE_BOUND('',#7846,.T.);
#7846 = EDGE_LOOP('',(#7847,#7848,#7857,#7863));
#7847 = ORIENTED_EDGE('',*,*,#7832,.F.);
#7848 = ORIENTED_EDGE('',*,*,#7849,.T.);
#7849 = EDGE_CURVE('',#7824,#7850,#7852,.T.);
#7850 = VERTEX_POINT('',#7851);
#7851 = CARTESIAN_POINT('',(14.560879348539,-50.7,155.75728949196));
#7852 = CIRCLE('',#7853,1.469292842572);
#7853 = AXIS2_PLACEMENT_3D('',#7854,#7855,#7856);
#7854 = CARTESIAN_POINT('',(13.391678101787,-50.7,154.86746372147));
#7855 = DIRECTION('',(-0.,-1.,0.));
#7856 = DIRECTION('',(0.795757804622,-0.,0.605614990223));
#7857 = ORIENTED_EDGE('',*,*,#7858,.T.);
#7858 = EDGE_CURVE('',#7850,#4330,#7859,.T.);
#7859 = LINE('',#7860,#7861);
#7860 = CARTESIAN_POINT('',(14.560879348539,-50.8,155.75728949196));
#7861 = VECTOR('',#7862,1.);
#7862 = DIRECTION('',(0.,1.,0.));
#7863 = ORIENTED_EDGE('',*,*,#4338,.F.);
#7864 = CYLINDRICAL_SURFACE('',#7865,1.469292842572);
#7865 = AXIS2_PLACEMENT_3D('',#7866,#7867,#7868);
#7866 = CARTESIAN_POINT('',(13.391678101787,-50.8,154.86746372147));
#7867 = DIRECTION('',(-0.,-1.,-0.));
#7868 = DIRECTION('',(0.795757804622,-0.,0.605614990223));
#7869 = ADVANCED_FACE('',(#7870),#7889,.F.);
#7870 = FACE_BOUND('',#7871,.T.);
#7871 = EDGE_LOOP('',(#7872,#7873,#7882,#7888));
#7872 = ORIENTED_EDGE('',*,*,#7858,.F.);
#7873 = ORIENTED_EDGE('',*,*,#7874,.T.);
#7874 = EDGE_CURVE('',#7850,#7875,#7877,.T.);
#7875 = VERTEX_POINT('',#7876);
#7876 = CARTESIAN_POINT('',(13.739072467121,-50.7,155.62712806899));
#7877 = CIRCLE('',#7878,0.471154273188);
#7878 = AXIS2_PLACEMENT_3D('',#7879,#7880,#7881);
#7879 = CARTESIAN_POINT('',(14.184572058247,-50.7,155.47377728337));
#7880 = DIRECTION('',(0.,-1.,-0.));
#7881 = DIRECTION('',(-0.945549295589,-0.,0.325478923451));
#7882 = ORIENTED_EDGE('',*,*,#7883,.T.);
#7883 = EDGE_CURVE('',#7875,#4321,#7884,.T.);
#7884 = LINE('',#7885,#7886);
#7885 = CARTESIAN_POINT('',(13.739072467121,-50.8,155.62712806899));
#7886 = VECTOR('',#7887,1.);
#7887 = DIRECTION('',(0.,1.,0.));
#7888 = ORIENTED_EDGE('',*,*,#4329,.F.);
#7889 = CYLINDRICAL_SURFACE('',#7890,0.471154273188);
#7890 = AXIS2_PLACEMENT_3D('',#7891,#7892,#7893);
#7891 = CARTESIAN_POINT('',(14.184572058247,-50.8,155.47377728337));
#7892 = DIRECTION('',(0.,-1.,-0.));
#7893 = DIRECTION('',(-0.945549295589,-0.,0.325478923451));
#7894 = ADVANCED_FACE('',(#7895),#7914,.F.);
#7895 = FACE_BOUND('',#7896,.T.);
#7896 = EDGE_LOOP('',(#7897,#7898,#7907,#7913));
#7897 = ORIENTED_EDGE('',*,*,#7883,.F.);
#7898 = ORIENTED_EDGE('',*,*,#7899,.T.);
#7899 = EDGE_CURVE('',#7875,#7900,#7902,.T.);
#7900 = VERTEX_POINT('',#7901);
#7901 = CARTESIAN_POINT('',(13.661499383267,-50.7,155.26047890549));
#7902 = CIRCLE('',#7903,1.469292842572);
#7903 = AXIS2_PLACEMENT_3D('',#7904,#7905,#7906);
#7904 = CARTESIAN_POINT('',(15.126020216819,-50.7,155.14215652669));
#7905 = DIRECTION('',(-0.,-1.,0.));
#7906 = DIRECTION('',(-0.996752172962,0.,8.05301539461E-02));
#7907 = ORIENTED_EDGE('',*,*,#7908,.T.);
#7908 = EDGE_CURVE('',#7900,#4312,#7909,.T.);
#7909 = LINE('',#7910,#7911);
#7910 = CARTESIAN_POINT('',(13.661499383267,-50.8,155.26047890549));
#7911 = VECTOR('',#7912,1.);
#7912 = DIRECTION('',(0.,1.,0.));
#7913 = ORIENTED_EDGE('',*,*,#4320,.F.);
#7914 = CYLINDRICAL_SURFACE('',#7915,1.469292842572);
#7915 = AXIS2_PLACEMENT_3D('',#7916,#7917,#7918);
#7916 = CARTESIAN_POINT('',(15.126020216819,-50.8,155.14215652669));
#7917 = DIRECTION('',(-0.,-1.,-0.));
#7918 = DIRECTION('',(-0.996752172962,0.,8.05301539461E-02));
#7919 = ADVANCED_FACE('',(#7920),#7939,.T.);
#7920 = FACE_BOUND('',#7921,.T.);
#7921 = EDGE_LOOP('',(#7922,#7931,#7937,#7938));
#7922 = ORIENTED_EDGE('',*,*,#7923,.F.);
#7923 = EDGE_CURVE('',#7924,#7900,#7926,.T.);
#7924 = VERTEX_POINT('',#7925);
#7925 = CARTESIAN_POINT('',(13.536811301933,-50.7,155.08886048465));
#7926 = CIRCLE('',#7927,0.15);
#7927 = AXIS2_PLACEMENT_3D('',#7928,#7929,#7930);
#7928 = CARTESIAN_POINT('',(13.513346132177,-50.7,155.23701373574));
#7929 = DIRECTION('',(0.,-1.,0.));
#7930 = DIRECTION('',(0.15643446504,0.,-0.987688340595));
#7931 = ORIENTED_EDGE('',*,*,#7932,.T.);
#7932 = EDGE_CURVE('',#7924,#4304,#7933,.T.);
#7933 = LINE('',#7934,#7935);
#7934 = CARTESIAN_POINT('',(13.536811301933,-50.8,155.08886048465));
#7935 = VECTOR('',#7936,1.);
#7936 = DIRECTION('',(0.,1.,0.));
#7937 = ORIENTED_EDGE('',*,*,#4311,.T.);
#7938 = ORIENTED_EDGE('',*,*,#7908,.F.);
#7939 = CYLINDRICAL_SURFACE('',#7940,0.15);
#7940 = AXIS2_PLACEMENT_3D('',#7941,#7942,#7943);
#7941 = CARTESIAN_POINT('',(13.513346132177,-50.8,155.23701373574));
#7942 = DIRECTION('',(0.,-1.,0.));
#7943 = DIRECTION('',(0.15643446504,0.,-0.987688340595));
#7944 = ADVANCED_FACE('',(#7945),#7963,.T.);
#7945 = FACE_BOUND('',#7946,.T.);
#7946 = EDGE_LOOP('',(#7947,#7955,#7961,#7962));
#7947 = ORIENTED_EDGE('',*,*,#7948,.F.);
#7948 = EDGE_CURVE('',#7949,#7924,#7951,.T.);
#7949 = VERTEX_POINT('',#7950);
#7950 = CARTESIAN_POINT('',(12.968012080223,-50.7,155.02153866033));
#7951 = LINE('',#7952,#7953);
#7952 = CARTESIAN_POINT('',(13.11021188565,-50.7,155.03836911641));
#7953 = VECTOR('',#7954,1.);
#7954 = DIRECTION('',(0.993068456955,-0.,0.117537397458));
#7955 = ORIENTED_EDGE('',*,*,#7956,.T.);
#7956 = EDGE_CURVE('',#7949,#4295,#7957,.T.);
#7957 = LINE('',#7958,#7959);
#7958 = CARTESIAN_POINT('',(12.968012080223,-50.8,155.02153866033));
#7959 = VECTOR('',#7960,1.);
#7960 = DIRECTION('',(0.,1.,0.));
#7961 = ORIENTED_EDGE('',*,*,#4303,.T.);
#7962 = ORIENTED_EDGE('',*,*,#7932,.F.);
#7963 = PLANE('',#7964);
#7964 = AXIS2_PLACEMENT_3D('',#7965,#7966,#7967);
#7965 = CARTESIAN_POINT('',(12.968012080223,-50.8,155.02153866033));
#7966 = DIRECTION('',(0.117537397458,0.,-0.993068456955));
#7967 = DIRECTION('',(0.993068456955,0.,0.117537397458));
#7968 = ADVANCED_FACE('',(#7969),#7988,.T.);
#7969 = FACE_BOUND('',#7970,.T.);
#7970 = EDGE_LOOP('',(#7971,#7980,#7986,#7987));
#7971 = ORIENTED_EDGE('',*,*,#7972,.F.);
#7972 = EDGE_CURVE('',#7973,#7949,#7975,.T.);
#7973 = VERTEX_POINT('',#7974);
#7974 = CARTESIAN_POINT('',(12.806705615803,-50.7,155.15930739603));
#7975 = CIRCLE('',#7976,0.15);
#7976 = AXIS2_PLACEMENT_3D('',#7977,#7978,#7979);
#7977 = CARTESIAN_POINT('',(12.956243215863,-50.7,155.17107626039));
#7978 = DIRECTION('',(0.,-1.,0.));
#7979 = DIRECTION('',(-0.996917333733,-0.,-7.845909572779E-02));
#7980 = ORIENTED_EDGE('',*,*,#7981,.T.);
#7981 = EDGE_CURVE('',#7973,#4286,#7982,.T.);
#7982 = LINE('',#7983,#7984);
#7983 = CARTESIAN_POINT('',(12.806705615803,-50.8,155.15930739603));
#7984 = VECTOR('',#7985,1.);
#7985 = DIRECTION('',(0.,1.,0.));
#7986 = ORIENTED_EDGE('',*,*,#4294,.T.);
#7987 = ORIENTED_EDGE('',*,*,#7956,.F.);
#7988 = CYLINDRICAL_SURFACE('',#7989,0.15);
#7989 = AXIS2_PLACEMENT_3D('',#7990,#7991,#7992);
#7990 = CARTESIAN_POINT('',(12.956243215863,-50.8,155.17107626039));
#7991 = DIRECTION('',(0.,-1.,0.));
#7992 = DIRECTION('',(-0.996917333733,-0.,-7.845909572779E-02));
#7993 = ADVANCED_FACE('',(#7994),#8013,.F.);
#7994 = FACE_BOUND('',#7995,.T.);
#7995 = EDGE_LOOP('',(#7996,#7997,#8006,#8012));
#7996 = ORIENTED_EDGE('',*,*,#7981,.F.);
#7997 = ORIENTED_EDGE('',*,*,#7998,.T.);
#7998 = EDGE_CURVE('',#7973,#7999,#8001,.T.);
#7999 = VERTEX_POINT('',#8000);
#8000 = CARTESIAN_POINT('',(12.645683335052,-50.7,155.49771693717));
#8001 = CIRCLE('',#8002,1.469292842572);
#8002 = AXIS2_PLACEMENT_3D('',#8003,#8004,#8005);
#8003 = CARTESIAN_POINT('',(11.410271420235,-50.7,154.70236867511));
#8004 = DIRECTION('',(-0.,-1.,0.));
#8005 = DIRECTION('',(0.840820753373,-0.,0.541313643553));
#8006 = ORIENTED_EDGE('',*,*,#8007,.T.);
#8007 = EDGE_CURVE('',#7999,#4277,#8008,.T.);
#8008 = LINE('',#8009,#8010);
#8009 = CARTESIAN_POINT('',(12.645683335052,-50.8,155.49771693717));
#8010 = VECTOR('',#8011,1.);
#8011 = DIRECTION('',(0.,1.,0.));
#8012 = ORIENTED_EDGE('',*,*,#4285,.F.);
#8013 = CYLINDRICAL_SURFACE('',#8014,1.469292842572);
#8014 = AXIS2_PLACEMENT_3D('',#8015,#8016,#8017);
#8015 = CARTESIAN_POINT('',(11.410271420235,-50.8,154.70236867511));
#8016 = DIRECTION('',(-0.,-1.,-0.));
#8017 = DIRECTION('',(0.840820753373,-0.,0.541313643553));
#8018 = ADVANCED_FACE('',(#8019),#8038,.F.);
#8019 = FACE_BOUND('',#8020,.T.);
#8020 = EDGE_LOOP('',(#8021,#8022,#8031,#8037));
#8021 = ORIENTED_EDGE('',*,*,#8007,.F.);
#8022 = ORIENTED_EDGE('',*,*,#8023,.T.);
#8023 = EDGE_CURVE('',#7999,#8024,#8026,.T.);
#8024 = VERTEX_POINT('',#8025);
#8025 = CARTESIAN_POINT('',(11.816197462439,-50.7,155.4324349832));
#8026 = CIRCLE('',#8027,0.471154273188);
#8027 = AXIS2_PLACEMENT_3D('',#8028,#8029,#8030);
#8028 = CARTESIAN_POINT('',(12.248291963036,-50.7,155.24460343181));
#8029 = DIRECTION('',(0.,-1.,-0.));
#8030 = DIRECTION('',(-0.91709770066,-0.,0.398662523251));
#8031 = ORIENTED_EDGE('',*,*,#8032,.T.);
#8032 = EDGE_CURVE('',#8024,#4268,#8033,.T.);
#8033 = LINE('',#8034,#8035);
#8034 = CARTESIAN_POINT('',(11.816197462439,-50.8,155.4324349832));
#8035 = VECTOR('',#8036,1.);
#8036 = DIRECTION('',(0.,1.,0.));
#8037 = ORIENTED_EDGE('',*,*,#4276,.F.);
#8038 = CYLINDRICAL_SURFACE('',#8039,0.471154273188);
#8039 = AXIS2_PLACEMENT_3D('',#8040,#8041,#8042);
#8040 = CARTESIAN_POINT('',(12.248291963036,-50.8,155.24460343181));
#8041 = DIRECTION('',(0.,-1.,-0.));
#8042 = DIRECTION('',(-0.91709770066,-0.,0.398662523251));
#8043 = ADVANCED_FACE('',(#8044),#8063,.F.);
#8044 = FACE_BOUND('',#8045,.T.);
#8045 = EDGE_LOOP('',(#8046,#8047,#8056,#8062));
#8046 = ORIENTED_EDGE('',*,*,#8032,.F.);
#8047 = ORIENTED_EDGE('',*,*,#8048,.T.);
#8048 = EDGE_CURVE('',#8024,#8049,#8051,.T.);
#8049 = VERTEX_POINT('',#8050);
#8050 = CARTESIAN_POINT('',(11.710096548697,-50.7,155.07300239073));
#8051 = CIRCLE('',#8052,1.469292842572);
#8052 = AXIS2_PLACEMENT_3D('',#8053,#8054,#8055);
#8053 = CARTESIAN_POINT('',(13.160819286432,-50.7,154.84013978005));
#8054 = DIRECTION('',(-0.,-1.,0.));
#8055 = DIRECTION('',(-0.987361195605,0.,0.158486180512));
#8056 = ORIENTED_EDGE('',*,*,#8057,.T.);
#8057 = EDGE_CURVE('',#8049,#4259,#8058,.T.);
#8058 = LINE('',#8059,#8060);
#8059 = CARTESIAN_POINT('',(11.710096548697,-50.8,155.07300239073));
#8060 = VECTOR('',#8061,1.);
#8061 = DIRECTION('',(0.,1.,0.));
#8062 = ORIENTED_EDGE('',*,*,#4267,.F.);
#8063 = CYLINDRICAL_SURFACE('',#8064,1.469292842572);
#8064 = AXIS2_PLACEMENT_3D('',#8065,#8066,#8067);
#8065 = CARTESIAN_POINT('',(13.160819286432,-50.8,154.84013978005));
#8066 = DIRECTION('',(-0.,-1.,-0.));
#8067 = DIRECTION('',(-0.987361195605,0.,0.158486180512));
#8068 = ADVANCED_FACE('',(#8069),#8088,.T.);
#8069 = FACE_BOUND('',#8070,.T.);
#8070 = EDGE_LOOP('',(#8071,#8080,#8086,#8087));
#8071 = ORIENTED_EDGE('',*,*,#8072,.F.);
#8072 = EDGE_CURVE('',#8073,#8049,#8075,.T.);
#8073 = VERTEX_POINT('',#8074);
#8074 = CARTESIAN_POINT('',(11.572327812996,-50.7,154.91169592631));
#8075 = CIRCLE('',#8076,0.15);
#8076 = AXIS2_PLACEMENT_3D('',#8077,#8078,#8079);
#8077 = CARTESIAN_POINT('',(11.560558948637,-50.7,155.06123352637));
#8078 = DIRECTION('',(0.,-1.,0.));
#8079 = DIRECTION('',(7.845909572798E-02,0.,-0.996917333733));
#8080 = ORIENTED_EDGE('',*,*,#8081,.T.);
#8081 = EDGE_CURVE('',#8073,#4251,#8082,.T.);
#8082 = LINE('',#8083,#8084);
#8083 = CARTESIAN_POINT('',(11.572327812996,-50.8,154.91169592631));
#8084 = VECTOR('',#8085,1.);
#8085 = DIRECTION('',(0.,1.,0.));
#8086 = ORIENTED_EDGE('',*,*,#4258,.T.);
#8087 = ORIENTED_EDGE('',*,*,#8057,.F.);
#8088 = CYLINDRICAL_SURFACE('',#8089,0.15);
#8089 = AXIS2_PLACEMENT_3D('',#8090,#8091,#8092);
#8090 = CARTESIAN_POINT('',(11.560558948637,-50.8,155.06123352637));
#8091 = DIRECTION('',(0.,-1.,0.));
#8092 = DIRECTION('',(7.845909572798E-02,0.,-0.996917333733));
#8093 = ADVANCED_FACE('',(#8094),#8112,.T.);
#8094 = FACE_BOUND('',#8095,.T.);
#8095 = EDGE_LOOP('',(#8096,#8104,#8110,#8111));
#8096 = ORIENTED_EDGE('',*,*,#8097,.F.);
#8097 = EDGE_CURVE('',#8098,#8073,#8100,.T.);
#8098 = VERTEX_POINT('',#8099);
#8099 = CARTESIAN_POINT('',(11.,-50.7,154.88920910529));
#8100 = LINE('',#8101,#8102);
#8101 = CARTESIAN_POINT('',(11.143081953249,-50.7,154.89483081055));
#8102 = VECTOR('',#8103,1.);
#8103 = DIRECTION('',(0.999229036241,-0.,3.925981575907E-02));
#8104 = ORIENTED_EDGE('',*,*,#8105,.T.);
#8105 = EDGE_CURVE('',#8098,#4242,#8106,.T.);
#8106 = LINE('',#8107,#8108);
#8107 = CARTESIAN_POINT('',(11.,-50.8,154.88920910529));
#8108 = VECTOR('',#8109,1.);
#8109 = DIRECTION('',(0.,1.,0.));
#8110 = ORIENTED_EDGE('',*,*,#4250,.T.);
#8111 = ORIENTED_EDGE('',*,*,#8081,.F.);
#8112 = PLANE('',#8113);
#8113 = AXIS2_PLACEMENT_3D('',#8114,#8115,#8116);
#8114 = CARTESIAN_POINT('',(11.,-50.8,154.88920910529));
#8115 = DIRECTION('',(3.925981575907E-02,0.,-0.999229036241));
#8116 = DIRECTION('',(0.999229036241,0.,3.925981575907E-02));
#8117 = ADVANCED_FACE('',(#8118),#8137,.T.);
#8118 = FACE_BOUND('',#8119,.T.);
#8119 = EDGE_LOOP('',(#8120,#8129,#8135,#8136));
#8120 = ORIENTED_EDGE('',*,*,#8121,.F.);
#8121 = EDGE_CURVE('',#8122,#8098,#8124,.T.);
#8122 = VERTEX_POINT('',#8123);
#8123 = CARTESIAN_POINT('',(10.85,-50.7,155.03920910529));
#8124 = CIRCLE('',#8125,0.15);
#8125 = AXIS2_PLACEMENT_3D('',#8126,#8127,#8128);
#8126 = CARTESIAN_POINT('',(11.,-50.7,155.03920910529));
#8127 = DIRECTION('',(0.,-1.,0.));
#8128 = DIRECTION('',(-1.,0.,0.));
#8129 = ORIENTED_EDGE('',*,*,#8130,.T.);
#8130 = EDGE_CURVE('',#8122,#4233,#8131,.T.);
#8131 = LINE('',#8132,#8133);
#8132 = CARTESIAN_POINT('',(10.85,-50.8,155.03920910529));
#8133 = VECTOR('',#8134,1.);
#8134 = DIRECTION('',(0.,1.,0.));
#8135 = ORIENTED_EDGE('',*,*,#4241,.T.);
#8136 = ORIENTED_EDGE('',*,*,#8105,.F.);
#8137 = CYLINDRICAL_SURFACE('',#8138,0.15);
#8138 = AXIS2_PLACEMENT_3D('',#8139,#8140,#8141);
#8139 = CARTESIAN_POINT('',(11.,-50.8,155.03920910529));
#8140 = DIRECTION('',(0.,-1.,0.));
#8141 = DIRECTION('',(-1.,0.,0.));
#8142 = ADVANCED_FACE('',(#8143),#8162,.F.);
#8143 = FACE_BOUND('',#8144,.T.);
#8144 = EDGE_LOOP('',(#8145,#8146,#8155,#8161));
#8145 = ORIENTED_EDGE('',*,*,#8130,.F.);
#8146 = ORIENTED_EDGE('',*,*,#8147,.T.);
#8147 = EDGE_CURVE('',#8122,#8148,#8150,.T.);
#8148 = VERTEX_POINT('',#8149);
#8149 = CARTESIAN_POINT('',(10.716025403784,-50.7,155.38920910529));
#8150 = CIRCLE('',#8151,1.469292842572);
#8151 = AXIS2_PLACEMENT_3D('',#8152,#8153,#8154);
#8152 = CARTESIAN_POINT('',(9.422019546173,-50.7,154.69324193818));
#8153 = DIRECTION('',(-0.,-1.,0.));
#8154 = DIRECTION('',(0.880699762579,-0.,0.473674918265));
#8155 = ORIENTED_EDGE('',*,*,#8156,.T.);
#8156 = EDGE_CURVE('',#8148,#4224,#8157,.T.);
#8157 = LINE('',#8158,#8159);
#8158 = CARTESIAN_POINT('',(10.716025403784,-50.8,155.38920910529));
#8159 = VECTOR('',#8160,1.);
#8160 = DIRECTION('',(0.,1.,0.));
#8161 = ORIENTED_EDGE('',*,*,#4232,.F.);
#8162 = CYLINDRICAL_SURFACE('',#8163,1.469292842572);
#8163 = AXIS2_PLACEMENT_3D('',#8164,#8165,#8166);
#8164 = CARTESIAN_POINT('',(9.422019546173,-50.8,154.69324193818));
#8165 = DIRECTION('',(-0.,-1.,-0.));
#8166 = DIRECTION('',(0.880699762579,-0.,0.473674918265));
#8167 = ADVANCED_FACE('',(#8168),#8187,.F.);
#8168 = FACE_BOUND('',#8169,.T.);
#8169 = EDGE_LOOP('',(#8170,#8171,#8180,#8186));
#8170 = ORIENTED_EDGE('',*,*,#8156,.F.);
#8171 = ORIENTED_EDGE('',*,*,#8172,.T.);
#8172 = EDGE_CURVE('',#8148,#8173,#8175,.T.);
#8173 = VERTEX_POINT('',#8174);
#8174 = CARTESIAN_POINT('',(9.883974596216,-50.7,155.38920910529));
#8175 = CIRCLE('',#8176,0.471154273188);
#8176 = AXIS2_PLACEMENT_3D('',#8177,#8178,#8179);
#8177 = CARTESIAN_POINT('',(10.3,-50.7,155.1680548321));
#8178 = DIRECTION('',(0.,-1.,-0.));
#8179 = DIRECTION('',(-0.88299189344,-0.,0.469388236026));
#8180 = ORIENTED_EDGE('',*,*,#8181,.T.);
#8181 = EDGE_CURVE('',#8173,#4215,#8182,.T.);
#8182 = LINE('',#8183,#8184);
#8183 = CARTESIAN_POINT('',(9.883974596216,-50.8,155.38920910529));
#8184 = VECTOR('',#8185,1.);
#8185 = DIRECTION('',(0.,1.,0.));
#8186 = ORIENTED_EDGE('',*,*,#4223,.F.);
#8187 = CYLINDRICAL_SURFACE('',#8188,0.471154273188);
#8188 = AXIS2_PLACEMENT_3D('',#8189,#8190,#8191);
#8189 = CARTESIAN_POINT('',(10.3,-50.8,155.1680548321));
#8190 = DIRECTION('',(0.,-1.,-0.));
#8191 = DIRECTION('',(-0.88299189344,-0.,0.469388236026));
#8192 = ADVANCED_FACE('',(#8193),#8212,.F.);
#8193 = FACE_BOUND('',#8194,.T.);
#8194 = EDGE_LOOP('',(#8195,#8196,#8205,#8211));
#8195 = ORIENTED_EDGE('',*,*,#8181,.F.);
#8196 = ORIENTED_EDGE('',*,*,#8197,.T.);
#8197 = EDGE_CURVE('',#8173,#8198,#8200,.T.);
#8198 = VERTEX_POINT('',#8199);
#8199 = CARTESIAN_POINT('',(9.75,-50.7,155.03920910529));
#8200 = CIRCLE('',#8201,1.469292842572);
#8201 = AXIS2_PLACEMENT_3D('',#8202,#8203,#8204);
#8202 = CARTESIAN_POINT('',(11.177980453827,-50.7,154.69324193818));
#8203 = DIRECTION('',(-0.,-1.,0.));
#8204 = DIRECTION('',(-0.971882808146,0.,0.235465087074));
#8205 = ORIENTED_EDGE('',*,*,#8206,.T.);
#8206 = EDGE_CURVE('',#8198,#4206,#8207,.T.);
#8207 = LINE('',#8208,#8209);
#8208 = CARTESIAN_POINT('',(9.75,-50.8,155.03920910529));
#8209 = VECTOR('',#8210,1.);
#8210 = DIRECTION('',(0.,1.,0.));
#8211 = ORIENTED_EDGE('',*,*,#4214,.F.);
#8212 = CYLINDRICAL_SURFACE('',#8213,1.469292842572);
#8213 = AXIS2_PLACEMENT_3D('',#8214,#8215,#8216);
#8214 = CARTESIAN_POINT('',(11.177980453827,-50.8,154.69324193818));
#8215 = DIRECTION('',(-0.,-1.,-0.));
#8216 = DIRECTION('',(-0.971882808146,0.,0.235465087074));
#8217 = ADVANCED_FACE('',(#8218),#8237,.T.);
#8218 = FACE_BOUND('',#8219,.T.);
#8219 = EDGE_LOOP('',(#8220,#8229,#8235,#8236));
#8220 = ORIENTED_EDGE('',*,*,#8221,.F.);
#8221 = EDGE_CURVE('',#8222,#8198,#8224,.T.);
#8222 = VERTEX_POINT('',#8223);
#8223 = CARTESIAN_POINT('',(9.6,-50.7,154.88920910529));
#8224 = CIRCLE('',#8225,0.15);
#8225 = AXIS2_PLACEMENT_3D('',#8226,#8227,#8228);
#8226 = CARTESIAN_POINT('',(9.6,-50.7,155.03920910529));
#8227 = DIRECTION('',(0.,-1.,0.));
#8228 = DIRECTION('',(-3.5527136788E-14,-0.,-1.));
#8229 = ORIENTED_EDGE('',*,*,#8230,.T.);
#8230 = EDGE_CURVE('',#8222,#4198,#8231,.T.);
#8231 = LINE('',#8232,#8233);
#8232 = CARTESIAN_POINT('',(9.6,-50.8,154.88920910529));
#8233 = VECTOR('',#8234,1.);
#8234 = DIRECTION('',(0.,1.,0.));
#8235 = ORIENTED_EDGE('',*,*,#4205,.T.);
#8236 = ORIENTED_EDGE('',*,*,#8206,.F.);
#8237 = CYLINDRICAL_SURFACE('',#8238,0.15);
#8238 = AXIS2_PLACEMENT_3D('',#8239,#8240,#8241);
#8239 = CARTESIAN_POINT('',(9.6,-50.8,155.03920910529));
#8240 = DIRECTION('',(0.,-1.,0.));
#8241 = DIRECTION('',(-3.5527136788E-14,-0.,-1.));
#8242 = ADVANCED_FACE('',(#8243),#8261,.T.);
#8243 = FACE_BOUND('',#8244,.T.);
#8244 = EDGE_LOOP('',(#8245,#8253,#8259,#8260));
#8245 = ORIENTED_EDGE('',*,*,#8246,.F.);
#8246 = EDGE_CURVE('',#8247,#8222,#8249,.T.);
#8247 = VERTEX_POINT('',#8248);
#8248 = CARTESIAN_POINT('',(9.027672187004,-50.7,154.91169592631));
#8249 = LINE('',#8250,#8251);
#8250 = CARTESIAN_POINT('',(9.170754140253,-50.7,154.90607422105));
#8251 = VECTOR('',#8252,1.);
#8252 = DIRECTION('',(0.999229036241,0.,-3.925981575907E-02));
#8253 = ORIENTED_EDGE('',*,*,#8254,.T.);
#8254 = EDGE_CURVE('',#8247,#4189,#8255,.T.);
#8255 = LINE('',#8256,#8257);
#8256 = CARTESIAN_POINT('',(9.027672187004,-50.8,154.91169592631));
#8257 = VECTOR('',#8258,1.);
#8258 = DIRECTION('',(0.,1.,0.));
#8259 = ORIENTED_EDGE('',*,*,#4197,.T.);
#8260 = ORIENTED_EDGE('',*,*,#8230,.F.);
#8261 = PLANE('',#8262);
#8262 = AXIS2_PLACEMENT_3D('',#8263,#8264,#8265);
#8263 = CARTESIAN_POINT('',(9.027672187004,-50.8,154.91169592631));
#8264 = DIRECTION('',(-3.925981575907E-02,0.,-0.999229036241));
#8265 = DIRECTION('',(0.999229036241,0.,-3.925981575907E-02));
#8266 = ADVANCED_FACE('',(#8267),#8286,.T.);
#8267 = FACE_BOUND('',#8268,.T.);
#8268 = EDGE_LOOP('',(#8269,#8278,#8284,#8285));
#8269 = ORIENTED_EDGE('',*,*,#8270,.F.);
#8270 = EDGE_CURVE('',#8271,#8247,#8273,.T.);
#8271 = VERTEX_POINT('',#8272);
#8272 = CARTESIAN_POINT('',(8.889903451303,-50.7,155.07300239073));
#8273 = CIRCLE('',#8274,0.15);
#8274 = AXIS2_PLACEMENT_3D('',#8275,#8276,#8277);
#8275 = CARTESIAN_POINT('',(9.039441051363,-50.7,155.06123352637));
#8276 = DIRECTION('',(0.,-1.,0.));
#8277 = DIRECTION('',(-0.996917333733,0.,7.845909572759E-02));
#8278 = ORIENTED_EDGE('',*,*,#8279,.T.);
#8279 = EDGE_CURVE('',#8271,#4180,#8280,.T.);
#8280 = LINE('',#8281,#8282);
#8281 = CARTESIAN_POINT('',(8.889903451303,-50.8,155.07300239073));
#8282 = VECTOR('',#8283,1.);
#8283 = DIRECTION('',(0.,1.,0.));
#8284 = ORIENTED_EDGE('',*,*,#4188,.T.);
#8285 = ORIENTED_EDGE('',*,*,#8254,.F.);
#8286 = CYLINDRICAL_SURFACE('',#8287,0.15);
#8287 = AXIS2_PLACEMENT_3D('',#8288,#8289,#8290);
#8288 = CARTESIAN_POINT('',(9.039441051363,-50.8,155.06123352637));
#8289 = DIRECTION('',(0.,-1.,0.));
#8290 = DIRECTION('',(-0.996917333733,0.,7.845909572759E-02));
#8291 = ADVANCED_FACE('',(#8292),#8311,.F.);
#8292 = FACE_BOUND('',#8293,.T.);
#8293 = EDGE_LOOP('',(#8294,#8295,#8304,#8310));
#8294 = ORIENTED_EDGE('',*,*,#8279,.F.);
#8295 = ORIENTED_EDGE('',*,*,#8296,.T.);
#8296 = EDGE_CURVE('',#8271,#8297,#8299,.T.);
#8297 = VERTEX_POINT('',#8298);
#8298 = CARTESIAN_POINT('',(8.783802537561,-50.7,155.4324349832));
#8299 = CIRCLE('',#8300,1.469292842572);
#8300 = AXIS2_PLACEMENT_3D('',#8301,#8302,#8303);
#8301 = CARTESIAN_POINT('',(7.439180713567,-50.7,154.84013978005));
#8302 = DIRECTION('',(-0.,-1.,0.));
#8303 = DIRECTION('',(0.915148964885,-0.,0.403115829594));
#8304 = ORIENTED_EDGE('',*,*,#8305,.T.);
#8305 = EDGE_CURVE('',#8297,#4171,#8306,.T.);
#8306 = LINE('',#8307,#8308);
#8307 = CARTESIAN_POINT('',(8.783802537561,-50.8,155.4324349832));
#8308 = VECTOR('',#8309,1.);
#8309 = DIRECTION('',(0.,1.,0.));
#8310 = ORIENTED_EDGE('',*,*,#4179,.F.);
#8311 = CYLINDRICAL_SURFACE('',#8312,1.469292842572);
#8312 = AXIS2_PLACEMENT_3D('',#8313,#8314,#8315);
#8313 = CARTESIAN_POINT('',(7.439180713567,-50.8,154.84013978005));
#8314 = DIRECTION('',(-0.,-1.,-0.));
#8315 = DIRECTION('',(0.915148964885,-0.,0.403115829594));
#8316 = ADVANCED_FACE('',(#8317),#8336,.F.);
#8317 = FACE_BOUND('',#8318,.T.);
#8318 = EDGE_LOOP('',(#8319,#8320,#8329,#8335));
#8319 = ORIENTED_EDGE('',*,*,#8305,.F.);
#8320 = ORIENTED_EDGE('',*,*,#8321,.T.);
#8321 = EDGE_CURVE('',#8297,#8322,#8324,.T.);
#8322 = VERTEX_POINT('',#8323);
#8323 = CARTESIAN_POINT('',(7.954316664948,-50.7,155.49771693717));
#8324 = CIRCLE('',#8325,0.471154273188);
#8325 = AXIS2_PLACEMENT_3D('',#8326,#8327,#8328);
#8326 = CARTESIAN_POINT('',(8.351708036964,-50.7,155.24460343181));
#8327 = DIRECTION('',(0.,-1.,-0.));
#8328 = DIRECTION('',(-0.843442147572,-0.,0.537220014239));
#8329 = ORIENTED_EDGE('',*,*,#8330,.T.);
#8330 = EDGE_CURVE('',#8322,#4162,#8331,.T.);
#8331 = LINE('',#8332,#8333);
#8332 = CARTESIAN_POINT('',(7.954316664948,-50.8,155.49771693717));
#8333 = VECTOR('',#8334,1.);
#8334 = DIRECTION('',(0.,1.,0.));
#8335 = ORIENTED_EDGE('',*,*,#4170,.F.);
#8336 = CYLINDRICAL_SURFACE('',#8337,0.471154273188);
#8337 = AXIS2_PLACEMENT_3D('',#8338,#8339,#8340);
#8338 = CARTESIAN_POINT('',(8.351708036964,-50.8,155.24460343181));
#8339 = DIRECTION('',(0.,-1.,-0.));
#8340 = DIRECTION('',(-0.843442147572,-0.,0.537220014239));
#8341 = ADVANCED_FACE('',(#8342),#8361,.F.);
#8342 = FACE_BOUND('',#8343,.T.);
#8343 = EDGE_LOOP('',(#8344,#8345,#8354,#8360));
#8344 = ORIENTED_EDGE('',*,*,#8330,.F.);
#8345 = ORIENTED_EDGE('',*,*,#8346,.T.);
#8346 = EDGE_CURVE('',#8322,#8347,#8349,.T.);
#8347 = VERTEX_POINT('',#8348);
#8348 = CARTESIAN_POINT('',(7.793294384197,-50.7,155.15930739603));
#8349 = CIRCLE('',#8350,1.469292842572);
#8350 = AXIS2_PLACEMENT_3D('',#8351,#8352,#8353);
#8351 = CARTESIAN_POINT('',(9.189728579766,-50.7,154.70236867511));
#8352 = DIRECTION('',(-0.,-1.,0.));
#8353 = DIRECTION('',(-0.95041243999,0.,0.310992273074));
#8354 = ORIENTED_EDGE('',*,*,#8355,.T.);
#8355 = EDGE_CURVE('',#8347,#4153,#8356,.T.);
#8356 = LINE('',#8357,#8358);
#8357 = CARTESIAN_POINT('',(7.793294384197,-50.8,155.15930739603));
#8358 = VECTOR('',#8359,1.);
#8359 = DIRECTION('',(0.,1.,0.));
#8360 = ORIENTED_EDGE('',*,*,#4161,.F.);
#8361 = CYLINDRICAL_SURFACE('',#8362,1.469292842572);
#8362 = AXIS2_PLACEMENT_3D('',#8363,#8364,#8365);
#8363 = CARTESIAN_POINT('',(9.189728579766,-50.8,154.70236867511));
#8364 = DIRECTION('',(-0.,-1.,-0.));
#8365 = DIRECTION('',(-0.95041243999,0.,0.310992273074));
#8366 = ADVANCED_FACE('',(#8367),#8386,.T.);
#8367 = FACE_BOUND('',#8368,.T.);
#8368 = EDGE_LOOP('',(#8369,#8378,#8384,#8385));
#8369 = ORIENTED_EDGE('',*,*,#8370,.F.);
#8370 = EDGE_CURVE('',#8371,#8347,#8373,.T.);
#8371 = VERTEX_POINT('',#8372);
#8372 = CARTESIAN_POINT('',(7.631987919777,-50.7,155.02153866033));
#8373 = CIRCLE('',#8374,0.15);
#8374 = AXIS2_PLACEMENT_3D('',#8375,#8376,#8377);
#8375 = CARTESIAN_POINT('',(7.643756784137,-50.7,155.17107626039));
#8376 = DIRECTION('',(0.,-1.,0.));
#8377 = DIRECTION('',(-7.845909572786E-02,-0.,-0.996917333733));
#8378 = ORIENTED_EDGE('',*,*,#8379,.T.);
#8379 = EDGE_CURVE('',#8371,#4145,#8380,.T.);
#8380 = LINE('',#8381,#8382);
#8381 = CARTESIAN_POINT('',(7.631987919777,-50.8,155.02153866033));
#8382 = VECTOR('',#8383,1.);
#8383 = DIRECTION('',(0.,1.,0.));
#8384 = ORIENTED_EDGE('',*,*,#4152,.T.);
#8385 = ORIENTED_EDGE('',*,*,#8355,.F.);
#8386 = CYLINDRICAL_SURFACE('',#8387,0.15);
#8387 = AXIS2_PLACEMENT_3D('',#8388,#8389,#8390);
#8388 = CARTESIAN_POINT('',(7.643756784137,-50.8,155.17107626039));
#8389 = DIRECTION('',(0.,-1.,0.));
#8390 = DIRECTION('',(-7.845909572786E-02,-0.,-0.996917333733));
#8391 = ADVANCED_FACE('',(#8392),#8410,.T.);
#8392 = FACE_BOUND('',#8393,.T.);
#8393 = EDGE_LOOP('',(#8394,#8402,#8408,#8409));
#8394 = ORIENTED_EDGE('',*,*,#8395,.F.);
#8395 = EDGE_CURVE('',#8396,#8371,#8398,.T.);
#8396 = VERTEX_POINT('',#8397);
#8397 = CARTESIAN_POINT('',(7.063188698067,-50.7,155.08886048465));
#8398 = LINE('',#8399,#8400);
#8399 = CARTESIAN_POINT('',(7.205388503494,-50.7,155.07203002857));
#8400 = VECTOR('',#8401,1.);
#8401 = DIRECTION('',(0.993068456955,0.,-0.117537397458));
#8402 = ORIENTED_EDGE('',*,*,#8403,.T.);
#8403 = EDGE_CURVE('',#8396,#4136,#8404,.T.);
#8404 = LINE('',#8405,#8406);
#8405 = CARTESIAN_POINT('',(7.063188698067,-50.8,155.08886048465));
#8406 = VECTOR('',#8407,1.);
#8407 = DIRECTION('',(0.,1.,0.));
#8408 = ORIENTED_EDGE('',*,*,#4144,.T.);
#8409 = ORIENTED_EDGE('',*,*,#8379,.F.);
#8410 = PLANE('',#8411);
#8411 = AXIS2_PLACEMENT_3D('',#8412,#8413,#8414);
#8412 = CARTESIAN_POINT('',(7.063188698067,-50.8,155.08886048465));
#8413 = DIRECTION('',(-0.117537397458,0.,-0.993068456955));
#8414 = DIRECTION('',(0.993068456955,0.,-0.117537397458));
#8415 = ADVANCED_FACE('',(#8416),#8435,.T.);
#8416 = FACE_BOUND('',#8417,.T.);
#8417 = EDGE_LOOP('',(#8418,#8427,#8433,#8434));
#8418 = ORIENTED_EDGE('',*,*,#8419,.F.);
#8419 = EDGE_CURVE('',#8420,#8396,#8422,.T.);
#8420 = VERTEX_POINT('',#8421);
#8421 = CARTESIAN_POINT('',(6.938500616733,-50.7,155.26047890549));
#8422 = CIRCLE('',#8423,0.15);
#8423 = AXIS2_PLACEMENT_3D('',#8424,#8425,#8426);
#8424 = CARTESIAN_POINT('',(7.086653867823,-50.7,155.23701373574));
#8425 = DIRECTION('',(0.,-1.,0.));
#8426 = DIRECTION('',(-0.987688340595,0.,0.15643446504));
#8427 = ORIENTED_EDGE('',*,*,#8428,.T.);
#8428 = EDGE_CURVE('',#8420,#4127,#8429,.T.);
#8429 = LINE('',#8430,#8431);
#8430 = CARTESIAN_POINT('',(6.938500616733,-50.8,155.26047890549));
#8431 = VECTOR('',#8432,1.);
#8432 = DIRECTION('',(0.,1.,0.));
#8433 = ORIENTED_EDGE('',*,*,#4135,.T.);
#8434 = ORIENTED_EDGE('',*,*,#8403,.F.);
#8435 = CYLINDRICAL_SURFACE('',#8436,0.15);
#8436 = AXIS2_PLACEMENT_3D('',#8437,#8438,#8439);
#8437 = CARTESIAN_POINT('',(7.086653867823,-50.8,155.23701373574));
#8438 = DIRECTION('',(0.,-1.,0.));
#8439 = DIRECTION('',(-0.987688340595,0.,0.15643446504));
#8440 = ADVANCED_FACE('',(#8441),#8460,.F.);
#8441 = FACE_BOUND('',#8442,.T.);
#8442 = EDGE_LOOP('',(#8443,#8444,#8453,#8459));
#8443 = ORIENTED_EDGE('',*,*,#8428,.F.);
#8444 = ORIENTED_EDGE('',*,*,#8445,.T.);
#8445 = EDGE_CURVE('',#8420,#8446,#8448,.T.);
#8446 = VERTEX_POINT('',#8447);
#8447 = CARTESIAN_POINT('',(6.860927532879,-50.7,155.62712806899));
#8448 = CIRCLE('',#8449,1.469292842572);
#8449 = AXIS2_PLACEMENT_3D('',#8450,#8451,#8452);
#8450 = CARTESIAN_POINT('',(5.473979783181,-50.7,155.14215652669));
#8451 = DIRECTION('',(-0.,-1.,0.));
#8452 = DIRECTION('',(0.943955969506,-0.,0.330071397783));
#8453 = ORIENTED_EDGE('',*,*,#8454,.T.);
#8454 = EDGE_CURVE('',#8446,#4118,#8455,.T.);
#8455 = LINE('',#8456,#8457);
#8456 = CARTESIAN_POINT('',(6.860927532879,-50.8,155.62712806899));
#8457 = VECTOR('',#8458,1.);
#8458 = DIRECTION('',(0.,1.,0.));
#8459 = ORIENTED_EDGE('',*,*,#4126,.F.);
#8460 = CYLINDRICAL_SURFACE('',#8461,1.469292842572);
#8461 = AXIS2_PLACEMENT_3D('',#8462,#8463,#8464);
#8462 = CARTESIAN_POINT('',(5.473979783181,-50.8,155.14215652669));
#8463 = DIRECTION('',(-0.,-1.,-0.));
#8464 = DIRECTION('',(0.943955969506,-0.,0.330071397783));
#8465 = ADVANCED_FACE('',(#8466),#8485,.F.);
#8466 = FACE_BOUND('',#8467,.T.);
#8467 = EDGE_LOOP('',(#8468,#8469,#8478,#8484));
#8468 = ORIENTED_EDGE('',*,*,#8454,.F.);
#8469 = ORIENTED_EDGE('',*,*,#8470,.T.);
#8470 = EDGE_CURVE('',#8446,#8471,#8473,.T.);
#8471 = VERTEX_POINT('',#8472);
#8472 = CARTESIAN_POINT('',(6.039120651461,-50.7,155.75728949196));
#8473 = CIRCLE('',#8474,0.471154273188);
#8474 = AXIS2_PLACEMENT_3D('',#8475,#8476,#8477);
#8475 = CARTESIAN_POINT('',(6.415427941753,-50.7,155.47377728337));
#8476 = DIRECTION('',(0.,-1.,-0.));
#8477 = DIRECTION('',(-0.798692300391,-0.,0.601739652421));
#8478 = ORIENTED_EDGE('',*,*,#8479,.T.);
#8479 = EDGE_CURVE('',#8471,#4109,#8480,.T.);
#8480 = LINE('',#8481,#8482);
#8481 = CARTESIAN_POINT('',(6.039120651461,-50.8,155.75728949196));
#8482 = VECTOR('',#8483,1.);
#8483 = DIRECTION('',(0.,1.,0.));
#8484 = ORIENTED_EDGE('',*,*,#4117,.F.);
#8485 = CYLINDRICAL_SURFACE('',#8486,0.471154273188);
#8486 = AXIS2_PLACEMENT_3D('',#8487,#8488,#8489);
#8487 = CARTESIAN_POINT('',(6.415427941753,-50.8,155.47377728337));
#8488 = DIRECTION('',(0.,-1.,-0.));
#8489 = DIRECTION('',(-0.798692300391,-0.,0.601739652421));
#8490 = ADVANCED_FACE('',(#8491),#8510,.F.);
#8491 = FACE_BOUND('',#8492,.T.);
#8492 = EDGE_LOOP('',(#8493,#8494,#8503,#8509));
#8493 = ORIENTED_EDGE('',*,*,#8479,.F.);
#8494 = ORIENTED_EDGE('',*,*,#8495,.T.);
#8495 = EDGE_CURVE('',#8471,#8496,#8498,.T.);
#8496 = VERTEX_POINT('',#8497);
#8497 = CARTESIAN_POINT('',(5.852043442079,-50.7,155.43255681704));
#8498 = CIRCLE('',#8499,1.469292842572);
#8499 = AXIS2_PLACEMENT_3D('',#8500,#8501,#8502);
#8500 = CARTESIAN_POINT('',(7.208321898213,-50.7,154.86746372147));
#8501 = DIRECTION('',(-0.,-1.,0.));
#8502 = DIRECTION('',(-0.923082463098,0.,0.384602088294));
#8503 = ORIENTED_EDGE('',*,*,#8504,.T.);
#8504 = EDGE_CURVE('',#8496,#4100,#8505,.T.);
#8505 = LINE('',#8506,#8507);
#8506 = CARTESIAN_POINT('',(5.852043442079,-50.8,155.43255681704));
#8507 = VECTOR('',#8508,1.);
#8508 = DIRECTION('',(0.,1.,0.));
#8509 = ORIENTED_EDGE('',*,*,#4108,.F.);
#8510 = CYLINDRICAL_SURFACE('',#8511,1.469292842572);
#8511 = AXIS2_PLACEMENT_3D('',#8512,#8513,#8514);
#8512 = CARTESIAN_POINT('',(7.208321898213,-50.8,154.86746372147));
#8513 = DIRECTION('',(-0.,-1.,-0.));
#8514 = DIRECTION('',(-0.923082463098,0.,0.384602088294));
#8515 = ADVANCED_FACE('',(#8516),#8535,.T.);
#8516 = FACE_BOUND('',#8517,.T.);
#8517 = EDGE_LOOP('',(#8518,#8527,#8533,#8534));
#8518 = ORIENTED_EDGE('',*,*,#8519,.F.);
#8519 = EDGE_CURVE('',#8520,#8496,#8522,.T.);
#8520 = VERTEX_POINT('',#8521);
#8521 = CARTESIAN_POINT('',(5.680425021233,-50.7,155.3078687357));
#8522 = CIRCLE('',#8523,0.15);
#8523 = AXIS2_PLACEMENT_3D('',#8524,#8525,#8526);
#8524 = CARTESIAN_POINT('',(5.703890190989,-50.7,155.45602198679));
#8525 = DIRECTION('',(0.,-1.,0.));
#8526 = DIRECTION('',(-0.15643446504,-0.,-0.987688340595));
#8527 = ORIENTED_EDGE('',*,*,#8528,.T.);
#8528 = EDGE_CURVE('',#8520,#4092,#8529,.T.);
#8529 = LINE('',#8530,#8531);
#8530 = CARTESIAN_POINT('',(5.680425021233,-50.8,155.3078687357));
#8531 = VECTOR('',#8532,1.);
#8532 = DIRECTION('',(0.,1.,0.));
#8533 = ORIENTED_EDGE('',*,*,#4099,.T.);
#8534 = ORIENTED_EDGE('',*,*,#8504,.F.);
#8535 = CYLINDRICAL_SURFACE('',#8536,0.15);
#8536 = AXIS2_PLACEMENT_3D('',#8537,#8538,#8539);
#8537 = CARTESIAN_POINT('',(5.703890190989,-50.8,155.45602198679));
#8538 = DIRECTION('',(0.,-1.,0.));
#8539 = DIRECTION('',(-0.15643446504,-0.,-0.987688340595));
#8540 = ADVANCED_FACE('',(#8541),#8559,.T.);
#8541 = FACE_BOUND('',#8542,.T.);
#8542 = EDGE_LOOP('',(#8543,#8551,#8557,#8558));
#8543 = ORIENTED_EDGE('',*,*,#8544,.F.);
#8544 = EDGE_CURVE('',#8545,#8520,#8547,.T.);
#8545 = VERTEX_POINT('',#8546);
#8546 = CARTESIAN_POINT('',(5.118661227155,-50.7,155.41961050189));
#8547 = LINE('',#8548,#8549);
#8548 = CARTESIAN_POINT('',(5.259102175675,-50.7,155.39167506034));
#8549 = VECTOR('',#8550,1.);
#8550 = DIRECTION('',(0.980785280403,0.,-0.195090322016));
#8551 = ORIENTED_EDGE('',*,*,#8552,.T.);
#8552 = EDGE_CURVE('',#8545,#4083,#8553,.T.);
#8553 = LINE('',#8554,#8555);
#8554 = CARTESIAN_POINT('',(5.118661227155,-50.8,155.41961050189));
#8555 = VECTOR('',#8556,1.);
#8556 = DIRECTION('',(0.,1.,0.));
#8557 = ORIENTED_EDGE('',*,*,#4091,.T.);
#8558 = ORIENTED_EDGE('',*,*,#8528,.F.);
#8559 = PLANE('',#8560);
#8560 = AXIS2_PLACEMENT_3D('',#8561,#8562,#8563);
#8561 = CARTESIAN_POINT('',(5.118661227155,-50.8,155.41961050189));
#8562 = DIRECTION('',(-0.195090322016,0.,-0.980785280403));
#8563 = DIRECTION('',(0.980785280403,0.,-0.195090322016));
#8564 = ADVANCED_FACE('',(#8565),#8584,.T.);
#8565 = FACE_BOUND('',#8566,.T.);
#8566 = EDGE_LOOP('',(#8567,#8576,#8582,#8583));
#8567 = ORIENTED_EDGE('',*,*,#8568,.F.);
#8568 = EDGE_CURVE('',#8569,#8545,#8571,.T.);
#8569 = VERTEX_POINT('',#8570);
#8570 = CARTESIAN_POINT('',(5.007822543674,-50.7,155.60048279453));
#8571 = CIRCLE('',#8572,0.15);
#8572 = AXIS2_PLACEMENT_3D('',#8573,#8574,#8575);
#8573 = CARTESIAN_POINT('',(5.153678031733,-50.7,155.56546598995));
#8574 = DIRECTION('',(0.,-1.,0.));
#8575 = DIRECTION('',(-0.972369920398,0.,0.233445363856));
#8576 = ORIENTED_EDGE('',*,*,#8577,.T.);
#8577 = EDGE_CURVE('',#8569,#4074,#8578,.T.);
#8578 = LINE('',#8579,#8580);
#8579 = CARTESIAN_POINT('',(5.007822543674,-50.8,155.60048279453));
#8580 = VECTOR('',#8581,1.);
#8581 = DIRECTION('',(0.,1.,0.));
#8582 = ORIENTED_EDGE('',*,*,#4082,.T.);
#8583 = ORIENTED_EDGE('',*,*,#8552,.F.);
#8584 = CYLINDRICAL_SURFACE('',#8585,0.15);
#8585 = AXIS2_PLACEMENT_3D('',#8586,#8587,#8588);
#8586 = CARTESIAN_POINT('',(5.153678031733,-50.8,155.56546598995));
#8587 = DIRECTION('',(0.,-1.,0.));
#8588 = DIRECTION('',(-0.972369920398,0.,0.233445363856));
#8589 = ADVANCED_FACE('',(#8590),#8609,.F.);
#8590 = FACE_BOUND('',#8591,.T.);
#8591 = EDGE_LOOP('',(#8592,#8593,#8602,#8608));
#8592 = ORIENTED_EDGE('',*,*,#8577,.F.);
#8593 = ORIENTED_EDGE('',*,*,#8594,.T.);
#8594 = EDGE_CURVE('',#8569,#8595,#8597,.T.);
#8595 = VERTEX_POINT('',#8596);
#8596 = CARTESIAN_POINT('',(4.959255553566,-50.7,155.97208801503));
#8597 = CIRCLE('',#8598,1.469292842572);
#8598 = AXIS2_PLACEMENT_3D('',#8599,#8600,#8601);
#8599 = CARTESIAN_POINT('',(3.538532872247,-50.7,155.59743014441));
#8600 = DIRECTION('',(-0.,-1.,0.));
#8601 = DIRECTION('',(0.966943171677,-0.,0.254991966045));
#8602 = ORIENTED_EDGE('',*,*,#8603,.T.);
#8603 = EDGE_CURVE('',#8595,#4065,#8604,.T.);
#8604 = LINE('',#8605,#8606);
#8605 = CARTESIAN_POINT('',(4.959255553566,-50.8,155.97208801503));
#8606 = VECTOR('',#8607,1.);
#8607 = DIRECTION('',(0.,1.,0.));
#8608 = ORIENTED_EDGE('',*,*,#4073,.F.);
#8609 = CYLINDRICAL_SURFACE('',#8610,1.469292842572);
#8610 = AXIS2_PLACEMENT_3D('',#8611,#8612,#8613);
#8611 = CARTESIAN_POINT('',(3.538532872247,-50.8,155.59743014441));
#8612 = DIRECTION('',(-0.,-1.,-0.));
#8613 = DIRECTION('',(0.966943171677,-0.,0.254991966045));
#8614 = ADVANCED_FACE('',(#8615),#8634,.F.);
#8615 = FACE_BOUND('',#8616,.T.);
#8616 = EDGE_LOOP('',(#8617,#8618,#8627,#8633));
#8617 = ORIENTED_EDGE('',*,*,#8603,.F.);
#8618 = ORIENTED_EDGE('',*,*,#8619,.T.);
#8619 = EDGE_CURVE('',#8595,#8620,#8622,.T.);
#8620 = VERTEX_POINT('',#8621);
#8621 = CARTESIAN_POINT('',(4.150194376043,-50.7,156.16632641855));
#8622 = CIRCLE('',#8623,0.471154273188);
#8623 = AXIS2_PLACEMENT_3D('',#8624,#8625,#8626);
#8624 = CARTESIAN_POINT('',(4.503097525032,-50.7,155.85416345377));
#8625 = DIRECTION('',(0.,-1.,-0.));
#8626 = DIRECTION('',(-0.749018249587,-0.,0.662549365546));
#8627 = ORIENTED_EDGE('',*,*,#8628,.T.);
#8628 = EDGE_CURVE('',#8620,#4056,#8629,.T.);
#8629 = LINE('',#8630,#8631);
#8630 = CARTESIAN_POINT('',(4.150194376043,-50.8,156.16632641855));
#8631 = VECTOR('',#8632,1.);
#8632 = DIRECTION('',(0.,1.,0.));
#8633 = ORIENTED_EDGE('',*,*,#4064,.F.);
#8634 = CYLINDRICAL_SURFACE('',#8635,0.471154273188);
#8635 = AXIS2_PLACEMENT_3D('',#8636,#8637,#8638);
#8636 = CARTESIAN_POINT('',(4.503097525032,-50.8,155.85416345377));
#8637 = DIRECTION('',(0.,-1.,-0.));
#8638 = DIRECTION('',(-0.749018249587,-0.,0.662549365546));
#8639 = ADVANCED_FACE('',(#8640),#8659,.F.);
#8640 = FACE_BOUND('',#8641,.T.);
#8641 = EDGE_LOOP('',(#8642,#8643,#8652,#8658));
#8642 = ORIENTED_EDGE('',*,*,#8628,.F.);
#8643 = ORIENTED_EDGE('',*,*,#8644,.T.);
#8644 = EDGE_CURVE('',#8620,#8645,#8647,.T.);
#8645 = VERTEX_POINT('',#8646);
#8646 = CARTESIAN_POINT('',(3.938215631236,-50.7,155.85727269477));
#8647 = CIRCLE('',#8648,1.469292842573);
#8648 = AXIS2_PLACEMENT_3D('',#8649,#8650,#8651);
#8649 = CARTESIAN_POINT('',(5.245976440245,-50.7,155.1875092114));
#8650 = DIRECTION('',(-0.,-1.,0.));
#8651 = DIRECTION('',(-0.890061375865,0.,0.455840703747));
#8652 = ORIENTED_EDGE('',*,*,#8653,.T.);
#8653 = EDGE_CURVE('',#8645,#4047,#8654,.T.);
#8654 = LINE('',#8655,#8656);
#8655 = CARTESIAN_POINT('',(3.938215631236,-50.8,155.85727269477));
#8656 = VECTOR('',#8657,1.);
#8657 = DIRECTION('',(0.,1.,0.));
#8658 = ORIENTED_EDGE('',*,*,#4055,.F.);
#8659 = CYLINDRICAL_SURFACE('',#8660,1.469292842573);
#8660 = AXIS2_PLACEMENT_3D('',#8661,#8662,#8663);
#8661 = CARTESIAN_POINT('',(5.245976440245,-50.8,155.1875092114));
#8662 = DIRECTION('',(-0.,-1.,-0.));
#8663 = DIRECTION('',(-0.890061375865,0.,0.455840703747));
#8664 = ADVANCED_FACE('',(#8665),#8684,.T.);
#8665 = FACE_BOUND('',#8666,.T.);
#8666 = EDGE_LOOP('',(#8667,#8676,#8682,#8683));
#8667 = ORIENTED_EDGE('',*,*,#8668,.F.);
#8668 = EDGE_CURVE('',#8669,#8645,#8671,.T.);
#8669 = VERTEX_POINT('',#8670);
#8670 = CARTESIAN_POINT('',(3.757343338598,-50.7,155.74643401129));
#8671 = CIRCLE('',#8672,0.15);
#8672 = AXIS2_PLACEMENT_3D('',#8673,#8674,#8675);
#8673 = CARTESIAN_POINT('',(3.792360143176,-50.7,155.89228949935));
#8674 = DIRECTION('',(0.,-1.,0.));
#8675 = DIRECTION('',(-0.233445363856,-0.,-0.972369920398));
#8676 = ORIENTED_EDGE('',*,*,#8677,.T.);
#8677 = EDGE_CURVE('',#8669,#4039,#8678,.T.);
#8678 = LINE('',#8679,#8680);
#8679 = CARTESIAN_POINT('',(3.757343338598,-50.8,155.74643401129));
#8680 = VECTOR('',#8681,1.);
#8681 = DIRECTION('',(0.,1.,0.));
#8682 = ORIENTED_EDGE('',*,*,#4046,.T.);
#8683 = ORIENTED_EDGE('',*,*,#8653,.F.);
#8684 = CYLINDRICAL_SURFACE('',#8685,0.15);
#8685 = AXIS2_PLACEMENT_3D('',#8686,#8687,#8688);
#8686 = CARTESIAN_POINT('',(3.792360143176,-50.8,155.89228949935));
#8687 = DIRECTION('',(0.,-1.,0.));
#8688 = DIRECTION('',(-0.233445363856,-0.,-0.972369920398));
#8689 = ADVANCED_FACE('',(#8690),#8708,.T.);
#8690 = FACE_BOUND('',#8691,.T.);
#8691 = EDGE_LOOP('',(#8692,#8700,#8706,#8707));
#8692 = ORIENTED_EDGE('',*,*,#8693,.F.);
#8693 = EDGE_CURVE('',#8694,#8669,#8696,.T.);
#8694 = VERTEX_POINT('',#8695);
#8695 = CARTESIAN_POINT('',(3.206078432748,-50.7,155.9019067942));
#8696 = LINE('',#8697,#8698);
#8697 = CARTESIAN_POINT('',(3.34389465921,-50.7,155.86303859847));
#8698 = VECTOR('',#8699,1.);
#8699 = DIRECTION('',(0.962455236454,0.,-0.271440449865));
#8700 = ORIENTED_EDGE('',*,*,#8701,.T.);
#8701 = EDGE_CURVE('',#8694,#4030,#8702,.T.);
#8702 = LINE('',#8703,#8704);
#8703 = CARTESIAN_POINT('',(3.206078432748,-50.8,155.9019067942));
#8704 = VECTOR('',#8705,1.);
#8705 = DIRECTION('',(0.,1.,0.));
#8706 = ORIENTED_EDGE('',*,*,#4038,.T.);
#8707 = ORIENTED_EDGE('',*,*,#8677,.F.);
#8708 = PLANE('',#8709);
#8709 = AXIS2_PLACEMENT_3D('',#8710,#8711,#8712);
#8710 = CARTESIAN_POINT('',(3.206078432748,-50.8,155.9019067942));
#8711 = DIRECTION('',(-0.271440449865,0.,-0.962455236454));
#8712 = DIRECTION('',(0.962455236454,0.,-0.271440449865));
#8713 = ADVANCED_FACE('',(#8714),#8733,.T.);
#8714 = FACE_BOUND('',#8715,.T.);
#8715 = EDGE_LOOP('',(#8716,#8725,#8731,#8732));
#8716 = ORIENTED_EDGE('',*,*,#8717,.F.);
#8717 = EDGE_CURVE('',#8718,#8694,#8720,.T.);
#8718 = VERTEX_POINT('',#8719);
#8719 = CARTESIAN_POINT('',(3.10977250446,-50.7,156.0909178208));
#8720 = CIRCLE('',#8721,0.15);
#8721 = AXIS2_PLACEMENT_3D('',#8722,#8723,#8724);
#8722 = CARTESIAN_POINT('',(3.252430981904,-50.7,156.04456527164));
#8723 = DIRECTION('',(0.,-1.,0.));
#8724 = DIRECTION('',(-0.951056516295,0.,0.309016994375));
#8725 = ORIENTED_EDGE('',*,*,#8726,.T.);
#8726 = EDGE_CURVE('',#8718,#4021,#8727,.T.);
#8727 = LINE('',#8728,#8729);
#8728 = CARTESIAN_POINT('',(3.10977250446,-50.8,156.0909178208));
#8729 = VECTOR('',#8730,1.);
#8730 = DIRECTION('',(0.,1.,0.));
#8731 = ORIENTED_EDGE('',*,*,#4029,.T.);
#8732 = ORIENTED_EDGE('',*,*,#8701,.F.);
#8733 = CYLINDRICAL_SURFACE('',#8734,0.15);
#8734 = AXIS2_PLACEMENT_3D('',#8735,#8736,#8737);
#8735 = CARTESIAN_POINT('',(3.252430981904,-50.8,156.04456527164));
#8736 = DIRECTION('',(0.,-1.,0.));
#8737 = DIRECTION('',(-0.951056516295,0.,0.309016994375));
#8738 = ADVANCED_FACE('',(#8739),#8758,.F.);
#8739 = FACE_BOUND('',#8740,.T.);
#8740 = EDGE_LOOP('',(#8741,#8742,#8751,#8757));
#8741 = ORIENTED_EDGE('',*,*,#8726,.F.);
#8742 = ORIENTED_EDGE('',*,*,#8743,.T.);
#8743 = EDGE_CURVE('',#8718,#8744,#8746,.T.);
#8744 = VERTEX_POINT('',#8745);
#8745 = CARTESIAN_POINT('',(3.090511039742,-50.7,156.46518802855));
#8746 = CIRCLE('',#8747,1.469292842572);
#8747 = AXIS2_PLACEMENT_3D('',#8748,#8749,#8750);
#8748 = CARTESIAN_POINT('',(1.644772654571,-50.7,156.20315371996));
#8749 = DIRECTION('',(-0.,-1.,0.));
#8750 = DIRECTION('',(0.983968847653,-0.,0.178340424043));
#8751 = ORIENTED_EDGE('',*,*,#8752,.T.);
#8752 = EDGE_CURVE('',#8744,#4012,#8753,.T.);
#8753 = LINE('',#8754,#8755);
#8754 = CARTESIAN_POINT('',(3.090511039742,-50.8,156.46518802855));
#8755 = VECTOR('',#8756,1.);
#8756 = DIRECTION('',(0.,1.,0.));
#8757 = ORIENTED_EDGE('',*,*,#4020,.F.);
#8758 = CYLINDRICAL_SURFACE('',#8759,1.469292842572);
#8759 = AXIS2_PLACEMENT_3D('',#8760,#8761,#8762);
#8760 = CARTESIAN_POINT('',(1.644772654571,-50.8,156.20315371996));
#8761 = DIRECTION('',(-0.,-1.,-0.));
#8762 = DIRECTION('',(0.983968847653,-0.,0.178340424043));
#8763 = ADVANCED_FACE('',(#8764),#8783,.F.);
#8764 = FACE_BOUND('',#8765,.T.);
#8765 = EDGE_LOOP('',(#8766,#8767,#8776,#8782));
#8766 = ORIENTED_EDGE('',*,*,#8752,.F.);
#8767 = ORIENTED_EDGE('',*,*,#8768,.T.);
#8768 = EDGE_CURVE('',#8744,#8769,#8771,.T.);
#8769 = VERTEX_POINT('',#8770);
#8770 = CARTESIAN_POINT('',(2.299183697315,-50.7,156.72230586827));
#8771 = CIRCLE('',#8772,0.471154273188);
#8772 = AXIS2_PLACEMENT_3D('',#8773,#8774,#8775);
#8773 = CARTESIAN_POINT('',(2.626506939735,-50.7,156.38341673579));
#8774 = DIRECTION('',(0.,-1.,-0.));
#8775 = DIRECTION('',(-0.6947262522,-0.,0.719274241513));
#8776 = ORIENTED_EDGE('',*,*,#8777,.T.);
#8777 = EDGE_CURVE('',#8769,#4003,#8778,.T.);
#8778 = LINE('',#8779,#8780);
#8779 = CARTESIAN_POINT('',(2.299183697315,-50.8,156.72230586827));
#8780 = VECTOR('',#8781,1.);
#8781 = DIRECTION('',(0.,1.,0.));
#8782 = ORIENTED_EDGE('',*,*,#4011,.F.);
#8783 = CYLINDRICAL_SURFACE('',#8784,0.471154273188);
#8784 = AXIS2_PLACEMENT_3D('',#8785,#8786,#8787);
#8785 = CARTESIAN_POINT('',(2.626506939735,-50.8,156.38341673579));
#8786 = DIRECTION('',(0.,-1.,-0.));
#8787 = DIRECTION('',(-0.6947262522,-0.,0.719274241513));
#8788 = ADVANCED_FACE('',(#8789),#8808,.F.);
#8789 = FACE_BOUND('',#8790,.T.);
#8790 = EDGE_LOOP('',(#8791,#8792,#8801,#8807));
#8791 = ORIENTED_EDGE('',*,*,#8777,.F.);
#8792 = ORIENTED_EDGE('',*,*,#8793,.T.);
#8793 = EDGE_CURVE('',#8769,#8794,#8796,.T.);
#8794 = VERTEX_POINT('',#8795);
#8795 = CARTESIAN_POINT('',(2.063610336535,-50.7,156.43083651461));
#8796 = CIRCLE('',#8797,1.469292842573);
#8797 = AXIS2_PLACEMENT_3D('',#8798,#8799,#8800);
#8798 = CARTESIAN_POINT('',(3.314790718157,-50.7,155.66053195804));
#8799 = DIRECTION('',(-0.,-1.,0.));
#8800 = DIRECTION('',(-0.851552764274,0.,0.52426890968));
#8801 = ORIENTED_EDGE('',*,*,#8802,.T.);
#8802 = EDGE_CURVE('',#8794,#3994,#8803,.T.);
#8803 = LINE('',#8804,#8805);
#8804 = CARTESIAN_POINT('',(2.063610336535,-50.8,156.43083651461));
#8805 = VECTOR('',#8806,1.);
#8806 = DIRECTION('',(0.,1.,0.));
#8807 = ORIENTED_EDGE('',*,*,#4002,.F.);
#8808 = CYLINDRICAL_SURFACE('',#8809,1.469292842573);
#8809 = AXIS2_PLACEMENT_3D('',#8810,#8811,#8812);
#8810 = CARTESIAN_POINT('',(3.314790718157,-50.8,155.66053195804));
#8811 = DIRECTION('',(-0.,-1.,-0.));
#8812 = DIRECTION('',(-0.851552764274,0.,0.52426890968));
#8813 = ADVANCED_FACE('',(#8814),#8833,.T.);
#8814 = FACE_BOUND('',#8815,.T.);
#8815 = EDGE_LOOP('',(#8816,#8825,#8831,#8832));
#8816 = ORIENTED_EDGE('',*,*,#8817,.F.);
#8817 = EDGE_CURVE('',#8818,#8794,#8820,.T.);
#8818 = VERTEX_POINT('',#8819);
#8819 = CARTESIAN_POINT('',(1.874599309934,-50.7,156.33453058633));
#8820 = CIRCLE('',#8821,0.15);
#8821 = AXIS2_PLACEMENT_3D('',#8822,#8823,#8824);
#8822 = CARTESIAN_POINT('',(1.920951859091,-50.7,156.47718906377));
#8823 = DIRECTION('',(0.,-1.,0.));
#8824 = DIRECTION('',(-0.309016994375,-0.,-0.951056516295));
#8825 = ORIENTED_EDGE('',*,*,#8826,.T.);
#8826 = EDGE_CURVE('',#8818,#3986,#8827,.T.);
#8827 = LINE('',#8828,#8829);
#8828 = CARTESIAN_POINT('',(1.874599309934,-50.8,156.33453058633));
#8829 = VECTOR('',#8830,1.);
#8830 = DIRECTION('',(0.,1.,0.));
#8831 = ORIENTED_EDGE('',*,*,#3993,.T.);
#8832 = ORIENTED_EDGE('',*,*,#8802,.F.);
#8833 = CYLINDRICAL_SURFACE('',#8834,0.15);
#8834 = AXIS2_PLACEMENT_3D('',#8835,#8836,#8837);
#8835 = CARTESIAN_POINT('',(1.920951859091,-50.8,156.47718906377));
#8836 = DIRECTION('',(0.,-1.,0.));
#8837 = DIRECTION('',(-0.309016994375,-0.,-0.951056516295));
#8838 = ADVANCED_FACE('',(#8839),#8857,.T.);
#8839 = FACE_BOUND('',#8840,.T.);
#8840 = EDGE_LOOP('',(#8841,#8849,#8855,#8856));
#8841 = ORIENTED_EDGE('',*,*,#8842,.F.);
#8842 = EDGE_CURVE('',#8843,#8818,#8845,.T.);
#8843 = VERTEX_POINT('',#8844);
#8844 = CARTESIAN_POINT('',(1.337232023771,-50.7,156.53277584455));
#8845 = LINE('',#8846,#8847);
#8846 = CARTESIAN_POINT('',(1.471573845312,-50.7,156.48321453));
#8847 = VECTOR('',#8848,1.);
#8848 = DIRECTION('',(0.938191335922,0.,-0.346117057077));
#8849 = ORIENTED_EDGE('',*,*,#8850,.T.);
#8850 = EDGE_CURVE('',#8843,#3977,#8851,.T.);
#8851 = LINE('',#8852,#8853);
#8852 = CARTESIAN_POINT('',(1.337232023771,-50.8,156.53277584455));
#8853 = VECTOR('',#8854,1.);
#8854 = DIRECTION('',(0.,1.,0.));
#8855 = ORIENTED_EDGE('',*,*,#3985,.T.);
#8856 = ORIENTED_EDGE('',*,*,#8826,.F.);
#8857 = PLANE('',#8858);
#8858 = AXIS2_PLACEMENT_3D('',#8859,#8860,#8861);
#8859 = CARTESIAN_POINT('',(1.337232023771,-50.8,156.53277584455));
#8860 = DIRECTION('',(-0.346117057077,0.,-0.938191335922));
#8861 = DIRECTION('',(0.938191335922,0.,-0.346117057077));
#8862 = ADVANCED_FACE('',(#8863),#8882,.T.);
#8863 = FACE_BOUND('',#8864,.T.);
#8864 = EDGE_LOOP('',(#8865,#8874,#8880,#8881));
#8865 = ORIENTED_EDGE('',*,*,#8866,.F.);
#8866 = EDGE_CURVE('',#8867,#8843,#8869,.T.);
#8867 = VERTEX_POINT('',#8868);
#8868 = CARTESIAN_POINT('',(1.256052608749,-50.7,156.72876028928));
#8869 = CIRCLE('',#8870,0.15);
#8870 = AXIS2_PLACEMENT_3D('',#8871,#8872,#8873);
#8871 = CARTESIAN_POINT('',(1.394634538626,-50.7,156.67135777443));
#8872 = DIRECTION('',(0.,-1.,0.));
#8873 = DIRECTION('',(-0.923879532511,0.,0.382683432365));
#8874 = ORIENTED_EDGE('',*,*,#8875,.T.);
#8875 = EDGE_CURVE('',#8867,#3968,#8876,.T.);
#8876 = LINE('',#8877,#8878);
#8877 = CARTESIAN_POINT('',(1.256052608749,-50.8,156.72876028928));
#8878 = VECTOR('',#8879,1.);
#8879 = DIRECTION('',(0.,1.,0.));
#8880 = ORIENTED_EDGE('',*,*,#3976,.T.);
#8881 = ORIENTED_EDGE('',*,*,#8850,.F.);
#8882 = CYLINDRICAL_SURFACE('',#8883,0.15);
#8883 = AXIS2_PLACEMENT_3D('',#8884,#8885,#8886);
#8884 = CARTESIAN_POINT('',(1.394634538626,-50.8,156.67135777443));
#8885 = DIRECTION('',(0.,-1.,0.));
#8886 = DIRECTION('',(-0.923879532511,0.,0.382683432365));
#8887 = ADVANCED_FACE('',(#8888),#8907,.F.);
#8888 = FACE_BOUND('',#8889,.T.);
#8889 = EDGE_LOOP('',(#8890,#8891,#8900,#8906));
#8890 = ORIENTED_EDGE('',*,*,#8875,.F.);
#8891 = ORIENTED_EDGE('',*,*,#8892,.T.);
#8892 = EDGE_CURVE('',#8867,#8893,#8895,.T.);
#8893 = VERTEX_POINT('',#8894);
#8894 = CARTESIAN_POINT('',(1.266215422757,-50.7,157.10338798399));
#8895 = CIRCLE('',#8896,1.469292842572);
#8896 = AXIS2_PLACEMENT_3D('',#8897,#8898,#8899);
#8897 = CARTESIAN_POINT('',(-0.195625208365,-50.7,156.95559276609));
#8898 = DIRECTION('',(-0.,-1.,0.));
#8899 = DIRECTION('',(0.994928028481,-0.,0.100589354023));
#8900 = ORIENTED_EDGE('',*,*,#8901,.T.);
#8901 = EDGE_CURVE('',#8893,#3959,#8902,.T.);
#8902 = LINE('',#8903,#8904);
#8903 = CARTESIAN_POINT('',(1.266215422757,-50.8,157.10338798399));
#8904 = VECTOR('',#8905,1.);
#8905 = DIRECTION('',(0.,1.,0.));
#8906 = ORIENTED_EDGE('',*,*,#3967,.F.);
#8907 = CYLINDRICAL_SURFACE('',#8908,1.469292842572);
#8908 = AXIS2_PLACEMENT_3D('',#8909,#8910,#8911);
#8909 = CARTESIAN_POINT('',(-0.195625208365,-50.8,156.95559276609));
#8910 = DIRECTION('',(-0.,-1.,-0.));
#8911 = DIRECTION('',(0.994928028481,-0.,0.100589354023));
#8912 = ADVANCED_FACE('',(#8913),#8932,.F.);
#8913 = FACE_BOUND('',#8914,.T.);
#8914 = EDGE_LOOP('',(#8915,#8916,#8925,#8931));
#8915 = ORIENTED_EDGE('',*,*,#8901,.F.);
#8916 = ORIENTED_EDGE('',*,*,#8917,.T.);
#8917 = EDGE_CURVE('',#8893,#8918,#8920,.T.);
#8918 = VERTEX_POINT('',#8919);
#8919 = CARTESIAN_POINT('',(0.497500711634,-50.7,157.42180004294));
#8920 = CIRCLE('',#8921,0.471154273188);
#8921 = AXIS2_PLACEMENT_3D('',#8922,#8923,#8924);
#8922 = CARTESIAN_POINT('',(0.79722599085,-50.7,157.05827410694));
#8923 = DIRECTION('',(0.,-1.,-0.));
#8924 = DIRECTION('',(-0.636151036448,-0.,0.771564552598));
#8925 = ORIENTED_EDGE('',*,*,#8926,.T.);
#8926 = EDGE_CURVE('',#8918,#3950,#8927,.T.);
#8927 = LINE('',#8928,#8929);
#8928 = CARTESIAN_POINT('',(0.497500711634,-50.8,157.42180004294));
#8929 = VECTOR('',#8930,1.);
#8930 = DIRECTION('',(0.,1.,0.));
#8931 = ORIENTED_EDGE('',*,*,#3958,.F.);
#8932 = CYLINDRICAL_SURFACE('',#8933,0.471154273188);
#8933 = AXIS2_PLACEMENT_3D('',#8934,#8935,#8936);
#8934 = CARTESIAN_POINT('',(0.79722599085,-50.8,157.05827410694));
#8935 = DIRECTION('',(0.,-1.,-0.));
#8936 = DIRECTION('',(-0.636151036448,-0.,0.771564552598));
#8937 = ADVANCED_FACE('',(#8938),#8957,.F.);
#8938 = FACE_BOUND('',#8939,.T.);
#8939 = EDGE_LOOP('',(#8940,#8941,#8950,#8956));
#8940 = ORIENTED_EDGE('',*,*,#8926,.F.);
#8941 = ORIENTED_EDGE('',*,*,#8942,.T.);
#8942 = EDGE_CURVE('',#8918,#8943,#8945,.T.);
#8943 = VERTEX_POINT('',#8944);
#8944 = CARTESIAN_POINT('',(0.239785122986,-50.7,157.14971206489));
#8945 = CIRCLE('',#8946,1.469292842573);
#8946 = AXIS2_PLACEMENT_3D('',#8947,#8948,#8949);
#8947 = CARTESIAN_POINT('',(1.426671134108,-50.7,156.28361561885));
#8948 = DIRECTION('',(-0.,-1.,0.));
#8949 = DIRECTION('',(-0.807794046722,0.,0.589464823447));
#8950 = ORIENTED_EDGE('',*,*,#8951,.T.);
#8951 = EDGE_CURVE('',#8943,#3941,#8952,.T.);
#8952 = LINE('',#8953,#8954);
#8953 = CARTESIAN_POINT('',(0.239785122986,-50.8,157.14971206489));
#8954 = VECTOR('',#8955,1.);
#8955 = DIRECTION('',(0.,1.,0.));
#8956 = ORIENTED_EDGE('',*,*,#3949,.F.);
#8957 = CYLINDRICAL_SURFACE('',#8958,1.469292842573);
#8958 = AXIS2_PLACEMENT_3D('',#8959,#8960,#8961);
#8959 = CARTESIAN_POINT('',(1.426671134108,-50.8,156.28361561885));
#8960 = DIRECTION('',(-0.,-1.,-0.));
#8961 = DIRECTION('',(-0.807794046722,0.,0.589464823447));
#8962 = ADVANCED_FACE('',(#8963),#8982,.T.);
#8963 = FACE_BOUND('',#8964,.T.);
#8964 = EDGE_LOOP('',(#8965,#8974,#8980,#8981));
#8965 = ORIENTED_EDGE('',*,*,#8966,.F.);
#8966 = EDGE_CURVE('',#8967,#8943,#8969,.T.);
#8967 = VERTEX_POINT('',#8968);
#8968 = CARTESIAN_POINT('',(4.380067825502E-02,-50.7,157.06853264986));
#8969 = CIRCLE('',#8970,0.15);
#8970 = AXIS2_PLACEMENT_3D('',#8971,#8972,#8973);
#8971 = CARTESIAN_POINT('',(0.10120319311,-50.7,157.20711457974));
#8972 = DIRECTION('',(0.,-1.,0.));
#8973 = DIRECTION('',(-0.382683432365,-0.,-0.923879532511));
#8974 = ORIENTED_EDGE('',*,*,#8975,.T.);
#8975 = EDGE_CURVE('',#8967,#3933,#8976,.T.);
#8976 = LINE('',#8977,#8978);
#8977 = CARTESIAN_POINT('',(4.380067825502E-02,-50.8,157.06853264986));
#8978 = VECTOR('',#8979,1.);
#8979 = DIRECTION('',(0.,1.,0.));
#8980 = ORIENTED_EDGE('',*,*,#3940,.T.);
#8981 = ORIENTED_EDGE('',*,*,#8951,.F.);
#8982 = CYLINDRICAL_SURFACE('',#8983,0.15);
#8983 = AXIS2_PLACEMENT_3D('',#8984,#8985,#8986);
#8984 = CARTESIAN_POINT('',(0.10120319311,-50.8,157.20711457974));
#8985 = DIRECTION('',(0.,-1.,0.));
#8986 = DIRECTION('',(-0.382683432365,-0.,-0.923879532511));
#8987 = ADVANCED_FACE('',(#8988),#9006,.T.);
#8988 = FACE_BOUND('',#8989,.T.);
#8989 = EDGE_LOOP('',(#8990,#8998,#9004,#9005));
#8990 = ORIENTED_EDGE('',*,*,#8991,.F.);
#8991 = EDGE_CURVE('',#8992,#8967,#8994,.T.);
#8992 = VERTEX_POINT('',#8993);
#8993 = CARTESIAN_POINT('',(-0.47635594021,-50.7,157.30832813547));
#8994 = LINE('',#8995,#8996);
#8995 = CARTESIAN_POINT('',(-0.346316785594,-50.7,157.24837926407));
#8996 = VECTOR('',#8997,1.);
#8997 = DIRECTION('',(0.908143173825,0.,-0.418659737537));
#8998 = ORIENTED_EDGE('',*,*,#8999,.T.);
#8999 = EDGE_CURVE('',#8992,#3924,#9000,.T.);
#9000 = LINE('',#9001,#9002);
#9001 = CARTESIAN_POINT('',(-0.47635594021,-50.8,157.30832813547));
#9002 = VECTOR('',#9003,1.);
#9003 = DIRECTION('',(0.,1.,0.));
#9004 = ORIENTED_EDGE('',*,*,#3932,.T.);
#9005 = ORIENTED_EDGE('',*,*,#8975,.F.);
#9006 = PLANE('',#9007);
#9007 = AXIS2_PLACEMENT_3D('',#9008,#9009,#9010);
#9008 = CARTESIAN_POINT('',(-0.47635594021,-50.8,157.30832813547));
#9009 = DIRECTION('',(-0.418659737537,0.,-0.908143173825));
#9010 = DIRECTION('',(0.908143173825,0.,-0.418659737537));
#9011 = ADVANCED_FACE('',(#9012),#9031,.T.);
#9012 = FACE_BOUND('',#9013,.T.);
#9013 = EDGE_LOOP('',(#9014,#9023,#9029,#9030));
#9014 = ORIENTED_EDGE('',*,*,#9015,.F.);
#9015 = EDGE_CURVE('',#9016,#8992,#9018,.T.);
#9016 = VERTEX_POINT('',#9017);
#9017 = CARTESIAN_POINT('',(-0.541908343877,-50.7,157.51007768906));
#9018 = CIRCLE('',#9019,0.15);
#9019 = AXIS2_PLACEMENT_3D('',#9020,#9021,#9022);
#9020 = CARTESIAN_POINT('',(-0.408257365249,-50.7,157.4419791141));
#9021 = DIRECTION('',(0.,-1.,-0.));
#9022 = DIRECTION('',(-0.891006524188,-0.,0.45399049974));
#9023 = ORIENTED_EDGE('',*,*,#9024,.T.);
#9024 = EDGE_CURVE('',#9016,#3915,#9025,.T.);
#9025 = LINE('',#9026,#9027);
#9026 = CARTESIAN_POINT('',(-0.541908343877,-50.8,157.51007768906));
#9027 = VECTOR('',#9028,1.);
#9028 = DIRECTION('',(0.,1.,0.));
#9029 = ORIENTED_EDGE('',*,*,#3923,.T.);
#9030 = ORIENTED_EDGE('',*,*,#8999,.F.);
#9031 = CYLINDRICAL_SURFACE('',#9032,0.15);
#9032 = AXIS2_PLACEMENT_3D('',#9033,#9034,#9035);
#9033 = CARTESIAN_POINT('',(-0.408257365249,-50.8,157.4419791141));
#9034 = DIRECTION('',(0.,-1.,-0.));
#9035 = DIRECTION('',(-0.891006524188,-0.,0.45399049974));
#9036 = ADVANCED_FACE('',(#9037),#9056,.F.);
#9037 = FACE_BOUND('',#9038,.T.);
#9038 = EDGE_LOOP('',(#9039,#9040,#9049,#9055));
#9039 = ORIENTED_EDGE('',*,*,#9024,.F.);
#9040 = ORIENTED_EDGE('',*,*,#9041,.T.);
#9041 = EDGE_CURVE('',#9016,#9042,#9044,.T.);
#9042 = VERTEX_POINT('',#9043);
#9043 = CARTESIAN_POINT('',(-0.502383908272,-50.7,157.88275316641));
#9044 = CIRCLE('',#9045,1.469292842572);
#9045 = AXIS2_PLACEMENT_3D('',#9046,#9047,#9048);
#9046 = CARTESIAN_POINT('',(-1.971314051742,-50.7,157.85010824585));
#9047 = DIRECTION('',(-0.,-1.,0.));
#9048 = DIRECTION('',(0.999753147166,-0.,2.221811718532E-02));
#9049 = ORIENTED_EDGE('',*,*,#9050,.T.);
#9050 = EDGE_CURVE('',#9042,#3906,#9051,.T.);
#9051 = LINE('',#9052,#9053);
#9052 = CARTESIAN_POINT('',(-0.502383908272,-50.8,157.88275316641));
#9053 = VECTOR('',#9054,1.);
#9054 = DIRECTION('',(0.,1.,0.));
#9055 = ORIENTED_EDGE('',*,*,#3914,.F.);
#9056 = CYLINDRICAL_SURFACE('',#9057,1.469292842572);
#9057 = AXIS2_PLACEMENT_3D('',#9058,#9059,#9060);
#9058 = CARTESIAN_POINT('',(-1.971314051742,-50.8,157.85010824585));
#9059 = DIRECTION('',(-0.,-1.,-0.));
#9060 = DIRECTION('',(0.999753147166,-0.,2.221811718532E-02));
#9061 = ADVANCED_FACE('',(#9062),#9081,.F.);
#9062 = FACE_BOUND('',#9063,.T.);
#9063 = EDGE_LOOP('',(#9064,#9065,#9074,#9080));
#9064 = ORIENTED_EDGE('',*,*,#9050,.F.);
#9065 = ORIENTED_EDGE('',*,*,#9066,.T.);
#9066 = EDGE_CURVE('',#9042,#9067,#9069,.T.);
#9067 = VERTEX_POINT('',#9068);
#9068 = CARTESIAN_POINT('',(-1.243746606272,-50.7,158.26049632835));
#9069 = CIRCLE('',#9070,0.471154273188);
#9070 = AXIS2_PLACEMENT_3D('',#9071,#9072,#9073);
#9071 = CARTESIAN_POINT('',(-0.973467196276,-50.7,157.87457484712));
#9072 = DIRECTION('',(0.,-1.,-0.));
#9073 = DIRECTION('',(-0.573653738015,-0.,0.819097911645));
#9074 = ORIENTED_EDGE('',*,*,#9075,.T.);
#9075 = EDGE_CURVE('',#9067,#3897,#9076,.T.);
#9076 = LINE('',#9077,#9078);
#9077 = CARTESIAN_POINT('',(-1.243746606272,-50.8,158.26049632835));
#9078 = VECTOR('',#9079,1.);
#9079 = DIRECTION('',(0.,1.,0.));
#9080 = ORIENTED_EDGE('',*,*,#3905,.F.);
#9081 = CYLINDRICAL_SURFACE('',#9082,0.471154273188);
#9082 = AXIS2_PLACEMENT_3D('',#9083,#9084,#9085);
#9083 = CARTESIAN_POINT('',(-0.973467196276,-50.8,157.87457484712));
#9084 = DIRECTION('',(0.,-1.,-0.));
#9085 = DIRECTION('',(-0.573653738015,-0.,0.819097911645));
#9086 = ADVANCED_FACE('',(#9087),#9106,.F.);
#9087 = FACE_BOUND('',#9088,.T.);
#9088 = EDGE_LOOP('',(#9089,#9090,#9099,#9105));
#9089 = ORIENTED_EDGE('',*,*,#9075,.F.);
#9090 = ORIENTED_EDGE('',*,*,#9091,.T.);
#9091 = EDGE_CURVE('',#9067,#9092,#9094,.T.);
#9092 = VERTEX_POINT('',#9093);
#9093 = CARTESIAN_POINT('',(-1.522015520484,-50.7,158.00946723877));
#9094 = CIRCLE('',#9095,1.469292842573);
#9095 = AXIS2_PLACEMENT_3D('',#9096,#9097,#9098);
#9096 = CARTESIAN_POINT('',(-0.406741426801,-50.7,157.05291867586));
#9097 = DIRECTION('',(-0.,-1.,0.));
#9098 = DIRECTION('',(-0.759055010252,0.,0.65102649056));
#9099 = ORIENTED_EDGE('',*,*,#9100,.T.);
#9100 = EDGE_CURVE('',#9092,#3888,#9101,.T.);
#9101 = LINE('',#9102,#9103);
#9102 = CARTESIAN_POINT('',(-1.522015520484,-50.8,158.00946723877));
#9103 = VECTOR('',#9104,1.);
#9104 = DIRECTION('',(0.,1.,0.));
#9105 = ORIENTED_EDGE('',*,*,#3896,.F.);
#9106 = CYLINDRICAL_SURFACE('',#9107,1.469292842573);
#9107 = AXIS2_PLACEMENT_3D('',#9108,#9109,#9110);
#9108 = CARTESIAN_POINT('',(-0.406741426801,-50.8,157.05291867586));
#9109 = DIRECTION('',(-0.,-1.,-0.));
#9110 = DIRECTION('',(-0.759055010252,0.,0.65102649056));
#9111 = ADVANCED_FACE('',(#9112),#9131,.T.);
#9112 = FACE_BOUND('',#9113,.T.);
#9113 = EDGE_LOOP('',(#9114,#9123,#9129,#9130));
#9114 = ORIENTED_EDGE('',*,*,#9115,.F.);
#9115 = EDGE_CURVE('',#9116,#9092,#9118,.T.);
#9116 = VERTEX_POINT('',#9117);
#9117 = CARTESIAN_POINT('',(-1.723765074073,-50.7,157.9439148351));
#9118 = CIRCLE('',#9119,0.15);
#9119 = AXIS2_PLACEMENT_3D('',#9120,#9121,#9122);
#9120 = CARTESIAN_POINT('',(-1.655666499113,-50.7,158.07756581373));
#9121 = DIRECTION('',(0.,-1.,0.));
#9122 = DIRECTION('',(-0.453990499739,-0.,-0.891006524188));
#9123 = ORIENTED_EDGE('',*,*,#9124,.T.);
#9124 = EDGE_CURVE('',#9116,#3880,#9125,.T.);
#9125 = LINE('',#9126,#9127);
#9126 = CARTESIAN_POINT('',(-1.723765074073,-50.8,157.9439148351));
#9127 = VECTOR('',#9128,1.);
#9128 = DIRECTION('',(0.,1.,0.));
#9129 = ORIENTED_EDGE('',*,*,#3887,.T.);
#9130 = ORIENTED_EDGE('',*,*,#9100,.F.);
#9131 = CYLINDRICAL_SURFACE('',#9132,0.15);
#9132 = AXIS2_PLACEMENT_3D('',#9133,#9134,#9135);
#9133 = CARTESIAN_POINT('',(-1.655666499113,-50.8,158.07756581373));
#9134 = DIRECTION('',(0.,-1.,0.));
#9135 = DIRECTION('',(-0.453990499739,-0.,-0.891006524188));
#9136 = ADVANCED_FACE('',(#9137),#9155,.T.);
#9137 = FACE_BOUND('',#9138,.T.);
#9138 = EDGE_LOOP('',(#9139,#9147,#9153,#9154));
#9139 = ORIENTED_EDGE('',*,*,#9140,.F.);
#9140 = EDGE_CURVE('',#9141,#9116,#9143,.T.);
#9141 = VERTEX_POINT('',#9142);
#9142 = CARTESIAN_POINT('',(-2.223504086317,-50.7,158.22378212917));
#9143 = LINE('',#9144,#9145);
#9144 = CARTESIAN_POINT('',(-2.098569333256,-50.7,158.15381530566));
#9145 = VECTOR('',#9146,1.);
#9146 = DIRECTION('',(0.872496007073,0.,-0.488621241497));
#9147 = ORIENTED_EDGE('',*,*,#9148,.T.);
#9148 = EDGE_CURVE('',#9141,#3871,#9149,.T.);
#9149 = LINE('',#9150,#9151);
#9150 = CARTESIAN_POINT('',(-2.223504086317,-50.8,158.22378212917));
#9151 = VECTOR('',#9152,1.);
#9152 = DIRECTION('',(0.,1.,0.));
#9153 = ORIENTED_EDGE('',*,*,#3879,.T.);
#9154 = ORIENTED_EDGE('',*,*,#9124,.F.);
#9155 = PLANE('',#9156);
#9156 = AXIS2_PLACEMENT_3D('',#9157,#9158,#9159);
#9157 = CARTESIAN_POINT('',(-2.223504086317,-50.8,158.22378212917));
#9158 = DIRECTION('',(-0.488621241497,0.,-0.872496007073));
#9159 = DIRECTION('',(0.872496007073,0.,-0.488621241497));
#9160 = ADVANCED_FACE('',(#9161),#9180,.T.);
#9161 = FACE_BOUND('',#9162,.T.);
#9162 = EDGE_LOOP('',(#9163,#9172,#9178,#9179));
#9163 = ORIENTED_EDGE('',*,*,#9164,.F.);
#9164 = EDGE_CURVE('',#9165,#9141,#9167,.T.);
#9165 = VERTEX_POINT('',#9166);
#9166 = CARTESIAN_POINT('',(-2.273025326263,-50.7,158.43005293853));
#9167 = CIRCLE('',#9168,0.15);
#9168 = AXIS2_PLACEMENT_3D('',#9169,#9170,#9171);
#9169 = CARTESIAN_POINT('',(-2.14512930161,-50.7,158.35167815383));
#9170 = DIRECTION('',(0.,-1.,-0.));
#9171 = DIRECTION('',(-0.852640164354,-0.,0.522498564716));
#9172 = ORIENTED_EDGE('',*,*,#9173,.T.);
#9173 = EDGE_CURVE('',#9165,#3862,#9174,.T.);
#9174 = LINE('',#9175,#9176);
#9175 = CARTESIAN_POINT('',(-2.273025326263,-50.8,158.43005293853));
#9176 = VECTOR('',#9177,1.);
#9177 = DIRECTION('',(0.,1.,0.));
#9178 = ORIENTED_EDGE('',*,*,#3870,.T.);
#9179 = ORIENTED_EDGE('',*,*,#9148,.F.);
#9180 = CYLINDRICAL_SURFACE('',#9181,0.15);
#9181 = AXIS2_PLACEMENT_3D('',#9182,#9183,#9184);
#9182 = CARTESIAN_POINT('',(-2.14512930161,-50.8,158.35167815383));
#9183 = DIRECTION('',(0.,-1.,-0.));
#9184 = DIRECTION('',(-0.852640164354,-0.,0.522498564716));
#9185 = ADVANCED_FACE('',(#9186),#9205,.F.);
#9186 = FACE_BOUND('',#9187,.T.);
#9187 = EDGE_LOOP('',(#9188,#9189,#9198,#9204));
#9188 = ORIENTED_EDGE('',*,*,#9173,.F.);
#9189 = ORIENTED_EDGE('',*,*,#9190,.T.);
#9190 = EDGE_CURVE('',#9165,#9191,#9193,.T.);
#9191 = VERTEX_POINT('',#9192);
#9192 = CARTESIAN_POINT('',(-2.204382950349,-50.7,158.79847853029));
#9193 = CIRCLE('',#9194,1.469292842572);
#9194 = AXIS2_PLACEMENT_3D('',#9195,#9196,#9197);
#9195 = CARTESIAN_POINT('',(-3.671346163364,-50.7,158.88118517387));
#9196 = DIRECTION('',(0.,-1.,-0.));
#9197 = DIRECTION('',(0.998414455247,0.,-5.629010173277E-02));
#9198 = ORIENTED_EDGE('',*,*,#9199,.T.);
#9199 = EDGE_CURVE('',#9191,#3853,#9200,.T.);
#9200 = LINE('',#9201,#9202);
#9201 = CARTESIAN_POINT('',(-2.204382950349,-50.8,158.79847853029));
#9202 = VECTOR('',#9203,1.);
#9203 = DIRECTION('',(0.,1.,0.));
#9204 = ORIENTED_EDGE('',*,*,#3861,.F.);
#9205 = CYLINDRICAL_SURFACE('',#9206,1.469292842572);
#9206 = AXIS2_PLACEMENT_3D('',#9207,#9208,#9209);
#9207 = CARTESIAN_POINT('',(-3.671346163364,-50.8,158.88118517387));
#9208 = DIRECTION('',(-0.,-1.,-0.));
#9209 = DIRECTION('',(0.998414455247,0.,-5.629010173277E-02));
#9210 = ADVANCED_FACE('',(#9211),#9230,.F.);
#9211 = FACE_BOUND('',#9212,.T.);
#9212 = EDGE_LOOP('',(#9213,#9214,#9223,#9229));
#9213 = ORIENTED_EDGE('',*,*,#9199,.F.);
#9214 = ORIENTED_EDGE('',*,*,#9215,.T.);
#9215 = EDGE_CURVE('',#9191,#9216,#9218,.T.);
#9216 = VERTEX_POINT('',#9217);
#9217 = CARTESIAN_POINT('',(-2.913822887665,-50.7,159.23322388301));
#9218 = CIRCLE('',#9219,0.471154273188);
#9219 = AXIS2_PLACEMENT_3D('',#9220,#9221,#9222);
#9220 = CARTESIAN_POINT('',(-2.674655709328,-50.7,158.82728619081));
#9221 = DIRECTION('',(-0.,-1.,0.));
#9222 = DIRECTION('',(-0.507619673527,0.,0.861581259689));
#9223 = ORIENTED_EDGE('',*,*,#9224,.T.);
#9224 = EDGE_CURVE('',#9216,#3844,#9225,.T.);
#9225 = LINE('',#9226,#9227);
#9226 = CARTESIAN_POINT('',(-2.913822887665,-50.8,159.23322388301));
#9227 = VECTOR('',#9228,1.);
#9228 = DIRECTION('',(0.,1.,0.));
#9229 = ORIENTED_EDGE('',*,*,#3852,.F.);
#9230 = CYLINDRICAL_SURFACE('',#9231,0.471154273188);
#9231 = AXIS2_PLACEMENT_3D('',#9232,#9233,#9234);
#9232 = CARTESIAN_POINT('',(-2.674655709328,-50.8,158.82728619081));
#9233 = DIRECTION('',(-0.,-1.,-0.));
#9234 = DIRECTION('',(-0.507619673527,0.,0.861581259689));
#9235 = ADVANCED_FACE('',(#9236),#9255,.F.);
#9236 = FACE_BOUND('',#9237,.T.);
#9237 = EDGE_LOOP('',(#9238,#9239,#9248,#9254));
#9238 = ORIENTED_EDGE('',*,*,#9224,.F.);
#9239 = ORIENTED_EDGE('',*,*,#9240,.T.);
#9240 = EDGE_CURVE('',#9216,#9241,#9243,.T.);
#9241 = VERTEX_POINT('',#9242);
#9242 = CARTESIAN_POINT('',(-3.210929507052,-50.7,159.00480135972));
#9243 = CIRCLE('',#9244,1.469292842571);
#9244 = AXIS2_PLACEMENT_3D('',#9245,#9246,#9247);
#9245 = CARTESIAN_POINT('',(-2.174143366462,-50.7,157.96369811993));
#9246 = DIRECTION('',(-0.,-1.,0.));
#9247 = DIRECTION('',(-0.705636147233,0.,0.708574362871));
#9248 = ORIENTED_EDGE('',*,*,#9249,.T.);
#9249 = EDGE_CURVE('',#9241,#3835,#9250,.T.);
#9250 = LINE('',#9251,#9252);
#9251 = CARTESIAN_POINT('',(-3.210929507052,-50.8,159.00480135972));
#9252 = VECTOR('',#9253,1.);
#9253 = DIRECTION('',(0.,1.,0.));
#9254 = ORIENTED_EDGE('',*,*,#3843,.F.);
#9255 = CYLINDRICAL_SURFACE('',#9256,1.469292842571);
#9256 = AXIS2_PLACEMENT_3D('',#9257,#9258,#9259);
#9257 = CARTESIAN_POINT('',(-2.174143366462,-50.8,157.96369811993));
#9258 = DIRECTION('',(-0.,-1.,-0.));
#9259 = DIRECTION('',(-0.705636147233,0.,0.708574362871));
#9260 = ADVANCED_FACE('',(#9261),#9280,.T.);
#9261 = FACE_BOUND('',#9262,.T.);
#9262 = EDGE_LOOP('',(#9263,#9272,#9278,#9279));
#9263 = ORIENTED_EDGE('',*,*,#9264,.F.);
#9264 = EDGE_CURVE('',#9265,#9241,#9267,.T.);
#9265 = VERTEX_POINT('',#9266);
#9266 = CARTESIAN_POINT('',(-3.417200316413,-50.7,158.95528011978));
#9267 = CIRCLE('',#9268,0.15);
#9268 = AXIS2_PLACEMENT_3D('',#9269,#9270,#9271);
#9269 = CARTESIAN_POINT('',(-3.338825531705,-50.7,159.08317614443));
#9270 = DIRECTION('',(0.,-1.,0.));
#9271 = DIRECTION('',(-0.522498564716,-0.,-0.852640164354));
#9272 = ORIENTED_EDGE('',*,*,#9273,.T.);
#9273 = EDGE_CURVE('',#9265,#3827,#9274,.T.);
#9274 = LINE('',#9275,#9276);
#9275 = CARTESIAN_POINT('',(-3.417200316413,-50.8,158.95528011978));
#9276 = VECTOR('',#9277,1.);
#9277 = DIRECTION('',(0.,1.,0.));
#9278 = ORIENTED_EDGE('',*,*,#3834,.T.);
#9279 = ORIENTED_EDGE('',*,*,#9249,.F.);
#9280 = CYLINDRICAL_SURFACE('',#9281,0.15);
#9281 = AXIS2_PLACEMENT_3D('',#9282,#9283,#9284);
#9282 = CARTESIAN_POINT('',(-3.338825531705,-50.8,159.08317614443));
#9283 = DIRECTION('',(0.,-1.,0.));
#9284 = DIRECTION('',(-0.522498564716,-0.,-0.852640164354));
#9285 = ADVANCED_FACE('',(#9286),#9304,.T.);
#9286 = FACE_BOUND('',#9287,.T.);
#9287 = EDGE_LOOP('',(#9288,#9296,#9302,#9303));
#9288 = ORIENTED_EDGE('',*,*,#9289,.F.);
#9289 = EDGE_CURVE('',#9290,#9265,#9292,.T.);
#9290 = VERTEX_POINT('',#9291);
#9291 = CARTESIAN_POINT('',(-3.893440665244,-50.7,159.27349374738));
#9292 = LINE('',#9293,#9294);
#9293 = CARTESIAN_POINT('',(-3.774380578036,-50.7,159.19394034048));
#9294 = VECTOR('',#9295,1.);
#9295 = DIRECTION('',(0.831469612303,0.,-0.55557023302));
#9296 = ORIENTED_EDGE('',*,*,#9297,.T.);
#9297 = EDGE_CURVE('',#9290,#3818,#9298,.T.);
#9298 = LINE('',#9299,#9300);
#9299 = CARTESIAN_POINT('',(-3.893440665244,-50.8,159.27349374738));
#9300 = VECTOR('',#9301,1.);
#9301 = DIRECTION('',(0.,1.,0.));
#9302 = ORIENTED_EDGE('',*,*,#3826,.T.);
#9303 = ORIENTED_EDGE('',*,*,#9273,.F.);
#9304 = PLANE('',#9305);
#9305 = AXIS2_PLACEMENT_3D('',#9306,#9307,#9308);
#9306 = CARTESIAN_POINT('',(-3.893440665244,-50.8,159.27349374738));
#9307 = DIRECTION('',(-0.55557023302,0.,-0.831469612303));
#9308 = DIRECTION('',(0.831469612303,0.,-0.55557023302));
#9309 = ADVANCED_FACE('',(#9310),#9329,.T.);
#9310 = FACE_BOUND('',#9311,.T.);
#9311 = EDGE_LOOP('',(#9312,#9321,#9327,#9328));
#9312 = ORIENTED_EDGE('',*,*,#9313,.F.);
#9313 = EDGE_CURVE('',#9314,#9290,#9316,.T.);
#9314 = VERTEX_POINT('',#9315);
#9315 = CARTESIAN_POINT('',(-3.926625426557,-50.7,159.48301408438));
#9316 = CIRCLE('',#9317,0.15);
#9317 = AXIS2_PLACEMENT_3D('',#9318,#9319,#9320);
#9318 = CARTESIAN_POINT('',(-3.8052728774,-50.7,159.39484629654));
#9319 = DIRECTION('',(0.,-1.,-0.));
#9320 = DIRECTION('',(-0.809016994375,-0.,0.587785252292));
#9321 = ORIENTED_EDGE('',*,*,#9322,.T.);
#9322 = EDGE_CURVE('',#9314,#3809,#9323,.T.);
#9323 = LINE('',#9324,#9325);
#9324 = CARTESIAN_POINT('',(-3.926625426557,-50.8,159.48301408438));
#9325 = VECTOR('',#9326,1.);
#9326 = DIRECTION('',(0.,1.,0.));
#9327 = ORIENTED_EDGE('',*,*,#3817,.T.);
#9328 = ORIENTED_EDGE('',*,*,#9297,.F.);
#9329 = CYLINDRICAL_SURFACE('',#9330,0.15);
#9330 = AXIS2_PLACEMENT_3D('',#9331,#9332,#9333);
#9331 = CARTESIAN_POINT('',(-3.8052728774,-50.8,159.39484629654));
#9332 = DIRECTION('',(0.,-1.,-0.));
#9333 = DIRECTION('',(-0.809016994375,-0.,0.587785252292));
#9334 = ADVANCED_FACE('',(#9335),#9354,.F.);
#9335 = FACE_BOUND('',#9336,.T.);
#9336 = EDGE_LOOP('',(#9337,#9338,#9347,#9353));
#9337 = ORIENTED_EDGE('',*,*,#9322,.F.);
#9338 = ORIENTED_EDGE('',*,*,#9339,.T.);
#9339 = EDGE_CURVE('',#9314,#9340,#9342,.T.);
#9340 = VERTEX_POINT('',#9341);
#9341 = CARTESIAN_POINT('',(-3.829288313407,-50.7,159.84491832425));
#9342 = CIRCLE('',#9343,1.469292842572);
#9343 = AXIS2_PLACEMENT_3D('',#9344,#9345,#9346);
#9344 = CARTESIAN_POINT('',(-5.285240279945,-50.7,160.04246661801));
#9345 = DIRECTION('',(0.,-1.,-0.));
#9346 = DIRECTION('',(0.990920206205,0.,-0.134451273455));
#9347 = ORIENTED_EDGE('',*,*,#9348,.T.);
#9348 = EDGE_CURVE('',#9340,#3800,#9349,.T.);
#9349 = LINE('',#9350,#9351);
#9350 = CARTESIAN_POINT('',(-3.829288313407,-50.8,159.84491832425));
#9351 = VECTOR('',#9352,1.);
#9352 = DIRECTION('',(0.,1.,0.));
#9353 = ORIENTED_EDGE('',*,*,#3808,.F.);
#9354 = CYLINDRICAL_SURFACE('',#9355,1.469292842572);
#9355 = AXIS2_PLACEMENT_3D('',#9356,#9357,#9358);
#9356 = CARTESIAN_POINT('',(-5.285240279945,-50.8,160.04246661801));
#9357 = DIRECTION('',(-0.,-1.,-0.));
#9358 = DIRECTION('',(0.990920206205,0.,-0.134451273455));
#9359 = ADVANCED_FACE('',(#9360),#9379,.F.);
#9360 = FACE_BOUND('',#9361,.T.);
#9361 = EDGE_LOOP('',(#9362,#9363,#9372,#9378));
#9362 = ORIENTED_EDGE('',*,*,#9348,.F.);
#9363 = ORIENTED_EDGE('',*,*,#9364,.T.);
#9364 = EDGE_CURVE('',#9340,#9365,#9367,.T.);
#9365 = VERTEX_POINT('',#9366);
#9366 = CARTESIAN_POINT('',(-4.502431556914,-50.7,160.3339855181));
#9367 = CIRCLE('',#9368,0.471154273188);
#9368 = AXIS2_PLACEMENT_3D('',#9369,#9370,#9371);
#9369 = CARTESIAN_POINT('',(-4.295851155422,-50.7,159.91053435578));
#9370 = DIRECTION('',(-0.,-1.,0.));
#9371 = DIRECTION('',(-0.438455964952,0.,0.898752672763));
#9372 = ORIENTED_EDGE('',*,*,#9373,.T.);
#9373 = EDGE_CURVE('',#9365,#3791,#9374,.T.);
#9374 = LINE('',#9375,#9376);
#9375 = CARTESIAN_POINT('',(-4.502431556914,-50.8,160.3339855181));
#9376 = VECTOR('',#9377,1.);
#9377 = DIRECTION('',(0.,1.,0.));
#9378 = ORIENTED_EDGE('',*,*,#3799,.F.);
#9379 = CYLINDRICAL_SURFACE('',#9380,0.471154273188);
#9380 = AXIS2_PLACEMENT_3D('',#9381,#9382,#9383);
#9381 = CARTESIAN_POINT('',(-4.295851155422,-50.8,159.91053435578));
#9382 = DIRECTION('',(-0.,-1.,-0.));
#9383 = DIRECTION('',(-0.438455964952,0.,0.898752672763));
#9384 = ADVANCED_FACE('',(#9385),#9404,.F.);
#9385 = FACE_BOUND('',#9386,.T.);
#9386 = EDGE_LOOP('',(#9387,#9388,#9397,#9403));
#9387 = ORIENTED_EDGE('',*,*,#9373,.F.);
#9388 = ORIENTED_EDGE('',*,*,#9389,.T.);
#9389 = EDGE_CURVE('',#9365,#9390,#9392,.T.);
#9390 = VERTEX_POINT('',#9391);
#9391 = CARTESIAN_POINT('',(-4.816544120369,-50.7,160.1295778619));
#9392 = CIRCLE('',#9393,1.469292842572);
#9393 = AXIS2_PLACEMENT_3D('',#9394,#9395,#9396);
#9394 = CARTESIAN_POINT('',(-3.864638064194,-50.7,159.01033869289));
#9395 = DIRECTION('',(-0.,-1.,0.));
#9396 = DIRECTION('',(-0.647866802719,0.,0.761753638609));
#9397 = ORIENTED_EDGE('',*,*,#9398,.T.);
#9398 = EDGE_CURVE('',#9390,#3782,#9399,.T.);
#9399 = LINE('',#9400,#9401);
#9400 = CARTESIAN_POINT('',(-4.816544120369,-50.8,160.1295778619));
#9401 = VECTOR('',#9402,1.);
#9402 = DIRECTION('',(0.,1.,0.));
#9403 = ORIENTED_EDGE('',*,*,#3790,.F.);
#9404 = CYLINDRICAL_SURFACE('',#9405,1.469292842572);
#9405 = AXIS2_PLACEMENT_3D('',#9406,#9407,#9408);
#9406 = CARTESIAN_POINT('',(-3.864638064194,-50.8,159.01033869289));
#9407 = DIRECTION('',(-0.,-1.,-0.));
#9408 = DIRECTION('',(-0.647866802719,0.,0.761753638609));
#9409 = ADVANCED_FACE('',(#9410),#9429,.T.);
#9410 = FACE_BOUND('',#9411,.T.);
#9411 = EDGE_LOOP('',(#9412,#9421,#9427,#9428));
#9412 = ORIENTED_EDGE('',*,*,#9413,.F.);
#9413 = EDGE_CURVE('',#9414,#9390,#9416,.T.);
#9414 = VERTEX_POINT('',#9415);
#9415 = CARTESIAN_POINT('',(-5.026064457369,-50.7,160.09639310059));
#9416 = CIRCLE('',#9417,0.15);
#9417 = AXIS2_PLACEMENT_3D('',#9418,#9419,#9420);
#9418 = CARTESIAN_POINT('',(-4.937896669525,-50.7,160.21774564975));
#9419 = DIRECTION('',(0.,-1.,0.));
#9420 = DIRECTION('',(-0.587785252292,-0.,-0.809016994375));
#9421 = ORIENTED_EDGE('',*,*,#9422,.T.);
#9422 = EDGE_CURVE('',#9414,#3774,#9423,.T.);
#9423 = LINE('',#9424,#9425);
#9424 = CARTESIAN_POINT('',(-5.026064457369,-50.8,160.09639310059));
#9425 = VECTOR('',#9426,1.);
#9426 = DIRECTION('',(0.,1.,0.));
#9427 = ORIENTED_EDGE('',*,*,#3781,.T.);
#9428 = ORIENTED_EDGE('',*,*,#9398,.F.);
#9429 = CYLINDRICAL_SURFACE('',#9430,0.15);
#9430 = AXIS2_PLACEMENT_3D('',#9431,#9432,#9433);
#9431 = CARTESIAN_POINT('',(-4.937896669525,-50.8,160.21774564975));
#9432 = DIRECTION('',(0.,-1.,0.));
#9433 = DIRECTION('',(-0.587785252292,-0.,-0.809016994375));
#9434 = ADVANCED_FACE('',(#9435),#9453,.T.);
#9435 = FACE_BOUND('',#9436,.T.);
#9436 = EDGE_LOOP('',(#9437,#9445,#9451,#9452));
#9437 = ORIENTED_EDGE('',*,*,#9438,.F.);
#9438 = EDGE_CURVE('',#9439,#9414,#9441,.T.);
#9439 = VERTEX_POINT('',#9440);
#9440 = CARTESIAN_POINT('',(-5.475869962672,-50.7,160.4509911689));
#9441 = LINE('',#9442,#9443);
#9442 = CARTESIAN_POINT('',(-5.363418586347,-50.7,160.36234165182));
#9443 = VECTOR('',#9444,1.);
#9444 = DIRECTION('',(0.785316930881,0.,-0.61909394931));
#9445 = ORIENTED_EDGE('',*,*,#9446,.T.);
#9446 = EDGE_CURVE('',#9439,#3765,#9447,.T.);
#9447 = LINE('',#9448,#9449);
#9448 = CARTESIAN_POINT('',(-5.475869962672,-50.8,160.4509911689));
#9449 = VECTOR('',#9450,1.);
#9450 = DIRECTION('',(0.,1.,0.));
#9451 = ORIENTED_EDGE('',*,*,#3773,.T.);
#9452 = ORIENTED_EDGE('',*,*,#9422,.F.);
#9453 = PLANE('',#9454);
#9454 = AXIS2_PLACEMENT_3D('',#9455,#9456,#9457);
#9455 = CARTESIAN_POINT('',(-5.475869962672,-50.8,160.4509911689));
#9456 = DIRECTION('',(-0.61909394931,0.,-0.785316930881));
#9457 = DIRECTION('',(0.785316930881,0.,-0.61909394931));
#9458 = ADVANCED_FACE('',(#9459),#9478,.T.);
#9459 = FACE_BOUND('',#9460,.T.);
#9460 = EDGE_LOOP('',(#9461,#9470,#9476,#9477));
#9461 = ORIENTED_EDGE('',*,*,#9462,.F.);
#9462 = EDGE_CURVE('',#9463,#9439,#9465,.T.);
#9463 = VERTEX_POINT('',#9464);
#9464 = CARTESIAN_POINT('',(-5.492513650263,-50.7,160.66246927099));
#9465 = CIRCLE('',#9466,0.15);
#9466 = AXIS2_PLACEMENT_3D('',#9467,#9468,#9469);
#9467 = CARTESIAN_POINT('',(-5.378452755423,-50.7,160.56505206374));
#9468 = DIRECTION('',(0.,-1.,-0.));
#9469 = DIRECTION('',(-0.7604059656,-0.,0.64944804833));
#9470 = ORIENTED_EDGE('',*,*,#9471,.T.);
#9471 = EDGE_CURVE('',#9463,#3756,#9472,.T.);
#9472 = LINE('',#9473,#9474);
#9473 = CARTESIAN_POINT('',(-5.492513650263,-50.8,160.66246927099));
#9474 = VECTOR('',#9475,1.);
#9475 = DIRECTION('',(0.,1.,0.));
#9476 = ORIENTED_EDGE('',*,*,#3764,.T.);
#9477 = ORIENTED_EDGE('',*,*,#9446,.F.);
#9478 = CYLINDRICAL_SURFACE('',#9479,0.15);
#9479 = AXIS2_PLACEMENT_3D('',#9480,#9481,#9482);
#9480 = CARTESIAN_POINT('',(-5.378452755423,-50.8,160.56505206374));
#9481 = DIRECTION('',(0.,-1.,-0.));
#9482 = DIRECTION('',(-0.7604059656,-0.,0.64944804833));
#9483 = ADVANCED_FACE('',(#9484),#9503,.F.);
#9484 = FACE_BOUND('',#9485,.T.);
#9485 = EDGE_LOOP('',(#9486,#9487,#9496,#9502));
#9486 = ORIENTED_EDGE('',*,*,#9471,.F.);
#9487 = ORIENTED_EDGE('',*,*,#9488,.T.);
#9488 = EDGE_CURVE('',#9463,#9489,#9491,.T.);
#9489 = VERTEX_POINT('',#9490);
#9490 = CARTESIAN_POINT('',(-5.367081915548,-50.7,161.01562089898));
#9491 = CIRCLE('',#9492,1.469292842572);
#9492 = AXIS2_PLACEMENT_3D('',#9493,#9494,#9495);
#9493 = CARTESIAN_POINT('',(-6.803046207582,-50.7,161.326792892));
#9494 = DIRECTION('',(0.,-1.,-0.));
#9495 = DIRECTION('',(0.977316604578,0.,-0.211783508367));
#9496 = ORIENTED_EDGE('',*,*,#9497,.T.);
#9497 = EDGE_CURVE('',#9489,#3747,#9498,.T.);
#9498 = LINE('',#9499,#9500);
#9499 = CARTESIAN_POINT('',(-5.367081915548,-50.8,161.01562089898));
#9500 = VECTOR('',#9501,1.);
#9501 = DIRECTION('',(0.,1.,0.));
#9502 = ORIENTED_EDGE('',*,*,#3755,.F.);
#9503 = CYLINDRICAL_SURFACE('',#9504,1.469292842572);
#9504 = AXIS2_PLACEMENT_3D('',#9505,#9506,#9507);
#9505 = CARTESIAN_POINT('',(-6.803046207582,-50.8,161.326792892));
#9506 = DIRECTION('',(-0.,-1.,-0.));
#9507 = DIRECTION('',(0.977316604578,0.,-0.211783508367));
#9508 = ADVANCED_FACE('',(#9509),#9528,.F.);
#9509 = FACE_BOUND('',#9510,.T.);
#9510 = EDGE_LOOP('',(#9511,#9512,#9521,#9527));
#9511 = ORIENTED_EDGE('',*,*,#9497,.F.);
#9512 = ORIENTED_EDGE('',*,*,#9513,.T.);
#9513 = EDGE_CURVE('',#9489,#9514,#9516,.T.);
#9514 = VERTEX_POINT('',#9515);
#9515 = CARTESIAN_POINT('',(-5.999778313306,-50.7,161.55599467207));
#9516 = CIRCLE('',#9517,0.471154273188);
#9517 = AXIS2_PLACEMENT_3D('',#9518,#9519,#9520);
#9518 = CARTESIAN_POINT('',(-5.827058325529,-50.7,161.11764075688));
#9519 = DIRECTION('',(-0.,-1.,0.));
#9520 = DIRECTION('',(-0.366589029551,0.,0.930382976743));
#9521 = ORIENTED_EDGE('',*,*,#9522,.T.);
#9522 = EDGE_CURVE('',#9514,#3738,#9523,.T.);
#9523 = LINE('',#9524,#9525);
#9524 = CARTESIAN_POINT('',(-5.999778313306,-50.8,161.55599467207));
#9525 = VECTOR('',#9526,1.);
#9526 = DIRECTION('',(0.,1.,0.));
#9527 = ORIENTED_EDGE('',*,*,#3746,.F.);
#9528 = CYLINDRICAL_SURFACE('',#9529,0.471154273188);
#9529 = AXIS2_PLACEMENT_3D('',#9530,#9531,#9532);
#9530 = CARTESIAN_POINT('',(-5.827058325529,-50.8,161.11764075688));
#9531 = DIRECTION('',(-0.,-1.,-0.));
#9532 = DIRECTION('',(-0.366589029551,0.,0.930382976743));
#9533 = ADVANCED_FACE('',(#9534),#9553,.F.);
#9534 = FACE_BOUND('',#9535,.T.);
#9535 = EDGE_LOOP('',(#9536,#9537,#9546,#9552));
#9536 = ORIENTED_EDGE('',*,*,#9522,.F.);
#9537 = ORIENTED_EDGE('',*,*,#9538,.T.);
#9538 = EDGE_CURVE('',#9514,#9539,#9541,.T.);
#9539 = VERTEX_POINT('',#9540);
#9540 = CARTESIAN_POINT('',(-6.328960212423,-50.7,161.37686212415));
#9541 = CIRCLE('',#9542,1.469292842572);
#9542 = AXIS2_PLACEMENT_3D('',#9543,#9544,#9545);
#9543 = CARTESIAN_POINT('',(-5.46780305804,-50.7,160.18638750758));
#9544 = DIRECTION('',(-0.,-1.,0.));
#9545 = DIRECTION('',(-0.586103143928,0.,0.810236449857));
#9546 = ORIENTED_EDGE('',*,*,#9547,.T.);
#9547 = EDGE_CURVE('',#9539,#3729,#9548,.T.);
#9548 = LINE('',#9549,#9550);
#9549 = CARTESIAN_POINT('',(-6.328960212423,-50.8,161.37686212415));
#9550 = VECTOR('',#9551,1.);
#9551 = DIRECTION('',(0.,1.,0.));
#9552 = ORIENTED_EDGE('',*,*,#3737,.F.);
#9553 = CYLINDRICAL_SURFACE('',#9554,1.469292842572);
#9554 = AXIS2_PLACEMENT_3D('',#9555,#9556,#9557);
#9555 = CARTESIAN_POINT('',(-5.46780305804,-50.8,160.18638750758));
#9556 = DIRECTION('',(-0.,-1.,-0.));
#9557 = DIRECTION('',(-0.586103143928,0.,0.810236449857));
#9558 = ADVANCED_FACE('',(#9559),#9578,.T.);
#9559 = FACE_BOUND('',#9560,.T.);
#9560 = EDGE_LOOP('',(#9561,#9570,#9576,#9577));
#9561 = ORIENTED_EDGE('',*,*,#9562,.F.);
#9562 = EDGE_CURVE('',#9563,#9539,#9565,.T.);
#9563 = VERTEX_POINT('',#9564);
#9564 = CARTESIAN_POINT('',(-6.540438314512,-50.7,161.36021843656));
#9565 = CIRCLE('',#9566,0.15);
#9566 = AXIS2_PLACEMENT_3D('',#9567,#9568,#9569);
#9567 = CARTESIAN_POINT('',(-6.443021107263,-50.7,161.4742793314));
#9568 = DIRECTION('',(0.,-1.,0.));
#9569 = DIRECTION('',(-0.64944804833,-0.,-0.7604059656));
#9570 = ORIENTED_EDGE('',*,*,#9571,.T.);
#9571 = EDGE_CURVE('',#9563,#3721,#9572,.T.);
#9572 = LINE('',#9573,#9574);
#9573 = CARTESIAN_POINT('',(-6.540438314512,-50.8,161.36021843656));
#9574 = VECTOR('',#9575,1.);
#9575 = DIRECTION('',(0.,1.,0.));
#9576 = ORIENTED_EDGE('',*,*,#3728,.T.);
#9577 = ORIENTED_EDGE('',*,*,#9547,.F.);
#9578 = CYLINDRICAL_SURFACE('',#9579,0.15);
#9579 = AXIS2_PLACEMENT_3D('',#9580,#9581,#9582);
#9580 = CARTESIAN_POINT('',(-6.443021107263,-50.8,161.4742793314));
#9581 = DIRECTION('',(0.,-1.,0.));
#9582 = DIRECTION('',(-0.64944804833,-0.,-0.7604059656));
#9583 = ADVANCED_FACE('',(#9584),#9602,.T.);
#9584 = FACE_BOUND('',#9585,.T.);
#9585 = EDGE_LOOP('',(#9586,#9594,#9600,#9601));
#9586 = ORIENTED_EDGE('',*,*,#9587,.F.);
#9587 = EDGE_CURVE('',#9588,#9563,#9590,.T.);
#9588 = VERTEX_POINT('',#9589);
#9589 = CARTESIAN_POINT('',(-6.961035775772,-50.7,161.74901473056));
#9590 = LINE('',#9591,#9592);
#9591 = CARTESIAN_POINT('',(-6.855886410457,-50.7,161.65181565706));
#9592 = VECTOR('',#9593,1.);
#9593 = DIRECTION('',(0.734322509436,0.,-0.678800745533));
#9594 = ORIENTED_EDGE('',*,*,#9595,.T.);
#9595 = EDGE_CURVE('',#9588,#3712,#9596,.T.);
#9596 = LINE('',#9597,#9598);
#9597 = CARTESIAN_POINT('',(-6.961035775772,-50.8,161.74901473056));
#9598 = VECTOR('',#9599,1.);
#9599 = DIRECTION('',(0.,1.,0.));
#9600 = ORIENTED_EDGE('',*,*,#3720,.T.);
#9601 = ORIENTED_EDGE('',*,*,#9571,.F.);
#9602 = PLANE('',#9603);
#9603 = AXIS2_PLACEMENT_3D('',#9604,#9605,#9606);
#9604 = CARTESIAN_POINT('',(-6.961035775772,-50.8,161.74901473056));
#9605 = DIRECTION('',(-0.678800745533,0.,-0.734322509436));
#9606 = DIRECTION('',(0.734322509436,0.,-0.678800745533));
#9607 = ADVANCED_FACE('',(#9608),#9627,.T.);
#9608 = FACE_BOUND('',#9609,.T.);
#9609 = EDGE_LOOP('',(#9610,#9619,#9625,#9626));
#9610 = ORIENTED_EDGE('',*,*,#9611,.F.);
#9611 = EDGE_CURVE('',#9612,#9588,#9614,.T.);
#9612 = VERTEX_POINT('',#9613);
#9613 = CARTESIAN_POINT('',(-6.961035775772,-50.7,161.96114676492));
#9614 = CIRCLE('',#9615,0.15);
#9615 = AXIS2_PLACEMENT_3D('',#9616,#9617,#9618);
#9616 = CARTESIAN_POINT('',(-6.854969758593,-50.7,161.85508074774));
#9617 = DIRECTION('',(0.,-1.,-0.));
#9618 = DIRECTION('',(-0.707106781187,-0.,0.707106781186));
#9619 = ORIENTED_EDGE('',*,*,#9620,.T.);
#9620 = EDGE_CURVE('',#9612,#3703,#9621,.T.);
#9621 = LINE('',#9622,#9623);
#9622 = CARTESIAN_POINT('',(-6.961035775772,-50.8,161.96114676492));
#9623 = VECTOR('',#9624,1.);
#9624 = DIRECTION('',(0.,1.,0.));
#9625 = ORIENTED_EDGE('',*,*,#3711,.T.);
#9626 = ORIENTED_EDGE('',*,*,#9595,.F.);
#9627 = CYLINDRICAL_SURFACE('',#9628,0.15);
#9628 = AXIS2_PLACEMENT_3D('',#9629,#9630,#9631);
#9629 = CARTESIAN_POINT('',(-6.854969758593,-50.8,161.85508074774));
#9630 = DIRECTION('',(0.,-1.,-0.));
#9631 = DIRECTION('',(-0.707106781187,-0.,0.707106781186));
#9632 = ADVANCED_FACE('',(#9633),#9652,.F.);
#9633 = FACE_BOUND('',#9634,.T.);
#9634 = EDGE_LOOP('',(#9635,#9636,#9645,#9651));
#9635 = ORIENTED_EDGE('',*,*,#9620,.F.);
#9636 = ORIENTED_EDGE('',*,*,#9637,.T.);
#9637 = EDGE_CURVE('',#9612,#9638,#9640,.T.);
#9638 = VERTEX_POINT('',#9639);
#9639 = CARTESIAN_POINT('',(-6.808282747847,-50.7,162.30336848382));
#9640 = CIRCLE('',#9641,1.469292842572);
#9641 = AXIS2_PLACEMENT_3D('',#9642,#9643,#9644);
#9642 = CARTESIAN_POINT('',(-8.215406168008,-50.7,162.72624569729));
#9643 = DIRECTION('',(0.,-1.,-0.));
#9644 = DIRECTION('',(0.957687521092,0.,-0.287810027525));
#9645 = ORIENTED_EDGE('',*,*,#9646,.T.);
#9646 = EDGE_CURVE('',#9638,#3694,#9647,.T.);
#9647 = LINE('',#9648,#9649);
#9648 = CARTESIAN_POINT('',(-6.808282747847,-50.8,162.30336848382));
#9649 = VECTOR('',#9650,1.);
#9650 = DIRECTION('',(0.,1.,0.));
#9651 = ORIENTED_EDGE('',*,*,#3702,.F.);
#9652 = CYLINDRICAL_SURFACE('',#9653,1.469292842572);
#9653 = AXIS2_PLACEMENT_3D('',#9654,#9655,#9656);
#9654 = CARTESIAN_POINT('',(-8.215406168008,-50.8,162.72624569729));
#9655 = DIRECTION('',(-0.,-1.,-0.));
#9656 = DIRECTION('',(0.957687521092,0.,-0.287810027525));
#9657 = ADVANCED_FACE('',(#9658),#9677,.F.);
#9658 = FACE_BOUND('',#9659,.T.);
#9659 = EDGE_LOOP('',(#9660,#9661,#9670,#9676));
#9660 = ORIENTED_EDGE('',*,*,#9646,.F.);
#9661 = ORIENTED_EDGE('',*,*,#9662,.T.);
#9662 = EDGE_CURVE('',#9638,#9663,#9665,.T.);
#9663 = VERTEX_POINT('',#9664);
#9664 = CARTESIAN_POINT('',(-7.396631516171,-50.7,162.89171725215));
#9665 = CIRCLE('',#9666,0.471154273188);
#9666 = AXIS2_PLACEMENT_3D('',#9667,#9668,#9669);
#9667 = CARTESIAN_POINT('',(-7.258836818268,-50.7,162.44116318173));
#9668 = DIRECTION('',(-0.,-1.,0.));
#9669 = DIRECTION('',(-0.29246195088,0.,0.956277160287));
#9670 = ORIENTED_EDGE('',*,*,#9671,.T.);
#9671 = EDGE_CURVE('',#9663,#3685,#9672,.T.);
#9672 = LINE('',#9673,#9674);
#9673 = CARTESIAN_POINT('',(-7.396631516171,-50.8,162.89171725215));
#9674 = VECTOR('',#9675,1.);
#9675 = DIRECTION('',(0.,1.,0.));
#9676 = ORIENTED_EDGE('',*,*,#3693,.F.);
#9677 = CYLINDRICAL_SURFACE('',#9678,0.471154273188);
#9678 = AXIS2_PLACEMENT_3D('',#9679,#9680,#9681);
#9679 = CARTESIAN_POINT('',(-7.258836818268,-50.8,162.44116318173));
#9680 = DIRECTION('',(-0.,-1.,-0.));
#9681 = DIRECTION('',(-0.29246195088,0.,0.956277160287));
#9682 = ADVANCED_FACE('',(#9683),#9702,.F.);
#9683 = FACE_BOUND('',#9684,.T.);
#9684 = EDGE_LOOP('',(#9685,#9686,#9695,#9701));
#9685 = ORIENTED_EDGE('',*,*,#9671,.F.);
#9686 = ORIENTED_EDGE('',*,*,#9687,.T.);
#9687 = EDGE_CURVE('',#9663,#9688,#9690,.T.);
#9688 = VERTEX_POINT('',#9689);
#9689 = CARTESIAN_POINT('',(-7.738853235077,-50.7,162.73896422422));
#9690 = CIRCLE('',#9691,1.469292842571);
#9691 = AXIS2_PLACEMENT_3D('',#9692,#9693,#9694);
#9692 = CARTESIAN_POINT('',(-6.973754302708,-50.7,161.48459383199));
#9693 = DIRECTION('',(-0.,-1.,0.));
#9694 = DIRECTION('',(-0.520725964356,0.,0.853723883961));
#9695 = ORIENTED_EDGE('',*,*,#9696,.T.);
#9696 = EDGE_CURVE('',#9688,#3676,#9697,.T.);
#9697 = LINE('',#9698,#9699);
#9698 = CARTESIAN_POINT('',(-7.738853235077,-50.8,162.73896422422));
#9699 = VECTOR('',#9700,1.);
#9700 = DIRECTION('',(0.,1.,0.));
#9701 = ORIENTED_EDGE('',*,*,#3684,.F.);
#9702 = CYLINDRICAL_SURFACE('',#9703,1.469292842571);
#9703 = AXIS2_PLACEMENT_3D('',#9704,#9705,#9706);
#9704 = CARTESIAN_POINT('',(-6.973754302708,-50.8,161.48459383199));
#9705 = DIRECTION('',(-0.,-1.,-0.));
#9706 = DIRECTION('',(-0.520725964356,0.,0.853723883961));
#9707 = ADVANCED_FACE('',(#9708),#9727,.T.);
#9708 = FACE_BOUND('',#9709,.T.);
#9709 = EDGE_LOOP('',(#9710,#9719,#9725,#9726));
#9710 = ORIENTED_EDGE('',*,*,#9711,.F.);
#9711 = EDGE_CURVE('',#9712,#9688,#9714,.T.);
#9712 = VERTEX_POINT('',#9713);
#9713 = CARTESIAN_POINT('',(-7.950985269433,-50.7,162.73896422422));
#9714 = CIRCLE('',#9715,0.15);
#9715 = AXIS2_PLACEMENT_3D('',#9716,#9717,#9718);
#9716 = CARTESIAN_POINT('',(-7.844919252255,-50.7,162.8450302414));
#9717 = DIRECTION('',(0.,-1.,0.));
#9718 = DIRECTION('',(-0.707106781187,-0.,-0.707106781186));
#9719 = ORIENTED_EDGE('',*,*,#9720,.T.);
#9720 = EDGE_CURVE('',#9712,#3668,#9721,.T.);
#9721 = LINE('',#9722,#9723);
#9722 = CARTESIAN_POINT('',(-7.950985269433,-50.8,162.73896422422));
#9723 = VECTOR('',#9724,1.);
#9724 = DIRECTION('',(0.,1.,0.));
#9725 = ORIENTED_EDGE('',*,*,#3675,.T.);
#9726 = ORIENTED_EDGE('',*,*,#9696,.F.);
#9727 = CYLINDRICAL_SURFACE('',#9728,0.15);
#9728 = AXIS2_PLACEMENT_3D('',#9729,#9730,#9731);
#9729 = CARTESIAN_POINT('',(-7.844919252255,-50.8,162.8450302414));
#9730 = DIRECTION('',(0.,-1.,0.));
#9731 = DIRECTION('',(-0.707106781187,-0.,-0.707106781186));
#9732 = ADVANCED_FACE('',(#9733),#9751,.T.);
#9733 = FACE_BOUND('',#9734,.T.);
#9734 = EDGE_LOOP('',(#9735,#9743,#9749,#9750));
#9735 = ORIENTED_EDGE('',*,*,#9736,.F.);
#9736 = EDGE_CURVE('',#9737,#9712,#9739,.T.);
#9737 = VERTEX_POINT('',#9738);
#9738 = CARTESIAN_POINT('',(-8.339781563436,-50.7,163.15956168548));
#9739 = LINE('',#9740,#9741);
#9740 = CARTESIAN_POINT('',(-8.242582489935,-50.7,163.05441232017));
#9741 = VECTOR('',#9742,1.);
#9742 = DIRECTION('',(0.678800745533,0.,-0.734322509436));
#9743 = ORIENTED_EDGE('',*,*,#9744,.T.);
#9744 = EDGE_CURVE('',#9737,#3659,#9745,.T.);
#9745 = LINE('',#9746,#9747);
#9746 = CARTESIAN_POINT('',(-8.339781563436,-50.8,163.15956168548));
#9747 = VECTOR('',#9748,1.);
#9748 = DIRECTION('',(0.,1.,0.));
#9749 = ORIENTED_EDGE('',*,*,#3667,.T.);
#9750 = ORIENTED_EDGE('',*,*,#9720,.F.);
#9751 = PLANE('',#9752);
#9752 = AXIS2_PLACEMENT_3D('',#9753,#9754,#9755);
#9753 = CARTESIAN_POINT('',(-8.339781563436,-50.8,163.15956168548));
#9754 = DIRECTION('',(-0.734322509436,0.,-0.678800745533));
#9755 = DIRECTION('',(0.678800745533,0.,-0.734322509436));
#9756 = ADVANCED_FACE('',(#9757),#9776,.T.);
#9757 = FACE_BOUND('',#9758,.T.);
#9758 = EDGE_LOOP('',(#9759,#9768,#9774,#9775));
#9759 = ORIENTED_EDGE('',*,*,#9760,.F.);
#9760 = EDGE_CURVE('',#9761,#9737,#9763,.T.);
#9761 = VERTEX_POINT('',#9762);
#9762 = CARTESIAN_POINT('',(-8.323137875846,-50.7,163.37103978757));
#9763 = CIRCLE('',#9764,0.15);
#9764 = AXIS2_PLACEMENT_3D('',#9765,#9766,#9767);
#9765 = CARTESIAN_POINT('',(-8.225720668596,-50.7,163.25697889273));
#9766 = DIRECTION('',(0.,-1.,-0.));
#9767 = DIRECTION('',(-0.64944804833,-0.,0.7604059656));
#9768 = ORIENTED_EDGE('',*,*,#9769,.T.);
#9769 = EDGE_CURVE('',#9761,#3650,#9770,.T.);
#9770 = LINE('',#9771,#9772);
#9771 = CARTESIAN_POINT('',(-8.323137875846,-50.8,163.37103978757));
#9772 = VECTOR('',#9773,1.);
#9773 = DIRECTION('',(0.,1.,0.));
#9774 = ORIENTED_EDGE('',*,*,#3658,.T.);
#9775 = ORIENTED_EDGE('',*,*,#9744,.F.);
#9776 = CYLINDRICAL_SURFACE('',#9777,0.15);
#9777 = AXIS2_PLACEMENT_3D('',#9778,#9779,#9780);
#9778 = CARTESIAN_POINT('',(-8.225720668596,-50.8,163.25697889273));
#9779 = DIRECTION('',(0.,-1.,-0.));
#9780 = DIRECTION('',(-0.64944804833,-0.,0.7604059656));
#9781 = ADVANCED_FACE('',(#9782),#9801,.F.);
#9782 = FACE_BOUND('',#9783,.T.);
#9783 = EDGE_LOOP('',(#9784,#9785,#9794,#9800));
#9784 = ORIENTED_EDGE('',*,*,#9769,.F.);
#9785 = ORIENTED_EDGE('',*,*,#9786,.T.);
#9786 = EDGE_CURVE('',#9761,#9787,#9789,.T.);
#9787 = VERTEX_POINT('',#9788);
#9788 = CARTESIAN_POINT('',(-8.144005327924,-50.7,163.70022168669));
#9789 = CIRCLE('',#9790,1.469292842573);
#9790 = AXIS2_PLACEMENT_3D('',#9791,#9792,#9793);
#9791 = CARTESIAN_POINT('',(-9.513612492413,-50.7,164.23219694196));
#9792 = DIRECTION('',(0.,-1.,-0.));
#9793 = DIRECTION('',(0.932153975576,0.,-0.362062102157));
#9794 = ORIENTED_EDGE('',*,*,#9795,.T.);
#9795 = EDGE_CURVE('',#9787,#3641,#9796,.T.);
#9796 = LINE('',#9797,#9798);
#9797 = CARTESIAN_POINT('',(-8.144005327924,-50.8,163.70022168669));
#9798 = VECTOR('',#9799,1.);
#9799 = DIRECTION('',(0.,1.,0.));
#9800 = ORIENTED_EDGE('',*,*,#3649,.F.);
#9801 = CYLINDRICAL_SURFACE('',#9802,1.469292842573);
#9802 = AXIS2_PLACEMENT_3D('',#9803,#9804,#9805);
#9803 = CARTESIAN_POINT('',(-9.513612492413,-50.8,164.23219694196));
#9804 = DIRECTION('',(-0.,-1.,-0.));
#9805 = DIRECTION('',(0.932153975576,0.,-0.362062102157));
#9806 = ADVANCED_FACE('',(#9807),#9826,.F.);
#9807 = FACE_BOUND('',#9808,.T.);
#9808 = EDGE_LOOP('',(#9809,#9810,#9819,#9825));
#9809 = ORIENTED_EDGE('',*,*,#9795,.F.);
#9810 = ORIENTED_EDGE('',*,*,#9811,.T.);
#9811 = EDGE_CURVE('',#9787,#9812,#9814,.T.);
#9812 = VERTEX_POINT('',#9813);
#9813 = CARTESIAN_POINT('',(-8.684379101011,-50.7,164.33291808445));
#9814 = CIRCLE('',#9815,0.471154273188);
#9815 = AXIS2_PLACEMENT_3D('',#9816,#9817,#9818);
#9816 = CARTESIAN_POINT('',(-8.582359243117,-50.7,163.87294167447));
#9817 = DIRECTION('',(-0.,-1.,0.));
#9818 = DIRECTION('',(-0.216531747029,0.,0.976275577144));
#9819 = ORIENTED_EDGE('',*,*,#9820,.T.);
#9820 = EDGE_CURVE('',#9812,#3632,#9821,.T.);
#9821 = LINE('',#9822,#9823);
#9822 = CARTESIAN_POINT('',(-8.684379101011,-50.8,164.33291808445));
#9823 = VECTOR('',#9824,1.);
#9824 = DIRECTION('',(0.,1.,0.));
#9825 = ORIENTED_EDGE('',*,*,#3640,.F.);
#9826 = CYLINDRICAL_SURFACE('',#9827,0.471154273188);
#9827 = AXIS2_PLACEMENT_3D('',#9828,#9829,#9830);
#9828 = CARTESIAN_POINT('',(-8.582359243117,-50.8,163.87294167447));
#9829 = DIRECTION('',(-0.,-1.,-0.));
#9830 = DIRECTION('',(-0.216531747029,0.,0.976275577144));
#9831 = ADVANCED_FACE('',(#9832),#9851,.F.);
#9832 = FACE_BOUND('',#9833,.T.);
#9833 = EDGE_LOOP('',(#9834,#9835,#9844,#9850));
#9834 = ORIENTED_EDGE('',*,*,#9820,.F.);
#9835 = ORIENTED_EDGE('',*,*,#9836,.T.);
#9836 = EDGE_CURVE('',#9812,#9837,#9839,.T.);
#9837 = VERTEX_POINT('',#9838);
#9838 = CARTESIAN_POINT('',(-9.037530729009,-50.7,164.20748634973));
#9839 = CIRCLE('',#9840,1.469292842573);
#9840 = AXIS2_PLACEMENT_3D('',#9841,#9842,#9843);
#9841 = CARTESIAN_POINT('',(-8.373207107992,-50.7,162.89695379241));
#9842 = DIRECTION('',(-0.,-1.,0.));
#9843 = DIRECTION('',(-0.452138336054,0.,0.891947826428));
#9844 = ORIENTED_EDGE('',*,*,#9845,.T.);
#9845 = EDGE_CURVE('',#9837,#3623,#9846,.T.);
#9846 = LINE('',#9847,#9848);
#9847 = CARTESIAN_POINT('',(-9.037530729009,-50.8,164.20748634973));
#9848 = VECTOR('',#9849,1.);
#9849 = DIRECTION('',(0.,1.,0.));
#9850 = ORIENTED_EDGE('',*,*,#3631,.F.);
#9851 = CYLINDRICAL_SURFACE('',#9852,1.469292842573);
#9852 = AXIS2_PLACEMENT_3D('',#9853,#9854,#9855);
#9853 = CARTESIAN_POINT('',(-8.373207107992,-50.8,162.89695379241));
#9854 = DIRECTION('',(-0.,-1.,-0.));
#9855 = DIRECTION('',(-0.452138336054,0.,0.891947826428));
#9856 = ADVANCED_FACE('',(#9857),#9876,.T.);
#9857 = FACE_BOUND('',#9858,.T.);
#9858 = EDGE_LOOP('',(#9859,#9868,#9874,#9875));
#9859 = ORIENTED_EDGE('',*,*,#9860,.F.);
#9860 = EDGE_CURVE('',#9861,#9837,#9863,.T.);
#9861 = VERTEX_POINT('',#9862);
#9862 = CARTESIAN_POINT('',(-9.249008831098,-50.7,164.22413003732));
#9863 = CIRCLE('',#9864,0.15);
#9864 = AXIS2_PLACEMENT_3D('',#9865,#9866,#9867);
#9865 = CARTESIAN_POINT('',(-9.134947936258,-50.7,164.32154724457));
#9866 = DIRECTION('',(0.,-1.,0.));
#9867 = DIRECTION('',(-0.7604059656,-0.,-0.64944804833));
#9868 = ORIENTED_EDGE('',*,*,#9869,.T.);
#9869 = EDGE_CURVE('',#9861,#3615,#9870,.T.);
#9870 = LINE('',#9871,#9872);
#9871 = CARTESIAN_POINT('',(-9.249008831098,-50.8,164.22413003732));
#9872 = VECTOR('',#9873,1.);
#9873 = DIRECTION('',(0.,1.,0.));
#9874 = ORIENTED_EDGE('',*,*,#3622,.T.);
#9875 = ORIENTED_EDGE('',*,*,#9845,.F.);
#9876 = CYLINDRICAL_SURFACE('',#9877,0.15);
#9877 = AXIS2_PLACEMENT_3D('',#9878,#9879,#9880);
#9878 = CARTESIAN_POINT('',(-9.134947936258,-50.8,164.32154724457));
#9879 = DIRECTION('',(0.,-1.,0.));
#9880 = DIRECTION('',(-0.7604059656,-0.,-0.64944804833));
#9881 = ADVANCED_FACE('',(#9882),#9900,.T.);
#9882 = FACE_BOUND('',#9883,.T.);
#9883 = EDGE_LOOP('',(#9884,#9892,#9898,#9899));
#9884 = ORIENTED_EDGE('',*,*,#9885,.F.);
#9885 = EDGE_CURVE('',#9886,#9861,#9888,.T.);
#9886 = VERTEX_POINT('',#9887);
#9887 = CARTESIAN_POINT('',(-9.603606899406,-50.7,164.67393554263));
#9888 = LINE('',#9889,#9890);
#9889 = CARTESIAN_POINT('',(-9.514957382329,-50.7,164.5614841663));
#9890 = VECTOR('',#9891,1.);
#9891 = DIRECTION('',(0.61909394931,0.,-0.785316930881));
#9892 = ORIENTED_EDGE('',*,*,#9893,.T.);
#9893 = EDGE_CURVE('',#9886,#3606,#9894,.T.);
#9894 = LINE('',#9895,#9896);
#9895 = CARTESIAN_POINT('',(-9.603606899406,-50.8,164.67393554263));
#9896 = VECTOR('',#9897,1.);
#9897 = DIRECTION('',(0.,1.,0.));
#9898 = ORIENTED_EDGE('',*,*,#3614,.T.);
#9899 = ORIENTED_EDGE('',*,*,#9869,.F.);
#9900 = PLANE('',#9901);
#9901 = AXIS2_PLACEMENT_3D('',#9902,#9903,#9904);
#9902 = CARTESIAN_POINT('',(-9.603606899406,-50.8,164.67393554263));
#9903 = DIRECTION('',(-0.785316930881,0.,-0.61909394931));
#9904 = DIRECTION('',(0.61909394931,0.,-0.785316930881));
#9905 = ADVANCED_FACE('',(#9906),#9925,.T.);
#9906 = FACE_BOUND('',#9907,.T.);
#9907 = EDGE_LOOP('',(#9908,#9917,#9923,#9924));
#9908 = ORIENTED_EDGE('',*,*,#9909,.F.);
#9909 = EDGE_CURVE('',#9910,#9886,#9912,.T.);
#9910 = VERTEX_POINT('',#9911);
#9911 = CARTESIAN_POINT('',(-9.570422138094,-50.7,164.88345587963));
#9912 = CIRCLE('',#9913,0.15);
#9913 = AXIS2_PLACEMENT_3D('',#9914,#9915,#9916);
#9914 = CARTESIAN_POINT('',(-9.48225435025,-50.7,164.76210333047));
#9915 = DIRECTION('',(0.,-1.,-0.));
#9916 = DIRECTION('',(-0.587785252293,-0.,0.809016994375));
#9917 = ORIENTED_EDGE('',*,*,#9918,.T.);
#9918 = EDGE_CURVE('',#9910,#3597,#9919,.T.);
#9919 = LINE('',#9920,#9921);
#9920 = CARTESIAN_POINT('',(-9.570422138094,-50.8,164.88345587963));
#9921 = VECTOR('',#9922,1.);
#9922 = DIRECTION('',(0.,1.,0.));
#9923 = ORIENTED_EDGE('',*,*,#3605,.T.);
#9924 = ORIENTED_EDGE('',*,*,#9893,.F.);
#9925 = CYLINDRICAL_SURFACE('',#9926,0.15);
#9926 = AXIS2_PLACEMENT_3D('',#9927,#9928,#9929);
#9927 = CARTESIAN_POINT('',(-9.48225435025,-50.8,164.76210333047));
#9928 = DIRECTION('',(0.,-1.,-0.));
#9929 = DIRECTION('',(-0.587785252293,-0.,0.809016994375));
#9930 = ADVANCED_FACE('',(#9931),#9950,.F.);
#9931 = FACE_BOUND('',#9932,.T.);
#9932 = EDGE_LOOP('',(#9933,#9934,#9943,#9949));
#9933 = ORIENTED_EDGE('',*,*,#9918,.F.);
#9934 = ORIENTED_EDGE('',*,*,#9935,.T.);
#9935 = EDGE_CURVE('',#9910,#9936,#9938,.T.);
#9936 = VERTEX_POINT('',#9937);
#9937 = CARTESIAN_POINT('',(-9.3660144819,-50.7,165.19756844308));
#9938 = CIRCLE('',#9939,1.469292842572);
#9939 = AXIS2_PLACEMENT_3D('',#9940,#9941,#9942);
#9940 = CARTESIAN_POINT('',(-10.6896613071,-50.7,165.8353619358));
#9941 = DIRECTION('',(0.,-1.,-0.));
#9942 = DIRECTION('',(0.900873390827,0.,-0.434081943531));
#9943 = ORIENTED_EDGE('',*,*,#9944,.T.);
#9944 = EDGE_CURVE('',#9936,#3588,#9945,.T.);
#9945 = LINE('',#9946,#9947);
#9946 = CARTESIAN_POINT('',(-9.3660144819,-50.8,165.19756844308));
#9947 = VECTOR('',#9948,1.);
#9948 = DIRECTION('',(0.,1.,0.));
#9949 = ORIENTED_EDGE('',*,*,#3596,.F.);
#9950 = CYLINDRICAL_SURFACE('',#9951,1.469292842572);
#9951 = AXIS2_PLACEMENT_3D('',#9952,#9953,#9954);
#9952 = CARTESIAN_POINT('',(-10.6896613071,-50.8,165.8353619358));
#9953 = DIRECTION('',(-0.,-1.,-0.));
#9954 = DIRECTION('',(0.900873390827,0.,-0.434081943531));
#9955 = ADVANCED_FACE('',(#9956),#9975,.F.);
#9956 = FACE_BOUND('',#9957,.T.);
#9957 = EDGE_LOOP('',(#9958,#9959,#9968,#9974));
#9958 = ORIENTED_EDGE('',*,*,#9944,.F.);
#9959 = ORIENTED_EDGE('',*,*,#9960,.T.);
#9960 = EDGE_CURVE('',#9936,#9961,#9963,.T.);
#9961 = VERTEX_POINT('',#9962);
#9962 = CARTESIAN_POINT('',(-9.855081675747,-50.7,165.87071168659));
#9963 = CIRCLE('',#9964,0.471154273188);
#9964 = AXIS2_PLACEMENT_3D('',#9965,#9966,#9967);
#9965 = CARTESIAN_POINT('',(-9.789465644211,-50.7,165.40414884457));
#9966 = DIRECTION('',(-0.,-1.,0.));
#9967 = DIRECTION('',(-0.139266552953,0.,0.990254930424));
#9968 = ORIENTED_EDGE('',*,*,#9969,.T.);
#9969 = EDGE_CURVE('',#9961,#3579,#9970,.T.);
#9970 = LINE('',#9971,#9972);
#9971 = CARTESIAN_POINT('',(-9.855081675747,-50.8,165.87071168659));
#9972 = VECTOR('',#9973,1.);
#9973 = DIRECTION('',(0.,1.,0.));
#9974 = ORIENTED_EDGE('',*,*,#3587,.F.);
#9975 = CYLINDRICAL_SURFACE('',#9976,0.471154273188);
#9976 = AXIS2_PLACEMENT_3D('',#9977,#9978,#9979);
#9977 = CARTESIAN_POINT('',(-9.789465644211,-50.8,165.40414884457));
#9978 = DIRECTION('',(-0.,-1.,-0.));
#9979 = DIRECTION('',(-0.139266552953,0.,0.990254930424));
#9980 = ADVANCED_FACE('',(#9981),#10000,.F.);
#9981 = FACE_BOUND('',#9982,.T.);
#9982 = EDGE_LOOP('',(#9983,#9984,#9993,#9999));
#9983 = ORIENTED_EDGE('',*,*,#9969,.F.);
#9984 = ORIENTED_EDGE('',*,*,#9985,.T.);
#9985 = EDGE_CURVE('',#9961,#9986,#9988,.T.);
#9986 = VERTEX_POINT('',#9987);
#9987 = CARTESIAN_POINT('',(-10.21698591561,-50.7,165.77337457344));
#9988 = CIRCLE('',#9989,1.469292842572);
#9989 = AXIS2_PLACEMENT_3D('',#9990,#9991,#9992);
#9990 = CARTESIAN_POINT('',(-9.657533381984,-50.7,164.41475972005));
#9991 = DIRECTION('',(-0.,-1.,0.));
#9992 = DIRECTION('',(-0.38076312456,0.,0.924672613943));
#9993 = ORIENTED_EDGE('',*,*,#9994,.T.);
#9994 = EDGE_CURVE('',#9986,#3570,#9995,.T.);
#9995 = LINE('',#9996,#9997);
#9996 = CARTESIAN_POINT('',(-10.21698591561,-50.8,165.77337457344));
#9997 = VECTOR('',#9998,1.);
#9998 = DIRECTION('',(0.,1.,0.));
#9999 = ORIENTED_EDGE('',*,*,#3578,.F.);
#10000 = CYLINDRICAL_SURFACE('',#10001,1.469292842572);
#10001 = AXIS2_PLACEMENT_3D('',#10002,#10003,#10004);
#10002 = CARTESIAN_POINT('',(-9.657533381984,-50.8,164.41475972005));
#10003 = DIRECTION('',(-0.,-1.,-0.));
#10004 = DIRECTION('',(-0.38076312456,0.,0.924672613943));
#10005 = ADVANCED_FACE('',(#10006),#10025,.T.);
#10006 = FACE_BOUND('',#10007,.T.);
#10007 = EDGE_LOOP('',(#10008,#10017,#10023,#10024));
#10008 = ORIENTED_EDGE('',*,*,#10009,.F.);
#10009 = EDGE_CURVE('',#10010,#9986,#10012,.T.);
#10010 = VERTEX_POINT('',#10011);
#10011 = CARTESIAN_POINT('',(-10.42650625261,-50.7,165.80655933475));
#10012 = CIRCLE('',#10013,0.15);
#10013 = AXIS2_PLACEMENT_3D('',#10014,#10015,#10016);
#10014 = CARTESIAN_POINT('',(-10.30515370345,-50.7,165.8947271226));
#10015 = DIRECTION('',(0.,-1.,0.));
#10016 = DIRECTION('',(-0.809016994375,-0.,-0.587785252293));
#10017 = ORIENTED_EDGE('',*,*,#10018,.T.);
#10018 = EDGE_CURVE('',#10010,#3562,#10019,.T.);
#10019 = LINE('',#10020,#10021);
#10020 = CARTESIAN_POINT('',(-10.42650625261,-50.8,165.80655933475));
#10021 = VECTOR('',#10022,1.);
#10022 = DIRECTION('',(0.,1.,0.));
#10023 = ORIENTED_EDGE('',*,*,#3569,.T.);
#10024 = ORIENTED_EDGE('',*,*,#9994,.F.);
#10025 = CYLINDRICAL_SURFACE('',#10026,0.15);
#10026 = AXIS2_PLACEMENT_3D('',#10027,#10028,#10029);
#10027 = CARTESIAN_POINT('',(-10.30515370345,-50.8,165.8947271226));
#10028 = DIRECTION('',(0.,-1.,0.));
#10029 = DIRECTION('',(-0.809016994375,-0.,-0.587785252293));
#10030 = ADVANCED_FACE('',(#10031),#10049,.T.);
#10031 = FACE_BOUND('',#10032,.T.);
#10032 = EDGE_LOOP('',(#10033,#10041,#10047,#10048));
#10033 = ORIENTED_EDGE('',*,*,#10034,.F.);
#10034 = EDGE_CURVE('',#10035,#10010,#10037,.T.);
#10035 = VERTEX_POINT('',#10036);
#10036 = CARTESIAN_POINT('',(-10.74471988022,-50.7,166.28279968358));
#10037 = LINE('',#10038,#10039);
#10038 = CARTESIAN_POINT('',(-10.66516647331,-50.7,166.16373959638));
#10039 = VECTOR('',#10040,1.);
#10040 = DIRECTION('',(0.55557023302,0.,-0.831469612303));
#10041 = ORIENTED_EDGE('',*,*,#10042,.T.);
#10042 = EDGE_CURVE('',#10035,#3553,#10043,.T.);
#10043 = LINE('',#10044,#10045);
#10044 = CARTESIAN_POINT('',(-10.74471988022,-50.8,166.28279968358));
#10045 = VECTOR('',#10046,1.);
#10046 = DIRECTION('',(0.,1.,0.));
#10047 = ORIENTED_EDGE('',*,*,#3561,.T.);
#10048 = ORIENTED_EDGE('',*,*,#10018,.F.);
#10049 = PLANE('',#10050);
#10050 = AXIS2_PLACEMENT_3D('',#10051,#10052,#10053);
#10051 = CARTESIAN_POINT('',(-10.74471988022,-50.8,166.28279968358));
#10052 = DIRECTION('',(-0.831469612303,0.,-0.55557023302));
#10053 = DIRECTION('',(0.55557023302,0.,-0.831469612303));
#10054 = ADVANCED_FACE('',(#10055),#10074,.T.);
#10055 = FACE_BOUND('',#10056,.T.);
#10056 = EDGE_LOOP('',(#10057,#10066,#10072,#10073));
#10057 = ORIENTED_EDGE('',*,*,#10058,.F.);
#10058 = EDGE_CURVE('',#10059,#10035,#10061,.T.);
#10059 = VERTEX_POINT('',#10060);
#10060 = CARTESIAN_POINT('',(-10.69519864027,-50.7,166.48907049294));
#10061 = CIRCLE('',#10062,0.15);
#10062 = AXIS2_PLACEMENT_3D('',#10063,#10064,#10065);
#10063 = CARTESIAN_POINT('',(-10.61682385556,-50.7,166.36117446829));
#10064 = DIRECTION('',(0.,-1.,-0.));
#10065 = DIRECTION('',(-0.522498564716,-0.,0.852640164354));
#10066 = ORIENTED_EDGE('',*,*,#10067,.T.);
#10067 = EDGE_CURVE('',#10059,#3544,#10068,.T.);
#10068 = LINE('',#10069,#10070);
#10069 = CARTESIAN_POINT('',(-10.69519864027,-50.8,166.48907049294));
#10070 = VECTOR('',#10071,1.);
#10071 = DIRECTION('',(0.,1.,0.));
#10072 = ORIENTED_EDGE('',*,*,#3552,.T.);
#10073 = ORIENTED_EDGE('',*,*,#10042,.F.);
#10074 = CYLINDRICAL_SURFACE('',#10075,0.15);
#10075 = AXIS2_PLACEMENT_3D('',#10076,#10077,#10078);
#10076 = CARTESIAN_POINT('',(-10.61682385556,-50.8,166.36117446829));
#10077 = DIRECTION('',(0.,-1.,-0.));
#10078 = DIRECTION('',(-0.522498564716,-0.,0.852640164354));
#10079 = ADVANCED_FACE('',(#10080),#10099,.F.);
#10080 = FACE_BOUND('',#10081,.T.);
#10081 = EDGE_LOOP('',(#10082,#10083,#10092,#10098));
#10082 = ORIENTED_EDGE('',*,*,#10067,.F.);
#10083 = ORIENTED_EDGE('',*,*,#10084,.T.);
#10084 = EDGE_CURVE('',#10059,#10085,#10087,.T.);
#10085 = VERTEX_POINT('',#10086);
#10086 = CARTESIAN_POINT('',(-10.46677611698,-50.7,166.78617711233));
#10087 = CIRCLE('',#10088,1.469292842571);
#10088 = AXIS2_PLACEMENT_3D('',#10089,#10090,#10091);
#10089 = CARTESIAN_POINT('',(-11.73630188006,-50.7,167.52585663353));
#10090 = DIRECTION('',(0.,-1.,-0.));
#10091 = DIRECTION('',(0.864038622053,0.,-0.503425525376));
#10092 = ORIENTED_EDGE('',*,*,#10093,.T.);
#10093 = EDGE_CURVE('',#10085,#3535,#10094,.T.);
#10094 = LINE('',#10095,#10096);
#10095 = CARTESIAN_POINT('',(-10.46677611698,-50.8,166.78617711233));
#10096 = VECTOR('',#10097,1.);
#10097 = DIRECTION('',(0.,1.,0.));
#10098 = ORIENTED_EDGE('',*,*,#3543,.F.);
#10099 = CYLINDRICAL_SURFACE('',#10100,1.469292842571);
#10100 = AXIS2_PLACEMENT_3D('',#10101,#10102,#10103);
#10101 = CARTESIAN_POINT('',(-11.73630188006,-50.8,167.52585663353));
#10102 = DIRECTION('',(-0.,-1.,-0.));
#10103 = DIRECTION('',(0.864038622053,0.,-0.503425525376));
#10104 = ADVANCED_FACE('',(#10105),#10124,.F.);
#10105 = FACE_BOUND('',#10106,.T.);
#10106 = EDGE_LOOP('',(#10107,#10108,#10117,#10123));
#10107 = ORIENTED_EDGE('',*,*,#10093,.F.);
#10108 = ORIENTED_EDGE('',*,*,#10109,.T.);
#10109 = EDGE_CURVE('',#10085,#10110,#10112,.T.);
#10110 = VERTEX_POINT('',#10111);
#10111 = CARTESIAN_POINT('',(-10.9015214697,-50.7,167.49561704965));
#10112 = CIRCLE('',#10113,0.471154273188);
#10113 = AXIS2_PLACEMENT_3D('',#10114,#10115,#10116);
#10114 = CARTESIAN_POINT('',(-10.87271380918,-50.7,167.02534429067));
#10115 = DIRECTION('',(-0.,-1.,0.));
#10116 = DIRECTION('',(-6.11427342666E-02,0.,0.998129032764));
#10117 = ORIENTED_EDGE('',*,*,#10118,.T.);
#10118 = EDGE_CURVE('',#10110,#3526,#10119,.T.);
#10119 = LINE('',#10120,#10121);
#10120 = CARTESIAN_POINT('',(-10.9015214697,-50.8,167.49561704965));
#10121 = VECTOR('',#10122,1.);
#10122 = DIRECTION('',(0.,1.,0.));
#10123 = ORIENTED_EDGE('',*,*,#3534,.F.);
#10124 = CYLINDRICAL_SURFACE('',#10125,0.471154273188);
#10125 = AXIS2_PLACEMENT_3D('',#10126,#10127,#10128);
#10126 = CARTESIAN_POINT('',(-10.87271380918,-50.8,167.02534429067));
#10127 = DIRECTION('',(-0.,-1.,-0.));
#10128 = DIRECTION('',(-6.11427342666E-02,0.,0.998129032764));
#10129 = ADVANCED_FACE('',(#10130),#10149,.F.);
#10130 = FACE_BOUND('',#10131,.T.);
#10131 = EDGE_LOOP('',(#10132,#10133,#10142,#10148));
#10132 = ORIENTED_EDGE('',*,*,#10118,.F.);
#10133 = ORIENTED_EDGE('',*,*,#10134,.T.);
#10134 = EDGE_CURVE('',#10110,#10135,#10137,.T.);
#10135 = VERTEX_POINT('',#10136);
#10136 = CARTESIAN_POINT('',(-11.26994706146,-50.7,167.42697467373));
#10137 = CIRCLE('',#10138,1.469292842572);
#10138 = AXIS2_PLACEMENT_3D('',#10139,#10140,#10141);
#10139 = CARTESIAN_POINT('',(-10.81881482612,-50.7,166.02865383663));
#10140 = DIRECTION('',(-0.,-1.,0.));
#10141 = DIRECTION('',(-0.307040381786,0.,0.951696487307));
#10142 = ORIENTED_EDGE('',*,*,#10143,.T.);
#10143 = EDGE_CURVE('',#10135,#3517,#10144,.T.);
#10144 = LINE('',#10145,#10146);
#10145 = CARTESIAN_POINT('',(-11.26994706146,-50.8,167.42697467373));
#10146 = VECTOR('',#10147,1.);
#10147 = DIRECTION('',(0.,1.,0.));
#10148 = ORIENTED_EDGE('',*,*,#3525,.F.);
#10149 = CYLINDRICAL_SURFACE('',#10150,1.469292842572);
#10150 = AXIS2_PLACEMENT_3D('',#10151,#10152,#10153);
#10151 = CARTESIAN_POINT('',(-10.81881482612,-50.8,166.02865383663));
#10152 = DIRECTION('',(-0.,-1.,-0.));
#10153 = DIRECTION('',(-0.307040381786,0.,0.951696487307));
#10154 = ADVANCED_FACE('',(#10155),#10174,.T.);
#10155 = FACE_BOUND('',#10156,.T.);
#10156 = EDGE_LOOP('',(#10157,#10166,#10172,#10173));
#10157 = ORIENTED_EDGE('',*,*,#10158,.F.);
#10158 = EDGE_CURVE('',#10159,#10135,#10161,.T.);
#10159 = VERTEX_POINT('',#10160);
#10160 = CARTESIAN_POINT('',(-11.47621787082,-50.7,167.47649591368));
#10161 = CIRCLE('',#10162,0.15);
#10162 = AXIS2_PLACEMENT_3D('',#10163,#10164,#10165);
#10163 = CARTESIAN_POINT('',(-11.34832184616,-50.7,167.55487069839));
#10164 = DIRECTION('',(0.,-1.,0.));
#10165 = DIRECTION('',(-0.852640164354,-0.,-0.522498564716));
#10166 = ORIENTED_EDGE('',*,*,#10167,.T.);
#10167 = EDGE_CURVE('',#10159,#3509,#10168,.T.);
#10168 = LINE('',#10169,#10170);
#10169 = CARTESIAN_POINT('',(-11.47621787082,-50.8,167.47649591368));
#10170 = VECTOR('',#10171,1.);
#10171 = DIRECTION('',(0.,1.,0.));
#10172 = ORIENTED_EDGE('',*,*,#3516,.T.);
#10173 = ORIENTED_EDGE('',*,*,#10143,.F.);
#10174 = CYLINDRICAL_SURFACE('',#10175,0.15);
#10175 = AXIS2_PLACEMENT_3D('',#10176,#10177,#10178);
#10176 = CARTESIAN_POINT('',(-11.34832184616,-50.8,167.55487069839));
#10177 = DIRECTION('',(0.,-1.,0.));
#10178 = DIRECTION('',(-0.852640164354,-0.,-0.522498564716));
#10179 = ADVANCED_FACE('',(#10180),#10198,.T.);
#10180 = FACE_BOUND('',#10181,.T.);
#10181 = EDGE_LOOP('',(#10182,#10190,#10196,#10197));
#10182 = ORIENTED_EDGE('',*,*,#10183,.F.);
#10183 = EDGE_CURVE('',#10184,#10159,#10186,.T.);
#10184 = VERTEX_POINT('',#10185);
#10185 = CARTESIAN_POINT('',(-11.75608516489,-50.7,167.97623492592));
#10186 = LINE('',#10187,#10188);
#10187 = CARTESIAN_POINT('',(-11.68611834137,-50.7,167.85130017286));
#10188 = VECTOR('',#10189,1.);
#10189 = DIRECTION('',(0.488621241497,0.,-0.872496007073));
#10190 = ORIENTED_EDGE('',*,*,#10191,.T.);
#10191 = EDGE_CURVE('',#10184,#3500,#10192,.T.);
#10192 = LINE('',#10193,#10194);
#10193 = CARTESIAN_POINT('',(-11.75608516489,-50.8,167.97623492592));
#10194 = VECTOR('',#10195,1.);
#10195 = DIRECTION('',(0.,1.,0.));
#10196 = ORIENTED_EDGE('',*,*,#3508,.T.);
#10197 = ORIENTED_EDGE('',*,*,#10167,.F.);
#10198 = PLANE('',#10199);
#10199 = AXIS2_PLACEMENT_3D('',#10200,#10201,#10202);
#10200 = CARTESIAN_POINT('',(-11.75608516489,-50.8,167.97623492592));
#10201 = DIRECTION('',(-0.872496007073,0.,-0.488621241497));
#10202 = DIRECTION('',(0.488621241497,0.,-0.872496007073));
#10203 = ADVANCED_FACE('',(#10204),#10223,.T.);
#10204 = FACE_BOUND('',#10205,.T.);
#10205 = EDGE_LOOP('',(#10206,#10215,#10221,#10222));
#10206 = ORIENTED_EDGE('',*,*,#10207,.F.);
#10207 = EDGE_CURVE('',#10208,#10184,#10210,.T.);
#10208 = VERTEX_POINT('',#10209);
#10209 = CARTESIAN_POINT('',(-11.69053276122,-50.7,168.17798447951));
#10210 = CIRCLE('',#10211,0.15);
#10211 = AXIS2_PLACEMENT_3D('',#10212,#10213,#10214);
#10212 = CARTESIAN_POINT('',(-11.62243418626,-50.7,168.04433350088));
#10213 = DIRECTION('',(0.,-1.,-0.));
#10214 = DIRECTION('',(-0.45399049974,-0.,0.891006524188));
#10215 = ORIENTED_EDGE('',*,*,#10216,.T.);
#10216 = EDGE_CURVE('',#10208,#3491,#10217,.T.);
#10217 = LINE('',#10218,#10219);
#10218 = CARTESIAN_POINT('',(-11.69053276122,-50.8,168.17798447951));
#10219 = VECTOR('',#10220,1.);
#10220 = DIRECTION('',(0.,1.,0.));
#10221 = ORIENTED_EDGE('',*,*,#3499,.T.);
#10222 = ORIENTED_EDGE('',*,*,#10191,.F.);
#10223 = CYLINDRICAL_SURFACE('',#10224,0.15);
#10224 = AXIS2_PLACEMENT_3D('',#10225,#10226,#10227);
#10225 = CARTESIAN_POINT('',(-11.62243418626,-50.8,168.04433350088));
#10226 = DIRECTION('',(0.,-1.,-0.));
#10227 = DIRECTION('',(-0.45399049974,-0.,0.891006524188));
#10228 = ADVANCED_FACE('',(#10229),#10248,.F.);
#10229 = FACE_BOUND('',#10230,.T.);
#10230 = EDGE_LOOP('',(#10231,#10232,#10241,#10247));
#10231 = ORIENTED_EDGE('',*,*,#10216,.F.);
#10232 = ORIENTED_EDGE('',*,*,#10233,.T.);
#10233 = EDGE_CURVE('',#10208,#10234,#10236,.T.);
#10234 = VERTEX_POINT('',#10235);
#10235 = CARTESIAN_POINT('',(-11.43950367164,-50.7,168.45625339372));
#10236 = CIRCLE('',#10237,1.469292842571);
#10237 = AXIS2_PLACEMENT_3D('',#10238,#10239,#10240);
#10238 = CARTESIAN_POINT('',(-12.64708132412,-50.7,169.29325857319));
#10239 = DIRECTION('',(0.,-1.,-0.));
#10240 = DIRECTION('',(0.821876767853,0.,-0.569665321451));
#10241 = ORIENTED_EDGE('',*,*,#10242,.T.);
#10242 = EDGE_CURVE('',#10234,#3482,#10243,.T.);
#10243 = LINE('',#10244,#10245);
#10244 = CARTESIAN_POINT('',(-11.43950367164,-50.8,168.45625339372));
#10245 = VECTOR('',#10246,1.);
#10246 = DIRECTION('',(0.,1.,0.));
#10247 = ORIENTED_EDGE('',*,*,#3490,.F.);
#10248 = CYLINDRICAL_SURFACE('',#10249,1.469292842571);
#10249 = AXIS2_PLACEMENT_3D('',#10250,#10251,#10252);
#10250 = CARTESIAN_POINT('',(-12.64708132412,-50.8,169.29325857319));
#10251 = DIRECTION('',(-0.,-1.,-0.));
#10252 = DIRECTION('',(0.821876767853,0.,-0.569665321451));
#10253 = ADVANCED_FACE('',(#10254),#10273,.F.);
#10254 = FACE_BOUND('',#10255,.T.);
#10255 = EDGE_LOOP('',(#10256,#10257,#10266,#10272));
#10256 = ORIENTED_EDGE('',*,*,#10242,.F.);
#10257 = ORIENTED_EDGE('',*,*,#10258,.T.);
#10258 = EDGE_CURVE('',#10234,#10259,#10261,.T.);
#10259 = VERTEX_POINT('',#10260);
#10260 = CARTESIAN_POINT('',(-11.81724683358,-50.7,169.19761609172));
#10261 = CIRCLE('',#10262,0.471154273188);
#10262 = AXIS2_PLACEMENT_3D('',#10263,#10264,#10265);
#10263 = CARTESIAN_POINT('',(-11.82542515287,-50.7,168.72653280372));
#10264 = DIRECTION('',(-0.,-1.,0.));
#10265 = DIRECTION('',(1.735804970809E-02,-0.,0.999849337706));
#10266 = ORIENTED_EDGE('',*,*,#10267,.T.);
#10267 = EDGE_CURVE('',#10259,#3473,#10268,.T.);
#10268 = LINE('',#10269,#10270);
#10269 = CARTESIAN_POINT('',(-11.81724683358,-50.8,169.19761609172));
#10270 = VECTOR('',#10271,1.);
#10271 = DIRECTION('',(0.,1.,0.));
#10272 = ORIENTED_EDGE('',*,*,#3481,.F.);
#10273 = CYLINDRICAL_SURFACE('',#10274,0.471154273188);
#10274 = AXIS2_PLACEMENT_3D('',#10275,#10276,#10277);
#10275 = CARTESIAN_POINT('',(-11.82542515287,-50.8,168.72653280372));
#10276 = DIRECTION('',(-0.,-1.,-0.));
#10277 = DIRECTION('',(1.735804970809E-02,-0.,0.999849337706));
#10278 = ADVANCED_FACE('',(#10279),#10298,.F.);
#10279 = FACE_BOUND('',#10280,.T.);
#10280 = EDGE_LOOP('',(#10281,#10282,#10291,#10297));
#10281 = ORIENTED_EDGE('',*,*,#10267,.F.);
#10282 = ORIENTED_EDGE('',*,*,#10283,.T.);
#10283 = EDGE_CURVE('',#10259,#10284,#10286,.T.);
#10284 = VERTEX_POINT('',#10285);
#10285 = CARTESIAN_POINT('',(-12.18992231093,-50.7,169.15809165612));
#10286 = CIRCLE('',#10287,1.469292842572);
#10287 = AXIS2_PLACEMENT_3D('',#10288,#10289,#10290);
#10288 = CARTESIAN_POINT('',(-11.84989175414,-50.7,167.72868594825));
#10289 = DIRECTION('',(-0.,-1.,0.));
#10290 = DIRECTION('',(-0.231424632957,0.,0.972852835356));
#10291 = ORIENTED_EDGE('',*,*,#10292,.T.);
#10292 = EDGE_CURVE('',#10284,#3464,#10293,.T.);
#10293 = LINE('',#10294,#10295);
#10294 = CARTESIAN_POINT('',(-12.18992231093,-50.8,169.15809165612));
#10295 = VECTOR('',#10296,1.);
#10296 = DIRECTION('',(0.,1.,0.));
#10297 = ORIENTED_EDGE('',*,*,#3472,.F.);
#10298 = CYLINDRICAL_SURFACE('',#10299,1.469292842572);
#10299 = AXIS2_PLACEMENT_3D('',#10300,#10301,#10302);
#10300 = CARTESIAN_POINT('',(-11.84989175414,-50.8,167.72868594825));
#10301 = DIRECTION('',(-0.,-1.,-0.));
#10302 = DIRECTION('',(-0.231424632957,0.,0.972852835356));
#10303 = ADVANCED_FACE('',(#10304),#10323,.T.);
#10304 = FACE_BOUND('',#10305,.T.);
#10305 = EDGE_LOOP('',(#10306,#10315,#10321,#10322));
#10306 = ORIENTED_EDGE('',*,*,#10307,.F.);
#10307 = EDGE_CURVE('',#10308,#10284,#10310,.T.);
#10308 = VERTEX_POINT('',#10309);
#10309 = CARTESIAN_POINT('',(-12.39167186452,-50.7,169.22364405979));
#10310 = CIRCLE('',#10311,0.15);
#10311 = AXIS2_PLACEMENT_3D('',#10312,#10313,#10314);
#10312 = CARTESIAN_POINT('',(-12.2580208859,-50.7,169.29174263475));
#10313 = DIRECTION('',(0.,-1.,0.));
#10314 = DIRECTION('',(-0.891006524188,-0.,-0.45399049974));
#10315 = ORIENTED_EDGE('',*,*,#10316,.T.);
#10316 = EDGE_CURVE('',#10308,#3456,#10317,.T.);
#10317 = LINE('',#10318,#10319);
#10318 = CARTESIAN_POINT('',(-12.39167186452,-50.8,169.22364405979));
#10319 = VECTOR('',#10320,1.);
#10320 = DIRECTION('',(0.,1.,0.));
#10321 = ORIENTED_EDGE('',*,*,#3463,.T.);
#10322 = ORIENTED_EDGE('',*,*,#10292,.F.);
#10323 = CYLINDRICAL_SURFACE('',#10324,0.15);
#10324 = AXIS2_PLACEMENT_3D('',#10325,#10326,#10327);
#10325 = CARTESIAN_POINT('',(-12.2580208859,-50.8,169.29174263475));
#10326 = DIRECTION('',(0.,-1.,0.));
#10327 = DIRECTION('',(-0.891006524188,-0.,-0.45399049974));
#10328 = ADVANCED_FACE('',(#10329),#10347,.T.);
#10329 = FACE_BOUND('',#10330,.T.);
#10330 = EDGE_LOOP('',(#10331,#10339,#10345,#10346));
#10331 = ORIENTED_EDGE('',*,*,#10332,.F.);
#10332 = EDGE_CURVE('',#10333,#10308,#10335,.T.);
#10333 = VERTEX_POINT('',#10334);
#10334 = CARTESIAN_POINT('',(-12.63146735013,-50.7,169.74380067825));
#10335 = LINE('',#10336,#10337);
#10336 = CARTESIAN_POINT('',(-12.57151847873,-50.7,169.61376152363));
#10337 = VECTOR('',#10338,1.);
#10338 = DIRECTION('',(0.418659737537,0.,-0.908143173825));
#10339 = ORIENTED_EDGE('',*,*,#10340,.T.);
#10340 = EDGE_CURVE('',#10333,#3447,#10341,.T.);
#10341 = LINE('',#10342,#10343);
#10342 = CARTESIAN_POINT('',(-12.63146735013,-50.8,169.74380067825));
#10343 = VECTOR('',#10344,1.);
#10344 = DIRECTION('',(0.,1.,0.));
#10345 = ORIENTED_EDGE('',*,*,#3455,.T.);
#10346 = ORIENTED_EDGE('',*,*,#10316,.F.);
#10347 = PLANE('',#10348);
#10348 = AXIS2_PLACEMENT_3D('',#10349,#10350,#10351);
#10349 = CARTESIAN_POINT('',(-12.63146735013,-50.8,169.74380067825));
#10350 = DIRECTION('',(-0.908143173825,0.,-0.418659737537));
#10351 = DIRECTION('',(0.418659737537,0.,-0.908143173825));
#10352 = ADVANCED_FACE('',(#10353),#10372,.T.);
#10353 = FACE_BOUND('',#10354,.T.);
#10354 = EDGE_LOOP('',(#10355,#10364,#10370,#10371));
#10355 = ORIENTED_EDGE('',*,*,#10356,.F.);
#10356 = EDGE_CURVE('',#10357,#10333,#10359,.T.);
#10357 = VERTEX_POINT('',#10358);
#10358 = CARTESIAN_POINT('',(-12.55028793511,-50.7,169.93978512298));
#10359 = CIRCLE('',#10360,0.15);
#10360 = AXIS2_PLACEMENT_3D('',#10361,#10362,#10363);
#10361 = CARTESIAN_POINT('',(-12.49288542025,-50.7,169.80120319311));
#10362 = DIRECTION('',(0.,-1.,-0.));
#10363 = DIRECTION('',(-0.382683432365,-0.,0.923879532511));
#10364 = ORIENTED_EDGE('',*,*,#10365,.T.);
#10365 = EDGE_CURVE('',#10357,#3438,#10366,.T.);
#10366 = LINE('',#10367,#10368);
#10367 = CARTESIAN_POINT('',(-12.55028793511,-50.8,169.93978512298));
#10368 = VECTOR('',#10369,1.);
#10369 = DIRECTION('',(0.,1.,0.));
#10370 = ORIENTED_EDGE('',*,*,#3446,.T.);
#10371 = ORIENTED_EDGE('',*,*,#10340,.F.);
#10372 = CYLINDRICAL_SURFACE('',#10373,0.15);
#10373 = AXIS2_PLACEMENT_3D('',#10374,#10375,#10376);
#10374 = CARTESIAN_POINT('',(-12.49288542025,-50.8,169.80120319311));
#10375 = DIRECTION('',(0.,-1.,-0.));
#10376 = DIRECTION('',(-0.382683432365,-0.,0.923879532511));
#10377 = ADVANCED_FACE('',(#10378),#10397,.F.);
#10378 = FACE_BOUND('',#10379,.T.);
#10379 = EDGE_LOOP('',(#10380,#10381,#10390,#10396));
#10380 = ORIENTED_EDGE('',*,*,#10365,.F.);
#10381 = ORIENTED_EDGE('',*,*,#10382,.T.);
#10382 = EDGE_CURVE('',#10357,#10383,#10385,.T.);
#10383 = VERTEX_POINT('',#10384);
#10384 = CARTESIAN_POINT('',(-12.27819995706,-50.7,170.19750071163));
#10385 = CIRCLE('',#10386,1.46929284257);
#10386 = AXIS2_PLACEMENT_3D('',#10387,#10388,#10389);
#10387 = CARTESIAN_POINT('',(-13.41638438114,-50.7,171.1266711341));
#10388 = DIRECTION('',(0.,-1.,-0.));
#10389 = DIRECTION('',(0.774647770076,0.,-0.632392941387));
#10390 = ORIENTED_EDGE('',*,*,#10391,.T.);
#10391 = EDGE_CURVE('',#10383,#3429,#10392,.T.);
#10392 = LINE('',#10393,#10394);
#10393 = CARTESIAN_POINT('',(-12.27819995706,-50.8,170.19750071163));
#10394 = VECTOR('',#10395,1.);
#10395 = DIRECTION('',(0.,1.,0.));
#10396 = ORIENTED_EDGE('',*,*,#3437,.F.);
#10397 = CYLINDRICAL_SURFACE('',#10398,1.46929284257);
#10398 = AXIS2_PLACEMENT_3D('',#10399,#10400,#10401);
#10399 = CARTESIAN_POINT('',(-13.41638438114,-50.8,171.1266711341));
#10400 = DIRECTION('',(-0.,-1.,-0.));
#10401 = DIRECTION('',(0.774647770076,0.,-0.632392941387));
#10402 = ADVANCED_FACE('',(#10403),#10422,.F.);
#10403 = FACE_BOUND('',#10404,.T.);
#10404 = EDGE_LOOP('',(#10405,#10406,#10415,#10421));
#10405 = ORIENTED_EDGE('',*,*,#10391,.F.);
#10406 = ORIENTED_EDGE('',*,*,#10407,.T.);
#10407 = EDGE_CURVE('',#10383,#10408,#10410,.T.);
#10408 = VERTEX_POINT('',#10409);
#10409 = CARTESIAN_POINT('',(-12.596612016,-50.7,170.96621542275));
#10410 = CIRCLE('',#10411,0.471154273188);
#10411 = AXIS2_PLACEMENT_3D('',#10412,#10413,#10414);
#10412 = CARTESIAN_POINT('',(-12.64172589305,-50.7,170.49722599085));
#10413 = DIRECTION('',(-0.,-1.,0.));
#10414 = DIRECTION('',(9.575181553431E-02,-0.,0.995405238997));
#10415 = ORIENTED_EDGE('',*,*,#10416,.T.);
#10416 = EDGE_CURVE('',#10408,#3420,#10417,.T.);
#10417 = LINE('',#10418,#10419);
#10418 = CARTESIAN_POINT('',(-12.596612016,-50.8,170.96621542275));
#10419 = VECTOR('',#10420,1.);
#10420 = DIRECTION('',(0.,1.,0.));
#10421 = ORIENTED_EDGE('',*,*,#3428,.F.);
#10422 = CYLINDRICAL_SURFACE('',#10423,0.471154273188);
#10423 = AXIS2_PLACEMENT_3D('',#10424,#10425,#10426);
#10424 = CARTESIAN_POINT('',(-12.64172589305,-50.8,170.49722599085));
#10425 = DIRECTION('',(-0.,-1.,-0.));
#10426 = DIRECTION('',(9.575181553431E-02,-0.,0.995405238997));
#10427 = ADVANCED_FACE('',(#10428),#10447,.F.);
#10428 = FACE_BOUND('',#10429,.T.);
#10429 = EDGE_LOOP('',(#10430,#10431,#10440,#10446));
#10430 = ORIENTED_EDGE('',*,*,#10416,.F.);
#10431 = ORIENTED_EDGE('',*,*,#10432,.T.);
#10432 = EDGE_CURVE('',#10408,#10433,#10435,.T.);
#10433 = VERTEX_POINT('',#10434);
#10434 = CARTESIAN_POINT('',(-12.97123971071,-50.7,170.95605260874));
#10435 = CIRCLE('',#10436,1.469292842573);
#10436 = AXIS2_PLACEMENT_3D('',#10437,#10438,#10439);
#10437 = CARTESIAN_POINT('',(-12.7444072339,-50.7,169.50437479163));
#10438 = DIRECTION('',(0.,-1.,-0.));
#10439 = DIRECTION('',(-0.154382074309,-0.,0.988011222169));
#10440 = ORIENTED_EDGE('',*,*,#10441,.T.);
#10441 = EDGE_CURVE('',#10433,#3411,#10442,.T.);
#10442 = LINE('',#10443,#10444);
#10443 = CARTESIAN_POINT('',(-12.97123971071,-50.8,170.95605260874));
#10444 = VECTOR('',#10445,1.);
#10445 = DIRECTION('',(0.,1.,0.));
#10446 = ORIENTED_EDGE('',*,*,#3419,.F.);
#10447 = CYLINDRICAL_SURFACE('',#10448,1.469292842573);
#10448 = AXIS2_PLACEMENT_3D('',#10449,#10450,#10451);
#10449 = CARTESIAN_POINT('',(-12.7444072339,-50.8,169.50437479163));
#10450 = DIRECTION('',(0.,-1.,-0.));
#10451 = DIRECTION('',(-0.154382074309,-0.,0.988011222169));
#10452 = ADVANCED_FACE('',(#10453),#10472,.T.);
#10453 = FACE_BOUND('',#10454,.T.);
#10454 = EDGE_LOOP('',(#10455,#10464,#10470,#10471));
#10455 = ORIENTED_EDGE('',*,*,#10456,.F.);
#10456 = EDGE_CURVE('',#10457,#10433,#10459,.T.);
#10457 = VERTEX_POINT('',#10458);
#10458 = CARTESIAN_POINT('',(-13.16722415544,-50.7,171.03723202377));
#10459 = CIRCLE('',#10460,0.15);
#10460 = AXIS2_PLACEMENT_3D('',#10461,#10462,#10463);
#10461 = CARTESIAN_POINT('',(-13.02864222556,-50.7,171.09463453862));
#10462 = DIRECTION('',(0.,-1.,0.));
#10463 = DIRECTION('',(-0.923879532511,-0.,-0.382683432365));
#10464 = ORIENTED_EDGE('',*,*,#10465,.T.);
#10465 = EDGE_CURVE('',#10457,#3403,#10466,.T.);
#10466 = LINE('',#10467,#10468);
#10467 = CARTESIAN_POINT('',(-13.16722415544,-50.8,171.03723202377));
#10468 = VECTOR('',#10469,1.);
#10469 = DIRECTION('',(0.,1.,0.));
#10470 = ORIENTED_EDGE('',*,*,#3410,.T.);
#10471 = ORIENTED_EDGE('',*,*,#10441,.F.);
#10472 = CYLINDRICAL_SURFACE('',#10473,0.15);
#10473 = AXIS2_PLACEMENT_3D('',#10474,#10475,#10476);
#10474 = CARTESIAN_POINT('',(-13.02864222556,-50.8,171.09463453862));
#10475 = DIRECTION('',(0.,-1.,0.));
#10476 = DIRECTION('',(-0.923879532511,-0.,-0.382683432365));
#10477 = ADVANCED_FACE('',(#10478),#10496,.T.);
#10478 = FACE_BOUND('',#10479,.T.);
#10479 = EDGE_LOOP('',(#10480,#10488,#10494,#10495));
#10480 = ORIENTED_EDGE('',*,*,#10481,.F.);
#10481 = EDGE_CURVE('',#10482,#10457,#10484,.T.);
#10482 = VERTEX_POINT('',#10483);
#10483 = CARTESIAN_POINT('',(-13.36546941367,-50.7,171.57459930993));
#10484 = LINE('',#10485,#10486);
#10485 = CARTESIAN_POINT('',(-13.31590809911,-50.7,171.44025748839));
#10486 = VECTOR('',#10487,1.);
#10487 = DIRECTION('',(0.346117057077,0.,-0.938191335922));
#10488 = ORIENTED_EDGE('',*,*,#10489,.T.);
#10489 = EDGE_CURVE('',#10482,#3394,#10490,.T.);
#10490 = LINE('',#10491,#10492);
#10491 = CARTESIAN_POINT('',(-13.36546941367,-50.8,171.57459930993));
#10492 = VECTOR('',#10493,1.);
#10493 = DIRECTION('',(0.,1.,0.));
#10494 = ORIENTED_EDGE('',*,*,#3402,.T.);
#10495 = ORIENTED_EDGE('',*,*,#10465,.F.);
#10496 = PLANE('',#10497);
#10497 = AXIS2_PLACEMENT_3D('',#10498,#10499,#10500);
#10498 = CARTESIAN_POINT('',(-13.36546941367,-50.8,171.57459930993));
#10499 = DIRECTION('',(-0.938191335922,0.,-0.346117057077));
#10500 = DIRECTION('',(0.346117057077,0.,-0.938191335922));
#10501 = ADVANCED_FACE('',(#10502),#10521,.T.);
#10502 = FACE_BOUND('',#10503,.T.);
#10503 = EDGE_LOOP('',(#10504,#10513,#10519,#10520));
#10504 = ORIENTED_EDGE('',*,*,#10505,.F.);
#10505 = EDGE_CURVE('',#10506,#10482,#10508,.T.);
#10506 = VERTEX_POINT('',#10507);
#10507 = CARTESIAN_POINT('',(-13.26916348538,-50.7,171.76361033653));
#10508 = CIRCLE('',#10509,0.15);
#10509 = AXIS2_PLACEMENT_3D('',#10510,#10511,#10512);
#10510 = CARTESIAN_POINT('',(-13.22281093622,-50.7,171.62095185909));
#10511 = DIRECTION('',(0.,-1.,0.));
#10512 = DIRECTION('',(-0.309016994375,0.,0.951056516295));
#10513 = ORIENTED_EDGE('',*,*,#10514,.T.);
#10514 = EDGE_CURVE('',#10506,#3385,#10515,.T.);
#10515 = LINE('',#10516,#10517);
#10516 = CARTESIAN_POINT('',(-13.26916348538,-50.8,171.76361033653));
#10517 = VECTOR('',#10518,1.);
#10518 = DIRECTION('',(0.,1.,0.));
#10519 = ORIENTED_EDGE('',*,*,#3393,.T.);
#10520 = ORIENTED_EDGE('',*,*,#10489,.F.);
#10521 = CYLINDRICAL_SURFACE('',#10522,0.15);
#10522 = AXIS2_PLACEMENT_3D('',#10523,#10524,#10525);
#10523 = CARTESIAN_POINT('',(-13.22281093622,-50.8,171.62095185909));
#10524 = DIRECTION('',(0.,-1.,0.));
#10525 = DIRECTION('',(-0.309016994375,0.,0.951056516295));
#10526 = ADVANCED_FACE('',(#10527),#10546,.F.);
#10527 = FACE_BOUND('',#10528,.T.);
#10528 = EDGE_LOOP('',(#10529,#10530,#10539,#10545));
#10529 = ORIENTED_EDGE('',*,*,#10514,.F.);
#10530 = ORIENTED_EDGE('',*,*,#10531,.T.);
#10531 = EDGE_CURVE('',#10506,#10532,#10534,.T.);
#10532 = VERTEX_POINT('',#10533);
#10533 = CARTESIAN_POINT('',(-12.97769413172,-50.7,171.99918369731));
#10534 = CIRCLE('',#10535,1.469292842572);
#10535 = AXIS2_PLACEMENT_3D('',#10536,#10537,#10538);
#10536 = CARTESIAN_POINT('',(-14.03946804195,-50.7,173.01479071815));
#10537 = DIRECTION('',(0.,-1.,-0.));
#10538 = DIRECTION('',(0.722642811201,0.,-0.691221648547));
#10539 = ORIENTED_EDGE('',*,*,#10540,.T.);
#10540 = EDGE_CURVE('',#10532,#3376,#10541,.T.);
#10541 = LINE('',#10542,#10543);
#10542 = CARTESIAN_POINT('',(-12.97769413172,-50.8,171.99918369731));
#10543 = VECTOR('',#10544,1.);
#10544 = DIRECTION('',(0.,1.,0.));
#10545 = ORIENTED_EDGE('',*,*,#3384,.F.);
#10546 = CYLINDRICAL_SURFACE('',#10547,1.469292842572);
#10547 = AXIS2_PLACEMENT_3D('',#10548,#10549,#10550);
#10548 = CARTESIAN_POINT('',(-14.03946804195,-50.8,173.01479071815));
#10549 = DIRECTION('',(-0.,-1.,-0.));
#10550 = DIRECTION('',(0.722642811201,0.,-0.691221648547));
#10551 = ADVANCED_FACE('',(#10552),#10571,.F.);
#10552 = FACE_BOUND('',#10553,.T.);
#10553 = EDGE_LOOP('',(#10554,#10555,#10564,#10570));
#10554 = ORIENTED_EDGE('',*,*,#10540,.F.);
#10555 = ORIENTED_EDGE('',*,*,#10556,.T.);
#10556 = EDGE_CURVE('',#10532,#10557,#10559,.T.);
#10557 = VERTEX_POINT('',#10558);
#10558 = CARTESIAN_POINT('',(-13.23481197144,-50.7,172.79051103974));
#10559 = CIRCLE('',#10560,0.471154273188);
#10560 = AXIS2_PLACEMENT_3D('',#10561,#10562,#10563);
#10561 = CARTESIAN_POINT('',(-13.3165832642,-50.7,172.32650693973));
#10562 = DIRECTION('',(-0.,-1.,0.));
#10563 = DIRECTION('',(0.173555239577,-0.,0.984824135983));
#10564 = ORIENTED_EDGE('',*,*,#10565,.T.);
#10565 = EDGE_CURVE('',#10557,#3367,#10566,.T.);
#10566 = LINE('',#10567,#10568);
#10567 = CARTESIAN_POINT('',(-13.23481197144,-50.8,172.79051103974));
#10568 = VECTOR('',#10569,1.);
#10569 = DIRECTION('',(0.,1.,0.));
#10570 = ORIENTED_EDGE('',*,*,#3375,.F.);
#10571 = CYLINDRICAL_SURFACE('',#10572,0.471154273188);
#10572 = AXIS2_PLACEMENT_3D('',#10573,#10574,#10575);
#10573 = CARTESIAN_POINT('',(-13.3165832642,-50.8,172.32650693973));
#10574 = DIRECTION('',(-0.,-1.,-0.));
#10575 = DIRECTION('',(0.173555239577,-0.,0.984824135983));
#10576 = ADVANCED_FACE('',(#10577),#10596,.F.);
#10577 = FACE_BOUND('',#10578,.T.);
#10578 = EDGE_LOOP('',(#10579,#10580,#10589,#10595));
#10579 = ORIENTED_EDGE('',*,*,#10565,.F.);
#10580 = ORIENTED_EDGE('',*,*,#10581,.T.);
#10581 = EDGE_CURVE('',#10557,#10582,#10584,.T.);
#10582 = VERTEX_POINT('',#10583);
#10583 = CARTESIAN_POINT('',(-13.60908217919,-50.7,172.80977250446));
#10584 = CIRCLE('',#10585,1.469292842571);
#10585 = AXIS2_PLACEMENT_3D('',#10586,#10587,#10588);
#10586 = CARTESIAN_POINT('',(-13.49684628003,-50.7,171.34477265457));
#10587 = DIRECTION('',(0.,-1.,-0.));
#10588 = DIRECTION('',(-7.638769883634E-02,-0.,0.99707819125));
#10589 = ORIENTED_EDGE('',*,*,#10590,.T.);
#10590 = EDGE_CURVE('',#10582,#3358,#10591,.T.);
#10591 = LINE('',#10592,#10593);
#10592 = CARTESIAN_POINT('',(-13.60908217919,-50.8,172.80977250446));
#10593 = VECTOR('',#10594,1.);
#10594 = DIRECTION('',(0.,1.,0.));
#10595 = ORIENTED_EDGE('',*,*,#3366,.F.);
#10596 = CYLINDRICAL_SURFACE('',#10597,1.469292842571);
#10597 = AXIS2_PLACEMENT_3D('',#10598,#10599,#10600);
#10598 = CARTESIAN_POINT('',(-13.49684628003,-50.8,171.34477265457));
#10599 = DIRECTION('',(0.,-1.,-0.));
#10600 = DIRECTION('',(-7.638769883634E-02,-0.,0.99707819125));
#10601 = ADVANCED_FACE('',(#10602),#10621,.T.);
#10602 = FACE_BOUND('',#10603,.T.);
#10603 = EDGE_LOOP('',(#10604,#10613,#10619,#10620));
#10604 = ORIENTED_EDGE('',*,*,#10605,.F.);
#10605 = EDGE_CURVE('',#10606,#10582,#10608,.T.);
#10606 = VERTEX_POINT('',#10607);
#10607 = CARTESIAN_POINT('',(-13.79809320579,-50.7,172.90607843274));
#10608 = CIRCLE('',#10609,0.15);
#10609 = AXIS2_PLACEMENT_3D('',#10610,#10611,#10612);
#10610 = CARTESIAN_POINT('',(-13.65543472835,-50.7,172.9524309819));
#10611 = DIRECTION('',(0.,-1.,0.));
#10612 = DIRECTION('',(-0.951056516295,-0.,-0.309016994375));
#10613 = ORIENTED_EDGE('',*,*,#10614,.T.);
#10614 = EDGE_CURVE('',#10606,#3350,#10615,.T.);
#10615 = LINE('',#10616,#10617);
#10616 = CARTESIAN_POINT('',(-13.79809320579,-50.8,172.90607843274));
#10617 = VECTOR('',#10618,1.);
#10618 = DIRECTION('',(0.,1.,0.));
#10619 = ORIENTED_EDGE('',*,*,#3357,.T.);
#10620 = ORIENTED_EDGE('',*,*,#10590,.F.);
#10621 = CYLINDRICAL_SURFACE('',#10622,0.15);
#10622 = AXIS2_PLACEMENT_3D('',#10623,#10624,#10625);
#10623 = CARTESIAN_POINT('',(-13.65543472835,-50.8,172.9524309819));
#10624 = DIRECTION('',(0.,-1.,0.));
#10625 = DIRECTION('',(-0.951056516295,-0.,-0.309016994375));
#10626 = ADVANCED_FACE('',(#10627),#10645,.T.);
#10627 = FACE_BOUND('',#10628,.T.);
#10628 = EDGE_LOOP('',(#10629,#10637,#10643,#10644));
#10629 = ORIENTED_EDGE('',*,*,#10630,.F.);
#10630 = EDGE_CURVE('',#10631,#10606,#10633,.T.);
#10631 = VERTEX_POINT('',#10632);
#10632 = CARTESIAN_POINT('',(-13.9535659887,-50.7,173.45734333859));
#10633 = LINE('',#10634,#10635);
#10634 = CARTESIAN_POINT('',(-13.91469779297,-50.7,173.31952711213));
#10635 = VECTOR('',#10636,1.);
#10636 = DIRECTION('',(0.271440449865,0.,-0.962455236454));
#10637 = ORIENTED_EDGE('',*,*,#10638,.T.);
#10638 = EDGE_CURVE('',#10631,#3341,#10639,.T.);
#10639 = LINE('',#10640,#10641);
#10640 = CARTESIAN_POINT('',(-13.9535659887,-50.8,173.45734333859));
#10641 = VECTOR('',#10642,1.);
#10642 = DIRECTION('',(0.,1.,0.));
#10643 = ORIENTED_EDGE('',*,*,#3349,.T.);
#10644 = ORIENTED_EDGE('',*,*,#10614,.F.);
#10645 = PLANE('',#10646);
#10646 = AXIS2_PLACEMENT_3D('',#10647,#10648,#10649);
#10647 = CARTESIAN_POINT('',(-13.9535659887,-50.8,173.45734333859));
#10648 = DIRECTION('',(-0.962455236454,0.,-0.271440449865));
#10649 = DIRECTION('',(0.271440449865,0.,-0.962455236454));
#10650 = ADVANCED_FACE('',(#10651),#10670,.T.);
#10651 = FACE_BOUND('',#10652,.T.);
#10652 = EDGE_LOOP('',(#10653,#10662,#10668,#10669));
#10653 = ORIENTED_EDGE('',*,*,#10654,.F.);
#10654 = EDGE_CURVE('',#10655,#10631,#10657,.T.);
#10655 = VERTEX_POINT('',#10656);
#10656 = CARTESIAN_POINT('',(-13.84272730522,-50.7,173.63821563123));
#10657 = CIRCLE('',#10658,0.15);
#10658 = AXIS2_PLACEMENT_3D('',#10659,#10660,#10661);
#10659 = CARTESIAN_POINT('',(-13.80771050064,-50.7,173.49236014317));
#10660 = DIRECTION('',(0.,-1.,0.));
#10661 = DIRECTION('',(-0.233445363856,0.,0.972369920398));
#10662 = ORIENTED_EDGE('',*,*,#10663,.T.);
#10663 = EDGE_CURVE('',#10655,#3332,#10664,.T.);
#10664 = LINE('',#10665,#10666);
#10665 = CARTESIAN_POINT('',(-13.84272730522,-50.8,173.63821563123));
#10666 = VECTOR('',#10667,1.);
#10667 = DIRECTION('',(0.,1.,0.));
#10668 = ORIENTED_EDGE('',*,*,#3340,.T.);
#10669 = ORIENTED_EDGE('',*,*,#10638,.F.);
#10670 = CYLINDRICAL_SURFACE('',#10671,0.15);
#10671 = AXIS2_PLACEMENT_3D('',#10672,#10673,#10674);
#10672 = CARTESIAN_POINT('',(-13.80771050064,-50.8,173.49236014317));
#10673 = DIRECTION('',(0.,-1.,0.));
#10674 = DIRECTION('',(-0.233445363856,0.,0.972369920398));
#10675 = ADVANCED_FACE('',(#10676),#10695,.F.);
#10676 = FACE_BOUND('',#10677,.T.);
#10677 = EDGE_LOOP('',(#10678,#10679,#10688,#10694));
#10678 = ORIENTED_EDGE('',*,*,#10663,.F.);
#10679 = ORIENTED_EDGE('',*,*,#10680,.T.);
#10680 = EDGE_CURVE('',#10655,#10681,#10683,.T.);
#10681 = VERTEX_POINT('',#10682);
#10682 = CARTESIAN_POINT('',(-13.53367358144,-50.7,173.85019437604));
#10683 = CIRCLE('',#10684,1.469292842571);
#10684 = AXIS2_PLACEMENT_3D('',#10685,#10686,#10687);
#10685 = CARTESIAN_POINT('',(-14.51249078859,-50.7,174.94597644024));
#10686 = DIRECTION('',(0.,-1.,-0.));
#10687 = DIRECTION('',(0.666182519091,0.,-0.745788744389));
#10688 = ORIENTED_EDGE('',*,*,#10689,.T.);
#10689 = EDGE_CURVE('',#10681,#3323,#10690,.T.);
#10690 = LINE('',#10691,#10692);
#10691 = CARTESIAN_POINT('',(-13.53367358144,-50.8,173.85019437604));
#10692 = VECTOR('',#10693,1.);
#10693 = DIRECTION('',(0.,1.,0.));
#10694 = ORIENTED_EDGE('',*,*,#3331,.F.);
#10695 = CYLINDRICAL_SURFACE('',#10696,1.469292842571);
#10696 = AXIS2_PLACEMENT_3D('',#10697,#10698,#10699);
#10697 = CARTESIAN_POINT('',(-14.51249078859,-50.8,174.94597644024));
#10698 = DIRECTION('',(-0.,-1.,-0.));
#10699 = DIRECTION('',(0.666182519091,0.,-0.745788744389));
#10700 = ADVANCED_FACE('',(#10701),#10720,.F.);
#10701 = FACE_BOUND('',#10702,.T.);
#10702 = EDGE_LOOP('',(#10703,#10704,#10713,#10719));
#10703 = ORIENTED_EDGE('',*,*,#10689,.F.);
#10704 = ORIENTED_EDGE('',*,*,#10705,.T.);
#10705 = EDGE_CURVE('',#10681,#10706,#10708,.T.);
#10706 = VERTEX_POINT('',#10707);
#10707 = CARTESIAN_POINT('',(-13.72791198496,-50.7,174.65925555356));
#10708 = CIRCLE('',#10709,0.471154273188);
#10709 = AXIS2_PLACEMENT_3D('',#10710,#10711,#10712);
#10710 = CARTESIAN_POINT('',(-13.84583654622,-50.7,174.20309752503));
#10711 = DIRECTION('',(-0.,-1.,0.));
#10712 = DIRECTION('',(0.250288637855,-0.,0.968171264685));
#10713 = ORIENTED_EDGE('',*,*,#10714,.T.);
#10714 = EDGE_CURVE('',#10706,#3314,#10715,.T.);
#10715 = LINE('',#10716,#10717);
#10716 = CARTESIAN_POINT('',(-13.72791198496,-50.8,174.65925555356));
#10717 = VECTOR('',#10718,1.);
#10718 = DIRECTION('',(0.,1.,0.));
#10719 = ORIENTED_EDGE('',*,*,#3322,.F.);
#10720 = CYLINDRICAL_SURFACE('',#10721,0.471154273188);
#10721 = AXIS2_PLACEMENT_3D('',#10722,#10723,#10724);
#10722 = CARTESIAN_POINT('',(-13.84583654622,-50.8,174.20309752503));
#10723 = DIRECTION('',(-0.,-1.,-0.));
#10724 = DIRECTION('',(0.250288637855,-0.,0.968171264685));
#10725 = ADVANCED_FACE('',(#10726),#10745,.F.);
#10726 = FACE_BOUND('',#10727,.T.);
#10727 = EDGE_LOOP('',(#10728,#10729,#10738,#10744));
#10728 = ORIENTED_EDGE('',*,*,#10714,.F.);
#10729 = ORIENTED_EDGE('',*,*,#10730,.T.);
#10730 = EDGE_CURVE('',#10706,#10731,#10733,.T.);
#10731 = VERTEX_POINT('',#10732);
#10732 = CARTESIAN_POINT('',(-14.09951720546,-50.7,174.70782254367));
#10733 = CIRCLE('',#10734,1.469292842574);
#10734 = AXIS2_PLACEMENT_3D('',#10735,#10736,#10737);
#10735 = CARTESIAN_POINT('',(-14.10256985559,-50.7,173.23853287224));
#10736 = DIRECTION('',(-0.,-1.,0.));
#10737 = DIRECTION('',(2.077632201815E-03,-0.,0.99999784172));
#10738 = ORIENTED_EDGE('',*,*,#10739,.T.);
#10739 = EDGE_CURVE('',#10731,#3305,#10740,.T.);
#10740 = LINE('',#10741,#10742);
#10741 = CARTESIAN_POINT('',(-14.09951720546,-50.8,174.70782254367));
#10742 = VECTOR('',#10743,1.);
#10743 = DIRECTION('',(0.,1.,0.));
#10744 = ORIENTED_EDGE('',*,*,#3313,.F.);
#10745 = CYLINDRICAL_SURFACE('',#10746,1.469292842574);
#10746 = AXIS2_PLACEMENT_3D('',#10747,#10748,#10749);
#10747 = CARTESIAN_POINT('',(-14.10256985559,-50.8,173.23853287224));
#10748 = DIRECTION('',(-0.,-1.,-0.));
#10749 = DIRECTION('',(2.077632201815E-03,-0.,0.99999784172));
#10750 = ADVANCED_FACE('',(#10751),#10770,.T.);
#10751 = FACE_BOUND('',#10752,.T.);
#10752 = EDGE_LOOP('',(#10753,#10762,#10768,#10769));
#10753 = ORIENTED_EDGE('',*,*,#10754,.F.);
#10754 = EDGE_CURVE('',#10755,#10731,#10757,.T.);
#10755 = VERTEX_POINT('',#10756);
#10756 = CARTESIAN_POINT('',(-14.2803894981,-50.7,174.81866122715));
#10757 = CIRCLE('',#10758,0.15);
#10758 = AXIS2_PLACEMENT_3D('',#10759,#10760,#10761);
#10759 = CARTESIAN_POINT('',(-14.13453401004,-50.7,174.85367803173));
#10760 = DIRECTION('',(0.,-1.,0.));
#10761 = DIRECTION('',(-0.972369920398,-0.,-0.233445363856));
#10762 = ORIENTED_EDGE('',*,*,#10763,.T.);
#10763 = EDGE_CURVE('',#10755,#3297,#10764,.T.);
#10764 = LINE('',#10765,#10766);
#10765 = CARTESIAN_POINT('',(-14.2803894981,-50.8,174.81866122715));
#10766 = VECTOR('',#10767,1.);
#10767 = DIRECTION('',(0.,1.,0.));
#10768 = ORIENTED_EDGE('',*,*,#3304,.T.);
#10769 = ORIENTED_EDGE('',*,*,#10739,.F.);
#10770 = CYLINDRICAL_SURFACE('',#10771,0.15);
#10771 = AXIS2_PLACEMENT_3D('',#10772,#10773,#10774);
#10772 = CARTESIAN_POINT('',(-14.13453401004,-50.8,174.85367803173));
#10773 = DIRECTION('',(0.,-1.,0.));
#10774 = DIRECTION('',(-0.972369920398,-0.,-0.233445363856));
#10775 = ADVANCED_FACE('',(#10776),#10794,.T.);
#10776 = FACE_BOUND('',#10777,.T.);
#10777 = EDGE_LOOP('',(#10778,#10786,#10792,#10793));
#10778 = ORIENTED_EDGE('',*,*,#10779,.F.);
#10779 = EDGE_CURVE('',#10780,#10755,#10782,.T.);
#10780 = VERTEX_POINT('',#10781);
#10781 = CARTESIAN_POINT('',(-14.39213126429,-50.7,175.38042502123));
#10782 = LINE('',#10783,#10784);
#10783 = CARTESIAN_POINT('',(-14.36419582274,-50.7,175.23998407271));
#10784 = VECTOR('',#10785,1.);
#10785 = DIRECTION('',(0.195090322016,0.,-0.980785280403));
#10786 = ORIENTED_EDGE('',*,*,#10787,.T.);
#10787 = EDGE_CURVE('',#10780,#3288,#10788,.T.);
#10788 = LINE('',#10789,#10790);
#10789 = CARTESIAN_POINT('',(-14.39213126429,-50.8,175.38042502123));
#10790 = VECTOR('',#10791,1.);
#10791 = DIRECTION('',(0.,1.,0.));
#10792 = ORIENTED_EDGE('',*,*,#3296,.T.);
#10793 = ORIENTED_EDGE('',*,*,#10763,.F.);
#10794 = PLANE('',#10795);
#10795 = AXIS2_PLACEMENT_3D('',#10796,#10797,#10798);
#10796 = CARTESIAN_POINT('',(-14.39213126429,-50.8,175.38042502123));
#10797 = DIRECTION('',(-0.980785280403,0.,-0.195090322016));
#10798 = DIRECTION('',(0.195090322016,0.,-0.980785280403));
#10799 = ADVANCED_FACE('',(#10800),#10819,.T.);
#10800 = FACE_BOUND('',#10801,.T.);
#10801 = EDGE_LOOP('',(#10802,#10811,#10817,#10818));
#10802 = ORIENTED_EDGE('',*,*,#10803,.F.);
#10803 = EDGE_CURVE('',#10804,#10780,#10806,.T.);
#10804 = VERTEX_POINT('',#10805);
#10805 = CARTESIAN_POINT('',(-14.26744318296,-50.7,175.55204344207));
#10806 = CIRCLE('',#10807,0.15);
#10807 = AXIS2_PLACEMENT_3D('',#10808,#10809,#10810);
#10808 = CARTESIAN_POINT('',(-14.2439780132,-50.7,175.40389019098));
#10809 = DIRECTION('',(0.,-1.,0.));
#10810 = DIRECTION('',(-0.15643446504,0.,0.987688340595));
#10811 = ORIENTED_EDGE('',*,*,#10812,.T.);
#10812 = EDGE_CURVE('',#10804,#3279,#10813,.T.);
#10813 = LINE('',#10814,#10815);
#10814 = CARTESIAN_POINT('',(-14.26744318296,-50.8,175.55204344207));
#10815 = VECTOR('',#10816,1.);
#10816 = DIRECTION('',(0.,1.,0.));
#10817 = ORIENTED_EDGE('',*,*,#3287,.T.);
#10818 = ORIENTED_EDGE('',*,*,#10787,.F.);
#10819 = CYLINDRICAL_SURFACE('',#10820,0.15);
#10820 = AXIS2_PLACEMENT_3D('',#10821,#10822,#10823);
#10821 = CARTESIAN_POINT('',(-14.2439780132,-50.8,175.40389019098));
#10822 = DIRECTION('',(0.,-1.,0.));
#10823 = DIRECTION('',(-0.15643446504,0.,0.987688340595));
#10824 = ADVANCED_FACE('',(#10825),#10844,.F.);
#10825 = FACE_BOUND('',#10826,.T.);
#10826 = EDGE_LOOP('',(#10827,#10828,#10837,#10843));
#10827 = ORIENTED_EDGE('',*,*,#10812,.F.);
#10828 = ORIENTED_EDGE('',*,*,#10829,.T.);
#10829 = EDGE_CURVE('',#10804,#10830,#10832,.T.);
#10830 = VERTEX_POINT('',#10831);
#10831 = CARTESIAN_POINT('',(-13.94271050803,-50.7,175.73912065146));
#10832 = CIRCLE('',#10833,1.469292842573);
#10833 = AXIS2_PLACEMENT_3D('',#10834,#10835,#10836);
#10834 = CARTESIAN_POINT('',(-14.83253627852,-50.7,176.90832189821));
#10835 = DIRECTION('',(0.,-1.,-0.));
#10836 = DIRECTION('',(0.605614990223,0.,-0.795757804622));
#10837 = ORIENTED_EDGE('',*,*,#10838,.T.);
#10838 = EDGE_CURVE('',#10830,#3270,#10839,.T.);
#10839 = LINE('',#10840,#10841);
#10840 = CARTESIAN_POINT('',(-13.94271050803,-50.8,175.73912065146));
#10841 = VECTOR('',#10842,1.);
#10842 = DIRECTION('',(0.,1.,0.));
#10843 = ORIENTED_EDGE('',*,*,#3278,.F.);
#10844 = CYLINDRICAL_SURFACE('',#10845,1.469292842573);
#10845 = AXIS2_PLACEMENT_3D('',#10846,#10847,#10848);
#10846 = CARTESIAN_POINT('',(-14.83253627852,-50.8,176.90832189821));
#10847 = DIRECTION('',(-0.,-1.,-0.));
#10848 = DIRECTION('',(0.605614990223,0.,-0.795757804622));
#10849 = ADVANCED_FACE('',(#10850),#10869,.F.);
#10850 = FACE_BOUND('',#10851,.T.);
#10851 = EDGE_LOOP('',(#10852,#10853,#10862,#10868));
#10852 = ORIENTED_EDGE('',*,*,#10838,.F.);
#10853 = ORIENTED_EDGE('',*,*,#10854,.T.);
#10854 = EDGE_CURVE('',#10830,#10855,#10857,.T.);
#10855 = VERTEX_POINT('',#10856);
#10856 = CARTESIAN_POINT('',(-14.072871931,-50.7,176.56092753287));
#10857 = CIRCLE('',#10858,0.471154273188);
#10858 = AXIS2_PLACEMENT_3D('',#10859,#10860,#10861);
#10859 = CARTESIAN_POINT('',(-14.22622271662,-50.7,176.11542794175));
#10860 = DIRECTION('',(-0.,-1.,0.));
#10861 = DIRECTION('',(0.325478923451,-0.,0.945549295589));
#10862 = ORIENTED_EDGE('',*,*,#10863,.T.);
#10863 = EDGE_CURVE('',#10855,#3261,#10864,.T.);
#10864 = LINE('',#10865,#10866);
#10865 = CARTESIAN_POINT('',(-14.072871931,-50.8,176.56092753287));
#10866 = VECTOR('',#10867,1.);
#10867 = DIRECTION('',(0.,1.,0.));
#10868 = ORIENTED_EDGE('',*,*,#3269,.F.);
#10869 = CYLINDRICAL_SURFACE('',#10870,0.471154273188);
#10870 = AXIS2_PLACEMENT_3D('',#10871,#10872,#10873);
#10871 = CARTESIAN_POINT('',(-14.22622271662,-50.8,176.11542794175));
#10872 = DIRECTION('',(-0.,-1.,-0.));
#10873 = DIRECTION('',(0.325478923451,-0.,0.945549295589));
#10874 = ADVANCED_FACE('',(#10875),#10894,.F.);
#10875 = FACE_BOUND('',#10876,.T.);
#10876 = EDGE_LOOP('',(#10877,#10878,#10887,#10893));
#10877 = ORIENTED_EDGE('',*,*,#10863,.F.);
#10878 = ORIENTED_EDGE('',*,*,#10879,.T.);
#10879 = EDGE_CURVE('',#10855,#10880,#10882,.T.);
#10880 = VERTEX_POINT('',#10881);
#10881 = CARTESIAN_POINT('',(-14.4395210945,-50.7,176.63850061673));
#10882 = CIRCLE('',#10883,1.469292842571);
#10883 = AXIS2_PLACEMENT_3D('',#10884,#10885,#10886);
#10884 = CARTESIAN_POINT('',(-14.5578434733,-50.7,175.17397978318));
#10885 = DIRECTION('',(-0.,-1.,0.));
#10886 = DIRECTION('',(8.053015394597E-02,-0.,0.996752172962));
#10887 = ORIENTED_EDGE('',*,*,#10888,.T.);
#10888 = EDGE_CURVE('',#10880,#3252,#10889,.T.);
#10889 = LINE('',#10890,#10891);
#10890 = CARTESIAN_POINT('',(-14.4395210945,-50.8,176.63850061673));
#10891 = VECTOR('',#10892,1.);
#10892 = DIRECTION('',(0.,1.,0.));
#10893 = ORIENTED_EDGE('',*,*,#3260,.F.);
#10894 = CYLINDRICAL_SURFACE('',#10895,1.469292842571);
#10895 = AXIS2_PLACEMENT_3D('',#10896,#10897,#10898);
#10896 = CARTESIAN_POINT('',(-14.5578434733,-50.8,175.17397978318));
#10897 = DIRECTION('',(-0.,-1.,-0.));
#10898 = DIRECTION('',(8.053015394597E-02,-0.,0.996752172962));
#10899 = ADVANCED_FACE('',(#10900),#10919,.T.);
#10900 = FACE_BOUND('',#10901,.T.);
#10901 = EDGE_LOOP('',(#10902,#10911,#10917,#10918));
#10902 = ORIENTED_EDGE('',*,*,#10903,.F.);
#10903 = EDGE_CURVE('',#10904,#10880,#10906,.T.);
#10904 = VERTEX_POINT('',#10905);
#10905 = CARTESIAN_POINT('',(-14.61113951534,-50.7,176.76318869806));
#10906 = CIRCLE('',#10907,0.15);
#10907 = AXIS2_PLACEMENT_3D('',#10908,#10909,#10910);
#10908 = CARTESIAN_POINT('',(-14.46298626426,-50.7,176.78665386782));
#10909 = DIRECTION('',(0.,-1.,0.));
#10910 = DIRECTION('',(-0.987688340595,-0.,-0.15643446504));
#10911 = ORIENTED_EDGE('',*,*,#10912,.T.);
#10912 = EDGE_CURVE('',#10904,#3244,#10913,.T.);
#10913 = LINE('',#10914,#10915);
#10914 = CARTESIAN_POINT('',(-14.61113951534,-50.8,176.76318869806));
#10915 = VECTOR('',#10916,1.);
#10916 = DIRECTION('',(0.,1.,0.));
#10917 = ORIENTED_EDGE('',*,*,#3251,.T.);
#10918 = ORIENTED_EDGE('',*,*,#10888,.F.);
#10919 = CYLINDRICAL_SURFACE('',#10920,0.15);
#10920 = AXIS2_PLACEMENT_3D('',#10921,#10922,#10923);
#10921 = CARTESIAN_POINT('',(-14.46298626426,-50.8,176.78665386782));
#10922 = DIRECTION('',(0.,-1.,0.));
#10923 = DIRECTION('',(-0.987688340595,-0.,-0.15643446504));
#10924 = ADVANCED_FACE('',(#10925),#10943,.T.);
#10925 = FACE_BOUND('',#10926,.T.);
#10926 = EDGE_LOOP('',(#10927,#10935,#10941,#10942));
#10927 = ORIENTED_EDGE('',*,*,#10928,.F.);
#10928 = EDGE_CURVE('',#10929,#10904,#10931,.T.);
#10929 = VERTEX_POINT('',#10930);
#10930 = CARTESIAN_POINT('',(-14.67846133966,-50.7,177.33198791977));
#10931 = LINE('',#10932,#10933);
#10932 = CARTESIAN_POINT('',(-14.66163088358,-50.7,177.18978811435));
#10933 = VECTOR('',#10934,1.);
#10934 = DIRECTION('',(0.117537397458,0.,-0.993068456955));
#10935 = ORIENTED_EDGE('',*,*,#10936,.T.);
#10936 = EDGE_CURVE('',#10929,#3235,#10937,.T.);
#10937 = LINE('',#10938,#10939);
#10938 = CARTESIAN_POINT('',(-14.67846133966,-50.8,177.33198791977));
#10939 = VECTOR('',#10940,1.);
#10940 = DIRECTION('',(0.,1.,0.));
#10941 = ORIENTED_EDGE('',*,*,#3243,.T.);
#10942 = ORIENTED_EDGE('',*,*,#10912,.F.);
#10943 = PLANE('',#10944);
#10944 = AXIS2_PLACEMENT_3D('',#10945,#10946,#10947);
#10945 = CARTESIAN_POINT('',(-14.67846133966,-50.8,177.33198791977));
#10946 = DIRECTION('',(-0.993068456955,0.,-0.117537397458));
#10947 = DIRECTION('',(0.117537397458,0.,-0.993068456955));
#10948 = ADVANCED_FACE('',(#10949),#10968,.T.);
#10949 = FACE_BOUND('',#10950,.T.);
#10950 = EDGE_LOOP('',(#10951,#10960,#10966,#10967));
#10951 = ORIENTED_EDGE('',*,*,#10952,.F.);
#10952 = EDGE_CURVE('',#10953,#10929,#10955,.T.);
#10953 = VERTEX_POINT('',#10954);
#10954 = CARTESIAN_POINT('',(-14.54069260396,-50.7,177.49329438419));
#10955 = CIRCLE('',#10956,0.15);
#10956 = AXIS2_PLACEMENT_3D('',#10957,#10958,#10959);
#10957 = CARTESIAN_POINT('',(-14.5289237396,-50.7,177.34375678413));
#10958 = DIRECTION('',(0.,-1.,0.));
#10959 = DIRECTION('',(-7.845909572769E-02,0.,0.996917333733));
#10960 = ORIENTED_EDGE('',*,*,#10961,.T.);
#10961 = EDGE_CURVE('',#10953,#3226,#10962,.T.);
#10962 = LINE('',#10963,#10964);
#10963 = CARTESIAN_POINT('',(-14.54069260396,-50.8,177.49329438419));
#10964 = VECTOR('',#10965,1.);
#10965 = DIRECTION('',(0.,1.,0.));
#10966 = ORIENTED_EDGE('',*,*,#3234,.T.);
#10967 = ORIENTED_EDGE('',*,*,#10936,.F.);
#10968 = CYLINDRICAL_SURFACE('',#10969,0.15);
#10969 = AXIS2_PLACEMENT_3D('',#10970,#10971,#10972);
#10970 = CARTESIAN_POINT('',(-14.5289237396,-50.8,177.34375678413));
#10971 = DIRECTION('',(0.,-1.,0.));
#10972 = DIRECTION('',(-7.845909572769E-02,0.,0.996917333733));
#10973 = ADVANCED_FACE('',(#10974),#10993,.F.);
#10974 = FACE_BOUND('',#10975,.T.);
#10975 = EDGE_LOOP('',(#10976,#10977,#10986,#10992));
#10976 = ORIENTED_EDGE('',*,*,#10961,.F.);
#10977 = ORIENTED_EDGE('',*,*,#10978,.T.);
#10978 = EDGE_CURVE('',#10953,#10979,#10981,.T.);
#10979 = VERTEX_POINT('',#10980);
#10980 = CARTESIAN_POINT('',(-14.20228306283,-50.7,177.65431666494));
#10981 = CIRCLE('',#10982,1.469292842574);
#10982 = AXIS2_PLACEMENT_3D('',#10983,#10984,#10985);
#10983 = CARTESIAN_POINT('',(-14.99763132489,-50.7,178.88972857976));
#10984 = DIRECTION('',(0.,-1.,-0.));
#10985 = DIRECTION('',(0.541313643553,0.,-0.840820753373));
#10986 = ORIENTED_EDGE('',*,*,#10987,.T.);
#10987 = EDGE_CURVE('',#10979,#3217,#10988,.T.);
#10988 = LINE('',#10989,#10990);
#10989 = CARTESIAN_POINT('',(-14.20228306283,-50.8,177.65431666494));
#10990 = VECTOR('',#10991,1.);
#10991 = DIRECTION('',(0.,1.,0.));
#10992 = ORIENTED_EDGE('',*,*,#3225,.F.);
#10993 = CYLINDRICAL_SURFACE('',#10994,1.469292842574);
#10994 = AXIS2_PLACEMENT_3D('',#10995,#10996,#10997);
#10995 = CARTESIAN_POINT('',(-14.99763132489,-50.8,178.88972857976));
#10996 = DIRECTION('',(-0.,-1.,-0.));
#10997 = DIRECTION('',(0.541313643553,0.,-0.840820753373));
#10998 = ADVANCED_FACE('',(#10999),#11018,.F.);
#10999 = FACE_BOUND('',#11000,.T.);
#11000 = EDGE_LOOP('',(#11001,#11002,#11011,#11017));
#11001 = ORIENTED_EDGE('',*,*,#10987,.F.);
#11002 = ORIENTED_EDGE('',*,*,#11003,.T.);
#11003 = EDGE_CURVE('',#10979,#11004,#11006,.T.);
#11004 = VERTEX_POINT('',#11005);
#11005 = CARTESIAN_POINT('',(-14.26756501679,-50.7,178.48380253756));
#11006 = CIRCLE('',#11007,0.471154273188);
#11007 = AXIS2_PLACEMENT_3D('',#11008,#11009,#11010);
#11008 = CARTESIAN_POINT('',(-14.45539656818,-50.7,178.05170803696));
#11009 = DIRECTION('',(-0.,-1.,0.));
#11010 = DIRECTION('',(0.398662523251,-0.,0.91709770066));
#11011 = ORIENTED_EDGE('',*,*,#11012,.T.);
#11012 = EDGE_CURVE('',#11004,#3208,#11013,.T.);
#11013 = LINE('',#11014,#11015);
#11014 = CARTESIAN_POINT('',(-14.26756501679,-50.8,178.48380253756));
#11015 = VECTOR('',#11016,1.);
#11016 = DIRECTION('',(0.,1.,0.));
#11017 = ORIENTED_EDGE('',*,*,#3216,.F.);
#11018 = CYLINDRICAL_SURFACE('',#11019,0.471154273188);
#11019 = AXIS2_PLACEMENT_3D('',#11020,#11021,#11022);
#11020 = CARTESIAN_POINT('',(-14.45539656818,-50.8,178.05170803696));
#11021 = DIRECTION('',(-0.,-1.,-0.));
#11022 = DIRECTION('',(0.398662523251,-0.,0.91709770066));
#11023 = ADVANCED_FACE('',(#11024),#11043,.F.);
#11024 = FACE_BOUND('',#11025,.T.);
#11025 = EDGE_LOOP('',(#11026,#11027,#11036,#11042));
#11026 = ORIENTED_EDGE('',*,*,#11012,.F.);
#11027 = ORIENTED_EDGE('',*,*,#11028,.T.);
#11028 = EDGE_CURVE('',#11004,#11029,#11031,.T.);
#11029 = VERTEX_POINT('',#11030);
#11030 = CARTESIAN_POINT('',(-14.62699760926,-50.7,178.5899034513));
#11031 = CIRCLE('',#11032,1.469292842573);
#11032 = AXIS2_PLACEMENT_3D('',#11033,#11034,#11035);
#11033 = CARTESIAN_POINT('',(-14.85986021994,-50.7,177.13918071356));
#11034 = DIRECTION('',(-0.,-1.,0.));
#11035 = DIRECTION('',(0.158486180513,-0.,0.987361195605));
#11036 = ORIENTED_EDGE('',*,*,#11037,.T.);
#11037 = EDGE_CURVE('',#11029,#3199,#11038,.T.);
#11038 = LINE('',#11039,#11040);
#11039 = CARTESIAN_POINT('',(-14.62699760926,-50.8,178.5899034513));
#11040 = VECTOR('',#11041,1.);
#11041 = DIRECTION('',(0.,1.,0.));
#11042 = ORIENTED_EDGE('',*,*,#3207,.F.);
#11043 = CYLINDRICAL_SURFACE('',#11044,1.469292842573);
#11044 = AXIS2_PLACEMENT_3D('',#11045,#11046,#11047);
#11045 = CARTESIAN_POINT('',(-14.85986021994,-50.8,177.13918071356));
#11046 = DIRECTION('',(-0.,-1.,-0.));
#11047 = DIRECTION('',(0.158486180513,-0.,0.987361195605));
#11048 = ADVANCED_FACE('',(#11049),#11068,.T.);
#11049 = FACE_BOUND('',#11050,.T.);
#11050 = EDGE_LOOP('',(#11051,#11060,#11066,#11067));
#11051 = ORIENTED_EDGE('',*,*,#11052,.F.);
#11052 = EDGE_CURVE('',#11053,#11029,#11055,.T.);
#11053 = VERTEX_POINT('',#11054);
#11054 = CARTESIAN_POINT('',(-14.78830407368,-50.7,178.727672187));
#11055 = CIRCLE('',#11056,0.15);
#11056 = AXIS2_PLACEMENT_3D('',#11057,#11058,#11059);
#11057 = CARTESIAN_POINT('',(-14.63876647362,-50.7,178.73944105136));
#11058 = DIRECTION('',(0.,-1.,0.));
#11059 = DIRECTION('',(-0.996917333733,-0.,-7.845909572779E-02));
#11060 = ORIENTED_EDGE('',*,*,#11061,.T.);
#11061 = EDGE_CURVE('',#11053,#3191,#11062,.T.);
#11062 = LINE('',#11063,#11064);
#11063 = CARTESIAN_POINT('',(-14.78830407368,-50.8,178.727672187));
#11064 = VECTOR('',#11065,1.);
#11065 = DIRECTION('',(0.,1.,0.));
#11066 = ORIENTED_EDGE('',*,*,#3198,.T.);
#11067 = ORIENTED_EDGE('',*,*,#11037,.F.);
#11068 = CYLINDRICAL_SURFACE('',#11069,0.15);
#11069 = AXIS2_PLACEMENT_3D('',#11070,#11071,#11072);
#11070 = CARTESIAN_POINT('',(-14.63876647362,-50.8,178.73944105136));
#11071 = DIRECTION('',(0.,-1.,0.));
#11072 = DIRECTION('',(-0.996917333733,-0.,-7.845909572779E-02));
#11073 = ADVANCED_FACE('',(#11074),#11092,.T.);
#11074 = FACE_BOUND('',#11075,.T.);
#11075 = EDGE_LOOP('',(#11076,#11084,#11090,#11091));
#11076 = ORIENTED_EDGE('',*,*,#11077,.F.);
#11077 = EDGE_CURVE('',#11078,#11053,#11080,.T.);
#11078 = VERTEX_POINT('',#11079);
#11079 = CARTESIAN_POINT('',(-14.8107908947,-50.7,179.3));
#11080 = LINE('',#11081,#11082);
#11081 = CARTESIAN_POINT('',(-14.80516918944,-50.7,179.15691804675));
#11082 = VECTOR('',#11083,1.);
#11083 = DIRECTION('',(3.925981575907E-02,0.,-0.999229036241));
#11084 = ORIENTED_EDGE('',*,*,#11085,.T.);
#11085 = EDGE_CURVE('',#11078,#3182,#11086,.T.);
#11086 = LINE('',#11087,#11088);
#11087 = CARTESIAN_POINT('',(-14.8107908947,-50.8,179.3));
#11088 = VECTOR('',#11089,1.);
#11089 = DIRECTION('',(0.,1.,0.));
#11090 = ORIENTED_EDGE('',*,*,#3190,.T.);
#11091 = ORIENTED_EDGE('',*,*,#11061,.F.);
#11092 = PLANE('',#11093);
#11093 = AXIS2_PLACEMENT_3D('',#11094,#11095,#11096);
#11094 = CARTESIAN_POINT('',(-14.8107908947,-50.8,179.3));
#11095 = DIRECTION('',(-0.999229036241,0.,-3.925981575907E-02));
#11096 = DIRECTION('',(3.925981575907E-02,0.,-0.999229036241));
#11097 = ADVANCED_FACE('',(#11098),#11117,.T.);
#11098 = FACE_BOUND('',#11099,.T.);
#11099 = EDGE_LOOP('',(#11100,#11109,#11115,#11116));
#11100 = ORIENTED_EDGE('',*,*,#11101,.F.);
#11101 = EDGE_CURVE('',#11102,#11078,#11104,.T.);
#11102 = VERTEX_POINT('',#11103);
#11103 = CARTESIAN_POINT('',(-14.6607908947,-50.7,179.45));
#11104 = CIRCLE('',#11105,0.15);
#11105 = AXIS2_PLACEMENT_3D('',#11106,#11107,#11108);
#11106 = CARTESIAN_POINT('',(-14.6607908947,-50.7,179.3));
#11107 = DIRECTION('',(0.,-1.,0.));
#11108 = DIRECTION('',(-3.079018521626E-13,0.,1.));
#11109 = ORIENTED_EDGE('',*,*,#11110,.T.);
#11110 = EDGE_CURVE('',#11102,#3173,#11111,.T.);
#11111 = LINE('',#11112,#11113);
#11112 = CARTESIAN_POINT('',(-14.6607908947,-50.8,179.45));
#11113 = VECTOR('',#11114,1.);
#11114 = DIRECTION('',(0.,1.,0.));
#11115 = ORIENTED_EDGE('',*,*,#3181,.T.);
#11116 = ORIENTED_EDGE('',*,*,#11085,.F.);
#11117 = CYLINDRICAL_SURFACE('',#11118,0.15);
#11118 = AXIS2_PLACEMENT_3D('',#11119,#11120,#11121);
#11119 = CARTESIAN_POINT('',(-14.6607908947,-50.8,179.3));
#11120 = DIRECTION('',(0.,-1.,0.));
#11121 = DIRECTION('',(-3.079018521626E-13,0.,1.));
#11122 = ADVANCED_FACE('',(#11123),#11142,.F.);
#11123 = FACE_BOUND('',#11124,.T.);
#11124 = EDGE_LOOP('',(#11125,#11126,#11135,#11141));
#11125 = ORIENTED_EDGE('',*,*,#11110,.F.);
#11126 = ORIENTED_EDGE('',*,*,#11127,.T.);
#11127 = EDGE_CURVE('',#11102,#11128,#11130,.T.);
#11128 = VERTEX_POINT('',#11129);
#11129 = CARTESIAN_POINT('',(-14.3107908947,-50.7,179.58397459621));
#11130 = CIRCLE('',#11131,1.469292842572);
#11131 = AXIS2_PLACEMENT_3D('',#11132,#11133,#11134);
#11132 = CARTESIAN_POINT('',(-15.00675806181,-50.7,180.87798045382));
#11133 = DIRECTION('',(0.,-1.,-0.));
#11134 = DIRECTION('',(0.473674918265,0.,-0.880699762579));
#11135 = ORIENTED_EDGE('',*,*,#11136,.T.);
#11136 = EDGE_CURVE('',#11128,#3164,#11137,.T.);
#11137 = LINE('',#11138,#11139);
#11138 = CARTESIAN_POINT('',(-14.3107908947,-50.8,179.58397459621));
#11139 = VECTOR('',#11140,1.);
#11140 = DIRECTION('',(0.,1.,0.));
#11141 = ORIENTED_EDGE('',*,*,#3172,.F.);
#11142 = CYLINDRICAL_SURFACE('',#11143,1.469292842572);
#11143 = AXIS2_PLACEMENT_3D('',#11144,#11145,#11146);
#11144 = CARTESIAN_POINT('',(-15.00675806181,-50.8,180.87798045382));
#11145 = DIRECTION('',(-0.,-1.,-0.));
#11146 = DIRECTION('',(0.473674918265,0.,-0.880699762579));
#11147 = ADVANCED_FACE('',(#11148),#11167,.F.);
#11148 = FACE_BOUND('',#11149,.T.);
#11149 = EDGE_LOOP('',(#11150,#11151,#11160,#11166));
#11150 = ORIENTED_EDGE('',*,*,#11136,.F.);
#11151 = ORIENTED_EDGE('',*,*,#11152,.T.);
#11152 = EDGE_CURVE('',#11128,#11153,#11155,.T.);
#11153 = VERTEX_POINT('',#11154);
#11154 = CARTESIAN_POINT('',(-14.3107908947,-50.7,180.41602540378));
#11155 = CIRCLE('',#11156,0.471154273188);
#11156 = AXIS2_PLACEMENT_3D('',#11157,#11158,#11159);
#11157 = CARTESIAN_POINT('',(-14.53194516789,-50.7,180.));
#11158 = DIRECTION('',(-0.,-1.,0.));
#11159 = DIRECTION('',(0.469388236026,-0.,0.88299189344));
#11160 = ORIENTED_EDGE('',*,*,#11161,.T.);
#11161 = EDGE_CURVE('',#11153,#3155,#11162,.T.);
#11162 = LINE('',#11163,#11164);
#11163 = CARTESIAN_POINT('',(-14.3107908947,-50.8,180.41602540378));
#11164 = VECTOR('',#11165,1.);
#11165 = DIRECTION('',(0.,1.,0.));
#11166 = ORIENTED_EDGE('',*,*,#3163,.F.);
#11167 = CYLINDRICAL_SURFACE('',#11168,0.471154273188);
#11168 = AXIS2_PLACEMENT_3D('',#11169,#11170,#11171);
#11169 = CARTESIAN_POINT('',(-14.53194516789,-50.8,180.));
#11170 = DIRECTION('',(-0.,-1.,-0.));
#11171 = DIRECTION('',(0.469388236026,-0.,0.88299189344));
#11172 = ADVANCED_FACE('',(#11173),#11192,.F.);
#11173 = FACE_BOUND('',#11174,.T.);
#11174 = EDGE_LOOP('',(#11175,#11176,#11185,#11191));
#11175 = ORIENTED_EDGE('',*,*,#11161,.F.);
#11176 = ORIENTED_EDGE('',*,*,#11177,.T.);
#11177 = EDGE_CURVE('',#11153,#11178,#11180,.T.);
#11178 = VERTEX_POINT('',#11179);
#11179 = CARTESIAN_POINT('',(-14.6607908947,-50.7,180.55));
#11180 = CIRCLE('',#11181,1.469292842573);
#11181 = AXIS2_PLACEMENT_3D('',#11182,#11183,#11184);
#11182 = CARTESIAN_POINT('',(-15.00675806181,-50.7,179.12201954617));
#11183 = DIRECTION('',(-0.,-1.,0.));
#11184 = DIRECTION('',(0.235465087074,-0.,0.971882808146));
#11185 = ORIENTED_EDGE('',*,*,#11186,.T.);
#11186 = EDGE_CURVE('',#11178,#3146,#11187,.T.);
#11187 = LINE('',#11188,#11189);
#11188 = CARTESIAN_POINT('',(-14.6607908947,-50.8,180.55));
#11189 = VECTOR('',#11190,1.);
#11190 = DIRECTION('',(0.,1.,0.));
#11191 = ORIENTED_EDGE('',*,*,#3154,.F.);
#11192 = CYLINDRICAL_SURFACE('',#11193,1.469292842573);
#11193 = AXIS2_PLACEMENT_3D('',#11194,#11195,#11196);
#11194 = CARTESIAN_POINT('',(-15.00675806181,-50.8,179.12201954617));
#11195 = DIRECTION('',(-0.,-1.,-0.));
#11196 = DIRECTION('',(0.235465087074,-0.,0.971882808146));
#11197 = ADVANCED_FACE('',(#11198),#11217,.T.);
#11198 = FACE_BOUND('',#11199,.T.);
#11199 = EDGE_LOOP('',(#11200,#11209,#11215,#11216));
#11200 = ORIENTED_EDGE('',*,*,#11201,.F.);
#11201 = EDGE_CURVE('',#11202,#11178,#11204,.T.);
#11202 = VERTEX_POINT('',#11203);
#11203 = CARTESIAN_POINT('',(-14.8107908947,-50.7,180.7));
#11204 = CIRCLE('',#11205,0.15);
#11205 = AXIS2_PLACEMENT_3D('',#11206,#11207,#11208);
#11206 = CARTESIAN_POINT('',(-14.6607908947,-50.7,180.7));
#11207 = DIRECTION('',(0.,-1.,0.));
#11208 = DIRECTION('',(-1.,0.,0.));
#11209 = ORIENTED_EDGE('',*,*,#11210,.T.);
#11210 = EDGE_CURVE('',#11202,#3138,#11211,.T.);
#11211 = LINE('',#11212,#11213);
#11212 = CARTESIAN_POINT('',(-14.8107908947,-50.8,180.7));
#11213 = VECTOR('',#11214,1.);
#11214 = DIRECTION('',(0.,1.,0.));
#11215 = ORIENTED_EDGE('',*,*,#3145,.T.);
#11216 = ORIENTED_EDGE('',*,*,#11186,.F.);
#11217 = CYLINDRICAL_SURFACE('',#11218,0.15);
#11218 = AXIS2_PLACEMENT_3D('',#11219,#11220,#11221);
#11219 = CARTESIAN_POINT('',(-14.6607908947,-50.8,180.7));
#11220 = DIRECTION('',(0.,-1.,0.));
#11221 = DIRECTION('',(-1.,0.,0.));
#11222 = ADVANCED_FACE('',(#11223),#11241,.T.);
#11223 = FACE_BOUND('',#11224,.T.);
#11224 = EDGE_LOOP('',(#11225,#11233,#11239,#11240));
#11225 = ORIENTED_EDGE('',*,*,#11226,.F.);
#11226 = EDGE_CURVE('',#11227,#11202,#11229,.T.);
#11227 = VERTEX_POINT('',#11228);
#11228 = CARTESIAN_POINT('',(-14.78830407368,-50.7,181.27232781299));
#11229 = LINE('',#11230,#11231);
#11230 = CARTESIAN_POINT('',(-14.79392577894,-50.7,181.12924585974));
#11231 = VECTOR('',#11232,1.);
#11232 = DIRECTION('',(-3.925981575907E-02,0.,-0.999229036241));
#11233 = ORIENTED_EDGE('',*,*,#11234,.T.);
#11234 = EDGE_CURVE('',#11227,#3129,#11235,.T.);
#11235 = LINE('',#11236,#11237);
#11236 = CARTESIAN_POINT('',(-14.78830407368,-50.8,181.27232781299));
#11237 = VECTOR('',#11238,1.);
#11238 = DIRECTION('',(0.,1.,0.));
#11239 = ORIENTED_EDGE('',*,*,#3137,.T.);
#11240 = ORIENTED_EDGE('',*,*,#11210,.F.);
#11241 = PLANE('',#11242);
#11242 = AXIS2_PLACEMENT_3D('',#11243,#11244,#11245);
#11243 = CARTESIAN_POINT('',(-14.78830407368,-50.8,181.27232781299));
#11244 = DIRECTION('',(-0.999229036241,0.,3.925981575907E-02));
#11245 = DIRECTION('',(-3.925981575907E-02,0.,-0.999229036241));
#11246 = ADVANCED_FACE('',(#11247),#11266,.T.);
#11247 = FACE_BOUND('',#11248,.T.);
#11248 = EDGE_LOOP('',(#11249,#11258,#11264,#11265));
#11249 = ORIENTED_EDGE('',*,*,#11250,.F.);
#11250 = EDGE_CURVE('',#11251,#11227,#11253,.T.);
#11251 = VERTEX_POINT('',#11252);
#11252 = CARTESIAN_POINT('',(-14.62699760926,-50.7,181.41009654869));
#11253 = CIRCLE('',#11254,0.15);
#11254 = AXIS2_PLACEMENT_3D('',#11255,#11256,#11257);
#11255 = CARTESIAN_POINT('',(-14.63876647362,-50.7,181.26055894863));
#11256 = DIRECTION('',(0.,-1.,0.));
#11257 = DIRECTION('',(7.845909572783E-02,0.,0.996917333733));
#11258 = ORIENTED_EDGE('',*,*,#11259,.T.);
#11259 = EDGE_CURVE('',#11251,#3120,#11260,.T.);
#11260 = LINE('',#11261,#11262);
#11261 = CARTESIAN_POINT('',(-14.62699760926,-50.8,181.41009654869));
#11262 = VECTOR('',#11263,1.);
#11263 = DIRECTION('',(0.,1.,0.));
#11264 = ORIENTED_EDGE('',*,*,#3128,.T.);
#11265 = ORIENTED_EDGE('',*,*,#11234,.F.);
#11266 = CYLINDRICAL_SURFACE('',#11267,0.15);
#11267 = AXIS2_PLACEMENT_3D('',#11268,#11269,#11270);
#11268 = CARTESIAN_POINT('',(-14.63876647362,-50.8,181.26055894863));
#11269 = DIRECTION('',(0.,-1.,0.));
#11270 = DIRECTION('',(7.845909572783E-02,0.,0.996917333733));
#11271 = ADVANCED_FACE('',(#11272),#11291,.F.);
#11272 = FACE_BOUND('',#11273,.T.);
#11273 = EDGE_LOOP('',(#11274,#11275,#11284,#11290));
#11274 = ORIENTED_EDGE('',*,*,#11259,.F.);
#11275 = ORIENTED_EDGE('',*,*,#11276,.T.);
#11276 = EDGE_CURVE('',#11251,#11277,#11279,.T.);
#11277 = VERTEX_POINT('',#11278);
#11278 = CARTESIAN_POINT('',(-14.26756501679,-50.7,181.51619746243));
#11279 = CIRCLE('',#11280,1.469292842573);
#11280 = AXIS2_PLACEMENT_3D('',#11281,#11282,#11283);
#11281 = CARTESIAN_POINT('',(-14.85986021994,-50.7,182.86081928643));
#11282 = DIRECTION('',(0.,-1.,-0.));
#11283 = DIRECTION('',(0.403115829594,0.,-0.915148964885));
#11284 = ORIENTED_EDGE('',*,*,#11285,.T.);
#11285 = EDGE_CURVE('',#11277,#3111,#11286,.T.);
#11286 = LINE('',#11287,#11288);
#11287 = CARTESIAN_POINT('',(-14.26756501679,-50.8,181.51619746243));
#11288 = VECTOR('',#11289,1.);
#11289 = DIRECTION('',(0.,1.,0.));
#11290 = ORIENTED_EDGE('',*,*,#3119,.F.);
#11291 = CYLINDRICAL_SURFACE('',#11292,1.469292842573);
#11292 = AXIS2_PLACEMENT_3D('',#11293,#11294,#11295);
#11293 = CARTESIAN_POINT('',(-14.85986021994,-50.8,182.86081928643));
#11294 = DIRECTION('',(-0.,-1.,-0.));
#11295 = DIRECTION('',(0.403115829594,0.,-0.915148964885));
#11296 = ADVANCED_FACE('',(#11297),#11316,.F.);
#11297 = FACE_BOUND('',#11298,.T.);
#11298 = EDGE_LOOP('',(#11299,#11300,#11309,#11315));
#11299 = ORIENTED_EDGE('',*,*,#11285,.F.);
#11300 = ORIENTED_EDGE('',*,*,#11301,.T.);
#11301 = EDGE_CURVE('',#11277,#11302,#11304,.T.);
#11302 = VERTEX_POINT('',#11303);
#11303 = CARTESIAN_POINT('',(-14.20228306283,-50.7,182.34568333505));
#11304 = CIRCLE('',#11305,0.471154273188);
#11305 = AXIS2_PLACEMENT_3D('',#11306,#11307,#11308);
#11306 = CARTESIAN_POINT('',(-14.45539656818,-50.7,181.94829196303));
#11307 = DIRECTION('',(-0.,-1.,0.));
#11308 = DIRECTION('',(0.537220014239,-0.,0.843442147572));
#11309 = ORIENTED_EDGE('',*,*,#11310,.T.);
#11310 = EDGE_CURVE('',#11302,#3102,#11311,.T.);
#11311 = LINE('',#11312,#11313);
#11312 = CARTESIAN_POINT('',(-14.20228306283,-50.8,182.34568333505));
#11313 = VECTOR('',#11314,1.);
#11314 = DIRECTION('',(0.,1.,0.));
#11315 = ORIENTED_EDGE('',*,*,#3110,.F.);
#11316 = CYLINDRICAL_SURFACE('',#11317,0.471154273188);
#11317 = AXIS2_PLACEMENT_3D('',#11318,#11319,#11320);
#11318 = CARTESIAN_POINT('',(-14.45539656818,-50.8,181.94829196303));
#11319 = DIRECTION('',(-0.,-1.,-0.));
#11320 = DIRECTION('',(0.537220014239,-0.,0.843442147572));
#11321 = ADVANCED_FACE('',(#11322),#11341,.F.);
#11322 = FACE_BOUND('',#11323,.T.);
#11323 = EDGE_LOOP('',(#11324,#11325,#11334,#11340));
#11324 = ORIENTED_EDGE('',*,*,#11310,.F.);
#11325 = ORIENTED_EDGE('',*,*,#11326,.T.);
#11326 = EDGE_CURVE('',#11302,#11327,#11329,.T.);
#11327 = VERTEX_POINT('',#11328);
#11328 = CARTESIAN_POINT('',(-14.54069260396,-50.7,182.5067056158));
#11329 = CIRCLE('',#11330,1.46929284257);
#11330 = AXIS2_PLACEMENT_3D('',#11331,#11332,#11333);
#11331 = CARTESIAN_POINT('',(-14.99763132488,-50.7,181.11027142023));
#11332 = DIRECTION('',(-0.,-1.,0.));
#11333 = DIRECTION('',(0.310992273073,-0.,0.95041243999));
#11334 = ORIENTED_EDGE('',*,*,#11335,.T.);
#11335 = EDGE_CURVE('',#11327,#3093,#11336,.T.);
#11336 = LINE('',#11337,#11338);
#11337 = CARTESIAN_POINT('',(-14.54069260396,-50.8,182.5067056158));
#11338 = VECTOR('',#11339,1.);
#11339 = DIRECTION('',(0.,1.,0.));
#11340 = ORIENTED_EDGE('',*,*,#3101,.F.);
#11341 = CYLINDRICAL_SURFACE('',#11342,1.46929284257);
#11342 = AXIS2_PLACEMENT_3D('',#11343,#11344,#11345);
#11343 = CARTESIAN_POINT('',(-14.99763132488,-50.8,181.11027142023));
#11344 = DIRECTION('',(-0.,-1.,-0.));
#11345 = DIRECTION('',(0.310992273073,-0.,0.95041243999));
#11346 = ADVANCED_FACE('',(#11347),#11366,.T.);
#11347 = FACE_BOUND('',#11348,.T.);
#11348 = EDGE_LOOP('',(#11349,#11358,#11364,#11365));
#11349 = ORIENTED_EDGE('',*,*,#11350,.F.);
#11350 = EDGE_CURVE('',#11351,#11327,#11353,.T.);
#11351 = VERTEX_POINT('',#11352);
#11352 = CARTESIAN_POINT('',(-14.67846133966,-50.7,182.66801208022));
#11353 = CIRCLE('',#11354,0.15);
#11354 = AXIS2_PLACEMENT_3D('',#11355,#11356,#11357);
#11355 = CARTESIAN_POINT('',(-14.5289237396,-50.7,182.65624321586));
#11356 = DIRECTION('',(0.,-1.,0.));
#11357 = DIRECTION('',(-0.996917333733,0.,7.845909572779E-02));
#11358 = ORIENTED_EDGE('',*,*,#11359,.T.);
#11359 = EDGE_CURVE('',#11351,#3085,#11360,.T.);
#11360 = LINE('',#11361,#11362);
#11361 = CARTESIAN_POINT('',(-14.67846133966,-50.8,182.66801208022));
#11362 = VECTOR('',#11363,1.);
#11363 = DIRECTION('',(0.,1.,0.));
#11364 = ORIENTED_EDGE('',*,*,#3092,.T.);
#11365 = ORIENTED_EDGE('',*,*,#11335,.F.);
#11366 = CYLINDRICAL_SURFACE('',#11367,0.15);
#11367 = AXIS2_PLACEMENT_3D('',#11368,#11369,#11370);
#11368 = CARTESIAN_POINT('',(-14.5289237396,-50.8,182.65624321586));
#11369 = DIRECTION('',(0.,-1.,0.));
#11370 = DIRECTION('',(-0.996917333733,0.,7.845909572779E-02));
#11371 = ADVANCED_FACE('',(#11372),#11390,.T.);
#11372 = FACE_BOUND('',#11373,.T.);
#11373 = EDGE_LOOP('',(#11374,#11382,#11388,#11389));
#11374 = ORIENTED_EDGE('',*,*,#11375,.F.);
#11375 = EDGE_CURVE('',#11376,#11351,#11378,.T.);
#11376 = VERTEX_POINT('',#11377);
#11377 = CARTESIAN_POINT('',(-14.61113951534,-50.7,183.23681130193));
#11378 = LINE('',#11379,#11380);
#11379 = CARTESIAN_POINT('',(-14.62796997142,-50.7,183.0946114965));
#11380 = VECTOR('',#11381,1.);
#11381 = DIRECTION('',(-0.117537397458,0.,-0.993068456955));
#11382 = ORIENTED_EDGE('',*,*,#11383,.T.);
#11383 = EDGE_CURVE('',#11376,#3076,#11384,.T.);
#11384 = LINE('',#11385,#11386);
#11385 = CARTESIAN_POINT('',(-14.61113951534,-50.8,183.23681130193));
#11386 = VECTOR('',#11387,1.);
#11387 = DIRECTION('',(0.,1.,0.));
#11388 = ORIENTED_EDGE('',*,*,#3084,.T.);
#11389 = ORIENTED_EDGE('',*,*,#11359,.F.);
#11390 = PLANE('',#11391);
#11391 = AXIS2_PLACEMENT_3D('',#11392,#11393,#11394);
#11392 = CARTESIAN_POINT('',(-14.61113951534,-50.8,183.23681130193));
#11393 = DIRECTION('',(-0.993068456955,0.,0.117537397458));
#11394 = DIRECTION('',(-0.117537397458,0.,-0.993068456955));
#11395 = ADVANCED_FACE('',(#11396),#11415,.T.);
#11396 = FACE_BOUND('',#11397,.T.);
#11397 = EDGE_LOOP('',(#11398,#11407,#11413,#11414));
#11398 = ORIENTED_EDGE('',*,*,#11399,.F.);
#11399 = EDGE_CURVE('',#11400,#11376,#11402,.T.);
#11400 = VERTEX_POINT('',#11401);
#11401 = CARTESIAN_POINT('',(-14.4395210945,-50.7,183.36149938326));
#11402 = CIRCLE('',#11403,0.15);
#11403 = AXIS2_PLACEMENT_3D('',#11404,#11405,#11406);
#11404 = CARTESIAN_POINT('',(-14.46298626426,-50.7,183.21334613217));
#11405 = DIRECTION('',(0.,-1.,0.));
#11406 = DIRECTION('',(0.15643446504,0.,0.987688340595));
#11407 = ORIENTED_EDGE('',*,*,#11408,.T.);
#11408 = EDGE_CURVE('',#11400,#3067,#11409,.T.);
#11409 = LINE('',#11410,#11411);
#11410 = CARTESIAN_POINT('',(-14.4395210945,-50.8,183.36149938326));
#11411 = VECTOR('',#11412,1.);
#11412 = DIRECTION('',(0.,1.,0.));
#11413 = ORIENTED_EDGE('',*,*,#3075,.T.);
#11414 = ORIENTED_EDGE('',*,*,#11383,.F.);
#11415 = CYLINDRICAL_SURFACE('',#11416,0.15);
#11416 = AXIS2_PLACEMENT_3D('',#11417,#11418,#11419);
#11417 = CARTESIAN_POINT('',(-14.46298626426,-50.8,183.21334613217));
#11418 = DIRECTION('',(0.,-1.,0.));
#11419 = DIRECTION('',(0.15643446504,0.,0.987688340595));
#11420 = ADVANCED_FACE('',(#11421),#11440,.F.);
#11421 = FACE_BOUND('',#11422,.T.);
#11422 = EDGE_LOOP('',(#11423,#11424,#11433,#11439));
#11423 = ORIENTED_EDGE('',*,*,#11408,.F.);
#11424 = ORIENTED_EDGE('',*,*,#11425,.T.);
#11425 = EDGE_CURVE('',#11400,#11426,#11428,.T.);
#11426 = VERTEX_POINT('',#11427);
#11427 = CARTESIAN_POINT('',(-14.072871931,-50.7,183.43907246712));
#11428 = CIRCLE('',#11429,1.469292842571);
#11429 = AXIS2_PLACEMENT_3D('',#11430,#11431,#11432);
#11430 = CARTESIAN_POINT('',(-14.5578434733,-50.7,184.82602021681));
#11431 = DIRECTION('',(0.,-1.,-0.));
#11432 = DIRECTION('',(0.330071397783,0.,-0.943955969506));
#11433 = ORIENTED_EDGE('',*,*,#11434,.T.);
#11434 = EDGE_CURVE('',#11426,#3058,#11435,.T.);
#11435 = LINE('',#11436,#11437);
#11436 = CARTESIAN_POINT('',(-14.072871931,-50.8,183.43907246712));
#11437 = VECTOR('',#11438,1.);
#11438 = DIRECTION('',(0.,1.,0.));
#11439 = ORIENTED_EDGE('',*,*,#3066,.F.);
#11440 = CYLINDRICAL_SURFACE('',#11441,1.469292842571);
#11441 = AXIS2_PLACEMENT_3D('',#11442,#11443,#11444);
#11442 = CARTESIAN_POINT('',(-14.5578434733,-50.8,184.82602021681));
#11443 = DIRECTION('',(-0.,-1.,-0.));
#11444 = DIRECTION('',(0.330071397783,0.,-0.943955969506));
#11445 = ADVANCED_FACE('',(#11446),#11465,.F.);
#11446 = FACE_BOUND('',#11447,.T.);
#11447 = EDGE_LOOP('',(#11448,#11449,#11458,#11464));
#11448 = ORIENTED_EDGE('',*,*,#11434,.F.);
#11449 = ORIENTED_EDGE('',*,*,#11450,.T.);
#11450 = EDGE_CURVE('',#11426,#11451,#11453,.T.);
#11451 = VERTEX_POINT('',#11452);
#11452 = CARTESIAN_POINT('',(-13.94271050803,-50.7,184.26087934853));
#11453 = CIRCLE('',#11454,0.471154273188);
#11454 = AXIS2_PLACEMENT_3D('',#11455,#11456,#11457);
#11455 = CARTESIAN_POINT('',(-14.22622271662,-50.7,183.88457205824));
#11456 = DIRECTION('',(-0.,-1.,0.));
#11457 = DIRECTION('',(0.601739652421,-0.,0.798692300391));
#11458 = ORIENTED_EDGE('',*,*,#11459,.T.);
#11459 = EDGE_CURVE('',#11451,#3049,#11460,.T.);
#11460 = LINE('',#11461,#11462);
#11461 = CARTESIAN_POINT('',(-13.94271050803,-50.8,184.26087934853));
#11462 = VECTOR('',#11463,1.);
#11463 = DIRECTION('',(0.,1.,0.));
#11464 = ORIENTED_EDGE('',*,*,#3057,.F.);
#11465 = CYLINDRICAL_SURFACE('',#11466,0.471154273188);
#11466 = AXIS2_PLACEMENT_3D('',#11467,#11468,#11469);
#11467 = CARTESIAN_POINT('',(-14.22622271662,-50.8,183.88457205824));
#11468 = DIRECTION('',(-0.,-1.,-0.));
#11469 = DIRECTION('',(0.601739652421,-0.,0.798692300391));
#11470 = ADVANCED_FACE('',(#11471),#11490,.F.);
#11471 = FACE_BOUND('',#11472,.T.);
#11472 = EDGE_LOOP('',(#11473,#11474,#11483,#11489));
#11473 = ORIENTED_EDGE('',*,*,#11459,.F.);
#11474 = ORIENTED_EDGE('',*,*,#11475,.T.);
#11475 = EDGE_CURVE('',#11451,#11476,#11478,.T.);
#11476 = VERTEX_POINT('',#11477);
#11477 = CARTESIAN_POINT('',(-14.26744318296,-50.7,184.44795655792));
#11478 = CIRCLE('',#11479,1.469292842572);
#11479 = AXIS2_PLACEMENT_3D('',#11480,#11481,#11482);
#11480 = CARTESIAN_POINT('',(-14.83253627852,-50.7,183.09167810178));
#11481 = DIRECTION('',(-0.,-1.,0.));
#11482 = DIRECTION('',(0.384602088294,-0.,0.923082463098));
#11483 = ORIENTED_EDGE('',*,*,#11484,.T.);
#11484 = EDGE_CURVE('',#11476,#3040,#11485,.T.);
#11485 = LINE('',#11486,#11487);
#11486 = CARTESIAN_POINT('',(-14.26744318296,-50.8,184.44795655792));
#11487 = VECTOR('',#11488,1.);
#11488 = DIRECTION('',(0.,1.,0.));
#11489 = ORIENTED_EDGE('',*,*,#3048,.F.);
#11490 = CYLINDRICAL_SURFACE('',#11491,1.469292842572);
#11491 = AXIS2_PLACEMENT_3D('',#11492,#11493,#11494);
#11492 = CARTESIAN_POINT('',(-14.83253627852,-50.8,183.09167810178));
#11493 = DIRECTION('',(-0.,-1.,-0.));
#11494 = DIRECTION('',(0.384602088294,-0.,0.923082463098));
#11495 = ADVANCED_FACE('',(#11496),#11515,.T.);
#11496 = FACE_BOUND('',#11497,.T.);
#11497 = EDGE_LOOP('',(#11498,#11507,#11513,#11514));
#11498 = ORIENTED_EDGE('',*,*,#11499,.F.);
#11499 = EDGE_CURVE('',#11500,#11476,#11502,.T.);
#11500 = VERTEX_POINT('',#11501);
#11501 = CARTESIAN_POINT('',(-14.39213126429,-50.7,184.61957497876));
#11502 = CIRCLE('',#11503,0.15);
#11503 = AXIS2_PLACEMENT_3D('',#11504,#11505,#11506);
#11504 = CARTESIAN_POINT('',(-14.2439780132,-50.7,184.59610980901));
#11505 = DIRECTION('',(0.,-1.,0.));
#11506 = DIRECTION('',(-0.987688340595,0.,0.15643446504));
#11507 = ORIENTED_EDGE('',*,*,#11508,.T.);
#11508 = EDGE_CURVE('',#11500,#3032,#11509,.T.);
#11509 = LINE('',#11510,#11511);
#11510 = CARTESIAN_POINT('',(-14.39213126429,-50.8,184.61957497876));
#11511 = VECTOR('',#11512,1.);
#11512 = DIRECTION('',(0.,1.,0.));
#11513 = ORIENTED_EDGE('',*,*,#3039,.T.);
#11514 = ORIENTED_EDGE('',*,*,#11484,.F.);
#11515 = CYLINDRICAL_SURFACE('',#11516,0.15);
#11516 = AXIS2_PLACEMENT_3D('',#11517,#11518,#11519);
#11517 = CARTESIAN_POINT('',(-14.2439780132,-50.8,184.59610980901));
#11518 = DIRECTION('',(0.,-1.,0.));
#11519 = DIRECTION('',(-0.987688340595,0.,0.15643446504));
#11520 = ADVANCED_FACE('',(#11521),#11539,.T.);
#11521 = FACE_BOUND('',#11522,.T.);
#11522 = EDGE_LOOP('',(#11523,#11531,#11537,#11538));
#11523 = ORIENTED_EDGE('',*,*,#11524,.F.);
#11524 = EDGE_CURVE('',#11525,#11500,#11527,.T.);
#11525 = VERTEX_POINT('',#11526);
#11526 = CARTESIAN_POINT('',(-14.2803894981,-50.7,185.18133877284));
#11527 = LINE('',#11528,#11529);
#11528 = CARTESIAN_POINT('',(-14.30832493965,-50.7,185.04089782432));
#11529 = VECTOR('',#11530,1.);
#11530 = DIRECTION('',(-0.195090322016,0.,-0.980785280403));
#11531 = ORIENTED_EDGE('',*,*,#11532,.T.);
#11532 = EDGE_CURVE('',#11525,#3023,#11533,.T.);
#11533 = LINE('',#11534,#11535);
#11534 = CARTESIAN_POINT('',(-14.2803894981,-50.8,185.18133877284));
#11535 = VECTOR('',#11536,1.);
#11536 = DIRECTION('',(0.,1.,0.));
#11537 = ORIENTED_EDGE('',*,*,#3031,.T.);
#11538 = ORIENTED_EDGE('',*,*,#11508,.F.);
#11539 = PLANE('',#11540);
#11540 = AXIS2_PLACEMENT_3D('',#11541,#11542,#11543);
#11541 = CARTESIAN_POINT('',(-14.2803894981,-50.8,185.18133877284));
#11542 = DIRECTION('',(-0.980785280403,0.,0.195090322016));
#11543 = DIRECTION('',(-0.195090322016,0.,-0.980785280403));
#11544 = ADVANCED_FACE('',(#11545),#11564,.T.);
#11545 = FACE_BOUND('',#11546,.T.);
#11546 = EDGE_LOOP('',(#11547,#11556,#11562,#11563));
#11547 = ORIENTED_EDGE('',*,*,#11548,.F.);
#11548 = EDGE_CURVE('',#11549,#11525,#11551,.T.);
#11549 = VERTEX_POINT('',#11550);
#11550 = CARTESIAN_POINT('',(-14.09951720546,-50.7,185.29217745632));
#11551 = CIRCLE('',#11552,0.15);
#11552 = AXIS2_PLACEMENT_3D('',#11553,#11554,#11555);
#11553 = CARTESIAN_POINT('',(-14.13453401004,-50.7,185.14632196826));
#11554 = DIRECTION('',(0.,-1.,0.));
#11555 = DIRECTION('',(0.233445363856,0.,0.972369920398));
#11556 = ORIENTED_EDGE('',*,*,#11557,.T.);
#11557 = EDGE_CURVE('',#11549,#3014,#11558,.T.);
#11558 = LINE('',#11559,#11560);
#11559 = CARTESIAN_POINT('',(-14.09951720546,-50.8,185.29217745632));
#11560 = VECTOR('',#11561,1.);
#11561 = DIRECTION('',(0.,1.,0.));
#11562 = ORIENTED_EDGE('',*,*,#3022,.T.);
#11563 = ORIENTED_EDGE('',*,*,#11532,.F.);
#11564 = CYLINDRICAL_SURFACE('',#11565,0.15);
#11565 = AXIS2_PLACEMENT_3D('',#11566,#11567,#11568);
#11566 = CARTESIAN_POINT('',(-14.13453401004,-50.8,185.14632196826));
#11567 = DIRECTION('',(0.,-1.,0.));
#11568 = DIRECTION('',(0.233445363856,0.,0.972369920398));
#11569 = ADVANCED_FACE('',(#11570),#11589,.F.);
#11570 = FACE_BOUND('',#11571,.T.);
#11571 = EDGE_LOOP('',(#11572,#11573,#11582,#11588));
#11572 = ORIENTED_EDGE('',*,*,#11557,.F.);
#11573 = ORIENTED_EDGE('',*,*,#11574,.T.);
#11574 = EDGE_CURVE('',#11549,#11575,#11577,.T.);
#11575 = VERTEX_POINT('',#11576);
#11576 = CARTESIAN_POINT('',(-13.72791198496,-50.7,185.34074444643));
#11577 = CIRCLE('',#11578,1.469292842574);
#11578 = AXIS2_PLACEMENT_3D('',#11579,#11580,#11581);
#11579 = CARTESIAN_POINT('',(-14.10256985559,-50.7,186.76146712775));
#11580 = DIRECTION('',(0.,-1.,-0.));
#11581 = DIRECTION('',(0.254991966045,0.,-0.966943171677));
#11582 = ORIENTED_EDGE('',*,*,#11583,.T.);
#11583 = EDGE_CURVE('',#11575,#3005,#11584,.T.);
#11584 = LINE('',#11585,#11586);
#11585 = CARTESIAN_POINT('',(-13.72791198496,-50.8,185.34074444643));
#11586 = VECTOR('',#11587,1.);
#11587 = DIRECTION('',(0.,1.,0.));
#11588 = ORIENTED_EDGE('',*,*,#3013,.F.);
#11589 = CYLINDRICAL_SURFACE('',#11590,1.469292842574);
#11590 = AXIS2_PLACEMENT_3D('',#11591,#11592,#11593);
#11591 = CARTESIAN_POINT('',(-14.10256985559,-50.8,186.76146712775));
#11592 = DIRECTION('',(-0.,-1.,-0.));
#11593 = DIRECTION('',(0.254991966045,0.,-0.966943171677));
#11594 = ADVANCED_FACE('',(#11595),#11614,.F.);
#11595 = FACE_BOUND('',#11596,.T.);
#11596 = EDGE_LOOP('',(#11597,#11598,#11607,#11613));
#11597 = ORIENTED_EDGE('',*,*,#11583,.F.);
#11598 = ORIENTED_EDGE('',*,*,#11599,.T.);
#11599 = EDGE_CURVE('',#11575,#11600,#11602,.T.);
#11600 = VERTEX_POINT('',#11601);
#11601 = CARTESIAN_POINT('',(-13.53367358144,-50.7,186.14980562395));
#11602 = CIRCLE('',#11603,0.471154273188);
#11603 = AXIS2_PLACEMENT_3D('',#11604,#11605,#11606);
#11604 = CARTESIAN_POINT('',(-13.84583654622,-50.7,185.79690247496));
#11605 = DIRECTION('',(-0.,-1.,0.));
#11606 = DIRECTION('',(0.662549365546,-0.,0.749018249587));
#11607 = ORIENTED_EDGE('',*,*,#11608,.T.);
#11608 = EDGE_CURVE('',#11600,#2996,#11609,.T.);
#11609 = LINE('',#11610,#11611);
#11610 = CARTESIAN_POINT('',(-13.53367358144,-50.8,186.14980562395));
#11611 = VECTOR('',#11612,1.);
#11612 = DIRECTION('',(0.,1.,0.));
#11613 = ORIENTED_EDGE('',*,*,#3004,.F.);
#11614 = CYLINDRICAL_SURFACE('',#11615,0.471154273188);
#11615 = AXIS2_PLACEMENT_3D('',#11616,#11617,#11618);
#11616 = CARTESIAN_POINT('',(-13.84583654622,-50.8,185.79690247496));
#11617 = DIRECTION('',(-0.,-1.,-0.));
#11618 = DIRECTION('',(0.662549365546,-0.,0.749018249587));
#11619 = ADVANCED_FACE('',(#11620),#11639,.F.);
#11620 = FACE_BOUND('',#11621,.T.);
#11621 = EDGE_LOOP('',(#11622,#11623,#11632,#11638));
#11622 = ORIENTED_EDGE('',*,*,#11608,.F.);
#11623 = ORIENTED_EDGE('',*,*,#11624,.T.);
#11624 = EDGE_CURVE('',#11600,#11625,#11627,.T.);
#11625 = VERTEX_POINT('',#11626);
#11626 = CARTESIAN_POINT('',(-13.84272730522,-50.7,186.36178436876));
#11627 = CIRCLE('',#11628,1.469292842571);
#11628 = AXIS2_PLACEMENT_3D('',#11629,#11630,#11631);
#11629 = CARTESIAN_POINT('',(-14.51249078859,-50.7,185.05402355975));
#11630 = DIRECTION('',(-0.,-1.,0.));
#11631 = DIRECTION('',(0.455840703747,-0.,0.890061375865));
#11632 = ORIENTED_EDGE('',*,*,#11633,.T.);
#11633 = EDGE_CURVE('',#11625,#2987,#11634,.T.);
#11634 = LINE('',#11635,#11636);
#11635 = CARTESIAN_POINT('',(-13.84272730522,-50.8,186.36178436876));
#11636 = VECTOR('',#11637,1.);
#11637 = DIRECTION('',(0.,1.,0.));
#11638 = ORIENTED_EDGE('',*,*,#2995,.F.);
#11639 = CYLINDRICAL_SURFACE('',#11640,1.469292842571);
#11640 = AXIS2_PLACEMENT_3D('',#11641,#11642,#11643);
#11641 = CARTESIAN_POINT('',(-14.51249078859,-50.8,185.05402355975));
#11642 = DIRECTION('',(-0.,-1.,-0.));
#11643 = DIRECTION('',(0.455840703747,-0.,0.890061375865));
#11644 = ADVANCED_FACE('',(#11645),#11664,.T.);
#11645 = FACE_BOUND('',#11646,.T.);
#11646 = EDGE_LOOP('',(#11647,#11656,#11662,#11663));
#11647 = ORIENTED_EDGE('',*,*,#11648,.F.);
#11648 = EDGE_CURVE('',#11649,#11625,#11651,.T.);
#11649 = VERTEX_POINT('',#11650);
#11650 = CARTESIAN_POINT('',(-13.9535659887,-50.7,186.5426566614));
#11651 = CIRCLE('',#11652,0.15);
#11652 = AXIS2_PLACEMENT_3D('',#11653,#11654,#11655);
#11653 = CARTESIAN_POINT('',(-13.80771050064,-50.7,186.50763985682));
#11654 = DIRECTION('',(0.,-1.,0.));
#11655 = DIRECTION('',(-0.972369920398,0.,0.233445363856));
#11656 = ORIENTED_EDGE('',*,*,#11657,.T.);
#11657 = EDGE_CURVE('',#11649,#2979,#11658,.T.);
#11658 = LINE('',#11659,#11660);
#11659 = CARTESIAN_POINT('',(-13.9535659887,-50.8,186.5426566614));
#11660 = VECTOR('',#11661,1.);
#11661 = DIRECTION('',(0.,1.,0.));
#11662 = ORIENTED_EDGE('',*,*,#2986,.T.);
#11663 = ORIENTED_EDGE('',*,*,#11633,.F.);
#11664 = CYLINDRICAL_SURFACE('',#11665,0.15);
#11665 = AXIS2_PLACEMENT_3D('',#11666,#11667,#11668);
#11666 = CARTESIAN_POINT('',(-13.80771050064,-50.8,186.50763985682));
#11667 = DIRECTION('',(0.,-1.,0.));
#11668 = DIRECTION('',(-0.972369920398,0.,0.233445363856));
#11669 = ADVANCED_FACE('',(#11670),#11688,.T.);
#11670 = FACE_BOUND('',#11671,.T.);
#11671 = EDGE_LOOP('',(#11672,#11680,#11686,#11687));
#11672 = ORIENTED_EDGE('',*,*,#11673,.F.);
#11673 = EDGE_CURVE('',#11674,#11649,#11676,.T.);
#11674 = VERTEX_POINT('',#11675);
#11675 = CARTESIAN_POINT('',(-13.79809320579,-50.7,187.09392156725));
#11676 = LINE('',#11677,#11678);
#11677 = CARTESIAN_POINT('',(-13.83696140152,-50.7,186.95610534079));
#11678 = VECTOR('',#11679,1.);
#11679 = DIRECTION('',(-0.271440449865,0.,-0.962455236454));
#11680 = ORIENTED_EDGE('',*,*,#11681,.T.);
#11681 = EDGE_CURVE('',#11674,#2970,#11682,.T.);
#11682 = LINE('',#11683,#11684);
#11683 = CARTESIAN_POINT('',(-13.79809320579,-50.8,187.09392156725));
#11684 = VECTOR('',#11685,1.);
#11685 = DIRECTION('',(0.,1.,0.));
#11686 = ORIENTED_EDGE('',*,*,#2978,.T.);
#11687 = ORIENTED_EDGE('',*,*,#11657,.F.);
#11688 = PLANE('',#11689);
#11689 = AXIS2_PLACEMENT_3D('',#11690,#11691,#11692);
#11690 = CARTESIAN_POINT('',(-13.79809320579,-50.8,187.09392156725));
#11691 = DIRECTION('',(-0.962455236454,0.,0.271440449865));
#11692 = DIRECTION('',(-0.271440449865,0.,-0.962455236454));
#11693 = ADVANCED_FACE('',(#11694),#11713,.T.);
#11694 = FACE_BOUND('',#11695,.T.);
#11695 = EDGE_LOOP('',(#11696,#11705,#11711,#11712));
#11696 = ORIENTED_EDGE('',*,*,#11697,.F.);
#11697 = EDGE_CURVE('',#11698,#11674,#11700,.T.);
#11698 = VERTEX_POINT('',#11699);
#11699 = CARTESIAN_POINT('',(-13.60908217919,-50.7,187.19022749554));
#11700 = CIRCLE('',#11701,0.15);
#11701 = AXIS2_PLACEMENT_3D('',#11702,#11703,#11704);
#11702 = CARTESIAN_POINT('',(-13.65543472835,-50.7,187.04756901809));
#11703 = DIRECTION('',(0.,-1.,0.));
#11704 = DIRECTION('',(0.309016994375,0.,0.951056516295));
#11705 = ORIENTED_EDGE('',*,*,#11706,.T.);
#11706 = EDGE_CURVE('',#11698,#2961,#11707,.T.);
#11707 = LINE('',#11708,#11709);
#11708 = CARTESIAN_POINT('',(-13.60908217919,-50.8,187.19022749554));
#11709 = VECTOR('',#11710,1.);
#11710 = DIRECTION('',(0.,1.,0.));
#11711 = ORIENTED_EDGE('',*,*,#2969,.T.);
#11712 = ORIENTED_EDGE('',*,*,#11681,.F.);
#11713 = CYLINDRICAL_SURFACE('',#11714,0.15);
#11714 = AXIS2_PLACEMENT_3D('',#11715,#11716,#11717);
#11715 = CARTESIAN_POINT('',(-13.65543472835,-50.8,187.04756901809));
#11716 = DIRECTION('',(0.,-1.,0.));
#11717 = DIRECTION('',(0.309016994375,0.,0.951056516295));
#11718 = ADVANCED_FACE('',(#11719),#11738,.F.);
#11719 = FACE_BOUND('',#11720,.T.);
#11720 = EDGE_LOOP('',(#11721,#11722,#11731,#11737));
#11721 = ORIENTED_EDGE('',*,*,#11706,.F.);
#11722 = ORIENTED_EDGE('',*,*,#11723,.T.);
#11723 = EDGE_CURVE('',#11698,#11724,#11726,.T.);
#11724 = VERTEX_POINT('',#11725);
#11725 = CARTESIAN_POINT('',(-13.23481197144,-50.7,187.20948896025));
#11726 = CIRCLE('',#11727,1.469292842574);
#11727 = AXIS2_PLACEMENT_3D('',#11728,#11729,#11730);
#11728 = CARTESIAN_POINT('',(-13.49684628003,-50.7,188.65522734543));
#11729 = DIRECTION('',(0.,-1.,-0.));
#11730 = DIRECTION('',(0.178340424043,0.,-0.983968847653));
#11731 = ORIENTED_EDGE('',*,*,#11732,.T.);
#11732 = EDGE_CURVE('',#11724,#2952,#11733,.T.);
#11733 = LINE('',#11734,#11735);
#11734 = CARTESIAN_POINT('',(-13.23481197144,-50.8,187.20948896025));
#11735 = VECTOR('',#11736,1.);
#11736 = DIRECTION('',(0.,1.,0.));
#11737 = ORIENTED_EDGE('',*,*,#2960,.F.);
#11738 = CYLINDRICAL_SURFACE('',#11739,1.469292842574);
#11739 = AXIS2_PLACEMENT_3D('',#11740,#11741,#11742);
#11740 = CARTESIAN_POINT('',(-13.49684628003,-50.8,188.65522734543));
#11741 = DIRECTION('',(-0.,-1.,-0.));
#11742 = DIRECTION('',(0.178340424043,0.,-0.983968847653));
#11743 = ADVANCED_FACE('',(#11744),#11763,.F.);
#11744 = FACE_BOUND('',#11745,.T.);
#11745 = EDGE_LOOP('',(#11746,#11747,#11756,#11762));
#11746 = ORIENTED_EDGE('',*,*,#11732,.F.);
#11747 = ORIENTED_EDGE('',*,*,#11748,.T.);
#11748 = EDGE_CURVE('',#11724,#11749,#11751,.T.);
#11749 = VERTEX_POINT('',#11750);
#11750 = CARTESIAN_POINT('',(-12.97769413172,-50.7,188.00081630268));
#11751 = CIRCLE('',#11752,0.471154273188);
#11752 = AXIS2_PLACEMENT_3D('',#11753,#11754,#11755);
#11753 = CARTESIAN_POINT('',(-13.3165832642,-50.7,187.67349306026));
#11754 = DIRECTION('',(-0.,-1.,0.));
#11755 = DIRECTION('',(0.719274241513,-0.,0.6947262522));
#11756 = ORIENTED_EDGE('',*,*,#11757,.T.);
#11757 = EDGE_CURVE('',#11749,#2943,#11758,.T.);
#11758 = LINE('',#11759,#11760);
#11759 = CARTESIAN_POINT('',(-12.97769413172,-50.8,188.00081630268));
#11760 = VECTOR('',#11761,1.);
#11761 = DIRECTION('',(0.,1.,0.));
#11762 = ORIENTED_EDGE('',*,*,#2951,.F.);
#11763 = CYLINDRICAL_SURFACE('',#11764,0.471154273188);
#11764 = AXIS2_PLACEMENT_3D('',#11765,#11766,#11767);
#11765 = CARTESIAN_POINT('',(-13.3165832642,-50.8,187.67349306026));
#11766 = DIRECTION('',(-0.,-1.,-0.));
#11767 = DIRECTION('',(0.719274241513,-0.,0.6947262522));
#11768 = ADVANCED_FACE('',(#11769),#11788,.F.);
#11769 = FACE_BOUND('',#11770,.T.);
#11770 = EDGE_LOOP('',(#11771,#11772,#11781,#11787));
#11771 = ORIENTED_EDGE('',*,*,#11757,.F.);
#11772 = ORIENTED_EDGE('',*,*,#11773,.T.);
#11773 = EDGE_CURVE('',#11749,#11774,#11776,.T.);
#11774 = VERTEX_POINT('',#11775);
#11775 = CARTESIAN_POINT('',(-13.26916348538,-50.7,188.23638966346));
#11776 = CIRCLE('',#11777,1.469292842575);
#11777 = AXIS2_PLACEMENT_3D('',#11778,#11779,#11780);
#11778 = CARTESIAN_POINT('',(-14.03946804195,-50.7,186.98520928184));
#11779 = DIRECTION('',(-0.,-1.,0.));
#11780 = DIRECTION('',(0.52426890968,-0.,0.851552764274));
#11781 = ORIENTED_EDGE('',*,*,#11782,.T.);
#11782 = EDGE_CURVE('',#11774,#2934,#11783,.T.);
#11783 = LINE('',#11784,#11785);
#11784 = CARTESIAN_POINT('',(-13.26916348538,-50.8,188.23638966346));
#11785 = VECTOR('',#11786,1.);
#11786 = DIRECTION('',(0.,1.,0.));
#11787 = ORIENTED_EDGE('',*,*,#2942,.F.);
#11788 = CYLINDRICAL_SURFACE('',#11789,1.469292842575);
#11789 = AXIS2_PLACEMENT_3D('',#11790,#11791,#11792);
#11790 = CARTESIAN_POINT('',(-14.03946804195,-50.8,186.98520928184));
#11791 = DIRECTION('',(-0.,-1.,-0.));
#11792 = DIRECTION('',(0.52426890968,-0.,0.851552764274));
#11793 = ADVANCED_FACE('',(#11794),#11813,.T.);
#11794 = FACE_BOUND('',#11795,.T.);
#11795 = EDGE_LOOP('',(#11796,#11805,#11811,#11812));
#11796 = ORIENTED_EDGE('',*,*,#11797,.F.);
#11797 = EDGE_CURVE('',#11798,#11774,#11800,.T.);
#11798 = VERTEX_POINT('',#11799);
#11799 = CARTESIAN_POINT('',(-13.36546941367,-50.7,188.42540069006));
#11800 = CIRCLE('',#11801,0.15);
#11801 = AXIS2_PLACEMENT_3D('',#11802,#11803,#11804);
#11802 = CARTESIAN_POINT('',(-13.22281093622,-50.7,188.3790481409));
#11803 = DIRECTION('',(0.,-1.,0.));
#11804 = DIRECTION('',(-0.951056516295,0.,0.309016994375));
#11805 = ORIENTED_EDGE('',*,*,#11806,.T.);
#11806 = EDGE_CURVE('',#11798,#2926,#11807,.T.);
#11807 = LINE('',#11808,#11809);
#11808 = CARTESIAN_POINT('',(-13.36546941367,-50.8,188.42540069006));
#11809 = VECTOR('',#11810,1.);
#11810 = DIRECTION('',(0.,1.,0.));
#11811 = ORIENTED_EDGE('',*,*,#2933,.T.);
#11812 = ORIENTED_EDGE('',*,*,#11782,.F.);
#11813 = CYLINDRICAL_SURFACE('',#11814,0.15);
#11814 = AXIS2_PLACEMENT_3D('',#11815,#11816,#11817);
#11815 = CARTESIAN_POINT('',(-13.22281093622,-50.8,188.3790481409));
#11816 = DIRECTION('',(0.,-1.,0.));
#11817 = DIRECTION('',(-0.951056516295,0.,0.309016994375));
#11818 = ADVANCED_FACE('',(#11819),#11837,.T.);
#11819 = FACE_BOUND('',#11820,.T.);
#11820 = EDGE_LOOP('',(#11821,#11829,#11835,#11836));
#11821 = ORIENTED_EDGE('',*,*,#11822,.F.);
#11822 = EDGE_CURVE('',#11823,#11798,#11825,.T.);
#11823 = VERTEX_POINT('',#11824);
#11824 = CARTESIAN_POINT('',(-13.16722415544,-50.7,188.96276797622));
#11825 = LINE('',#11826,#11827);
#11826 = CARTESIAN_POINT('',(-13.21678547,-50.7,188.82842615468));
#11827 = VECTOR('',#11828,1.);
#11828 = DIRECTION('',(-0.346117057077,0.,-0.938191335922));
#11829 = ORIENTED_EDGE('',*,*,#11830,.T.);
#11830 = EDGE_CURVE('',#11823,#2917,#11831,.T.);
#11831 = LINE('',#11832,#11833);
#11832 = CARTESIAN_POINT('',(-13.16722415544,-50.8,188.96276797622));
#11833 = VECTOR('',#11834,1.);
#11834 = DIRECTION('',(0.,1.,0.));
#11835 = ORIENTED_EDGE('',*,*,#2925,.T.);
#11836 = ORIENTED_EDGE('',*,*,#11806,.F.);
#11837 = PLANE('',#11838);
#11838 = AXIS2_PLACEMENT_3D('',#11839,#11840,#11841);
#11839 = CARTESIAN_POINT('',(-13.16722415544,-50.8,188.96276797622));
#11840 = DIRECTION('',(-0.938191335922,0.,0.346117057077));
#11841 = DIRECTION('',(-0.346117057077,0.,-0.938191335922));
#11842 = ADVANCED_FACE('',(#11843),#11862,.T.);
#11843 = FACE_BOUND('',#11844,.T.);
#11844 = EDGE_LOOP('',(#11845,#11854,#11860,#11861));
#11845 = ORIENTED_EDGE('',*,*,#11846,.F.);
#11846 = EDGE_CURVE('',#11847,#11823,#11849,.T.);
#11847 = VERTEX_POINT('',#11848);
#11848 = CARTESIAN_POINT('',(-12.97123971071,-50.7,189.04394739125));
#11849 = CIRCLE('',#11850,0.15);
#11850 = AXIS2_PLACEMENT_3D('',#11851,#11852,#11853);
#11851 = CARTESIAN_POINT('',(-13.02864222556,-50.7,188.90536546137));
#11852 = DIRECTION('',(0.,-1.,0.));
#11853 = DIRECTION('',(0.382683432365,0.,0.923879532511));
#11854 = ORIENTED_EDGE('',*,*,#11855,.T.);
#11855 = EDGE_CURVE('',#11847,#2908,#11856,.T.);
#11856 = LINE('',#11857,#11858);
#11857 = CARTESIAN_POINT('',(-12.97123971071,-50.8,189.04394739125));
#11858 = VECTOR('',#11859,1.);
#11859 = DIRECTION('',(0.,1.,0.));
#11860 = ORIENTED_EDGE('',*,*,#2916,.T.);
#11861 = ORIENTED_EDGE('',*,*,#11830,.F.);
#11862 = CYLINDRICAL_SURFACE('',#11863,0.15);
#11863 = AXIS2_PLACEMENT_3D('',#11864,#11865,#11866);
#11864 = CARTESIAN_POINT('',(-13.02864222556,-50.8,188.90536546137));
#11865 = DIRECTION('',(0.,-1.,0.));
#11866 = DIRECTION('',(0.382683432365,0.,0.923879532511));
#11867 = ADVANCED_FACE('',(#11868),#11887,.F.);
#11868 = FACE_BOUND('',#11869,.T.);
#11869 = EDGE_LOOP('',(#11870,#11871,#11880,#11886));
#11870 = ORIENTED_EDGE('',*,*,#11855,.F.);
#11871 = ORIENTED_EDGE('',*,*,#11872,.T.);
#11872 = EDGE_CURVE('',#11847,#11873,#11875,.T.);
#11873 = VERTEX_POINT('',#11874);
#11874 = CARTESIAN_POINT('',(-12.596612016,-50.7,189.03378457724));
#11875 = CIRCLE('',#11876,1.469292842573);
#11876 = AXIS2_PLACEMENT_3D('',#11877,#11878,#11879);
#11877 = CARTESIAN_POINT('',(-12.7444072339,-50.7,190.49562520836));
#11878 = DIRECTION('',(0.,-1.,-0.));
#11879 = DIRECTION('',(0.100589354023,0.,-0.994928028481));
#11880 = ORIENTED_EDGE('',*,*,#11881,.T.);
#11881 = EDGE_CURVE('',#11873,#2899,#11882,.T.);
#11882 = LINE('',#11883,#11884);
#11883 = CARTESIAN_POINT('',(-12.596612016,-50.8,189.03378457724));
#11884 = VECTOR('',#11885,1.);
#11885 = DIRECTION('',(0.,1.,0.));
#11886 = ORIENTED_EDGE('',*,*,#2907,.F.);
#11887 = CYLINDRICAL_SURFACE('',#11888,1.469292842573);
#11888 = AXIS2_PLACEMENT_3D('',#11889,#11890,#11891);
#11889 = CARTESIAN_POINT('',(-12.7444072339,-50.8,190.49562520836));
#11890 = DIRECTION('',(-0.,-1.,-0.));
#11891 = DIRECTION('',(0.100589354023,0.,-0.994928028481));
#11892 = ADVANCED_FACE('',(#11893),#11912,.F.);
#11893 = FACE_BOUND('',#11894,.T.);
#11894 = EDGE_LOOP('',(#11895,#11896,#11905,#11911));
#11895 = ORIENTED_EDGE('',*,*,#11881,.F.);
#11896 = ORIENTED_EDGE('',*,*,#11897,.T.);
#11897 = EDGE_CURVE('',#11873,#11898,#11900,.T.);
#11898 = VERTEX_POINT('',#11899);
#11899 = CARTESIAN_POINT('',(-12.27819995706,-50.7,189.80249928836));
#11900 = CIRCLE('',#11901,0.471154273188);
#11901 = AXIS2_PLACEMENT_3D('',#11902,#11903,#11904);
#11902 = CARTESIAN_POINT('',(-12.64172589305,-50.7,189.50277400915));
#11903 = DIRECTION('',(-0.,-1.,0.));
#11904 = DIRECTION('',(0.771564552598,-0.,0.636151036448));
#11905 = ORIENTED_EDGE('',*,*,#11906,.T.);
#11906 = EDGE_CURVE('',#11898,#2890,#11907,.T.);
#11907 = LINE('',#11908,#11909);
#11908 = CARTESIAN_POINT('',(-12.27819995706,-50.8,189.80249928836));
#11909 = VECTOR('',#11910,1.);
#11910 = DIRECTION('',(0.,1.,0.));
#11911 = ORIENTED_EDGE('',*,*,#2898,.F.);
#11912 = CYLINDRICAL_SURFACE('',#11913,0.471154273188);
#11913 = AXIS2_PLACEMENT_3D('',#11914,#11915,#11916);
#11914 = CARTESIAN_POINT('',(-12.64172589305,-50.8,189.50277400915));
#11915 = DIRECTION('',(-0.,-1.,-0.));
#11916 = DIRECTION('',(0.771564552598,-0.,0.636151036448));
#11917 = ADVANCED_FACE('',(#11918),#11937,.F.);
#11918 = FACE_BOUND('',#11919,.T.);
#11919 = EDGE_LOOP('',(#11920,#11921,#11930,#11936));
#11920 = ORIENTED_EDGE('',*,*,#11906,.F.);
#11921 = ORIENTED_EDGE('',*,*,#11922,.T.);
#11922 = EDGE_CURVE('',#11898,#11923,#11925,.T.);
#11923 = VERTEX_POINT('',#11924);
#11924 = CARTESIAN_POINT('',(-12.55028793511,-50.7,190.06021487701));
#11925 = CIRCLE('',#11926,1.469292842571);
#11926 = AXIS2_PLACEMENT_3D('',#11927,#11928,#11929);
#11927 = CARTESIAN_POINT('',(-13.41638438114,-50.7,188.87332886589));
#11928 = DIRECTION('',(-0.,-1.,0.));
#11929 = DIRECTION('',(0.589464823446,-0.,0.807794046722));
#11930 = ORIENTED_EDGE('',*,*,#11931,.T.);
#11931 = EDGE_CURVE('',#11923,#2881,#11932,.T.);
#11932 = LINE('',#11933,#11934);
#11933 = CARTESIAN_POINT('',(-12.55028793511,-50.8,190.06021487701));
#11934 = VECTOR('',#11935,1.);
#11935 = DIRECTION('',(0.,1.,0.));
#11936 = ORIENTED_EDGE('',*,*,#2889,.F.);
#11937 = CYLINDRICAL_SURFACE('',#11938,1.469292842571);
#11938 = AXIS2_PLACEMENT_3D('',#11939,#11940,#11941);
#11939 = CARTESIAN_POINT('',(-13.41638438114,-50.8,188.87332886589));
#11940 = DIRECTION('',(-0.,-1.,-0.));
#11941 = DIRECTION('',(0.589464823446,-0.,0.807794046722));
#11942 = ADVANCED_FACE('',(#11943),#11962,.T.);
#11943 = FACE_BOUND('',#11944,.T.);
#11944 = EDGE_LOOP('',(#11945,#11954,#11960,#11961));
#11945 = ORIENTED_EDGE('',*,*,#11946,.F.);
#11946 = EDGE_CURVE('',#11947,#11923,#11949,.T.);
#11947 = VERTEX_POINT('',#11948);
#11948 = CARTESIAN_POINT('',(-12.63146735013,-50.7,190.25619932174));
#11949 = CIRCLE('',#11950,0.15);
#11950 = AXIS2_PLACEMENT_3D('',#11951,#11952,#11953);
#11951 = CARTESIAN_POINT('',(-12.49288542025,-50.7,190.19879680689));
#11952 = DIRECTION('',(0.,-1.,0.));
#11953 = DIRECTION('',(-0.923879532511,0.,0.382683432365));
#11954 = ORIENTED_EDGE('',*,*,#11955,.T.);
#11955 = EDGE_CURVE('',#11947,#2873,#11956,.T.);
#11956 = LINE('',#11957,#11958);
#11957 = CARTESIAN_POINT('',(-12.63146735013,-50.8,190.25619932174));
#11958 = VECTOR('',#11959,1.);
#11959 = DIRECTION('',(0.,1.,0.));
#11960 = ORIENTED_EDGE('',*,*,#2880,.T.);
#11961 = ORIENTED_EDGE('',*,*,#11931,.F.);
#11962 = CYLINDRICAL_SURFACE('',#11963,0.15);
#11963 = AXIS2_PLACEMENT_3D('',#11964,#11965,#11966);
#11964 = CARTESIAN_POINT('',(-12.49288542025,-50.8,190.19879680689));
#11965 = DIRECTION('',(0.,-1.,0.));
#11966 = DIRECTION('',(-0.923879532511,0.,0.382683432365));
#11967 = ADVANCED_FACE('',(#11968),#11986,.T.);
#11968 = FACE_BOUND('',#11969,.T.);
#11969 = EDGE_LOOP('',(#11970,#11978,#11984,#11985));
#11970 = ORIENTED_EDGE('',*,*,#11971,.F.);
#11971 = EDGE_CURVE('',#11972,#11947,#11974,.T.);
#11972 = VERTEX_POINT('',#11973);
#11973 = CARTESIAN_POINT('',(-12.39167186452,-50.7,190.77635594021));
#11974 = LINE('',#11975,#11976);
#11975 = CARTESIAN_POINT('',(-12.45162073592,-50.7,190.64631678559));
#11976 = VECTOR('',#11977,1.);
#11977 = DIRECTION('',(-0.418659737537,0.,-0.908143173825));
#11978 = ORIENTED_EDGE('',*,*,#11979,.T.);
#11979 = EDGE_CURVE('',#11972,#2864,#11980,.T.);
#11980 = LINE('',#11981,#11982);
#11981 = CARTESIAN_POINT('',(-12.39167186452,-50.8,190.77635594021));
#11982 = VECTOR('',#11983,1.);
#11983 = DIRECTION('',(0.,1.,0.));
#11984 = ORIENTED_EDGE('',*,*,#2872,.T.);
#11985 = ORIENTED_EDGE('',*,*,#11955,.F.);
#11986 = PLANE('',#11987);
#11987 = AXIS2_PLACEMENT_3D('',#11988,#11989,#11990);
#11988 = CARTESIAN_POINT('',(-12.39167186452,-50.8,190.77635594021));
#11989 = DIRECTION('',(-0.908143173825,0.,0.418659737537));
#11990 = DIRECTION('',(-0.418659737537,0.,-0.908143173825));
#11991 = ADVANCED_FACE('',(#11992),#12011,.T.);
#11992 = FACE_BOUND('',#11993,.T.);
#11993 = EDGE_LOOP('',(#11994,#12003,#12009,#12010));
#11994 = ORIENTED_EDGE('',*,*,#11995,.F.);
#11995 = EDGE_CURVE('',#11996,#11972,#11998,.T.);
#11996 = VERTEX_POINT('',#11997);
#11997 = CARTESIAN_POINT('',(-12.18992231093,-50.7,190.84190834387));
#11998 = CIRCLE('',#11999,0.15);
#11999 = AXIS2_PLACEMENT_3D('',#12000,#12001,#12002);
#12000 = CARTESIAN_POINT('',(-12.2580208859,-50.7,190.70825736524));
#12001 = DIRECTION('',(0.,-1.,0.));
#12002 = DIRECTION('',(0.453990499739,0.,0.891006524188));
#12003 = ORIENTED_EDGE('',*,*,#12004,.T.);
#12004 = EDGE_CURVE('',#11996,#2855,#12005,.T.);
#12005 = LINE('',#12006,#12007);
#12006 = CARTESIAN_POINT('',(-12.18992231093,-50.8,190.84190834387));
#12007 = VECTOR('',#12008,1.);
#12008 = DIRECTION('',(0.,1.,0.));
#12009 = ORIENTED_EDGE('',*,*,#2863,.T.);
#12010 = ORIENTED_EDGE('',*,*,#11979,.F.);
#12011 = CYLINDRICAL_SURFACE('',#12012,0.15);
#12012 = AXIS2_PLACEMENT_3D('',#12013,#12014,#12015);
#12013 = CARTESIAN_POINT('',(-12.2580208859,-50.8,190.70825736524));
#12014 = DIRECTION('',(0.,-1.,0.));
#12015 = DIRECTION('',(0.453990499739,0.,0.891006524188));
#12016 = ADVANCED_FACE('',(#12017),#12036,.F.);
#12017 = FACE_BOUND('',#12018,.T.);
#12018 = EDGE_LOOP('',(#12019,#12020,#12029,#12035));
#12019 = ORIENTED_EDGE('',*,*,#12004,.F.);
#12020 = ORIENTED_EDGE('',*,*,#12021,.T.);
#12021 = EDGE_CURVE('',#11996,#12022,#12024,.T.);
#12022 = VERTEX_POINT('',#12023);
#12023 = CARTESIAN_POINT('',(-11.81724683358,-50.7,190.80238390827));
#12024 = CIRCLE('',#12025,1.469292842572);
#12025 = AXIS2_PLACEMENT_3D('',#12026,#12027,#12028);
#12026 = CARTESIAN_POINT('',(-11.84989175414,-50.7,192.27131405174));
#12027 = DIRECTION('',(0.,-1.,-0.));
#12028 = DIRECTION('',(2.221811718531E-02,0.,-0.999753147166));
#12029 = ORIENTED_EDGE('',*,*,#12030,.T.);
#12030 = EDGE_CURVE('',#12022,#2846,#12031,.T.);
#12031 = LINE('',#12032,#12033);
#12032 = CARTESIAN_POINT('',(-11.81724683358,-50.8,190.80238390827));
#12033 = VECTOR('',#12034,1.);
#12034 = DIRECTION('',(0.,1.,0.));
#12035 = ORIENTED_EDGE('',*,*,#2854,.F.);
#12036 = CYLINDRICAL_SURFACE('',#12037,1.469292842572);
#12037 = AXIS2_PLACEMENT_3D('',#12038,#12039,#12040);
#12038 = CARTESIAN_POINT('',(-11.84989175414,-50.8,192.27131405174));
#12039 = DIRECTION('',(-0.,-1.,-0.));
#12040 = DIRECTION('',(2.221811718531E-02,0.,-0.999753147166));
#12041 = ADVANCED_FACE('',(#12042),#12061,.F.);
#12042 = FACE_BOUND('',#12043,.T.);
#12043 = EDGE_LOOP('',(#12044,#12045,#12054,#12060));
#12044 = ORIENTED_EDGE('',*,*,#12030,.F.);
#12045 = ORIENTED_EDGE('',*,*,#12046,.T.);
#12046 = EDGE_CURVE('',#12022,#12047,#12049,.T.);
#12047 = VERTEX_POINT('',#12048);
#12048 = CARTESIAN_POINT('',(-11.43950367164,-50.7,191.54374660627));
#12049 = CIRCLE('',#12050,0.471154273188);
#12050 = AXIS2_PLACEMENT_3D('',#12051,#12052,#12053);
#12051 = CARTESIAN_POINT('',(-11.82542515287,-50.7,191.27346719627));
#12052 = DIRECTION('',(-0.,-1.,0.));
#12053 = DIRECTION('',(0.819097911645,-0.,0.573653738015));
#12054 = ORIENTED_EDGE('',*,*,#12055,.T.);
#12055 = EDGE_CURVE('',#12047,#2837,#12056,.T.);
#12056 = LINE('',#12057,#12058);
#12057 = CARTESIAN_POINT('',(-11.43950367164,-50.8,191.54374660627));
#12058 = VECTOR('',#12059,1.);
#12059 = DIRECTION('',(0.,1.,0.));
#12060 = ORIENTED_EDGE('',*,*,#2845,.F.);
#12061 = CYLINDRICAL_SURFACE('',#12062,0.471154273188);
#12062 = AXIS2_PLACEMENT_3D('',#12063,#12064,#12065);
#12063 = CARTESIAN_POINT('',(-11.82542515287,-50.8,191.27346719627));
#12064 = DIRECTION('',(-0.,-1.,-0.));
#12065 = DIRECTION('',(0.819097911645,-0.,0.573653738015));
#12066 = ADVANCED_FACE('',(#12067),#12086,.F.);
#12067 = FACE_BOUND('',#12068,.T.);
#12068 = EDGE_LOOP('',(#12069,#12070,#12079,#12085));
#12069 = ORIENTED_EDGE('',*,*,#12055,.F.);
#12070 = ORIENTED_EDGE('',*,*,#12071,.T.);
#12071 = EDGE_CURVE('',#12047,#12072,#12074,.T.);
#12072 = VERTEX_POINT('',#12073);
#12073 = CARTESIAN_POINT('',(-11.69053276122,-50.7,191.82201552048));
#12074 = CIRCLE('',#12075,1.469292842572);
#12075 = AXIS2_PLACEMENT_3D('',#12076,#12077,#12078);
#12076 = CARTESIAN_POINT('',(-12.64708132413,-50.7,190.7067414268));
#12077 = DIRECTION('',(-0.,-1.,0.));
#12078 = DIRECTION('',(0.65102649056,-0.,0.759055010252));
#12079 = ORIENTED_EDGE('',*,*,#12080,.T.);
#12080 = EDGE_CURVE('',#12072,#2828,#12081,.T.);
#12081 = LINE('',#12082,#12083);
#12082 = CARTESIAN_POINT('',(-11.69053276122,-50.8,191.82201552048));
#12083 = VECTOR('',#12084,1.);
#12084 = DIRECTION('',(0.,1.,0.));
#12085 = ORIENTED_EDGE('',*,*,#2836,.F.);
#12086 = CYLINDRICAL_SURFACE('',#12087,1.469292842572);
#12087 = AXIS2_PLACEMENT_3D('',#12088,#12089,#12090);
#12088 = CARTESIAN_POINT('',(-12.64708132413,-50.8,190.7067414268));
#12089 = DIRECTION('',(-0.,-1.,-0.));
#12090 = DIRECTION('',(0.65102649056,-0.,0.759055010252));
#12091 = ADVANCED_FACE('',(#12092),#12111,.T.);
#12092 = FACE_BOUND('',#12093,.T.);
#12093 = EDGE_LOOP('',(#12094,#12103,#12109,#12110));
#12094 = ORIENTED_EDGE('',*,*,#12095,.F.);
#12095 = EDGE_CURVE('',#12096,#12072,#12098,.T.);
#12096 = VERTEX_POINT('',#12097);
#12097 = CARTESIAN_POINT('',(-11.75608516489,-50.7,192.02376507407));
#12098 = CIRCLE('',#12099,0.15);
#12099 = AXIS2_PLACEMENT_3D('',#12100,#12101,#12102);
#12100 = CARTESIAN_POINT('',(-11.62243418626,-50.7,191.95566649911));
#12101 = DIRECTION('',(0.,-1.,-0.));
#12102 = DIRECTION('',(-0.891006524188,-0.,0.45399049974));
#12103 = ORIENTED_EDGE('',*,*,#12104,.T.);
#12104 = EDGE_CURVE('',#12096,#2820,#12105,.T.);
#12105 = LINE('',#12106,#12107);
#12106 = CARTESIAN_POINT('',(-11.75608516489,-50.8,192.02376507407));
#12107 = VECTOR('',#12108,1.);
#12108 = DIRECTION('',(0.,1.,0.));
#12109 = ORIENTED_EDGE('',*,*,#2827,.T.);
#12110 = ORIENTED_EDGE('',*,*,#12080,.F.);
#12111 = CYLINDRICAL_SURFACE('',#12112,0.15);
#12112 = AXIS2_PLACEMENT_3D('',#12113,#12114,#12115);
#12113 = CARTESIAN_POINT('',(-11.62243418626,-50.8,191.95566649911));
#12114 = DIRECTION('',(0.,-1.,-0.));
#12115 = DIRECTION('',(-0.891006524188,-0.,0.45399049974));
#12116 = ADVANCED_FACE('',(#12117),#12135,.T.);
#12117 = FACE_BOUND('',#12118,.T.);
#12118 = EDGE_LOOP('',(#12119,#12127,#12133,#12134));
#12119 = ORIENTED_EDGE('',*,*,#12120,.F.);
#12120 = EDGE_CURVE('',#12121,#12096,#12123,.T.);
#12121 = VERTEX_POINT('',#12122);
#12122 = CARTESIAN_POINT('',(-11.47621787082,-50.7,192.52350408631));
#12123 = LINE('',#12124,#12125);
#12124 = CARTESIAN_POINT('',(-11.54618469434,-50.7,192.39856933325));
#12125 = VECTOR('',#12126,1.);
#12126 = DIRECTION('',(-0.488621241497,0.,-0.872496007073));
#12127 = ORIENTED_EDGE('',*,*,#12128,.T.);
#12128 = EDGE_CURVE('',#12121,#2811,#12129,.T.);
#12129 = LINE('',#12130,#12131);
#12130 = CARTESIAN_POINT('',(-11.47621787082,-50.8,192.52350408631));
#12131 = VECTOR('',#12132,1.);
#12132 = DIRECTION('',(0.,1.,0.));
#12133 = ORIENTED_EDGE('',*,*,#2819,.T.);
#12134 = ORIENTED_EDGE('',*,*,#12104,.F.);
#12135 = PLANE('',#12136);
#12136 = AXIS2_PLACEMENT_3D('',#12137,#12138,#12139);
#12137 = CARTESIAN_POINT('',(-11.47621787082,-50.8,192.52350408631));
#12138 = DIRECTION('',(-0.872496007073,0.,0.488621241497));
#12139 = DIRECTION('',(-0.488621241497,0.,-0.872496007073));
#12140 = ADVANCED_FACE('',(#12141),#12160,.T.);
#12141 = FACE_BOUND('',#12142,.T.);
#12142 = EDGE_LOOP('',(#12143,#12152,#12158,#12159));
#12143 = ORIENTED_EDGE('',*,*,#12144,.F.);
#12144 = EDGE_CURVE('',#12145,#12121,#12147,.T.);
#12145 = VERTEX_POINT('',#12146);
#12146 = CARTESIAN_POINT('',(-11.26994706146,-50.7,192.57302532626));
#12147 = CIRCLE('',#12148,0.15);
#12148 = AXIS2_PLACEMENT_3D('',#12149,#12150,#12151);
#12149 = CARTESIAN_POINT('',(-11.34832184616,-50.7,192.4451293016));
#12150 = DIRECTION('',(0.,-1.,0.));
#12151 = DIRECTION('',(0.522498564716,0.,0.852640164354));
#12152 = ORIENTED_EDGE('',*,*,#12153,.T.);
#12153 = EDGE_CURVE('',#12145,#2802,#12154,.T.);
#12154 = LINE('',#12155,#12156);
#12155 = CARTESIAN_POINT('',(-11.26994706146,-50.8,192.57302532626));
#12156 = VECTOR('',#12157,1.);
#12157 = DIRECTION('',(0.,1.,0.));
#12158 = ORIENTED_EDGE('',*,*,#2810,.T.);
#12159 = ORIENTED_EDGE('',*,*,#12128,.F.);
#12160 = CYLINDRICAL_SURFACE('',#12161,0.15);
#12161 = AXIS2_PLACEMENT_3D('',#12162,#12163,#12164);
#12162 = CARTESIAN_POINT('',(-11.34832184616,-50.8,192.4451293016));
#12163 = DIRECTION('',(0.,-1.,0.));
#12164 = DIRECTION('',(0.522498564716,0.,0.852640164354));
#12165 = ADVANCED_FACE('',(#12166),#12185,.F.);
#12166 = FACE_BOUND('',#12167,.T.);
#12167 = EDGE_LOOP('',(#12168,#12169,#12178,#12184));
#12168 = ORIENTED_EDGE('',*,*,#12153,.F.);
#12169 = ORIENTED_EDGE('',*,*,#12170,.T.);
#12170 = EDGE_CURVE('',#12145,#12171,#12173,.T.);
#12171 = VERTEX_POINT('',#12172);
#12172 = CARTESIAN_POINT('',(-10.9015214697,-50.7,192.50438295034));
#12173 = CIRCLE('',#12174,1.469292842574);
#12174 = AXIS2_PLACEMENT_3D('',#12175,#12176,#12177);
#12175 = CARTESIAN_POINT('',(-10.81881482612,-50.7,193.97134616336));
#12176 = DIRECTION('',(0.,-1.,-0.));
#12177 = DIRECTION('',(-5.629010173296E-02,0.,-0.998414455247));
#12178 = ORIENTED_EDGE('',*,*,#12179,.T.);
#12179 = EDGE_CURVE('',#12171,#2793,#12180,.T.);
#12180 = LINE('',#12181,#12182);
#12181 = CARTESIAN_POINT('',(-10.9015214697,-50.8,192.50438295034));
#12182 = VECTOR('',#12183,1.);
#12183 = DIRECTION('',(0.,1.,0.));
#12184 = ORIENTED_EDGE('',*,*,#2801,.F.);
#12185 = CYLINDRICAL_SURFACE('',#12186,1.469292842574);
#12186 = AXIS2_PLACEMENT_3D('',#12187,#12188,#12189);
#12187 = CARTESIAN_POINT('',(-10.81881482612,-50.8,193.97134616336));
#12188 = DIRECTION('',(-0.,-1.,-0.));
#12189 = DIRECTION('',(-5.629010173296E-02,0.,-0.998414455247));
#12190 = ADVANCED_FACE('',(#12191),#12210,.F.);
#12191 = FACE_BOUND('',#12192,.T.);
#12192 = EDGE_LOOP('',(#12193,#12194,#12203,#12209));
#12193 = ORIENTED_EDGE('',*,*,#12179,.F.);
#12194 = ORIENTED_EDGE('',*,*,#12195,.T.);
#12195 = EDGE_CURVE('',#12171,#12196,#12198,.T.);
#12196 = VERTEX_POINT('',#12197);
#12197 = CARTESIAN_POINT('',(-10.46677611698,-50.7,193.21382288766));
#12198 = CIRCLE('',#12199,0.471154273188);
#12199 = AXIS2_PLACEMENT_3D('',#12200,#12201,#12202);
#12200 = CARTESIAN_POINT('',(-10.87271380918,-50.7,192.97465570932));
#12201 = DIRECTION('',(-0.,-1.,0.));
#12202 = DIRECTION('',(0.861581259689,-0.,0.507619673527));
#12203 = ORIENTED_EDGE('',*,*,#12204,.T.);
#12204 = EDGE_CURVE('',#12196,#2784,#12205,.T.);
#12205 = LINE('',#12206,#12207);
#12206 = CARTESIAN_POINT('',(-10.46677611698,-50.8,193.21382288766));
#12207 = VECTOR('',#12208,1.);
#12208 = DIRECTION('',(0.,1.,0.));
#12209 = ORIENTED_EDGE('',*,*,#2792,.F.);
#12210 = CYLINDRICAL_SURFACE('',#12211,0.471154273188);
#12211 = AXIS2_PLACEMENT_3D('',#12212,#12213,#12214);
#12212 = CARTESIAN_POINT('',(-10.87271380918,-50.8,192.97465570932));
#12213 = DIRECTION('',(-0.,-1.,-0.));
#12214 = DIRECTION('',(0.861581259689,-0.,0.507619673527));
#12215 = ADVANCED_FACE('',(#12216),#12235,.F.);
#12216 = FACE_BOUND('',#12217,.T.);
#12217 = EDGE_LOOP('',(#12218,#12219,#12228,#12234));
#12218 = ORIENTED_EDGE('',*,*,#12204,.F.);
#12219 = ORIENTED_EDGE('',*,*,#12220,.T.);
#12220 = EDGE_CURVE('',#12196,#12221,#12223,.T.);
#12221 = VERTEX_POINT('',#12222);
#12222 = CARTESIAN_POINT('',(-10.69519864027,-50.7,193.51092950705));
#12223 = CIRCLE('',#12224,1.469292842573);
#12224 = AXIS2_PLACEMENT_3D('',#12225,#12226,#12227);
#12225 = CARTESIAN_POINT('',(-11.73630188007,-50.7,192.47414336646));
#12226 = DIRECTION('',(-0.,-1.,0.));
#12227 = DIRECTION('',(0.708574362871,-0.,0.705636147233));
#12228 = ORIENTED_EDGE('',*,*,#12229,.T.);
#12229 = EDGE_CURVE('',#12221,#2775,#12230,.T.);
#12230 = LINE('',#12231,#12232);
#12231 = CARTESIAN_POINT('',(-10.69519864027,-50.8,193.51092950705));
#12232 = VECTOR('',#12233,1.);
#12233 = DIRECTION('',(0.,1.,0.));
#12234 = ORIENTED_EDGE('',*,*,#2783,.F.);
#12235 = CYLINDRICAL_SURFACE('',#12236,1.469292842573);
#12236 = AXIS2_PLACEMENT_3D('',#12237,#12238,#12239);
#12237 = CARTESIAN_POINT('',(-11.73630188007,-50.8,192.47414336646));
#12238 = DIRECTION('',(-0.,-1.,-0.));
#12239 = DIRECTION('',(0.708574362871,-0.,0.705636147233));
#12240 = ADVANCED_FACE('',(#12241),#12260,.T.);
#12241 = FACE_BOUND('',#12242,.T.);
#12242 = EDGE_LOOP('',(#12243,#12252,#12258,#12259));
#12243 = ORIENTED_EDGE('',*,*,#12244,.F.);
#12244 = EDGE_CURVE('',#12245,#12221,#12247,.T.);
#12245 = VERTEX_POINT('',#12246);
#12246 = CARTESIAN_POINT('',(-10.74471988022,-50.7,193.71720031641));
#12247 = CIRCLE('',#12248,0.15);
#12248 = AXIS2_PLACEMENT_3D('',#12249,#12250,#12251);
#12249 = CARTESIAN_POINT('',(-10.61682385556,-50.7,193.6388255317));
#12250 = DIRECTION('',(0.,-1.,-0.));
#12251 = DIRECTION('',(-0.852640164354,-0.,0.522498564716));
#12252 = ORIENTED_EDGE('',*,*,#12253,.T.);
#12253 = EDGE_CURVE('',#12245,#2767,#12254,.T.);
#12254 = LINE('',#12255,#12256);
#12255 = CARTESIAN_POINT('',(-10.74471988022,-50.8,193.71720031641));
#12256 = VECTOR('',#12257,1.);
#12257 = DIRECTION('',(0.,1.,0.));
#12258 = ORIENTED_EDGE('',*,*,#2774,.T.);
#12259 = ORIENTED_EDGE('',*,*,#12229,.F.);
#12260 = CYLINDRICAL_SURFACE('',#12261,0.15);
#12261 = AXIS2_PLACEMENT_3D('',#12262,#12263,#12264);
#12262 = CARTESIAN_POINT('',(-10.61682385556,-50.8,193.6388255317));
#12263 = DIRECTION('',(0.,-1.,-0.));
#12264 = DIRECTION('',(-0.852640164354,-0.,0.522498564716));
#12265 = ADVANCED_FACE('',(#12266),#12284,.T.);
#12266 = FACE_BOUND('',#12267,.T.);
#12267 = EDGE_LOOP('',(#12268,#12276,#12282,#12283));
#12268 = ORIENTED_EDGE('',*,*,#12269,.F.);
#12269 = EDGE_CURVE('',#12270,#12245,#12272,.T.);
#12270 = VERTEX_POINT('',#12271);
#12271 = CARTESIAN_POINT('',(-10.42650625261,-50.7,194.19344066524));
#12272 = LINE('',#12273,#12274);
#12273 = CARTESIAN_POINT('',(-10.50605965951,-50.7,194.07438057803));
#12274 = VECTOR('',#12275,1.);
#12275 = DIRECTION('',(-0.55557023302,0.,-0.831469612303));
#12276 = ORIENTED_EDGE('',*,*,#12277,.T.);
#12277 = EDGE_CURVE('',#12270,#2758,#12278,.T.);
#12278 = LINE('',#12279,#12280);
#12279 = CARTESIAN_POINT('',(-10.42650625261,-50.8,194.19344066524));
#12280 = VECTOR('',#12281,1.);
#12281 = DIRECTION('',(0.,1.,0.));
#12282 = ORIENTED_EDGE('',*,*,#2766,.T.);
#12283 = ORIENTED_EDGE('',*,*,#12253,.F.);
#12284 = PLANE('',#12285);
#12285 = AXIS2_PLACEMENT_3D('',#12286,#12287,#12288);
#12286 = CARTESIAN_POINT('',(-10.42650625261,-50.8,194.19344066524));
#12287 = DIRECTION('',(-0.831469612303,0.,0.55557023302));
#12288 = DIRECTION('',(-0.55557023302,0.,-0.831469612303));
#12289 = ADVANCED_FACE('',(#12290),#12309,.T.);
#12290 = FACE_BOUND('',#12291,.T.);
#12291 = EDGE_LOOP('',(#12292,#12301,#12307,#12308));
#12292 = ORIENTED_EDGE('',*,*,#12293,.F.);
#12293 = EDGE_CURVE('',#12294,#12270,#12296,.T.);
#12294 = VERTEX_POINT('',#12295);
#12295 = CARTESIAN_POINT('',(-10.21698591561,-50.7,194.22662542655));
#12296 = CIRCLE('',#12297,0.15);
#12297 = AXIS2_PLACEMENT_3D('',#12298,#12299,#12300);
#12298 = CARTESIAN_POINT('',(-10.30515370345,-50.7,194.1052728774));
#12299 = DIRECTION('',(0.,-1.,0.));
#12300 = DIRECTION('',(0.587785252292,0.,0.809016994375));
#12301 = ORIENTED_EDGE('',*,*,#12302,.T.);
#12302 = EDGE_CURVE('',#12294,#2749,#12303,.T.);
#12303 = LINE('',#12304,#12305);
#12304 = CARTESIAN_POINT('',(-10.21698591561,-50.8,194.22662542655));
#12305 = VECTOR('',#12306,1.);
#12306 = DIRECTION('',(0.,1.,0.));
#12307 = ORIENTED_EDGE('',*,*,#2757,.T.);
#12308 = ORIENTED_EDGE('',*,*,#12277,.F.);
#12309 = CYLINDRICAL_SURFACE('',#12310,0.15);
#12310 = AXIS2_PLACEMENT_3D('',#12311,#12312,#12313);
#12311 = CARTESIAN_POINT('',(-10.30515370345,-50.8,194.1052728774));
#12312 = DIRECTION('',(0.,-1.,0.));
#12313 = DIRECTION('',(0.587785252292,0.,0.809016994375));
#12314 = ADVANCED_FACE('',(#12315),#12334,.F.);
#12315 = FACE_BOUND('',#12316,.T.);
#12316 = EDGE_LOOP('',(#12317,#12318,#12327,#12333));
#12317 = ORIENTED_EDGE('',*,*,#12302,.F.);
#12318 = ORIENTED_EDGE('',*,*,#12319,.T.);
#12319 = EDGE_CURVE('',#12294,#12320,#12322,.T.);
#12320 = VERTEX_POINT('',#12321);
#12321 = CARTESIAN_POINT('',(-9.855081675747,-50.7,194.1292883134));
#12322 = CIRCLE('',#12323,1.46929284257);
#12323 = AXIS2_PLACEMENT_3D('',#12324,#12325,#12326);
#12324 = CARTESIAN_POINT('',(-9.657533381985,-50.7,195.58524027994));
#12325 = DIRECTION('',(0.,-1.,-0.));
#12326 = DIRECTION('',(-0.134451273455,0.,-0.990920206205));
#12327 = ORIENTED_EDGE('',*,*,#12328,.T.);
#12328 = EDGE_CURVE('',#12320,#2740,#12329,.T.);
#12329 = LINE('',#12330,#12331);
#12330 = CARTESIAN_POINT('',(-9.855081675747,-50.8,194.1292883134));
#12331 = VECTOR('',#12332,1.);
#12332 = DIRECTION('',(0.,1.,0.));
#12333 = ORIENTED_EDGE('',*,*,#2748,.F.);
#12334 = CYLINDRICAL_SURFACE('',#12335,1.46929284257);
#12335 = AXIS2_PLACEMENT_3D('',#12336,#12337,#12338);
#12336 = CARTESIAN_POINT('',(-9.657533381985,-50.8,195.58524027994));
#12337 = DIRECTION('',(-0.,-1.,-0.));
#12338 = DIRECTION('',(-0.134451273455,0.,-0.990920206205));
#12339 = ADVANCED_FACE('',(#12340),#12359,.F.);
#12340 = FACE_BOUND('',#12341,.T.);
#12341 = EDGE_LOOP('',(#12342,#12343,#12352,#12358));
#12342 = ORIENTED_EDGE('',*,*,#12328,.F.);
#12343 = ORIENTED_EDGE('',*,*,#12344,.T.);
#12344 = EDGE_CURVE('',#12320,#12345,#12347,.T.);
#12345 = VERTEX_POINT('',#12346);
#12346 = CARTESIAN_POINT('',(-9.3660144819,-50.7,194.80243155691));
#12347 = CIRCLE('',#12348,0.471154273188);
#12348 = AXIS2_PLACEMENT_3D('',#12349,#12350,#12351);
#12349 = CARTESIAN_POINT('',(-9.789465644211,-50.7,194.59585115542));
#12350 = DIRECTION('',(-0.,-1.,0.));
#12351 = DIRECTION('',(0.898752672763,-0.,0.438455964952));
#12352 = ORIENTED_EDGE('',*,*,#12353,.T.);
#12353 = EDGE_CURVE('',#12345,#2731,#12354,.T.);
#12354 = LINE('',#12355,#12356);
#12355 = CARTESIAN_POINT('',(-9.3660144819,-50.8,194.80243155691));
#12356 = VECTOR('',#12357,1.);
#12357 = DIRECTION('',(0.,1.,0.));
#12358 = ORIENTED_EDGE('',*,*,#2739,.F.);
#12359 = CYLINDRICAL_SURFACE('',#12360,0.471154273188);
#12360 = AXIS2_PLACEMENT_3D('',#12361,#12362,#12363);
#12361 = CARTESIAN_POINT('',(-9.789465644211,-50.8,194.59585115542));
#12362 = DIRECTION('',(-0.,-1.,-0.));
#12363 = DIRECTION('',(0.898752672763,-0.,0.438455964952));
#12364 = ADVANCED_FACE('',(#12365),#12384,.F.);
#12365 = FACE_BOUND('',#12366,.T.);
#12366 = EDGE_LOOP('',(#12367,#12368,#12377,#12383));
#12367 = ORIENTED_EDGE('',*,*,#12353,.F.);
#12368 = ORIENTED_EDGE('',*,*,#12369,.T.);
#12369 = EDGE_CURVE('',#12345,#12370,#12372,.T.);
#12370 = VERTEX_POINT('',#12371);
#12371 = CARTESIAN_POINT('',(-9.570422138094,-50.7,195.11654412036));
#12372 = CIRCLE('',#12373,1.469292842573);
#12373 = AXIS2_PLACEMENT_3D('',#12374,#12375,#12376);
#12374 = CARTESIAN_POINT('',(-10.6896613071,-50.7,194.16463806419));
#12375 = DIRECTION('',(-0.,-1.,0.));
#12376 = DIRECTION('',(0.76175363861,-0.,0.647866802719));
#12377 = ORIENTED_EDGE('',*,*,#12378,.T.);
#12378 = EDGE_CURVE('',#12370,#2722,#12379,.T.);
#12379 = LINE('',#12380,#12381);
#12380 = CARTESIAN_POINT('',(-9.570422138094,-50.8,195.11654412036));
#12381 = VECTOR('',#12382,1.);
#12382 = DIRECTION('',(0.,1.,0.));
#12383 = ORIENTED_EDGE('',*,*,#2730,.F.);
#12384 = CYLINDRICAL_SURFACE('',#12385,1.469292842573);
#12385 = AXIS2_PLACEMENT_3D('',#12386,#12387,#12388);
#12386 = CARTESIAN_POINT('',(-10.6896613071,-50.8,194.16463806419));
#12387 = DIRECTION('',(-0.,-1.,-0.));
#12388 = DIRECTION('',(0.76175363861,-0.,0.647866802719));
#12389 = ADVANCED_FACE('',(#12390),#12409,.T.);
#12390 = FACE_BOUND('',#12391,.T.);
#12391 = EDGE_LOOP('',(#12392,#12401,#12407,#12408));
#12392 = ORIENTED_EDGE('',*,*,#12393,.F.);
#12393 = EDGE_CURVE('',#12394,#12370,#12396,.T.);
#12394 = VERTEX_POINT('',#12395);
#12395 = CARTESIAN_POINT('',(-9.603606899406,-50.7,195.32606445736));
#12396 = CIRCLE('',#12397,0.15);
#12397 = AXIS2_PLACEMENT_3D('',#12398,#12399,#12400);
#12398 = CARTESIAN_POINT('',(-9.48225435025,-50.7,195.23789666952));
#12399 = DIRECTION('',(0.,-1.,-0.));
#12400 = DIRECTION('',(-0.809016994375,-0.,0.587785252292));
#12401 = ORIENTED_EDGE('',*,*,#12402,.T.);
#12402 = EDGE_CURVE('',#12394,#2714,#12403,.T.);
#12403 = LINE('',#12404,#12405);
#12404 = CARTESIAN_POINT('',(-9.603606899406,-50.8,195.32606445736));
#12405 = VECTOR('',#12406,1.);
#12406 = DIRECTION('',(0.,1.,0.));
#12407 = ORIENTED_EDGE('',*,*,#2721,.T.);
#12408 = ORIENTED_EDGE('',*,*,#12378,.F.);
#12409 = CYLINDRICAL_SURFACE('',#12410,0.15);
#12410 = AXIS2_PLACEMENT_3D('',#12411,#12412,#12413);
#12411 = CARTESIAN_POINT('',(-9.48225435025,-50.8,195.23789666952));
#12412 = DIRECTION('',(0.,-1.,-0.));
#12413 = DIRECTION('',(-0.809016994375,-0.,0.587785252292));
#12414 = ADVANCED_FACE('',(#12415),#12433,.T.);
#12415 = FACE_BOUND('',#12416,.T.);
#12416 = EDGE_LOOP('',(#12417,#12425,#12431,#12432));
#12417 = ORIENTED_EDGE('',*,*,#12418,.F.);
#12418 = EDGE_CURVE('',#12419,#12394,#12421,.T.);
#12419 = VERTEX_POINT('',#12420);
#12420 = CARTESIAN_POINT('',(-9.249008831098,-50.7,195.77586996267));
#12421 = LINE('',#12422,#12423);
#12422 = CARTESIAN_POINT('',(-9.337658348175,-50.7,195.66341858634));
#12423 = VECTOR('',#12424,1.);
#12424 = DIRECTION('',(-0.61909394931,0.,-0.785316930881));
#12425 = ORIENTED_EDGE('',*,*,#12426,.T.);
#12426 = EDGE_CURVE('',#12419,#2705,#12427,.T.);
#12427 = LINE('',#12428,#12429);
#12428 = CARTESIAN_POINT('',(-9.249008831098,-50.8,195.77586996267));
#12429 = VECTOR('',#12430,1.);
#12430 = DIRECTION('',(0.,1.,0.));
#12431 = ORIENTED_EDGE('',*,*,#2713,.T.);
#12432 = ORIENTED_EDGE('',*,*,#12402,.F.);
#12433 = PLANE('',#12434);
#12434 = AXIS2_PLACEMENT_3D('',#12435,#12436,#12437);
#12435 = CARTESIAN_POINT('',(-9.249008831098,-50.8,195.77586996267));
#12436 = DIRECTION('',(-0.785316930881,0.,0.61909394931));
#12437 = DIRECTION('',(-0.61909394931,0.,-0.785316930881));
#12438 = ADVANCED_FACE('',(#12439),#12458,.T.);
#12439 = FACE_BOUND('',#12440,.T.);
#12440 = EDGE_LOOP('',(#12441,#12450,#12456,#12457));
#12441 = ORIENTED_EDGE('',*,*,#12442,.F.);
#12442 = EDGE_CURVE('',#12443,#12419,#12445,.T.);
#12443 = VERTEX_POINT('',#12444);
#12444 = CARTESIAN_POINT('',(-9.037530729009,-50.7,195.79251365026));
#12445 = CIRCLE('',#12446,0.15);
#12446 = AXIS2_PLACEMENT_3D('',#12447,#12448,#12449);
#12447 = CARTESIAN_POINT('',(-9.134947936258,-50.7,195.67845275542));
#12448 = DIRECTION('',(0.,-1.,0.));
#12449 = DIRECTION('',(0.64944804833,0.,0.7604059656));
#12450 = ORIENTED_EDGE('',*,*,#12451,.T.);
#12451 = EDGE_CURVE('',#12443,#2696,#12452,.T.);
#12452 = LINE('',#12453,#12454);
#12453 = CARTESIAN_POINT('',(-9.037530729009,-50.8,195.79251365026));
#12454 = VECTOR('',#12455,1.);
#12455 = DIRECTION('',(0.,1.,0.));
#12456 = ORIENTED_EDGE('',*,*,#2704,.T.);
#12457 = ORIENTED_EDGE('',*,*,#12426,.F.);
#12458 = CYLINDRICAL_SURFACE('',#12459,0.15);
#12459 = AXIS2_PLACEMENT_3D('',#12460,#12461,#12462);
#12460 = CARTESIAN_POINT('',(-9.134947936258,-50.8,195.67845275542));
#12461 = DIRECTION('',(0.,-1.,0.));
#12462 = DIRECTION('',(0.64944804833,0.,0.7604059656));
#12463 = ADVANCED_FACE('',(#12464),#12483,.F.);
#12464 = FACE_BOUND('',#12465,.T.);
#12465 = EDGE_LOOP('',(#12466,#12467,#12476,#12482));
#12466 = ORIENTED_EDGE('',*,*,#12451,.F.);
#12467 = ORIENTED_EDGE('',*,*,#12468,.T.);
#12468 = EDGE_CURVE('',#12443,#12469,#12471,.T.);
#12469 = VERTEX_POINT('',#12470);
#12470 = CARTESIAN_POINT('',(-8.684379101011,-50.7,195.66708191554));
#12471 = CIRCLE('',#12472,1.469292842573);
#12472 = AXIS2_PLACEMENT_3D('',#12473,#12474,#12475);
#12473 = CARTESIAN_POINT('',(-8.373207107992,-50.7,197.10304620758));
#12474 = DIRECTION('',(0.,-1.,-0.));
#12475 = DIRECTION('',(-0.211783508367,0.,-0.977316604578));
#12476 = ORIENTED_EDGE('',*,*,#12477,.T.);
#12477 = EDGE_CURVE('',#12469,#2687,#12478,.T.);
#12478 = LINE('',#12479,#12480);
#12479 = CARTESIAN_POINT('',(-8.684379101011,-50.8,195.66708191554));
#12480 = VECTOR('',#12481,1.);
#12481 = DIRECTION('',(0.,1.,0.));
#12482 = ORIENTED_EDGE('',*,*,#2695,.F.);
#12483 = CYLINDRICAL_SURFACE('',#12484,1.469292842573);
#12484 = AXIS2_PLACEMENT_3D('',#12485,#12486,#12487);
#12485 = CARTESIAN_POINT('',(-8.373207107992,-50.8,197.10304620758));
#12486 = DIRECTION('',(-0.,-1.,-0.));
#12487 = DIRECTION('',(-0.211783508367,0.,-0.977316604578));
#12488 = ADVANCED_FACE('',(#12489),#12508,.F.);
#12489 = FACE_BOUND('',#12490,.T.);
#12490 = EDGE_LOOP('',(#12491,#12492,#12501,#12507));
#12491 = ORIENTED_EDGE('',*,*,#12477,.F.);
#12492 = ORIENTED_EDGE('',*,*,#12493,.T.);
#12493 = EDGE_CURVE('',#12469,#12494,#12496,.T.);
#12494 = VERTEX_POINT('',#12495);
#12495 = CARTESIAN_POINT('',(-8.144005327924,-50.7,196.2997783133));
#12496 = CIRCLE('',#12497,0.471154273188);
#12497 = AXIS2_PLACEMENT_3D('',#12498,#12499,#12500);
#12498 = CARTESIAN_POINT('',(-8.582359243117,-50.7,196.12705832552));
#12499 = DIRECTION('',(-0.,-1.,0.));
#12500 = DIRECTION('',(0.930382976743,-0.,0.366589029552));
#12501 = ORIENTED_EDGE('',*,*,#12502,.T.);
#12502 = EDGE_CURVE('',#12494,#2678,#12503,.T.);
#12503 = LINE('',#12504,#12505);
#12504 = CARTESIAN_POINT('',(-8.144005327924,-50.8,196.2997783133));
#12505 = VECTOR('',#12506,1.);
#12506 = DIRECTION('',(0.,1.,0.));
#12507 = ORIENTED_EDGE('',*,*,#2686,.F.);
#12508 = CYLINDRICAL_SURFACE('',#12509,0.471154273188);
#12509 = AXIS2_PLACEMENT_3D('',#12510,#12511,#12512);
#12510 = CARTESIAN_POINT('',(-8.582359243117,-50.8,196.12705832552));
#12511 = DIRECTION('',(-0.,-1.,-0.));
#12512 = DIRECTION('',(0.930382976743,-0.,0.366589029552));
#12513 = ADVANCED_FACE('',(#12514),#12533,.F.);
#12514 = FACE_BOUND('',#12515,.T.);
#12515 = EDGE_LOOP('',(#12516,#12517,#12526,#12532));
#12516 = ORIENTED_EDGE('',*,*,#12502,.F.);
#12517 = ORIENTED_EDGE('',*,*,#12518,.T.);
#12518 = EDGE_CURVE('',#12494,#12519,#12521,.T.);
#12519 = VERTEX_POINT('',#12520);
#12520 = CARTESIAN_POINT('',(-8.323137875846,-50.7,196.62896021242));
#12521 = CIRCLE('',#12522,1.469292842572);
#12522 = AXIS2_PLACEMENT_3D('',#12523,#12524,#12525);
#12523 = CARTESIAN_POINT('',(-9.513612492412,-50.7,195.76780305804));
#12524 = DIRECTION('',(-0.,-1.,0.));
#12525 = DIRECTION('',(0.810236449857,-0.,0.586103143928));
#12526 = ORIENTED_EDGE('',*,*,#12527,.T.);
#12527 = EDGE_CURVE('',#12519,#2669,#12528,.T.);
#12528 = LINE('',#12529,#12530);
#12529 = CARTESIAN_POINT('',(-8.323137875846,-50.8,196.62896021242));
#12530 = VECTOR('',#12531,1.);
#12531 = DIRECTION('',(0.,1.,0.));
#12532 = ORIENTED_EDGE('',*,*,#2677,.F.);
#12533 = CYLINDRICAL_SURFACE('',#12534,1.469292842572);
#12534 = AXIS2_PLACEMENT_3D('',#12535,#12536,#12537);
#12535 = CARTESIAN_POINT('',(-9.513612492412,-50.8,195.76780305804));
#12536 = DIRECTION('',(-0.,-1.,-0.));
#12537 = DIRECTION('',(0.810236449857,-0.,0.586103143928));
#12538 = ADVANCED_FACE('',(#12539),#12558,.T.);
#12539 = FACE_BOUND('',#12540,.T.);
#12540 = EDGE_LOOP('',(#12541,#12550,#12556,#12557));
#12541 = ORIENTED_EDGE('',*,*,#12542,.F.);
#12542 = EDGE_CURVE('',#12543,#12519,#12545,.T.);
#12543 = VERTEX_POINT('',#12544);
#12544 = CARTESIAN_POINT('',(-8.339781563436,-50.7,196.84043831451));
#12545 = CIRCLE('',#12546,0.15);
#12546 = AXIS2_PLACEMENT_3D('',#12547,#12548,#12549);
#12547 = CARTESIAN_POINT('',(-8.225720668596,-50.7,196.74302110726));
#12548 = DIRECTION('',(0.,-1.,-0.));
#12549 = DIRECTION('',(-0.7604059656,-0.,0.64944804833));
#12550 = ORIENTED_EDGE('',*,*,#12551,.T.);
#12551 = EDGE_CURVE('',#12543,#2661,#12552,.T.);
#12552 = LINE('',#12553,#12554);
#12553 = CARTESIAN_POINT('',(-8.339781563436,-50.8,196.84043831451));
#12554 = VECTOR('',#12555,1.);
#12555 = DIRECTION('',(0.,1.,0.));
#12556 = ORIENTED_EDGE('',*,*,#2668,.T.);
#12557 = ORIENTED_EDGE('',*,*,#12527,.F.);
#12558 = CYLINDRICAL_SURFACE('',#12559,0.15);
#12559 = AXIS2_PLACEMENT_3D('',#12560,#12561,#12562);
#12560 = CARTESIAN_POINT('',(-8.225720668596,-50.8,196.74302110726));
#12561 = DIRECTION('',(0.,-1.,-0.));
#12562 = DIRECTION('',(-0.7604059656,-0.,0.64944804833));
#12563 = ADVANCED_FACE('',(#12564),#12582,.T.);
#12564 = FACE_BOUND('',#12565,.T.);
#12565 = EDGE_LOOP('',(#12566,#12574,#12580,#12581));
#12566 = ORIENTED_EDGE('',*,*,#12567,.F.);
#12567 = EDGE_CURVE('',#12568,#12543,#12570,.T.);
#12568 = VERTEX_POINT('',#12569);
#12569 = CARTESIAN_POINT('',(-7.950985269433,-50.7,197.26103577577));
#12570 = LINE('',#12571,#12572);
#12571 = CARTESIAN_POINT('',(-8.048184342934,-50.7,197.15588641045));
#12572 = VECTOR('',#12573,1.);
#12573 = DIRECTION('',(-0.678800745533,0.,-0.734322509436));
#12574 = ORIENTED_EDGE('',*,*,#12575,.T.);
#12575 = EDGE_CURVE('',#12568,#2652,#12576,.T.);
#12576 = LINE('',#12577,#12578);
#12577 = CARTESIAN_POINT('',(-7.950985269433,-50.8,197.26103577577));
#12578 = VECTOR('',#12579,1.);
#12579 = DIRECTION('',(0.,1.,0.));
#12580 = ORIENTED_EDGE('',*,*,#2660,.T.);
#12581 = ORIENTED_EDGE('',*,*,#12551,.F.);
#12582 = PLANE('',#12583);
#12583 = AXIS2_PLACEMENT_3D('',#12584,#12585,#12586);
#12584 = CARTESIAN_POINT('',(-7.950985269433,-50.8,197.26103577577));
#12585 = DIRECTION('',(-0.734322509436,0.,0.678800745533));
#12586 = DIRECTION('',(-0.678800745533,0.,-0.734322509436));
#12587 = ADVANCED_FACE('',(#12588),#12607,.T.);
#12588 = FACE_BOUND('',#12589,.T.);
#12589 = EDGE_LOOP('',(#12590,#12599,#12605,#12606));
#12590 = ORIENTED_EDGE('',*,*,#12591,.F.);
#12591 = EDGE_CURVE('',#12592,#12568,#12594,.T.);
#12592 = VERTEX_POINT('',#12593);
#12593 = CARTESIAN_POINT('',(-7.738853235077,-50.7,197.26103577577));
#12594 = CIRCLE('',#12595,0.15);
#12595 = AXIS2_PLACEMENT_3D('',#12596,#12597,#12598);
#12596 = CARTESIAN_POINT('',(-7.844919252255,-50.7,197.15496975859));
#12597 = DIRECTION('',(0.,-1.,0.));
#12598 = DIRECTION('',(0.707106781187,0.,0.707106781187));
#12599 = ORIENTED_EDGE('',*,*,#12600,.T.);
#12600 = EDGE_CURVE('',#12592,#2643,#12601,.T.);
#12601 = LINE('',#12602,#12603);
#12602 = CARTESIAN_POINT('',(-7.738853235077,-50.8,197.26103577577));
#12603 = VECTOR('',#12604,1.);
#12604 = DIRECTION('',(0.,1.,0.));
#12605 = ORIENTED_EDGE('',*,*,#2651,.T.);
#12606 = ORIENTED_EDGE('',*,*,#12575,.F.);
#12607 = CYLINDRICAL_SURFACE('',#12608,0.15);
#12608 = AXIS2_PLACEMENT_3D('',#12609,#12610,#12611);
#12609 = CARTESIAN_POINT('',(-7.844919252255,-50.8,197.15496975859));
#12610 = DIRECTION('',(0.,-1.,0.));
#12611 = DIRECTION('',(0.707106781187,0.,0.707106781187));
#12612 = ADVANCED_FACE('',(#12613),#12632,.F.);
#12613 = FACE_BOUND('',#12614,.T.);
#12614 = EDGE_LOOP('',(#12615,#12616,#12625,#12631));
#12615 = ORIENTED_EDGE('',*,*,#12600,.F.);
#12616 = ORIENTED_EDGE('',*,*,#12617,.T.);
#12617 = EDGE_CURVE('',#12592,#12618,#12620,.T.);
#12618 = VERTEX_POINT('',#12619);
#12619 = CARTESIAN_POINT('',(-7.396631516171,-50.7,197.10828274784));
#12620 = CIRCLE('',#12621,1.469292842573);
#12621 = AXIS2_PLACEMENT_3D('',#12622,#12623,#12624);
#12622 = CARTESIAN_POINT('',(-6.973754302707,-50.7,198.515406168));
#12623 = DIRECTION('',(0.,-1.,-0.));
#12624 = DIRECTION('',(-0.287810027525,0.,-0.957687521092));
#12625 = ORIENTED_EDGE('',*,*,#12626,.T.);
#12626 = EDGE_CURVE('',#12618,#2634,#12627,.T.);
#12627 = LINE('',#12628,#12629);
#12628 = CARTESIAN_POINT('',(-7.396631516171,-50.8,197.10828274784));
#12629 = VECTOR('',#12630,1.);
#12630 = DIRECTION('',(0.,1.,0.));
#12631 = ORIENTED_EDGE('',*,*,#2642,.F.);
#12632 = CYLINDRICAL_SURFACE('',#12633,1.469292842573);
#12633 = AXIS2_PLACEMENT_3D('',#12634,#12635,#12636);
#12634 = CARTESIAN_POINT('',(-6.973754302707,-50.8,198.515406168));
#12635 = DIRECTION('',(-0.,-1.,-0.));
#12636 = DIRECTION('',(-0.287810027525,0.,-0.957687521092));
#12637 = ADVANCED_FACE('',(#12638),#12657,.F.);
#12638 = FACE_BOUND('',#12639,.T.);
#12639 = EDGE_LOOP('',(#12640,#12641,#12650,#12656));
#12640 = ORIENTED_EDGE('',*,*,#12626,.F.);
#12641 = ORIENTED_EDGE('',*,*,#12642,.T.);
#12642 = EDGE_CURVE('',#12618,#12643,#12645,.T.);
#12643 = VERTEX_POINT('',#12644);
#12644 = CARTESIAN_POINT('',(-6.808282747847,-50.7,197.69663151617));
#12645 = CIRCLE('',#12646,0.471154273188);
#12646 = AXIS2_PLACEMENT_3D('',#12647,#12648,#12649);
#12647 = CARTESIAN_POINT('',(-7.258836818268,-50.7,197.55883681826));
#12648 = DIRECTION('',(-0.,-1.,0.));
#12649 = DIRECTION('',(0.956277160287,-0.,0.29246195088));
#12650 = ORIENTED_EDGE('',*,*,#12651,.T.);
#12651 = EDGE_CURVE('',#12643,#2625,#12652,.T.);
#12652 = LINE('',#12653,#12654);
#12653 = CARTESIAN_POINT('',(-6.808282747847,-50.8,197.69663151617));
#12654 = VECTOR('',#12655,1.);
#12655 = DIRECTION('',(0.,1.,0.));
#12656 = ORIENTED_EDGE('',*,*,#2633,.F.);
#12657 = CYLINDRICAL_SURFACE('',#12658,0.471154273188);
#12658 = AXIS2_PLACEMENT_3D('',#12659,#12660,#12661);
#12659 = CARTESIAN_POINT('',(-7.258836818268,-50.8,197.55883681826));
#12660 = DIRECTION('',(-0.,-1.,-0.));
#12661 = DIRECTION('',(0.956277160287,-0.,0.29246195088));
#12662 = ADVANCED_FACE('',(#12663),#12682,.F.);
#12663 = FACE_BOUND('',#12664,.T.);
#12664 = EDGE_LOOP('',(#12665,#12666,#12675,#12681));
#12665 = ORIENTED_EDGE('',*,*,#12651,.F.);
#12666 = ORIENTED_EDGE('',*,*,#12667,.T.);
#12667 = EDGE_CURVE('',#12643,#12668,#12670,.T.);
#12668 = VERTEX_POINT('',#12669);
#12669 = CARTESIAN_POINT('',(-6.961035775771,-50.7,198.03885323507));
#12670 = CIRCLE('',#12671,1.469292842573);
#12671 = AXIS2_PLACEMENT_3D('',#12672,#12673,#12674);
#12672 = CARTESIAN_POINT('',(-8.215406168009,-50.7,197.2737543027));
#12673 = DIRECTION('',(-0.,-1.,0.));
#12674 = DIRECTION('',(0.853723883961,-0.,0.520725964356));
#12675 = ORIENTED_EDGE('',*,*,#12676,.T.);
#12676 = EDGE_CURVE('',#12668,#2616,#12677,.T.);
#12677 = LINE('',#12678,#12679);
#12678 = CARTESIAN_POINT('',(-6.961035775771,-50.8,198.03885323507));
#12679 = VECTOR('',#12680,1.);
#12680 = DIRECTION('',(0.,1.,0.));
#12681 = ORIENTED_EDGE('',*,*,#2624,.F.);
#12682 = CYLINDRICAL_SURFACE('',#12683,1.469292842573);
#12683 = AXIS2_PLACEMENT_3D('',#12684,#12685,#12686);
#12684 = CARTESIAN_POINT('',(-8.215406168009,-50.8,197.2737543027));
#12685 = DIRECTION('',(-0.,-1.,-0.));
#12686 = DIRECTION('',(0.853723883961,-0.,0.520725964356));
#12687 = ADVANCED_FACE('',(#12688),#12707,.T.);
#12688 = FACE_BOUND('',#12689,.T.);
#12689 = EDGE_LOOP('',(#12690,#12699,#12705,#12706));
#12690 = ORIENTED_EDGE('',*,*,#12691,.F.);
#12691 = EDGE_CURVE('',#12692,#12668,#12694,.T.);
#12692 = VERTEX_POINT('',#12693);
#12693 = CARTESIAN_POINT('',(-6.961035775772,-50.7,198.25098526943));
#12694 = CIRCLE('',#12695,0.15);
#12695 = AXIS2_PLACEMENT_3D('',#12696,#12697,#12698);
#12696 = CARTESIAN_POINT('',(-6.854969758593,-50.7,198.14491925225));
#12697 = DIRECTION('',(0.,-1.,-0.));
#12698 = DIRECTION('',(-0.707106781187,-0.,0.707106781186));
#12699 = ORIENTED_EDGE('',*,*,#12700,.T.);
#12700 = EDGE_CURVE('',#12692,#2608,#12701,.T.);
#12701 = LINE('',#12702,#12703);
#12702 = CARTESIAN_POINT('',(-6.961035775772,-50.8,198.25098526943));
#12703 = VECTOR('',#12704,1.);
#12704 = DIRECTION('',(0.,1.,0.));
#12705 = ORIENTED_EDGE('',*,*,#2615,.T.);
#12706 = ORIENTED_EDGE('',*,*,#12676,.F.);
#12707 = CYLINDRICAL_SURFACE('',#12708,0.15);
#12708 = AXIS2_PLACEMENT_3D('',#12709,#12710,#12711);
#12709 = CARTESIAN_POINT('',(-6.854969758593,-50.8,198.14491925225));
#12710 = DIRECTION('',(0.,-1.,-0.));
#12711 = DIRECTION('',(-0.707106781187,-0.,0.707106781186));
#12712 = ADVANCED_FACE('',(#12713),#12731,.T.);
#12713 = FACE_BOUND('',#12714,.T.);
#12714 = EDGE_LOOP('',(#12715,#12723,#12729,#12730));
#12715 = ORIENTED_EDGE('',*,*,#12716,.F.);
#12716 = EDGE_CURVE('',#12717,#12692,#12719,.T.);
#12717 = VERTEX_POINT('',#12718);
#12718 = CARTESIAN_POINT('',(-6.540438314512,-50.7,198.63978156343));
#12719 = LINE('',#12720,#12721);
#12720 = CARTESIAN_POINT('',(-6.645587679827,-50.7,198.54258248993));
#12721 = VECTOR('',#12722,1.);
#12722 = DIRECTION('',(-0.734322509436,0.,-0.678800745533));
#12723 = ORIENTED_EDGE('',*,*,#12724,.T.);
#12724 = EDGE_CURVE('',#12717,#2599,#12725,.T.);
#12725 = LINE('',#12726,#12727);
#12726 = CARTESIAN_POINT('',(-6.540438314512,-50.8,198.63978156343));
#12727 = VECTOR('',#12728,1.);
#12728 = DIRECTION('',(0.,1.,0.));
#12729 = ORIENTED_EDGE('',*,*,#2607,.T.);
#12730 = ORIENTED_EDGE('',*,*,#12700,.F.);
#12731 = PLANE('',#12732);
#12732 = AXIS2_PLACEMENT_3D('',#12733,#12734,#12735);
#12733 = CARTESIAN_POINT('',(-6.540438314512,-50.8,198.63978156343));
#12734 = DIRECTION('',(-0.678800745533,0.,0.734322509436));
#12735 = DIRECTION('',(-0.734322509436,0.,-0.678800745533));
#12736 = ADVANCED_FACE('',(#12737),#12756,.T.);
#12737 = FACE_BOUND('',#12738,.T.);
#12738 = EDGE_LOOP('',(#12739,#12748,#12754,#12755));
#12739 = ORIENTED_EDGE('',*,*,#12740,.F.);
#12740 = EDGE_CURVE('',#12741,#12717,#12743,.T.);
#12741 = VERTEX_POINT('',#12742);
#12742 = CARTESIAN_POINT('',(-6.328960212423,-50.7,198.62313787584));
#12743 = CIRCLE('',#12744,0.15);
#12744 = AXIS2_PLACEMENT_3D('',#12745,#12746,#12747);
#12745 = CARTESIAN_POINT('',(-6.443021107263,-50.7,198.52572066859));
#12746 = DIRECTION('',(0.,-1.,0.));
#12747 = DIRECTION('',(0.7604059656,0.,0.64944804833));
#12748 = ORIENTED_EDGE('',*,*,#12749,.T.);
#12749 = EDGE_CURVE('',#12741,#2590,#12750,.T.);
#12750 = LINE('',#12751,#12752);
#12751 = CARTESIAN_POINT('',(-6.328960212423,-50.8,198.62313787584));
#12752 = VECTOR('',#12753,1.);
#12753 = DIRECTION('',(0.,1.,0.));
#12754 = ORIENTED_EDGE('',*,*,#2598,.T.);
#12755 = ORIENTED_EDGE('',*,*,#12724,.F.);
#12756 = CYLINDRICAL_SURFACE('',#12757,0.15);
#12757 = AXIS2_PLACEMENT_3D('',#12758,#12759,#12760);
#12758 = CARTESIAN_POINT('',(-6.443021107263,-50.8,198.52572066859));
#12759 = DIRECTION('',(0.,-1.,0.));
#12760 = DIRECTION('',(0.7604059656,0.,0.64944804833));
#12761 = ADVANCED_FACE('',(#12762),#12781,.F.);
#12762 = FACE_BOUND('',#12763,.T.);
#12763 = EDGE_LOOP('',(#12764,#12765,#12774,#12780));
#12764 = ORIENTED_EDGE('',*,*,#12749,.F.);
#12765 = ORIENTED_EDGE('',*,*,#12766,.T.);
#12766 = EDGE_CURVE('',#12741,#12767,#12769,.T.);
#12767 = VERTEX_POINT('',#12768);
#12768 = CARTESIAN_POINT('',(-5.999778313306,-50.7,198.44400532792));
#12769 = CIRCLE('',#12770,1.469292842572);
#12770 = AXIS2_PLACEMENT_3D('',#12771,#12772,#12773);
#12771 = CARTESIAN_POINT('',(-5.46780305804,-50.7,199.81361249241));
#12772 = DIRECTION('',(0.,-1.,-0.));
#12773 = DIRECTION('',(-0.362062102157,0.,-0.932153975576));
#12774 = ORIENTED_EDGE('',*,*,#12775,.T.);
#12775 = EDGE_CURVE('',#12767,#2581,#12776,.T.);
#12776 = LINE('',#12777,#12778);
#12777 = CARTESIAN_POINT('',(-5.999778313306,-50.8,198.44400532792));
#12778 = VECTOR('',#12779,1.);
#12779 = DIRECTION('',(0.,1.,0.));
#12780 = ORIENTED_EDGE('',*,*,#2589,.F.);
#12781 = CYLINDRICAL_SURFACE('',#12782,1.469292842572);
#12782 = AXIS2_PLACEMENT_3D('',#12783,#12784,#12785);
#12783 = CARTESIAN_POINT('',(-5.46780305804,-50.8,199.81361249241));
#12784 = DIRECTION('',(-0.,-1.,-0.));
#12785 = DIRECTION('',(-0.362062102157,0.,-0.932153975576));
#12786 = ADVANCED_FACE('',(#12787),#12806,.F.);
#12787 = FACE_BOUND('',#12788,.T.);
#12788 = EDGE_LOOP('',(#12789,#12790,#12799,#12805));
#12789 = ORIENTED_EDGE('',*,*,#12775,.F.);
#12790 = ORIENTED_EDGE('',*,*,#12791,.T.);
#12791 = EDGE_CURVE('',#12767,#12792,#12794,.T.);
#12792 = VERTEX_POINT('',#12793);
#12793 = CARTESIAN_POINT('',(-5.367081915548,-50.7,198.98437910101));
#12794 = CIRCLE('',#12795,0.471154273188);
#12795 = AXIS2_PLACEMENT_3D('',#12796,#12797,#12798);
#12796 = CARTESIAN_POINT('',(-5.827058325529,-50.7,198.88235924311));
#12797 = DIRECTION('',(-0.,-1.,0.));
#12798 = DIRECTION('',(0.976275577144,-0.,0.216531747029));
#12799 = ORIENTED_EDGE('',*,*,#12800,.T.);
#12800 = EDGE_CURVE('',#12792,#2572,#12801,.T.);
#12801 = LINE('',#12802,#12803);
#12802 = CARTESIAN_POINT('',(-5.367081915548,-50.8,198.98437910101));
#12803 = VECTOR('',#12804,1.);
#12804 = DIRECTION('',(0.,1.,0.));
#12805 = ORIENTED_EDGE('',*,*,#2580,.F.);
#12806 = CYLINDRICAL_SURFACE('',#12807,0.471154273188);
#12807 = AXIS2_PLACEMENT_3D('',#12808,#12809,#12810);
#12808 = CARTESIAN_POINT('',(-5.827058325529,-50.8,198.88235924311));
#12809 = DIRECTION('',(-0.,-1.,-0.));
#12810 = DIRECTION('',(0.976275577144,-0.,0.216531747029));
#12811 = ADVANCED_FACE('',(#12812),#12831,.F.);
#12812 = FACE_BOUND('',#12813,.T.);
#12813 = EDGE_LOOP('',(#12814,#12815,#12824,#12830));
#12814 = ORIENTED_EDGE('',*,*,#12800,.F.);
#12815 = ORIENTED_EDGE('',*,*,#12816,.T.);
#12816 = EDGE_CURVE('',#12792,#12817,#12819,.T.);
#12817 = VERTEX_POINT('',#12818);
#12818 = CARTESIAN_POINT('',(-5.492513650263,-50.7,199.337530729));
#12819 = CIRCLE('',#12820,1.469292842572);
#12820 = AXIS2_PLACEMENT_3D('',#12821,#12822,#12823);
#12821 = CARTESIAN_POINT('',(-6.803046207582,-50.7,198.67320710799));
#12822 = DIRECTION('',(-0.,-1.,0.));
#12823 = DIRECTION('',(0.891947826428,-0.,0.452138336054));
#12824 = ORIENTED_EDGE('',*,*,#12825,.T.);
#12825 = EDGE_CURVE('',#12817,#2563,#12826,.T.);
#12826 = LINE('',#12827,#12828);
#12827 = CARTESIAN_POINT('',(-5.492513650263,-50.8,199.337530729));
#12828 = VECTOR('',#12829,1.);
#12829 = DIRECTION('',(0.,1.,0.));
#12830 = ORIENTED_EDGE('',*,*,#2571,.F.);
#12831 = CYLINDRICAL_SURFACE('',#12832,1.469292842572);
#12832 = AXIS2_PLACEMENT_3D('',#12833,#12834,#12835);
#12833 = CARTESIAN_POINT('',(-6.803046207582,-50.8,198.67320710799));
#12834 = DIRECTION('',(-0.,-1.,-0.));
#12835 = DIRECTION('',(0.891947826428,-0.,0.452138336054));
#12836 = ADVANCED_FACE('',(#12837),#12856,.T.);
#12837 = FACE_BOUND('',#12838,.T.);
#12838 = EDGE_LOOP('',(#12839,#12848,#12854,#12855));
#12839 = ORIENTED_EDGE('',*,*,#12840,.F.);
#12840 = EDGE_CURVE('',#12841,#12817,#12843,.T.);
#12841 = VERTEX_POINT('',#12842);
#12842 = CARTESIAN_POINT('',(-5.475869962672,-50.7,199.54900883109));
#12843 = CIRCLE('',#12844,0.15);
#12844 = AXIS2_PLACEMENT_3D('',#12845,#12846,#12847);
#12845 = CARTESIAN_POINT('',(-5.378452755423,-50.7,199.43494793625));
#12846 = DIRECTION('',(0.,-1.,-0.));
#12847 = DIRECTION('',(-0.64944804833,-0.,0.7604059656));
#12848 = ORIENTED_EDGE('',*,*,#12849,.T.);
#12849 = EDGE_CURVE('',#12841,#2555,#12850,.T.);
#12850 = LINE('',#12851,#12852);
#12851 = CARTESIAN_POINT('',(-5.475869962672,-50.8,199.54900883109));
#12852 = VECTOR('',#12853,1.);
#12853 = DIRECTION('',(0.,1.,0.));
#12854 = ORIENTED_EDGE('',*,*,#2562,.T.);
#12855 = ORIENTED_EDGE('',*,*,#12825,.F.);
#12856 = CYLINDRICAL_SURFACE('',#12857,0.15);
#12857 = AXIS2_PLACEMENT_3D('',#12858,#12859,#12860);
#12858 = CARTESIAN_POINT('',(-5.378452755423,-50.8,199.43494793625));
#12859 = DIRECTION('',(0.,-1.,-0.));
#12860 = DIRECTION('',(-0.64944804833,-0.,0.7604059656));
#12861 = ADVANCED_FACE('',(#12862),#12880,.T.);
#12862 = FACE_BOUND('',#12863,.T.);
#12863 = EDGE_LOOP('',(#12864,#12872,#12878,#12879));
#12864 = ORIENTED_EDGE('',*,*,#12865,.F.);
#12865 = EDGE_CURVE('',#12866,#12841,#12868,.T.);
#12866 = VERTEX_POINT('',#12867);
#12867 = CARTESIAN_POINT('',(-5.026064457369,-50.7,199.9036068994));
#12868 = LINE('',#12869,#12870);
#12869 = CARTESIAN_POINT('',(-5.138515833695,-50.7,199.81495738232));
#12870 = VECTOR('',#12871,1.);
#12871 = DIRECTION('',(-0.785316930881,0.,-0.61909394931));
#12872 = ORIENTED_EDGE('',*,*,#12873,.T.);
#12873 = EDGE_CURVE('',#12866,#2546,#12874,.T.);
#12874 = LINE('',#12875,#12876);
#12875 = CARTESIAN_POINT('',(-5.026064457369,-50.8,199.9036068994));
#12876 = VECTOR('',#12877,1.);
#12877 = DIRECTION('',(0.,1.,0.));
#12878 = ORIENTED_EDGE('',*,*,#2554,.T.);
#12879 = ORIENTED_EDGE('',*,*,#12849,.F.);
#12880 = PLANE('',#12881);
#12881 = AXIS2_PLACEMENT_3D('',#12882,#12883,#12884);
#12882 = CARTESIAN_POINT('',(-5.026064457369,-50.8,199.9036068994));
#12883 = DIRECTION('',(-0.61909394931,0.,0.785316930881));
#12884 = DIRECTION('',(-0.785316930881,0.,-0.61909394931));
#12885 = ADVANCED_FACE('',(#12886),#12905,.T.);
#12886 = FACE_BOUND('',#12887,.T.);
#12887 = EDGE_LOOP('',(#12888,#12897,#12903,#12904));
#12888 = ORIENTED_EDGE('',*,*,#12889,.F.);
#12889 = EDGE_CURVE('',#12890,#12866,#12892,.T.);
#12890 = VERTEX_POINT('',#12891);
#12891 = CARTESIAN_POINT('',(-4.816544120369,-50.7,199.87042213809));
#12892 = CIRCLE('',#12893,0.15);
#12893 = AXIS2_PLACEMENT_3D('',#12894,#12895,#12896);
#12894 = CARTESIAN_POINT('',(-4.937896669525,-50.7,199.78225435025));
#12895 = DIRECTION('',(0.,-1.,0.));
#12896 = DIRECTION('',(0.809016994375,0.,0.587785252293));
#12897 = ORIENTED_EDGE('',*,*,#12898,.T.);
#12898 = EDGE_CURVE('',#12890,#2537,#12899,.T.);
#12899 = LINE('',#12900,#12901);
#12900 = CARTESIAN_POINT('',(-4.816544120369,-50.8,199.87042213809));
#12901 = VECTOR('',#12902,1.);
#12902 = DIRECTION('',(0.,1.,0.));
#12903 = ORIENTED_EDGE('',*,*,#2545,.T.);
#12904 = ORIENTED_EDGE('',*,*,#12873,.F.);
#12905 = CYLINDRICAL_SURFACE('',#12906,0.15);
#12906 = AXIS2_PLACEMENT_3D('',#12907,#12908,#12909);
#12907 = CARTESIAN_POINT('',(-4.937896669525,-50.8,199.78225435025));
#12908 = DIRECTION('',(0.,-1.,0.));
#12909 = DIRECTION('',(0.809016994375,0.,0.587785252293));
#12910 = ADVANCED_FACE('',(#12911),#12930,.F.);
#12911 = FACE_BOUND('',#12912,.T.);
#12912 = EDGE_LOOP('',(#12913,#12914,#12923,#12929));
#12913 = ORIENTED_EDGE('',*,*,#12898,.F.);
#12914 = ORIENTED_EDGE('',*,*,#12915,.T.);
#12915 = EDGE_CURVE('',#12890,#12916,#12918,.T.);
#12916 = VERTEX_POINT('',#12917);
#12917 = CARTESIAN_POINT('',(-4.502431556914,-50.7,199.6660144819));
#12918 = CIRCLE('',#12919,1.469292842572);
#12919 = AXIS2_PLACEMENT_3D('',#12920,#12921,#12922);
#12920 = CARTESIAN_POINT('',(-3.864638064194,-50.7,200.9896613071));
#12921 = DIRECTION('',(0.,-1.,-0.));
#12922 = DIRECTION('',(-0.434081943531,0.,-0.900873390827));
#12923 = ORIENTED_EDGE('',*,*,#12924,.T.);
#12924 = EDGE_CURVE('',#12916,#2528,#12925,.T.);
#12925 = LINE('',#12926,#12927);
#12926 = CARTESIAN_POINT('',(-4.502431556914,-50.8,199.6660144819));
#12927 = VECTOR('',#12928,1.);
#12928 = DIRECTION('',(0.,1.,0.));
#12929 = ORIENTED_EDGE('',*,*,#2536,.F.);
#12930 = CYLINDRICAL_SURFACE('',#12931,1.469292842572);
#12931 = AXIS2_PLACEMENT_3D('',#12932,#12933,#12934);
#12932 = CARTESIAN_POINT('',(-3.864638064194,-50.8,200.9896613071));
#12933 = DIRECTION('',(-0.,-1.,-0.));
#12934 = DIRECTION('',(-0.434081943531,0.,-0.900873390827));
#12935 = ADVANCED_FACE('',(#12936),#12955,.F.);
#12936 = FACE_BOUND('',#12937,.T.);
#12937 = EDGE_LOOP('',(#12938,#12939,#12948,#12954));
#12938 = ORIENTED_EDGE('',*,*,#12924,.F.);
#12939 = ORIENTED_EDGE('',*,*,#12940,.T.);
#12940 = EDGE_CURVE('',#12916,#12941,#12943,.T.);
#12941 = VERTEX_POINT('',#12942);
#12942 = CARTESIAN_POINT('',(-3.829288313407,-50.7,200.15508167574));
#12943 = CIRCLE('',#12944,0.471154273188);
#12944 = AXIS2_PLACEMENT_3D('',#12945,#12946,#12947);
#12945 = CARTESIAN_POINT('',(-4.295851155422,-50.7,200.08946564421));
#12946 = DIRECTION('',(-0.,-1.,0.));
#12947 = DIRECTION('',(0.990254930424,-0.,0.139266552953));
#12948 = ORIENTED_EDGE('',*,*,#12949,.T.);
#12949 = EDGE_CURVE('',#12941,#2519,#12950,.T.);
#12950 = LINE('',#12951,#12952);
#12951 = CARTESIAN_POINT('',(-3.829288313407,-50.8,200.15508167574));
#12952 = VECTOR('',#12953,1.);
#12953 = DIRECTION('',(0.,1.,0.));
#12954 = ORIENTED_EDGE('',*,*,#2527,.F.);
#12955 = CYLINDRICAL_SURFACE('',#12956,0.471154273188);
#12956 = AXIS2_PLACEMENT_3D('',#12957,#12958,#12959);
#12957 = CARTESIAN_POINT('',(-4.295851155422,-50.8,200.08946564421));
#12958 = DIRECTION('',(-0.,-1.,-0.));
#12959 = DIRECTION('',(0.990254930424,-0.,0.139266552953));
#12960 = ADVANCED_FACE('',(#12961),#12980,.F.);
#12961 = FACE_BOUND('',#12962,.T.);
#12962 = EDGE_LOOP('',(#12963,#12964,#12973,#12979));
#12963 = ORIENTED_EDGE('',*,*,#12949,.F.);
#12964 = ORIENTED_EDGE('',*,*,#12965,.T.);
#12965 = EDGE_CURVE('',#12941,#12966,#12968,.T.);
#12966 = VERTEX_POINT('',#12967);
#12967 = CARTESIAN_POINT('',(-3.926625426557,-50.7,200.51698591561));
#12968 = CIRCLE('',#12969,1.469292842572);
#12969 = AXIS2_PLACEMENT_3D('',#12970,#12971,#12972);
#12970 = CARTESIAN_POINT('',(-5.285240279945,-50.7,199.95753338198));
#12971 = DIRECTION('',(-0.,-1.,0.));
#12972 = DIRECTION('',(0.924672613943,-0.,0.38076312456));
#12973 = ORIENTED_EDGE('',*,*,#12974,.T.);
#12974 = EDGE_CURVE('',#12966,#2510,#12975,.T.);
#12975 = LINE('',#12976,#12977);
#12976 = CARTESIAN_POINT('',(-3.926625426557,-50.8,200.51698591561));
#12977 = VECTOR('',#12978,1.);
#12978 = DIRECTION('',(0.,1.,0.));
#12979 = ORIENTED_EDGE('',*,*,#2518,.F.);
#12980 = CYLINDRICAL_SURFACE('',#12981,1.469292842572);
#12981 = AXIS2_PLACEMENT_3D('',#12982,#12983,#12984);
#12982 = CARTESIAN_POINT('',(-5.285240279945,-50.8,199.95753338198));
#12983 = DIRECTION('',(-0.,-1.,-0.));
#12984 = DIRECTION('',(0.924672613943,-0.,0.38076312456));
#12985 = ADVANCED_FACE('',(#12986),#13005,.T.);
#12986 = FACE_BOUND('',#12987,.T.);
#12987 = EDGE_LOOP('',(#12988,#12997,#13003,#13004));
#12988 = ORIENTED_EDGE('',*,*,#12989,.F.);
#12989 = EDGE_CURVE('',#12990,#12966,#12992,.T.);
#12990 = VERTEX_POINT('',#12991);
#12991 = CARTESIAN_POINT('',(-3.893440665244,-50.7,200.72650625261));
#12992 = CIRCLE('',#12993,0.15);
#12993 = AXIS2_PLACEMENT_3D('',#12994,#12995,#12996);
#12994 = CARTESIAN_POINT('',(-3.8052728774,-50.7,200.60515370345));
#12995 = DIRECTION('',(0.,-1.,-0.));
#12996 = DIRECTION('',(-0.587785252293,-0.,0.809016994375));
#12997 = ORIENTED_EDGE('',*,*,#12998,.T.);
#12998 = EDGE_CURVE('',#12990,#2502,#12999,.T.);
#12999 = LINE('',#13000,#13001);
#13000 = CARTESIAN_POINT('',(-3.893440665244,-50.8,200.72650625261));
#13001 = VECTOR('',#13002,1.);
#13002 = DIRECTION('',(0.,1.,0.));
#13003 = ORIENTED_EDGE('',*,*,#2509,.T.);
#13004 = ORIENTED_EDGE('',*,*,#12974,.F.);
#13005 = CYLINDRICAL_SURFACE('',#13006,0.15);
#13006 = AXIS2_PLACEMENT_3D('',#13007,#13008,#13009);
#13007 = CARTESIAN_POINT('',(-3.8052728774,-50.8,200.60515370345));
#13008 = DIRECTION('',(0.,-1.,-0.));
#13009 = DIRECTION('',(-0.587785252293,-0.,0.809016994375));
#13010 = ADVANCED_FACE('',(#13011),#13029,.T.);
#13011 = FACE_BOUND('',#13012,.T.);
#13012 = EDGE_LOOP('',(#13013,#13021,#13027,#13028));
#13013 = ORIENTED_EDGE('',*,*,#13014,.F.);
#13014 = EDGE_CURVE('',#13015,#12990,#13017,.T.);
#13015 = VERTEX_POINT('',#13016);
#13016 = CARTESIAN_POINT('',(-3.417200316413,-50.7,201.04471988022));
#13017 = LINE('',#13018,#13019);
#13018 = CARTESIAN_POINT('',(-3.536260403621,-50.7,200.96516647331));
#13019 = VECTOR('',#13020,1.);
#13020 = DIRECTION('',(-0.831469612303,0.,-0.55557023302));
#13021 = ORIENTED_EDGE('',*,*,#13022,.T.);
#13022 = EDGE_CURVE('',#13015,#2493,#13023,.T.);
#13023 = LINE('',#13024,#13025);
#13024 = CARTESIAN_POINT('',(-3.417200316413,-50.8,201.04471988022));
#13025 = VECTOR('',#13026,1.);
#13026 = DIRECTION('',(0.,1.,0.));
#13027 = ORIENTED_EDGE('',*,*,#2501,.T.);
#13028 = ORIENTED_EDGE('',*,*,#12998,.F.);
#13029 = PLANE('',#13030);
#13030 = AXIS2_PLACEMENT_3D('',#13031,#13032,#13033);
#13031 = CARTESIAN_POINT('',(-3.417200316413,-50.8,201.04471988022));
#13032 = DIRECTION('',(-0.55557023302,0.,0.831469612303));
#13033 = DIRECTION('',(-0.831469612303,0.,-0.55557023302));
#13034 = ADVANCED_FACE('',(#13035),#13054,.T.);
#13035 = FACE_BOUND('',#13036,.T.);
#13036 = EDGE_LOOP('',(#13037,#13046,#13052,#13053));
#13037 = ORIENTED_EDGE('',*,*,#13038,.F.);
#13038 = EDGE_CURVE('',#13039,#13015,#13041,.T.);
#13039 = VERTEX_POINT('',#13040);
#13040 = CARTESIAN_POINT('',(-3.210929507052,-50.7,200.99519864027));
#13041 = CIRCLE('',#13042,0.15);
#13042 = AXIS2_PLACEMENT_3D('',#13043,#13044,#13045);
#13043 = CARTESIAN_POINT('',(-3.338825531705,-50.7,200.91682385556));
#13044 = DIRECTION('',(0.,-1.,0.));
#13045 = DIRECTION('',(0.852640164354,0.,0.522498564716));
#13046 = ORIENTED_EDGE('',*,*,#13047,.T.);
#13047 = EDGE_CURVE('',#13039,#2484,#13048,.T.);
#13048 = LINE('',#13049,#13050);
#13049 = CARTESIAN_POINT('',(-3.210929507052,-50.8,200.99519864027));
#13050 = VECTOR('',#13051,1.);
#13051 = DIRECTION('',(0.,1.,0.));
#13052 = ORIENTED_EDGE('',*,*,#2492,.T.);
#13053 = ORIENTED_EDGE('',*,*,#13022,.F.);
#13054 = CYLINDRICAL_SURFACE('',#13055,0.15);
#13055 = AXIS2_PLACEMENT_3D('',#13056,#13057,#13058);
#13056 = CARTESIAN_POINT('',(-3.338825531705,-50.8,200.91682385556));
#13057 = DIRECTION('',(0.,-1.,0.));
#13058 = DIRECTION('',(0.852640164354,0.,0.522498564716));
#13059 = ADVANCED_FACE('',(#13060),#13079,.F.);
#13060 = FACE_BOUND('',#13061,.T.);
#13061 = EDGE_LOOP('',(#13062,#13063,#13072,#13078));
#13062 = ORIENTED_EDGE('',*,*,#13047,.F.);
#13063 = ORIENTED_EDGE('',*,*,#13064,.T.);
#13064 = EDGE_CURVE('',#13039,#13065,#13067,.T.);
#13065 = VERTEX_POINT('',#13066);
#13066 = CARTESIAN_POINT('',(-2.913822887665,-50.7,200.76677611698));
#13067 = CIRCLE('',#13068,1.469292842571);
#13068 = AXIS2_PLACEMENT_3D('',#13069,#13070,#13071);
#13069 = CARTESIAN_POINT('',(-2.174143366462,-50.7,202.03630188007));
#13070 = DIRECTION('',(0.,-1.,-0.));
#13071 = DIRECTION('',(-0.503425525376,0.,-0.864038622053));
#13072 = ORIENTED_EDGE('',*,*,#13073,.T.);
#13073 = EDGE_CURVE('',#13065,#2475,#13074,.T.);
#13074 = LINE('',#13075,#13076);
#13075 = CARTESIAN_POINT('',(-2.913822887665,-50.8,200.76677611698));
#13076 = VECTOR('',#13077,1.);
#13077 = DIRECTION('',(0.,1.,0.));
#13078 = ORIENTED_EDGE('',*,*,#2483,.F.);
#13079 = CYLINDRICAL_SURFACE('',#13080,1.469292842571);
#13080 = AXIS2_PLACEMENT_3D('',#13081,#13082,#13083);
#13081 = CARTESIAN_POINT('',(-2.174143366462,-50.8,202.03630188007));
#13082 = DIRECTION('',(-0.,-1.,-0.));
#13083 = DIRECTION('',(-0.503425525376,0.,-0.864038622053));
#13084 = ADVANCED_FACE('',(#13085),#13104,.F.);
#13085 = FACE_BOUND('',#13086,.T.);
#13086 = EDGE_LOOP('',(#13087,#13088,#13097,#13103));
#13087 = ORIENTED_EDGE('',*,*,#13073,.F.);
#13088 = ORIENTED_EDGE('',*,*,#13089,.T.);
#13089 = EDGE_CURVE('',#13065,#13090,#13092,.T.);
#13090 = VERTEX_POINT('',#13091);
#13091 = CARTESIAN_POINT('',(-2.204382950349,-50.7,201.2015214697));
#13092 = CIRCLE('',#13093,0.471154273188);
#13093 = AXIS2_PLACEMENT_3D('',#13094,#13095,#13096);
#13094 = CARTESIAN_POINT('',(-2.674655709328,-50.7,201.17271380918));
#13095 = DIRECTION('',(-0.,-1.,0.));
#13096 = DIRECTION('',(0.998129032764,-0.,6.114273426666E-02));
#13097 = ORIENTED_EDGE('',*,*,#13098,.T.);
#13098 = EDGE_CURVE('',#13090,#2466,#13099,.T.);
#13099 = LINE('',#13100,#13101);
#13100 = CARTESIAN_POINT('',(-2.204382950349,-50.8,201.2015214697));
#13101 = VECTOR('',#13102,1.);
#13102 = DIRECTION('',(0.,1.,0.));
#13103 = ORIENTED_EDGE('',*,*,#2474,.F.);
#13104 = CYLINDRICAL_SURFACE('',#13105,0.471154273188);
#13105 = AXIS2_PLACEMENT_3D('',#13106,#13107,#13108);
#13106 = CARTESIAN_POINT('',(-2.674655709328,-50.8,201.17271380918));
#13107 = DIRECTION('',(-0.,-1.,-0.));
#13108 = DIRECTION('',(0.998129032764,-0.,6.114273426666E-02));
#13109 = ADVANCED_FACE('',(#13110),#13129,.F.);
#13110 = FACE_BOUND('',#13111,.T.);
#13111 = EDGE_LOOP('',(#13112,#13113,#13122,#13128));
#13112 = ORIENTED_EDGE('',*,*,#13098,.F.);
#13113 = ORIENTED_EDGE('',*,*,#13114,.T.);
#13114 = EDGE_CURVE('',#13090,#13115,#13117,.T.);
#13115 = VERTEX_POINT('',#13116);
#13116 = CARTESIAN_POINT('',(-2.273025326263,-50.7,201.56994706146));
#13117 = CIRCLE('',#13118,1.469292842572);
#13118 = AXIS2_PLACEMENT_3D('',#13119,#13120,#13121);
#13119 = CARTESIAN_POINT('',(-3.671346163364,-50.7,201.11881482612));
#13120 = DIRECTION('',(-0.,-1.,0.));
#13121 = DIRECTION('',(0.951696487307,-0.,0.307040381786));
#13122 = ORIENTED_EDGE('',*,*,#13123,.T.);
#13123 = EDGE_CURVE('',#13115,#2457,#13124,.T.);
#13124 = LINE('',#13125,#13126);
#13125 = CARTESIAN_POINT('',(-2.273025326263,-50.8,201.56994706146));
#13126 = VECTOR('',#13127,1.);
#13127 = DIRECTION('',(0.,1.,0.));
#13128 = ORIENTED_EDGE('',*,*,#2465,.F.);
#13129 = CYLINDRICAL_SURFACE('',#13130,1.469292842572);
#13130 = AXIS2_PLACEMENT_3D('',#13131,#13132,#13133);
#13131 = CARTESIAN_POINT('',(-3.671346163364,-50.8,201.11881482612));
#13132 = DIRECTION('',(-0.,-1.,-0.));
#13133 = DIRECTION('',(0.951696487307,-0.,0.307040381786));
#13134 = ADVANCED_FACE('',(#13135),#13154,.T.);
#13135 = FACE_BOUND('',#13136,.T.);
#13136 = EDGE_LOOP('',(#13137,#13146,#13152,#13153));
#13137 = ORIENTED_EDGE('',*,*,#13138,.F.);
#13138 = EDGE_CURVE('',#13139,#13115,#13141,.T.);
#13139 = VERTEX_POINT('',#13140);
#13140 = CARTESIAN_POINT('',(-2.223504086317,-50.7,201.77621787082));
#13141 = CIRCLE('',#13142,0.15);
#13142 = AXIS2_PLACEMENT_3D('',#13143,#13144,#13145);
#13143 = CARTESIAN_POINT('',(-2.14512930161,-50.7,201.64832184616));
#13144 = DIRECTION('',(0.,-1.,-0.));
#13145 = DIRECTION('',(-0.522498564716,-0.,0.852640164354));
#13146 = ORIENTED_EDGE('',*,*,#13147,.T.);
#13147 = EDGE_CURVE('',#13139,#2449,#13148,.T.);
#13148 = LINE('',#13149,#13150);
#13149 = CARTESIAN_POINT('',(-2.223504086317,-50.8,201.77621787082));
#13150 = VECTOR('',#13151,1.);
#13151 = DIRECTION('',(0.,1.,0.));
#13152 = ORIENTED_EDGE('',*,*,#2456,.T.);
#13153 = ORIENTED_EDGE('',*,*,#13123,.F.);
#13154 = CYLINDRICAL_SURFACE('',#13155,0.15);
#13155 = AXIS2_PLACEMENT_3D('',#13156,#13157,#13158);
#13156 = CARTESIAN_POINT('',(-2.14512930161,-50.8,201.64832184616));
#13157 = DIRECTION('',(0.,-1.,-0.));
#13158 = DIRECTION('',(-0.522498564716,-0.,0.852640164354));
#13159 = ADVANCED_FACE('',(#13160),#13178,.T.);
#13160 = FACE_BOUND('',#13161,.T.);
#13161 = EDGE_LOOP('',(#13162,#13170,#13176,#13177));
#13162 = ORIENTED_EDGE('',*,*,#13163,.F.);
#13163 = EDGE_CURVE('',#13164,#13139,#13166,.T.);
#13164 = VERTEX_POINT('',#13165);
#13165 = CARTESIAN_POINT('',(-1.723765074073,-50.7,202.05608516489));
#13166 = LINE('',#13167,#13168);
#13167 = CARTESIAN_POINT('',(-1.848699827134,-50.7,201.98611834137));
#13168 = VECTOR('',#13169,1.);
#13169 = DIRECTION('',(-0.872496007073,0.,-0.488621241497));
#13170 = ORIENTED_EDGE('',*,*,#13171,.T.);
#13171 = EDGE_CURVE('',#13164,#2440,#13172,.T.);
#13172 = LINE('',#13173,#13174);
#13173 = CARTESIAN_POINT('',(-1.723765074073,-50.8,202.05608516489));
#13174 = VECTOR('',#13175,1.);
#13175 = DIRECTION('',(0.,1.,0.));
#13176 = ORIENTED_EDGE('',*,*,#2448,.T.);
#13177 = ORIENTED_EDGE('',*,*,#13147,.F.);
#13178 = PLANE('',#13179);
#13179 = AXIS2_PLACEMENT_3D('',#13180,#13181,#13182);
#13180 = CARTESIAN_POINT('',(-1.723765074073,-50.8,202.05608516489));
#13181 = DIRECTION('',(-0.488621241497,0.,0.872496007073));
#13182 = DIRECTION('',(-0.872496007073,0.,-0.488621241497));
#13183 = ADVANCED_FACE('',(#13184),#13203,.T.);
#13184 = FACE_BOUND('',#13185,.T.);
#13185 = EDGE_LOOP('',(#13186,#13195,#13201,#13202));
#13186 = ORIENTED_EDGE('',*,*,#13187,.F.);
#13187 = EDGE_CURVE('',#13188,#13164,#13190,.T.);
#13188 = VERTEX_POINT('',#13189);
#13189 = CARTESIAN_POINT('',(-1.522015520484,-50.7,201.99053276122));
#13190 = CIRCLE('',#13191,0.15);
#13191 = AXIS2_PLACEMENT_3D('',#13192,#13193,#13194);
#13192 = CARTESIAN_POINT('',(-1.655666499113,-50.7,201.92243418626));
#13193 = DIRECTION('',(0.,-1.,0.));
#13194 = DIRECTION('',(0.891006524188,0.,0.453990499739));
#13195 = ORIENTED_EDGE('',*,*,#13196,.T.);
#13196 = EDGE_CURVE('',#13188,#2431,#13197,.T.);
#13197 = LINE('',#13198,#13199);
#13198 = CARTESIAN_POINT('',(-1.522015520484,-50.8,201.99053276122));
#13199 = VECTOR('',#13200,1.);
#13200 = DIRECTION('',(0.,1.,0.));
#13201 = ORIENTED_EDGE('',*,*,#2439,.T.);
#13202 = ORIENTED_EDGE('',*,*,#13171,.F.);
#13203 = CYLINDRICAL_SURFACE('',#13204,0.15);
#13204 = AXIS2_PLACEMENT_3D('',#13205,#13206,#13207);
#13205 = CARTESIAN_POINT('',(-1.655666499113,-50.8,201.92243418626));
#13206 = DIRECTION('',(0.,-1.,0.));
#13207 = DIRECTION('',(0.891006524188,0.,0.453990499739));
#13208 = ADVANCED_FACE('',(#13209),#13228,.F.);
#13209 = FACE_BOUND('',#13210,.T.);
#13210 = EDGE_LOOP('',(#13211,#13212,#13221,#13227));
#13211 = ORIENTED_EDGE('',*,*,#13196,.F.);
#13212 = ORIENTED_EDGE('',*,*,#13213,.T.);
#13213 = EDGE_CURVE('',#13188,#13214,#13216,.T.);
#13214 = VERTEX_POINT('',#13215);
#13215 = CARTESIAN_POINT('',(-1.243746606272,-50.7,201.73950367164));
#13216 = CIRCLE('',#13217,1.469292842572);
#13217 = AXIS2_PLACEMENT_3D('',#13218,#13219,#13220);
#13218 = CARTESIAN_POINT('',(-0.406741426802,-50.7,202.94708132413));
#13219 = DIRECTION('',(0.,-1.,-0.));
#13220 = DIRECTION('',(-0.569665321451,0.,-0.821876767853));
#13221 = ORIENTED_EDGE('',*,*,#13222,.T.);
#13222 = EDGE_CURVE('',#13214,#2422,#13223,.T.);
#13223 = LINE('',#13224,#13225);
#13224 = CARTESIAN_POINT('',(-1.243746606272,-50.8,201.73950367164));
#13225 = VECTOR('',#13226,1.);
#13226 = DIRECTION('',(0.,1.,0.));
#13227 = ORIENTED_EDGE('',*,*,#2430,.F.);
#13228 = CYLINDRICAL_SURFACE('',#13229,1.469292842572);
#13229 = AXIS2_PLACEMENT_3D('',#13230,#13231,#13232);
#13230 = CARTESIAN_POINT('',(-0.406741426802,-50.8,202.94708132413));
#13231 = DIRECTION('',(-0.,-1.,-0.));
#13232 = DIRECTION('',(-0.569665321451,0.,-0.821876767853));
#13233 = ADVANCED_FACE('',(#13234),#13253,.F.);
#13234 = FACE_BOUND('',#13235,.T.);
#13235 = EDGE_LOOP('',(#13236,#13237,#13246,#13252));
#13236 = ORIENTED_EDGE('',*,*,#13222,.F.);
#13237 = ORIENTED_EDGE('',*,*,#13238,.T.);
#13238 = EDGE_CURVE('',#13214,#13239,#13241,.T.);
#13239 = VERTEX_POINT('',#13240);
#13240 = CARTESIAN_POINT('',(-0.502383908272,-50.7,202.11724683358));
#13241 = CIRCLE('',#13242,0.471154273188);
#13242 = AXIS2_PLACEMENT_3D('',#13243,#13244,#13245);
#13243 = CARTESIAN_POINT('',(-0.973467196276,-50.7,202.12542515287));
#13244 = DIRECTION('',(0.,-1.,-0.));
#13245 = DIRECTION('',(0.999849337706,0.,-1.735804970824E-02));
#13246 = ORIENTED_EDGE('',*,*,#13247,.T.);
#13247 = EDGE_CURVE('',#13239,#2413,#13248,.T.);
#13248 = LINE('',#13249,#13250);
#13249 = CARTESIAN_POINT('',(-0.502383908272,-50.8,202.11724683358));
#13250 = VECTOR('',#13251,1.);
#13251 = DIRECTION('',(0.,1.,0.));
#13252 = ORIENTED_EDGE('',*,*,#2421,.F.);
#13253 = CYLINDRICAL_SURFACE('',#13254,0.471154273188);
#13254 = AXIS2_PLACEMENT_3D('',#13255,#13256,#13257);
#13255 = CARTESIAN_POINT('',(-0.973467196276,-50.8,202.12542515287));
#13256 = DIRECTION('',(-0.,-1.,-0.));
#13257 = DIRECTION('',(0.999849337706,0.,-1.735804970824E-02));
#13258 = ADVANCED_FACE('',(#13259),#13278,.F.);
#13259 = FACE_BOUND('',#13260,.T.);
#13260 = EDGE_LOOP('',(#13261,#13262,#13271,#13277));
#13261 = ORIENTED_EDGE('',*,*,#13247,.F.);
#13262 = ORIENTED_EDGE('',*,*,#13263,.T.);
#13263 = EDGE_CURVE('',#13239,#13264,#13266,.T.);
#13264 = VERTEX_POINT('',#13265);
#13265 = CARTESIAN_POINT('',(-0.541908343877,-50.7,202.48992231093));
#13266 = CIRCLE('',#13267,1.469292842572);
#13267 = AXIS2_PLACEMENT_3D('',#13268,#13269,#13270);
#13268 = CARTESIAN_POINT('',(-1.971314051742,-50.7,202.14989175414));
#13269 = DIRECTION('',(-0.,-1.,0.));
#13270 = DIRECTION('',(0.972852835356,-0.,0.231424632957));
#13271 = ORIENTED_EDGE('',*,*,#13272,.T.);
#13272 = EDGE_CURVE('',#13264,#2404,#13273,.T.);
#13273 = LINE('',#13274,#13275);
#13274 = CARTESIAN_POINT('',(-0.541908343877,-50.8,202.48992231093));
#13275 = VECTOR('',#13276,1.);
#13276 = DIRECTION('',(0.,1.,0.));
#13277 = ORIENTED_EDGE('',*,*,#2412,.F.);
#13278 = CYLINDRICAL_SURFACE('',#13279,1.469292842572);
#13279 = AXIS2_PLACEMENT_3D('',#13280,#13281,#13282);
#13280 = CARTESIAN_POINT('',(-1.971314051742,-50.8,202.14989175414));
#13281 = DIRECTION('',(-0.,-1.,-0.));
#13282 = DIRECTION('',(0.972852835356,-0.,0.231424632957));
#13283 = ADVANCED_FACE('',(#13284),#13303,.T.);
#13284 = FACE_BOUND('',#13285,.T.);
#13285 = EDGE_LOOP('',(#13286,#13295,#13301,#13302));
#13286 = ORIENTED_EDGE('',*,*,#13287,.F.);
#13287 = EDGE_CURVE('',#13288,#13264,#13290,.T.);
#13288 = VERTEX_POINT('',#13289);
#13289 = CARTESIAN_POINT('',(-0.47635594021,-50.7,202.69167186452));
#13290 = CIRCLE('',#13291,0.15);
#13291 = AXIS2_PLACEMENT_3D('',#13292,#13293,#13294);
#13292 = CARTESIAN_POINT('',(-0.408257365249,-50.7,202.5580208859));
#13293 = DIRECTION('',(0.,-1.,-0.));
#13294 = DIRECTION('',(-0.45399049974,-0.,0.891006524188));
#13295 = ORIENTED_EDGE('',*,*,#13296,.T.);
#13296 = EDGE_CURVE('',#13288,#2396,#13297,.T.);
#13297 = LINE('',#13298,#13299);
#13298 = CARTESIAN_POINT('',(-0.47635594021,-50.8,202.69167186452));
#13299 = VECTOR('',#13300,1.);
#13300 = DIRECTION('',(0.,1.,0.));
#13301 = ORIENTED_EDGE('',*,*,#2403,.T.);
#13302 = ORIENTED_EDGE('',*,*,#13272,.F.);
#13303 = CYLINDRICAL_SURFACE('',#13304,0.15);
#13304 = AXIS2_PLACEMENT_3D('',#13305,#13306,#13307);
#13305 = CARTESIAN_POINT('',(-0.408257365249,-50.8,202.5580208859));
#13306 = DIRECTION('',(0.,-1.,-0.));
#13307 = DIRECTION('',(-0.45399049974,-0.,0.891006524188));
#13308 = ADVANCED_FACE('',(#13309),#13327,.T.);
#13309 = FACE_BOUND('',#13310,.T.);
#13310 = EDGE_LOOP('',(#13311,#13319,#13325,#13326));
#13311 = ORIENTED_EDGE('',*,*,#13312,.F.);
#13312 = EDGE_CURVE('',#13313,#13288,#13315,.T.);
#13313 = VERTEX_POINT('',#13314);
#13314 = CARTESIAN_POINT('',(4.380067825501E-02,-50.7,202.93146735013));
#13315 = LINE('',#13316,#13317);
#13316 = CARTESIAN_POINT('',(-8.623847636141E-02,-50.7,202.87151847873)
  );
#13317 = VECTOR('',#13318,1.);
#13318 = DIRECTION('',(-0.908143173825,0.,-0.418659737537));
#13319 = ORIENTED_EDGE('',*,*,#13320,.T.);
#13320 = EDGE_CURVE('',#13313,#2387,#13321,.T.);
#13321 = LINE('',#13322,#13323);
#13322 = CARTESIAN_POINT('',(4.380067825501E-02,-50.8,202.93146735013));
#13323 = VECTOR('',#13324,1.);
#13324 = DIRECTION('',(0.,1.,0.));
#13325 = ORIENTED_EDGE('',*,*,#2395,.T.);
#13326 = ORIENTED_EDGE('',*,*,#13296,.F.);
#13327 = PLANE('',#13328);
#13328 = AXIS2_PLACEMENT_3D('',#13329,#13330,#13331);
#13329 = CARTESIAN_POINT('',(4.380067825501E-02,-50.8,202.93146735013));
#13330 = DIRECTION('',(-0.418659737537,0.,0.908143173825));
#13331 = DIRECTION('',(-0.908143173825,0.,-0.418659737537));
#13332 = ADVANCED_FACE('',(#13333),#13352,.T.);
#13333 = FACE_BOUND('',#13334,.T.);
#13334 = EDGE_LOOP('',(#13335,#13344,#13350,#13351));
#13335 = ORIENTED_EDGE('',*,*,#13336,.F.);
#13336 = EDGE_CURVE('',#13337,#13313,#13339,.T.);
#13337 = VERTEX_POINT('',#13338);
#13338 = CARTESIAN_POINT('',(0.239785122986,-50.7,202.85028793511));
#13339 = CIRCLE('',#13340,0.15);
#13340 = AXIS2_PLACEMENT_3D('',#13341,#13342,#13343);
#13341 = CARTESIAN_POINT('',(0.10120319311,-50.7,202.79288542025));
#13342 = DIRECTION('',(0.,-1.,0.));
#13343 = DIRECTION('',(0.923879532511,0.,0.382683432365));
#13344 = ORIENTED_EDGE('',*,*,#13345,.T.);
#13345 = EDGE_CURVE('',#13337,#2378,#13346,.T.);
#13346 = LINE('',#13347,#13348);
#13347 = CARTESIAN_POINT('',(0.239785122986,-50.8,202.85028793511));
#13348 = VECTOR('',#13349,1.);
#13349 = DIRECTION('',(0.,1.,0.));
#13350 = ORIENTED_EDGE('',*,*,#2386,.T.);
#13351 = ORIENTED_EDGE('',*,*,#13320,.F.);
#13352 = CYLINDRICAL_SURFACE('',#13353,0.15);
#13353 = AXIS2_PLACEMENT_3D('',#13354,#13355,#13356);
#13354 = CARTESIAN_POINT('',(0.10120319311,-50.8,202.79288542025));
#13355 = DIRECTION('',(0.,-1.,0.));
#13356 = DIRECTION('',(0.923879532511,0.,0.382683432365));
#13357 = ADVANCED_FACE('',(#13358),#13377,.F.);
#13358 = FACE_BOUND('',#13359,.T.);
#13359 = EDGE_LOOP('',(#13360,#13361,#13370,#13376));
#13360 = ORIENTED_EDGE('',*,*,#13345,.F.);
#13361 = ORIENTED_EDGE('',*,*,#13362,.T.);
#13362 = EDGE_CURVE('',#13337,#13363,#13365,.T.);
#13363 = VERTEX_POINT('',#13364);
#13364 = CARTESIAN_POINT('',(0.497500711634,-50.7,202.57819995706));
#13365 = CIRCLE('',#13366,1.469292842571);
#13366 = AXIS2_PLACEMENT_3D('',#13367,#13368,#13369);
#13367 = CARTESIAN_POINT('',(1.426671134106,-50.7,203.71638438114));
#13368 = DIRECTION('',(0.,-1.,-0.));
#13369 = DIRECTION('',(-0.632392941387,0.,-0.774647770076));
#13370 = ORIENTED_EDGE('',*,*,#13371,.T.);
#13371 = EDGE_CURVE('',#13363,#2369,#13372,.T.);
#13372 = LINE('',#13373,#13374);
#13373 = CARTESIAN_POINT('',(0.497500711634,-50.8,202.57819995706));
#13374 = VECTOR('',#13375,1.);
#13375 = DIRECTION('',(0.,1.,0.));
#13376 = ORIENTED_EDGE('',*,*,#2377,.F.);
#13377 = CYLINDRICAL_SURFACE('',#13378,1.469292842571);
#13378 = AXIS2_PLACEMENT_3D('',#13379,#13380,#13381);
#13379 = CARTESIAN_POINT('',(1.426671134106,-50.8,203.71638438114));
#13380 = DIRECTION('',(-0.,-1.,-0.));
#13381 = DIRECTION('',(-0.632392941387,0.,-0.774647770076));
#13382 = ADVANCED_FACE('',(#13383),#13402,.F.);
#13383 = FACE_BOUND('',#13384,.T.);
#13384 = EDGE_LOOP('',(#13385,#13386,#13395,#13401));
#13385 = ORIENTED_EDGE('',*,*,#13371,.F.);
#13386 = ORIENTED_EDGE('',*,*,#13387,.T.);
#13387 = EDGE_CURVE('',#13363,#13388,#13390,.T.);
#13388 = VERTEX_POINT('',#13389);
#13389 = CARTESIAN_POINT('',(1.266215422757,-50.7,202.896612016));
#13390 = CIRCLE('',#13391,0.471154273188);
#13391 = AXIS2_PLACEMENT_3D('',#13392,#13393,#13394);
#13392 = CARTESIAN_POINT('',(0.79722599085,-50.7,202.94172589305));
#13393 = DIRECTION('',(0.,-1.,-0.));
#13394 = DIRECTION('',(0.995405238997,0.,-9.575181553435E-02));
#13395 = ORIENTED_EDGE('',*,*,#13396,.T.);
#13396 = EDGE_CURVE('',#13388,#2360,#13397,.T.);
#13397 = LINE('',#13398,#13399);
#13398 = CARTESIAN_POINT('',(1.266215422757,-50.8,202.896612016));
#13399 = VECTOR('',#13400,1.);
#13400 = DIRECTION('',(0.,1.,0.));
#13401 = ORIENTED_EDGE('',*,*,#2368,.F.);
#13402 = CYLINDRICAL_SURFACE('',#13403,0.471154273188);
#13403 = AXIS2_PLACEMENT_3D('',#13404,#13405,#13406);
#13404 = CARTESIAN_POINT('',(0.79722599085,-50.8,202.94172589305));
#13405 = DIRECTION('',(-0.,-1.,-0.));
#13406 = DIRECTION('',(0.995405238997,0.,-9.575181553435E-02));
#13407 = ADVANCED_FACE('',(#13408),#13427,.F.);
#13408 = FACE_BOUND('',#13409,.T.);
#13409 = EDGE_LOOP('',(#13410,#13411,#13420,#13426));
#13410 = ORIENTED_EDGE('',*,*,#13396,.F.);
#13411 = ORIENTED_EDGE('',*,*,#13412,.T.);
#13412 = EDGE_CURVE('',#13388,#13413,#13415,.T.);
#13413 = VERTEX_POINT('',#13414);
#13414 = CARTESIAN_POINT('',(1.256052608749,-50.7,203.27123971071));
#13415 = CIRCLE('',#13416,1.469292842572);
#13416 = AXIS2_PLACEMENT_3D('',#13417,#13418,#13419);
#13417 = CARTESIAN_POINT('',(-0.195625208365,-50.7,203.0444072339));
#13418 = DIRECTION('',(-0.,-1.,0.));
#13419 = DIRECTION('',(0.988011222169,-0.,0.154382074309));
#13420 = ORIENTED_EDGE('',*,*,#13421,.T.);
#13421 = EDGE_CURVE('',#13413,#2351,#13422,.T.);
#13422 = LINE('',#13423,#13424);
#13423 = CARTESIAN_POINT('',(1.256052608749,-50.8,203.27123971071));
#13424 = VECTOR('',#13425,1.);
#13425 = DIRECTION('',(0.,1.,0.));
#13426 = ORIENTED_EDGE('',*,*,#2359,.F.);
#13427 = CYLINDRICAL_SURFACE('',#13428,1.469292842572);
#13428 = AXIS2_PLACEMENT_3D('',#13429,#13430,#13431);
#13429 = CARTESIAN_POINT('',(-0.195625208365,-50.8,203.0444072339));
#13430 = DIRECTION('',(-0.,-1.,-0.));
#13431 = DIRECTION('',(0.988011222169,-0.,0.154382074309));
#13432 = ADVANCED_FACE('',(#13433),#13452,.T.);
#13433 = FACE_BOUND('',#13434,.T.);
#13434 = EDGE_LOOP('',(#13435,#13444,#13450,#13451));
#13435 = ORIENTED_EDGE('',*,*,#13436,.F.);
#13436 = EDGE_CURVE('',#13437,#13413,#13439,.T.);
#13437 = VERTEX_POINT('',#13438);
#13438 = CARTESIAN_POINT('',(1.337232023771,-50.7,203.46722415544));
#13439 = CIRCLE('',#13440,0.15);
#13440 = AXIS2_PLACEMENT_3D('',#13441,#13442,#13443);
#13441 = CARTESIAN_POINT('',(1.394634538626,-50.7,203.32864222556));
#13442 = DIRECTION('',(0.,-1.,0.));
#13443 = DIRECTION('',(-0.382683432365,0.,0.923879532511));
#13444 = ORIENTED_EDGE('',*,*,#13445,.T.);
#13445 = EDGE_CURVE('',#13437,#2343,#13446,.T.);
#13446 = LINE('',#13447,#13448);
#13447 = CARTESIAN_POINT('',(1.337232023771,-50.8,203.46722415544));
#13448 = VECTOR('',#13449,1.);
#13449 = DIRECTION('',(0.,1.,0.));
#13450 = ORIENTED_EDGE('',*,*,#2350,.T.);
#13451 = ORIENTED_EDGE('',*,*,#13421,.F.);
#13452 = CYLINDRICAL_SURFACE('',#13453,0.15);
#13453 = AXIS2_PLACEMENT_3D('',#13454,#13455,#13456);
#13454 = CARTESIAN_POINT('',(1.394634538626,-50.8,203.32864222556));
#13455 = DIRECTION('',(0.,-1.,0.));
#13456 = DIRECTION('',(-0.382683432365,0.,0.923879532511));
#13457 = ADVANCED_FACE('',(#13458),#13476,.T.);
#13458 = FACE_BOUND('',#13459,.T.);
#13459 = EDGE_LOOP('',(#13460,#13468,#13474,#13475));
#13460 = ORIENTED_EDGE('',*,*,#13461,.F.);
#13461 = EDGE_CURVE('',#13462,#13437,#13464,.T.);
#13462 = VERTEX_POINT('',#13463);
#13463 = CARTESIAN_POINT('',(1.874599309934,-50.7,203.66546941367));
#13464 = LINE('',#13465,#13466);
#13465 = CARTESIAN_POINT('',(1.740257488394,-50.7,203.61590809911));
#13466 = VECTOR('',#13467,1.);
#13467 = DIRECTION('',(-0.938191335922,0.,-0.346117057077));
#13468 = ORIENTED_EDGE('',*,*,#13469,.T.);
#13469 = EDGE_CURVE('',#13462,#2334,#13470,.T.);
#13470 = LINE('',#13471,#13472);
#13471 = CARTESIAN_POINT('',(1.874599309934,-50.8,203.66546941367));
#13472 = VECTOR('',#13473,1.);
#13473 = DIRECTION('',(0.,1.,0.));
#13474 = ORIENTED_EDGE('',*,*,#2342,.T.);
#13475 = ORIENTED_EDGE('',*,*,#13445,.F.);
#13476 = PLANE('',#13477);
#13477 = AXIS2_PLACEMENT_3D('',#13478,#13479,#13480);
#13478 = CARTESIAN_POINT('',(1.874599309934,-50.8,203.66546941367));
#13479 = DIRECTION('',(-0.346117057077,0.,0.938191335922));
#13480 = DIRECTION('',(-0.938191335922,0.,-0.346117057077));
#13481 = ADVANCED_FACE('',(#13482),#13501,.T.);
#13482 = FACE_BOUND('',#13483,.T.);
#13483 = EDGE_LOOP('',(#13484,#13493,#13499,#13500));
#13484 = ORIENTED_EDGE('',*,*,#13485,.F.);
#13485 = EDGE_CURVE('',#13486,#13462,#13488,.T.);
#13486 = VERTEX_POINT('',#13487);
#13487 = CARTESIAN_POINT('',(2.063610336535,-50.7,203.56916348538));
#13488 = CIRCLE('',#13489,0.15);
#13489 = AXIS2_PLACEMENT_3D('',#13490,#13491,#13492);
#13490 = CARTESIAN_POINT('',(1.920951859091,-50.7,203.52281093622));
#13491 = DIRECTION('',(0.,-1.,0.));
#13492 = DIRECTION('',(0.951056516295,0.,0.309016994375));
#13493 = ORIENTED_EDGE('',*,*,#13494,.T.);
#13494 = EDGE_CURVE('',#13486,#2325,#13495,.T.);
#13495 = LINE('',#13496,#13497);
#13496 = CARTESIAN_POINT('',(2.063610336535,-50.8,203.56916348538));
#13497 = VECTOR('',#13498,1.);
#13498 = DIRECTION('',(0.,1.,0.));
#13499 = ORIENTED_EDGE('',*,*,#2333,.T.);
#13500 = ORIENTED_EDGE('',*,*,#13469,.F.);
#13501 = CYLINDRICAL_SURFACE('',#13502,0.15);
#13502 = AXIS2_PLACEMENT_3D('',#13503,#13504,#13505);
#13503 = CARTESIAN_POINT('',(1.920951859091,-50.8,203.52281093622));
#13504 = DIRECTION('',(0.,-1.,0.));
#13505 = DIRECTION('',(0.951056516295,0.,0.309016994375));
#13506 = ADVANCED_FACE('',(#13507),#13526,.F.);
#13507 = FACE_BOUND('',#13508,.T.);
#13508 = EDGE_LOOP('',(#13509,#13510,#13519,#13525));
#13509 = ORIENTED_EDGE('',*,*,#13494,.F.);
#13510 = ORIENTED_EDGE('',*,*,#13511,.T.);
#13511 = EDGE_CURVE('',#13486,#13512,#13514,.T.);
#13512 = VERTEX_POINT('',#13513);
#13513 = CARTESIAN_POINT('',(2.299183697315,-50.7,203.27769413172));
#13514 = CIRCLE('',#13515,1.469292842573);
#13515 = AXIS2_PLACEMENT_3D('',#13516,#13517,#13518);
#13516 = CARTESIAN_POINT('',(3.314790718157,-50.7,204.33946804195));
#13517 = DIRECTION('',(0.,-1.,-0.));
#13518 = DIRECTION('',(-0.691221648547,0.,-0.722642811201));
#13519 = ORIENTED_EDGE('',*,*,#13520,.T.);
#13520 = EDGE_CURVE('',#13512,#2316,#13521,.T.);
#13521 = LINE('',#13522,#13523);
#13522 = CARTESIAN_POINT('',(2.299183697315,-50.8,203.27769413172));
#13523 = VECTOR('',#13524,1.);
#13524 = DIRECTION('',(0.,1.,0.));
#13525 = ORIENTED_EDGE('',*,*,#2324,.F.);
#13526 = CYLINDRICAL_SURFACE('',#13527,1.469292842573);
#13527 = AXIS2_PLACEMENT_3D('',#13528,#13529,#13530);
#13528 = CARTESIAN_POINT('',(3.314790718157,-50.8,204.33946804195));
#13529 = DIRECTION('',(-0.,-1.,-0.));
#13530 = DIRECTION('',(-0.691221648547,0.,-0.722642811201));
#13531 = ADVANCED_FACE('',(#13532),#13551,.F.);
#13532 = FACE_BOUND('',#13533,.T.);
#13533 = EDGE_LOOP('',(#13534,#13535,#13544,#13550));
#13534 = ORIENTED_EDGE('',*,*,#13520,.F.);
#13535 = ORIENTED_EDGE('',*,*,#13536,.T.);
#13536 = EDGE_CURVE('',#13512,#13537,#13539,.T.);
#13537 = VERTEX_POINT('',#13538);
#13538 = CARTESIAN_POINT('',(3.090511039742,-50.7,203.53481197144));
#13539 = CIRCLE('',#13540,0.471154273188);
#13540 = AXIS2_PLACEMENT_3D('',#13541,#13542,#13543);
#13541 = CARTESIAN_POINT('',(2.626506939735,-50.7,203.6165832642));
#13542 = DIRECTION('',(0.,-1.,-0.));
#13543 = DIRECTION('',(0.984824135983,0.,-0.173555239577));
#13544 = ORIENTED_EDGE('',*,*,#13545,.T.);
#13545 = EDGE_CURVE('',#13537,#2307,#13546,.T.);
#13546 = LINE('',#13547,#13548);
#13547 = CARTESIAN_POINT('',(3.090511039742,-50.8,203.53481197144));
#13548 = VECTOR('',#13549,1.);
#13549 = DIRECTION('',(0.,1.,0.));
#13550 = ORIENTED_EDGE('',*,*,#2315,.F.);
#13551 = CYLINDRICAL_SURFACE('',#13552,0.471154273188);
#13552 = AXIS2_PLACEMENT_3D('',#13553,#13554,#13555);
#13553 = CARTESIAN_POINT('',(2.626506939735,-50.8,203.6165832642));
#13554 = DIRECTION('',(-0.,-1.,-0.));
#13555 = DIRECTION('',(0.984824135983,0.,-0.173555239577));
#13556 = ADVANCED_FACE('',(#13557),#13576,.F.);
#13557 = FACE_BOUND('',#13558,.T.);
#13558 = EDGE_LOOP('',(#13559,#13560,#13569,#13575));
#13559 = ORIENTED_EDGE('',*,*,#13545,.F.);
#13560 = ORIENTED_EDGE('',*,*,#13561,.T.);
#13561 = EDGE_CURVE('',#13537,#13562,#13564,.T.);
#13562 = VERTEX_POINT('',#13563);
#13563 = CARTESIAN_POINT('',(3.10977250446,-50.7,203.90908217919));
#13564 = CIRCLE('',#13565,1.469292842572);
#13565 = AXIS2_PLACEMENT_3D('',#13566,#13567,#13568);
#13566 = CARTESIAN_POINT('',(1.644772654571,-50.7,203.79684628003));
#13567 = DIRECTION('',(-0.,-1.,0.));
#13568 = DIRECTION('',(0.99707819125,-0.,7.638769883619E-02));
#13569 = ORIENTED_EDGE('',*,*,#13570,.T.);
#13570 = EDGE_CURVE('',#13562,#2298,#13571,.T.);
#13571 = LINE('',#13572,#13573);
#13572 = CARTESIAN_POINT('',(3.10977250446,-50.8,203.90908217919));
#13573 = VECTOR('',#13574,1.);
#13574 = DIRECTION('',(0.,1.,0.));
#13575 = ORIENTED_EDGE('',*,*,#2306,.F.);
#13576 = CYLINDRICAL_SURFACE('',#13577,1.469292842572);
#13577 = AXIS2_PLACEMENT_3D('',#13578,#13579,#13580);
#13578 = CARTESIAN_POINT('',(1.644772654571,-50.8,203.79684628003));
#13579 = DIRECTION('',(-0.,-1.,-0.));
#13580 = DIRECTION('',(0.99707819125,-0.,7.638769883619E-02));
#13581 = ADVANCED_FACE('',(#13582),#13601,.T.);
#13582 = FACE_BOUND('',#13583,.T.);
#13583 = EDGE_LOOP('',(#13584,#13593,#13599,#13600));
#13584 = ORIENTED_EDGE('',*,*,#13585,.F.);
#13585 = EDGE_CURVE('',#13586,#13562,#13588,.T.);
#13586 = VERTEX_POINT('',#13587);
#13587 = CARTESIAN_POINT('',(3.206078432748,-50.7,204.09809320579));
#13588 = CIRCLE('',#13589,0.15);
#13589 = AXIS2_PLACEMENT_3D('',#13590,#13591,#13592);
#13590 = CARTESIAN_POINT('',(3.252430981904,-50.7,203.95543472835));
#13591 = DIRECTION('',(0.,-1.,0.));
#13592 = DIRECTION('',(-0.309016994375,0.,0.951056516295));
#13593 = ORIENTED_EDGE('',*,*,#13594,.T.);
#13594 = EDGE_CURVE('',#13586,#2290,#13595,.T.);
#13595 = LINE('',#13596,#13597);
#13596 = CARTESIAN_POINT('',(3.206078432748,-50.8,204.09809320579));
#13597 = VECTOR('',#13598,1.);
#13598 = DIRECTION('',(0.,1.,0.));
#13599 = ORIENTED_EDGE('',*,*,#2297,.T.);
#13600 = ORIENTED_EDGE('',*,*,#13570,.F.);
#13601 = CYLINDRICAL_SURFACE('',#13602,0.15);
#13602 = AXIS2_PLACEMENT_3D('',#13603,#13604,#13605);
#13603 = CARTESIAN_POINT('',(3.252430981904,-50.8,203.95543472835));
#13604 = DIRECTION('',(0.,-1.,0.));
#13605 = DIRECTION('',(-0.309016994375,0.,0.951056516295));
#13606 = ADVANCED_FACE('',(#13607),#13625,.T.);
#13607 = FACE_BOUND('',#13608,.T.);
#13608 = EDGE_LOOP('',(#13609,#13617,#13623,#13624));
#13609 = ORIENTED_EDGE('',*,*,#13610,.F.);
#13610 = EDGE_CURVE('',#13611,#13586,#13613,.T.);
#13611 = VERTEX_POINT('',#13612);
#13612 = CARTESIAN_POINT('',(3.757343338598,-50.7,204.2535659887));
#13613 = LINE('',#13614,#13615);
#13614 = CARTESIAN_POINT('',(3.619527112135,-50.7,204.21469779297));
#13615 = VECTOR('',#13616,1.);
#13616 = DIRECTION('',(-0.962455236454,0.,-0.271440449865));
#13617 = ORIENTED_EDGE('',*,*,#13618,.T.);
#13618 = EDGE_CURVE('',#13611,#2281,#13619,.T.);
#13619 = LINE('',#13620,#13621);
#13620 = CARTESIAN_POINT('',(3.757343338598,-50.8,204.2535659887));
#13621 = VECTOR('',#13622,1.);
#13622 = DIRECTION('',(0.,1.,0.));
#13623 = ORIENTED_EDGE('',*,*,#2289,.T.);
#13624 = ORIENTED_EDGE('',*,*,#13594,.F.);
#13625 = PLANE('',#13626);
#13626 = AXIS2_PLACEMENT_3D('',#13627,#13628,#13629);
#13627 = CARTESIAN_POINT('',(3.757343338598,-50.8,204.2535659887));
#13628 = DIRECTION('',(-0.271440449865,0.,0.962455236454));
#13629 = DIRECTION('',(-0.962455236454,0.,-0.271440449865));
#13630 = ADVANCED_FACE('',(#13631),#13650,.T.);
#13631 = FACE_BOUND('',#13632,.T.);
#13632 = EDGE_LOOP('',(#13633,#13642,#13648,#13649));
#13633 = ORIENTED_EDGE('',*,*,#13634,.F.);
#13634 = EDGE_CURVE('',#13635,#13611,#13637,.T.);
#13635 = VERTEX_POINT('',#13636);
#13636 = CARTESIAN_POINT('',(3.938215631236,-50.7,204.14272730522));
#13637 = CIRCLE('',#13638,0.15);
#13638 = AXIS2_PLACEMENT_3D('',#13639,#13640,#13641);
#13639 = CARTESIAN_POINT('',(3.792360143176,-50.7,204.10771050064));
#13640 = DIRECTION('',(0.,-1.,0.));
#13641 = DIRECTION('',(0.972369920398,0.,0.233445363856));
#13642 = ORIENTED_EDGE('',*,*,#13643,.T.);
#13643 = EDGE_CURVE('',#13635,#2272,#13644,.T.);
#13644 = LINE('',#13645,#13646);
#13645 = CARTESIAN_POINT('',(3.938215631236,-50.8,204.14272730522));
#13646 = VECTOR('',#13647,1.);
#13647 = DIRECTION('',(0.,1.,0.));
#13648 = ORIENTED_EDGE('',*,*,#2280,.T.);
#13649 = ORIENTED_EDGE('',*,*,#13618,.F.);
#13650 = CYLINDRICAL_SURFACE('',#13651,0.15);
#13651 = AXIS2_PLACEMENT_3D('',#13652,#13653,#13654);
#13652 = CARTESIAN_POINT('',(3.792360143176,-50.8,204.10771050064));
#13653 = DIRECTION('',(0.,-1.,0.));
#13654 = DIRECTION('',(0.972369920398,0.,0.233445363856));
#13655 = ADVANCED_FACE('',(#13656),#13675,.F.);
#13656 = FACE_BOUND('',#13657,.T.);
#13657 = EDGE_LOOP('',(#13658,#13659,#13668,#13674));
#13658 = ORIENTED_EDGE('',*,*,#13643,.F.);
#13659 = ORIENTED_EDGE('',*,*,#13660,.T.);
#13660 = EDGE_CURVE('',#13635,#13661,#13663,.T.);
#13661 = VERTEX_POINT('',#13662);
#13662 = CARTESIAN_POINT('',(4.150194376043,-50.7,203.83367358144));
#13663 = CIRCLE('',#13664,1.469292842574);
#13664 = AXIS2_PLACEMENT_3D('',#13665,#13666,#13667);
#13665 = CARTESIAN_POINT('',(5.245976440246,-50.7,204.81249078859));
#13666 = DIRECTION('',(0.,-1.,-0.));
#13667 = DIRECTION('',(-0.745788744389,0.,-0.666182519091));
#13668 = ORIENTED_EDGE('',*,*,#13669,.T.);
#13669 = EDGE_CURVE('',#13661,#2263,#13670,.T.);
#13670 = LINE('',#13671,#13672);
#13671 = CARTESIAN_POINT('',(4.150194376043,-50.8,203.83367358144));
#13672 = VECTOR('',#13673,1.);
#13673 = DIRECTION('',(0.,1.,0.));
#13674 = ORIENTED_EDGE('',*,*,#2271,.F.);
#13675 = CYLINDRICAL_SURFACE('',#13676,1.469292842574);
#13676 = AXIS2_PLACEMENT_3D('',#13677,#13678,#13679);
#13677 = CARTESIAN_POINT('',(5.245976440246,-50.8,204.81249078859));
#13678 = DIRECTION('',(-0.,-1.,-0.));
#13679 = DIRECTION('',(-0.745788744389,0.,-0.666182519091));
#13680 = ADVANCED_FACE('',(#13681),#13700,.F.);
#13681 = FACE_BOUND('',#13682,.T.);
#13682 = EDGE_LOOP('',(#13683,#13684,#13693,#13699));
#13683 = ORIENTED_EDGE('',*,*,#13669,.F.);
#13684 = ORIENTED_EDGE('',*,*,#13685,.T.);
#13685 = EDGE_CURVE('',#13661,#13686,#13688,.T.);
#13686 = VERTEX_POINT('',#13687);
#13687 = CARTESIAN_POINT('',(4.959255553566,-50.7,204.02791198496));
#13688 = CIRCLE('',#13689,0.471154273188);
#13689 = AXIS2_PLACEMENT_3D('',#13690,#13691,#13692);
#13690 = CARTESIAN_POINT('',(4.503097525032,-50.7,204.14583654622));
#13691 = DIRECTION('',(0.,-1.,-0.));
#13692 = DIRECTION('',(0.968171264685,0.,-0.250288637855));
#13693 = ORIENTED_EDGE('',*,*,#13694,.T.);
#13694 = EDGE_CURVE('',#13686,#2254,#13695,.T.);
#13695 = LINE('',#13696,#13697);
#13696 = CARTESIAN_POINT('',(4.959255553566,-50.8,204.02791198496));
#13697 = VECTOR('',#13698,1.);
#13698 = DIRECTION('',(0.,1.,0.));
#13699 = ORIENTED_EDGE('',*,*,#2262,.F.);
#13700 = CYLINDRICAL_SURFACE('',#13701,0.471154273188);
#13701 = AXIS2_PLACEMENT_3D('',#13702,#13703,#13704);
#13702 = CARTESIAN_POINT('',(4.503097525032,-50.8,204.14583654622));
#13703 = DIRECTION('',(-0.,-1.,-0.));
#13704 = DIRECTION('',(0.968171264685,0.,-0.250288637855));
#13705 = ADVANCED_FACE('',(#13706),#13725,.F.);
#13706 = FACE_BOUND('',#13707,.T.);
#13707 = EDGE_LOOP('',(#13708,#13709,#13718,#13724));
#13708 = ORIENTED_EDGE('',*,*,#13694,.F.);
#13709 = ORIENTED_EDGE('',*,*,#13710,.T.);
#13710 = EDGE_CURVE('',#13686,#13711,#13713,.T.);
#13711 = VERTEX_POINT('',#13712);
#13712 = CARTESIAN_POINT('',(5.007822543674,-50.7,204.39951720546));
#13713 = CIRCLE('',#13714,1.469292842572);
#13714 = AXIS2_PLACEMENT_3D('',#13715,#13716,#13717);
#13715 = CARTESIAN_POINT('',(3.538532872247,-50.7,204.40256985559));
#13716 = DIRECTION('',(0.,-1.,-0.));
#13717 = DIRECTION('',(0.99999784172,0.,-2.077632201687E-03));
#13718 = ORIENTED_EDGE('',*,*,#13719,.T.);
#13719 = EDGE_CURVE('',#13711,#2245,#13720,.T.);
#13720 = LINE('',#13721,#13722);
#13721 = CARTESIAN_POINT('',(5.007822543674,-50.8,204.39951720546));
#13722 = VECTOR('',#13723,1.);
#13723 = DIRECTION('',(0.,1.,0.));
#13724 = ORIENTED_EDGE('',*,*,#2253,.F.);
#13725 = CYLINDRICAL_SURFACE('',#13726,1.469292842572);
#13726 = AXIS2_PLACEMENT_3D('',#13727,#13728,#13729);
#13727 = CARTESIAN_POINT('',(3.538532872247,-50.8,204.40256985559));
#13728 = DIRECTION('',(-0.,-1.,-0.));
#13729 = DIRECTION('',(0.99999784172,0.,-2.077632201687E-03));
#13730 = ADVANCED_FACE('',(#13731),#13750,.T.);
#13731 = FACE_BOUND('',#13732,.T.);
#13732 = EDGE_LOOP('',(#13733,#13742,#13748,#13749));
#13733 = ORIENTED_EDGE('',*,*,#13734,.F.);
#13734 = EDGE_CURVE('',#13735,#13711,#13737,.T.);
#13735 = VERTEX_POINT('',#13736);
#13736 = CARTESIAN_POINT('',(5.118661227155,-50.7,204.5803894981));
#13737 = CIRCLE('',#13738,0.15);
#13738 = AXIS2_PLACEMENT_3D('',#13739,#13740,#13741);
#13739 = CARTESIAN_POINT('',(5.153678031733,-50.7,204.43453401004));
#13740 = DIRECTION('',(0.,-1.,0.));
#13741 = DIRECTION('',(-0.233445363856,0.,0.972369920398));
#13742 = ORIENTED_EDGE('',*,*,#13743,.T.);
#13743 = EDGE_CURVE('',#13735,#2237,#13744,.T.);
#13744 = LINE('',#13745,#13746);
#13745 = CARTESIAN_POINT('',(5.118661227155,-50.8,204.5803894981));
#13746 = VECTOR('',#13747,1.);
#13747 = DIRECTION('',(0.,1.,0.));
#13748 = ORIENTED_EDGE('',*,*,#2244,.T.);
#13749 = ORIENTED_EDGE('',*,*,#13719,.F.);
#13750 = CYLINDRICAL_SURFACE('',#13751,0.15);
#13751 = AXIS2_PLACEMENT_3D('',#13752,#13753,#13754);
#13752 = CARTESIAN_POINT('',(5.153678031733,-50.8,204.43453401004));
#13753 = DIRECTION('',(0.,-1.,0.));
#13754 = DIRECTION('',(-0.233445363856,0.,0.972369920398));
#13755 = ADVANCED_FACE('',(#13756),#13774,.T.);
#13756 = FACE_BOUND('',#13757,.T.);
#13757 = EDGE_LOOP('',(#13758,#13766,#13772,#13773));
#13758 = ORIENTED_EDGE('',*,*,#13759,.F.);
#13759 = EDGE_CURVE('',#13760,#13735,#13762,.T.);
#13760 = VERTEX_POINT('',#13761);
#13761 = CARTESIAN_POINT('',(5.680425021233,-50.7,204.69213126429));
#13762 = LINE('',#13763,#13764);
#13763 = CARTESIAN_POINT('',(5.539984072714,-50.7,204.66419582274));
#13764 = VECTOR('',#13765,1.);
#13765 = DIRECTION('',(-0.980785280403,0.,-0.195090322016));
#13766 = ORIENTED_EDGE('',*,*,#13767,.T.);
#13767 = EDGE_CURVE('',#13760,#2228,#13768,.T.);
#13768 = LINE('',#13769,#13770);
#13769 = CARTESIAN_POINT('',(5.680425021233,-50.8,204.69213126429));
#13770 = VECTOR('',#13771,1.);
#13771 = DIRECTION('',(0.,1.,0.));
#13772 = ORIENTED_EDGE('',*,*,#2236,.T.);
#13773 = ORIENTED_EDGE('',*,*,#13743,.F.);
#13774 = PLANE('',#13775);
#13775 = AXIS2_PLACEMENT_3D('',#13776,#13777,#13778);
#13776 = CARTESIAN_POINT('',(5.680425021233,-50.8,204.69213126429));
#13777 = DIRECTION('',(-0.195090322016,0.,0.980785280403));
#13778 = DIRECTION('',(-0.980785280403,0.,-0.195090322016));
#13779 = ADVANCED_FACE('',(#13780),#13799,.T.);
#13780 = FACE_BOUND('',#13781,.T.);
#13781 = EDGE_LOOP('',(#13782,#13791,#13797,#13798));
#13782 = ORIENTED_EDGE('',*,*,#13783,.F.);
#13783 = EDGE_CURVE('',#13784,#13760,#13786,.T.);
#13784 = VERTEX_POINT('',#13785);
#13785 = CARTESIAN_POINT('',(5.852043442079,-50.7,204.56744318296));
#13786 = CIRCLE('',#13787,0.15);
#13787 = AXIS2_PLACEMENT_3D('',#13788,#13789,#13790);
#13788 = CARTESIAN_POINT('',(5.703890190989,-50.7,204.5439780132));
#13789 = DIRECTION('',(0.,-1.,0.));
#13790 = DIRECTION('',(0.987688340595,0.,0.15643446504));
#13791 = ORIENTED_EDGE('',*,*,#13792,.T.);
#13792 = EDGE_CURVE('',#13784,#2219,#13793,.T.);
#13793 = LINE('',#13794,#13795);
#13794 = CARTESIAN_POINT('',(5.852043442079,-50.8,204.56744318296));
#13795 = VECTOR('',#13796,1.);
#13796 = DIRECTION('',(0.,1.,0.));
#13797 = ORIENTED_EDGE('',*,*,#2227,.T.);
#13798 = ORIENTED_EDGE('',*,*,#13767,.F.);
#13799 = CYLINDRICAL_SURFACE('',#13800,0.15);
#13800 = AXIS2_PLACEMENT_3D('',#13801,#13802,#13803);
#13801 = CARTESIAN_POINT('',(5.703890190989,-50.8,204.5439780132));
#13802 = DIRECTION('',(0.,-1.,0.));
#13803 = DIRECTION('',(0.987688340595,0.,0.15643446504));
#13804 = ADVANCED_FACE('',(#13805),#13824,.F.);
#13805 = FACE_BOUND('',#13806,.T.);
#13806 = EDGE_LOOP('',(#13807,#13808,#13817,#13823));
#13807 = ORIENTED_EDGE('',*,*,#13792,.F.);
#13808 = ORIENTED_EDGE('',*,*,#13809,.T.);
#13809 = EDGE_CURVE('',#13784,#13810,#13812,.T.);
#13810 = VERTEX_POINT('',#13811);
#13811 = CARTESIAN_POINT('',(6.039120651461,-50.7,204.24271050803));
#13812 = CIRCLE('',#13813,1.469292842572);
#13813 = AXIS2_PLACEMENT_3D('',#13814,#13815,#13816);
#13814 = CARTESIAN_POINT('',(7.208321898213,-50.7,205.13253627852));
#13815 = DIRECTION('',(0.,-1.,-0.));
#13816 = DIRECTION('',(-0.795757804622,0.,-0.605614990223));
#13817 = ORIENTED_EDGE('',*,*,#13818,.T.);
#13818 = EDGE_CURVE('',#13810,#2210,#13819,.T.);
#13819 = LINE('',#13820,#13821);
#13820 = CARTESIAN_POINT('',(6.039120651461,-50.8,204.24271050803));
#13821 = VECTOR('',#13822,1.);
#13822 = DIRECTION('',(0.,1.,0.));
#13823 = ORIENTED_EDGE('',*,*,#2218,.F.);
#13824 = CYLINDRICAL_SURFACE('',#13825,1.469292842572);
#13825 = AXIS2_PLACEMENT_3D('',#13826,#13827,#13828);
#13826 = CARTESIAN_POINT('',(7.208321898213,-50.8,205.13253627852));
#13827 = DIRECTION('',(-0.,-1.,-0.));
#13828 = DIRECTION('',(-0.795757804622,0.,-0.605614990223));
#13829 = ADVANCED_FACE('',(#13830),#13849,.F.);
#13830 = FACE_BOUND('',#13831,.T.);
#13831 = EDGE_LOOP('',(#13832,#13833,#13842,#13848));
#13832 = ORIENTED_EDGE('',*,*,#13818,.F.);
#13833 = ORIENTED_EDGE('',*,*,#13834,.T.);
#13834 = EDGE_CURVE('',#13810,#13835,#13837,.T.);
#13835 = VERTEX_POINT('',#13836);
#13836 = CARTESIAN_POINT('',(6.860927532879,-50.7,204.372871931));
#13837 = CIRCLE('',#13838,0.471154273188);
#13838 = AXIS2_PLACEMENT_3D('',#13839,#13840,#13841);
#13839 = CARTESIAN_POINT('',(6.415427941753,-50.7,204.52622271662));
#13840 = DIRECTION('',(0.,-1.,-0.));
#13841 = DIRECTION('',(0.945549295589,0.,-0.325478923451));
#13842 = ORIENTED_EDGE('',*,*,#13843,.T.);
#13843 = EDGE_CURVE('',#13835,#2201,#13844,.T.);
#13844 = LINE('',#13845,#13846);
#13845 = CARTESIAN_POINT('',(6.860927532879,-50.8,204.372871931));
#13846 = VECTOR('',#13847,1.);
#13847 = DIRECTION('',(0.,1.,0.));
#13848 = ORIENTED_EDGE('',*,*,#2209,.F.);
#13849 = CYLINDRICAL_SURFACE('',#13850,0.471154273188);
#13850 = AXIS2_PLACEMENT_3D('',#13851,#13852,#13853);
#13851 = CARTESIAN_POINT('',(6.415427941753,-50.8,204.52622271662));
#13852 = DIRECTION('',(-0.,-1.,-0.));
#13853 = DIRECTION('',(0.945549295589,0.,-0.325478923451));
#13854 = ADVANCED_FACE('',(#13855),#13874,.F.);
#13855 = FACE_BOUND('',#13856,.T.);
#13856 = EDGE_LOOP('',(#13857,#13858,#13867,#13873));
#13857 = ORIENTED_EDGE('',*,*,#13843,.F.);
#13858 = ORIENTED_EDGE('',*,*,#13859,.T.);
#13859 = EDGE_CURVE('',#13835,#13860,#13862,.T.);
#13860 = VERTEX_POINT('',#13861);
#13861 = CARTESIAN_POINT('',(6.938500616733,-50.7,204.7395210945));
#13862 = CIRCLE('',#13863,1.469292842572);
#13863 = AXIS2_PLACEMENT_3D('',#13864,#13865,#13866);
#13864 = CARTESIAN_POINT('',(5.473979783181,-50.7,204.8578434733));
#13865 = DIRECTION('',(0.,-1.,-0.));
#13866 = DIRECTION('',(0.996752172962,0.,-8.053015394612E-02));
#13867 = ORIENTED_EDGE('',*,*,#13868,.T.);
#13868 = EDGE_CURVE('',#13860,#2192,#13869,.T.);
#13869 = LINE('',#13870,#13871);
#13870 = CARTESIAN_POINT('',(6.938500616733,-50.8,204.7395210945));
#13871 = VECTOR('',#13872,1.);
#13872 = DIRECTION('',(0.,1.,0.));
#13873 = ORIENTED_EDGE('',*,*,#2200,.F.);
#13874 = CYLINDRICAL_SURFACE('',#13875,1.469292842572);
#13875 = AXIS2_PLACEMENT_3D('',#13876,#13877,#13878);
#13876 = CARTESIAN_POINT('',(5.473979783181,-50.8,204.8578434733));
#13877 = DIRECTION('',(-0.,-1.,-0.));
#13878 = DIRECTION('',(0.996752172962,0.,-8.053015394612E-02));
#13879 = ADVANCED_FACE('',(#13880),#13899,.T.);
#13880 = FACE_BOUND('',#13881,.T.);
#13881 = EDGE_LOOP('',(#13882,#13891,#13897,#13898));
#13882 = ORIENTED_EDGE('',*,*,#13883,.F.);
#13883 = EDGE_CURVE('',#13884,#13860,#13886,.T.);
#13884 = VERTEX_POINT('',#13885);
#13885 = CARTESIAN_POINT('',(7.063188698067,-50.7,204.91113951534));
#13886 = CIRCLE('',#13887,0.15);
#13887 = AXIS2_PLACEMENT_3D('',#13888,#13889,#13890);
#13888 = CARTESIAN_POINT('',(7.086653867823,-50.7,204.76298626426));
#13889 = DIRECTION('',(0.,-1.,0.));
#13890 = DIRECTION('',(-0.15643446504,0.,0.987688340595));
#13891 = ORIENTED_EDGE('',*,*,#13892,.T.);
#13892 = EDGE_CURVE('',#13884,#2184,#13893,.T.);
#13893 = LINE('',#13894,#13895);
#13894 = CARTESIAN_POINT('',(7.063188698067,-50.8,204.91113951534));
#13895 = VECTOR('',#13896,1.);
#13896 = DIRECTION('',(0.,1.,0.));
#13897 = ORIENTED_EDGE('',*,*,#2191,.T.);
#13898 = ORIENTED_EDGE('',*,*,#13868,.F.);
#13899 = CYLINDRICAL_SURFACE('',#13900,0.15);
#13900 = AXIS2_PLACEMENT_3D('',#13901,#13902,#13903);
#13901 = CARTESIAN_POINT('',(7.086653867823,-50.8,204.76298626426));
#13902 = DIRECTION('',(0.,-1.,0.));
#13903 = DIRECTION('',(-0.15643446504,0.,0.987688340595));
#13904 = ADVANCED_FACE('',(#13905),#13923,.T.);
#13905 = FACE_BOUND('',#13906,.T.);
#13906 = EDGE_LOOP('',(#13907,#13915,#13921,#13922));
#13907 = ORIENTED_EDGE('',*,*,#13908,.F.);
#13908 = EDGE_CURVE('',#13909,#13884,#13911,.T.);
#13909 = VERTEX_POINT('',#13910);
#13910 = CARTESIAN_POINT('',(7.631987919777,-50.7,204.97846133966));
#13911 = LINE('',#13912,#13913);
#13912 = CARTESIAN_POINT('',(7.48978811435,-50.7,204.96163088358));
#13913 = VECTOR('',#13914,1.);
#13914 = DIRECTION('',(-0.993068456955,0.,-0.117537397458));
#13915 = ORIENTED_EDGE('',*,*,#13916,.T.);
#13916 = EDGE_CURVE('',#13909,#2175,#13917,.T.);
#13917 = LINE('',#13918,#13919);
#13918 = CARTESIAN_POINT('',(7.631987919777,-50.8,204.97846133966));
#13919 = VECTOR('',#13920,1.);
#13920 = DIRECTION('',(0.,1.,0.));
#13921 = ORIENTED_EDGE('',*,*,#2183,.T.);
#13922 = ORIENTED_EDGE('',*,*,#13892,.F.);
#13923 = PLANE('',#13924);
#13924 = AXIS2_PLACEMENT_3D('',#13925,#13926,#13927);
#13925 = CARTESIAN_POINT('',(7.631987919777,-50.8,204.97846133966));
#13926 = DIRECTION('',(-0.117537397458,0.,0.993068456955));
#13927 = DIRECTION('',(-0.993068456955,0.,-0.117537397458));
#13928 = ADVANCED_FACE('',(#13929),#13948,.T.);
#13929 = FACE_BOUND('',#13930,.T.);
#13930 = EDGE_LOOP('',(#13931,#13940,#13946,#13947));
#13931 = ORIENTED_EDGE('',*,*,#13932,.F.);
#13932 = EDGE_CURVE('',#13933,#13909,#13935,.T.);
#13933 = VERTEX_POINT('',#13934);
#13934 = CARTESIAN_POINT('',(7.793294384197,-50.7,204.84069260396));
#13935 = CIRCLE('',#13936,0.15);
#13936 = AXIS2_PLACEMENT_3D('',#13937,#13938,#13939);
#13937 = CARTESIAN_POINT('',(7.643756784137,-50.7,204.8289237396));
#13938 = DIRECTION('',(0.,-1.,0.));
#13939 = DIRECTION('',(0.996917333733,0.,7.84590957278E-02));
#13940 = ORIENTED_EDGE('',*,*,#13941,.T.);
#13941 = EDGE_CURVE('',#13933,#2166,#13942,.T.);
#13942 = LINE('',#13943,#13944);
#13943 = CARTESIAN_POINT('',(7.793294384197,-50.8,204.84069260396));
#13944 = VECTOR('',#13945,1.);
#13945 = DIRECTION('',(0.,1.,0.));
#13946 = ORIENTED_EDGE('',*,*,#2174,.T.);
#13947 = ORIENTED_EDGE('',*,*,#13916,.F.);
#13948 = CYLINDRICAL_SURFACE('',#13949,0.15);
#13949 = AXIS2_PLACEMENT_3D('',#13950,#13951,#13952);
#13950 = CARTESIAN_POINT('',(7.643756784137,-50.8,204.8289237396));
#13951 = DIRECTION('',(0.,-1.,0.));
#13952 = DIRECTION('',(0.996917333733,0.,7.84590957278E-02));
#13953 = ADVANCED_FACE('',(#13954),#13973,.F.);
#13954 = FACE_BOUND('',#13955,.T.);
#13955 = EDGE_LOOP('',(#13956,#13957,#13966,#13972));
#13956 = ORIENTED_EDGE('',*,*,#13941,.F.);
#13957 = ORIENTED_EDGE('',*,*,#13958,.T.);
#13958 = EDGE_CURVE('',#13933,#13959,#13961,.T.);
#13959 = VERTEX_POINT('',#13960);
#13960 = CARTESIAN_POINT('',(7.954316664948,-50.7,204.50228306283));
#13961 = CIRCLE('',#13962,1.469292842572);
#13962 = AXIS2_PLACEMENT_3D('',#13963,#13964,#13965);
#13963 = CARTESIAN_POINT('',(9.189728579765,-50.7,205.29763132488));
#13964 = DIRECTION('',(0.,-1.,-0.));
#13965 = DIRECTION('',(-0.840820753373,0.,-0.541313643553));
#13966 = ORIENTED_EDGE('',*,*,#13967,.T.);
#13967 = EDGE_CURVE('',#13959,#2157,#13968,.T.);
#13968 = LINE('',#13969,#13970);
#13969 = CARTESIAN_POINT('',(7.954316664948,-50.8,204.50228306283));
#13970 = VECTOR('',#13971,1.);
#13971 = DIRECTION('',(0.,1.,0.));
#13972 = ORIENTED_EDGE('',*,*,#2165,.F.);
#13973 = CYLINDRICAL_SURFACE('',#13974,1.469292842572);
#13974 = AXIS2_PLACEMENT_3D('',#13975,#13976,#13977);
#13975 = CARTESIAN_POINT('',(9.189728579765,-50.8,205.29763132488));
#13976 = DIRECTION('',(-0.,-1.,-0.));
#13977 = DIRECTION('',(-0.840820753373,0.,-0.541313643553));
#13978 = ADVANCED_FACE('',(#13979),#13998,.F.);
#13979 = FACE_BOUND('',#13980,.T.);
#13980 = EDGE_LOOP('',(#13981,#13982,#13991,#13997));
#13981 = ORIENTED_EDGE('',*,*,#13967,.F.);
#13982 = ORIENTED_EDGE('',*,*,#13983,.T.);
#13983 = EDGE_CURVE('',#13959,#13984,#13986,.T.);
#13984 = VERTEX_POINT('',#13985);
#13985 = CARTESIAN_POINT('',(8.783802537561,-50.7,204.56756501679));
#13986 = CIRCLE('',#13987,0.471154273188);
#13987 = AXIS2_PLACEMENT_3D('',#13988,#13989,#13990);
#13988 = CARTESIAN_POINT('',(8.351708036964,-50.7,204.75539656818));
#13989 = DIRECTION('',(0.,-1.,-0.));
#13990 = DIRECTION('',(0.91709770066,0.,-0.398662523251));
#13991 = ORIENTED_EDGE('',*,*,#13992,.T.);
#13992 = EDGE_CURVE('',#13984,#2148,#13993,.T.);
#13993 = LINE('',#13994,#13995);
#13994 = CARTESIAN_POINT('',(8.783802537561,-50.8,204.56756501679));
#13995 = VECTOR('',#13996,1.);
#13996 = DIRECTION('',(0.,1.,0.));
#13997 = ORIENTED_EDGE('',*,*,#2156,.F.);
#13998 = CYLINDRICAL_SURFACE('',#13999,0.471154273188);
#13999 = AXIS2_PLACEMENT_3D('',#14000,#14001,#14002);
#14000 = CARTESIAN_POINT('',(8.351708036964,-50.8,204.75539656818));
#14001 = DIRECTION('',(-0.,-1.,-0.));
#14002 = DIRECTION('',(0.91709770066,0.,-0.398662523251));
#14003 = ADVANCED_FACE('',(#14004),#14023,.F.);
#14004 = FACE_BOUND('',#14005,.T.);
#14005 = EDGE_LOOP('',(#14006,#14007,#14016,#14022));
#14006 = ORIENTED_EDGE('',*,*,#13992,.F.);
#14007 = ORIENTED_EDGE('',*,*,#14008,.T.);
#14008 = EDGE_CURVE('',#13984,#14009,#14011,.T.);
#14009 = VERTEX_POINT('',#14010);
#14010 = CARTESIAN_POINT('',(8.889903451303,-50.7,204.92699760926));
#14011 = CIRCLE('',#14012,1.469292842572);
#14012 = AXIS2_PLACEMENT_3D('',#14013,#14014,#14015);
#14013 = CARTESIAN_POINT('',(7.439180713567,-50.7,205.15986021994));
#14014 = DIRECTION('',(0.,-1.,-0.));
#14015 = DIRECTION('',(0.987361195605,0.,-0.158486180512));
#14016 = ORIENTED_EDGE('',*,*,#14017,.T.);
#14017 = EDGE_CURVE('',#14009,#2139,#14018,.T.);
#14018 = LINE('',#14019,#14020);
#14019 = CARTESIAN_POINT('',(8.889903451303,-50.8,204.92699760926));
#14020 = VECTOR('',#14021,1.);
#14021 = DIRECTION('',(0.,1.,0.));
#14022 = ORIENTED_EDGE('',*,*,#2147,.F.);
#14023 = CYLINDRICAL_SURFACE('',#14024,1.469292842572);
#14024 = AXIS2_PLACEMENT_3D('',#14025,#14026,#14027);
#14025 = CARTESIAN_POINT('',(7.439180713567,-50.8,205.15986021994));
#14026 = DIRECTION('',(-0.,-1.,-0.));
#14027 = DIRECTION('',(0.987361195605,0.,-0.158486180512));
#14028 = ADVANCED_FACE('',(#14029),#14048,.T.);
#14029 = FACE_BOUND('',#14030,.T.);
#14030 = EDGE_LOOP('',(#14031,#14040,#14046,#14047));
#14031 = ORIENTED_EDGE('',*,*,#14032,.F.);
#14032 = EDGE_CURVE('',#14033,#14009,#14035,.T.);
#14033 = VERTEX_POINT('',#14034);
#14034 = CARTESIAN_POINT('',(9.027672187004,-50.7,205.08830407368));
#14035 = CIRCLE('',#14036,0.15);
#14036 = AXIS2_PLACEMENT_3D('',#14037,#14038,#14039);
#14037 = CARTESIAN_POINT('',(9.039441051363,-50.7,204.93876647362));
#14038 = DIRECTION('',(0.,-1.,0.));
#14039 = DIRECTION('',(-7.8459095728E-02,0.,0.996917333733));
#14040 = ORIENTED_EDGE('',*,*,#14041,.T.);
#14041 = EDGE_CURVE('',#14033,#2131,#14042,.T.);
#14042 = LINE('',#14043,#14044);
#14043 = CARTESIAN_POINT('',(9.027672187004,-50.8,205.08830407368));
#14044 = VECTOR('',#14045,1.);
#14045 = DIRECTION('',(0.,1.,0.));
#14046 = ORIENTED_EDGE('',*,*,#2138,.T.);
#14047 = ORIENTED_EDGE('',*,*,#14017,.F.);
#14048 = CYLINDRICAL_SURFACE('',#14049,0.15);
#14049 = AXIS2_PLACEMENT_3D('',#14050,#14051,#14052);
#14050 = CARTESIAN_POINT('',(9.039441051363,-50.8,204.93876647362));
#14051 = DIRECTION('',(0.,-1.,0.));
#14052 = DIRECTION('',(-7.8459095728E-02,0.,0.996917333733));
#14053 = ADVANCED_FACE('',(#14054),#14072,.T.);
#14054 = FACE_BOUND('',#14055,.T.);
#14055 = EDGE_LOOP('',(#14056,#14064,#14070,#14071));
#14056 = ORIENTED_EDGE('',*,*,#14057,.F.);
#14057 = EDGE_CURVE('',#14058,#14033,#14060,.T.);
#14058 = VERTEX_POINT('',#14059);
#14059 = CARTESIAN_POINT('',(9.6,-50.7,205.1107908947));
#14060 = LINE('',#14061,#14062);
#14061 = CARTESIAN_POINT('',(9.456918046751,-50.7,205.10516918944));
#14062 = VECTOR('',#14063,1.);
#14063 = DIRECTION('',(-0.999229036241,0.,-3.925981575907E-02));
#14064 = ORIENTED_EDGE('',*,*,#14065,.T.);
#14065 = EDGE_CURVE('',#14058,#2122,#14066,.T.);
#14066 = LINE('',#14067,#14068);
#14067 = CARTESIAN_POINT('',(9.6,-50.8,205.1107908947));
#14068 = VECTOR('',#14069,1.);
#14069 = DIRECTION('',(0.,1.,0.));
#14070 = ORIENTED_EDGE('',*,*,#2130,.T.);
#14071 = ORIENTED_EDGE('',*,*,#14041,.F.);
#14072 = PLANE('',#14073);
#14073 = AXIS2_PLACEMENT_3D('',#14074,#14075,#14076);
#14074 = CARTESIAN_POINT('',(9.6,-50.8,205.1107908947));
#14075 = DIRECTION('',(-3.925981575907E-02,0.,0.999229036241));
#14076 = DIRECTION('',(-0.999229036241,0.,-3.925981575907E-02));
#14077 = ADVANCED_FACE('',(#14078),#14097,.T.);
#14078 = FACE_BOUND('',#14079,.T.);
#14079 = EDGE_LOOP('',(#14080,#14089,#14095,#14096));
#14080 = ORIENTED_EDGE('',*,*,#14081,.F.);
#14081 = EDGE_CURVE('',#14082,#14058,#14084,.T.);
#14082 = VERTEX_POINT('',#14083);
#14083 = CARTESIAN_POINT('',(9.75,-50.7,204.9607908947));
#14084 = CIRCLE('',#14085,0.15);
#14085 = AXIS2_PLACEMENT_3D('',#14086,#14087,#14088);
#14086 = CARTESIAN_POINT('',(9.6,-50.7,204.9607908947));
#14087 = DIRECTION('',(0.,-1.,0.));
#14088 = DIRECTION('',(1.,0.,0.));
#14089 = ORIENTED_EDGE('',*,*,#14090,.T.);
#14090 = EDGE_CURVE('',#14082,#2113,#14091,.T.);
#14091 = LINE('',#14092,#14093);
#14092 = CARTESIAN_POINT('',(9.75,-50.8,204.9607908947));
#14093 = VECTOR('',#14094,1.);
#14094 = DIRECTION('',(0.,1.,0.));
#14095 = ORIENTED_EDGE('',*,*,#2121,.T.);
#14096 = ORIENTED_EDGE('',*,*,#14065,.F.);
#14097 = CYLINDRICAL_SURFACE('',#14098,0.15);
#14098 = AXIS2_PLACEMENT_3D('',#14099,#14100,#14101);
#14099 = CARTESIAN_POINT('',(9.6,-50.8,204.9607908947));
#14100 = DIRECTION('',(0.,-1.,0.));
#14101 = DIRECTION('',(1.,0.,0.));
#14102 = ADVANCED_FACE('',(#14103),#14122,.F.);
#14103 = FACE_BOUND('',#14104,.T.);
#14104 = EDGE_LOOP('',(#14105,#14106,#14115,#14121));
#14105 = ORIENTED_EDGE('',*,*,#14090,.F.);
#14106 = ORIENTED_EDGE('',*,*,#14107,.T.);
#14107 = EDGE_CURVE('',#14082,#14108,#14110,.T.);
#14108 = VERTEX_POINT('',#14109);
#14109 = CARTESIAN_POINT('',(9.883974596216,-50.7,204.6107908947));
#14110 = CIRCLE('',#14111,1.469292842572);
#14111 = AXIS2_PLACEMENT_3D('',#14112,#14113,#14114);
#14112 = CARTESIAN_POINT('',(11.177980453827,-50.7,205.30675806181));
#14113 = DIRECTION('',(0.,-1.,-0.));
#14114 = DIRECTION('',(-0.880699762579,0.,-0.473674918265));
#14115 = ORIENTED_EDGE('',*,*,#14116,.T.);
#14116 = EDGE_CURVE('',#14108,#2104,#14117,.T.);
#14117 = LINE('',#14118,#14119);
#14118 = CARTESIAN_POINT('',(9.883974596216,-50.8,204.6107908947));
#14119 = VECTOR('',#14120,1.);
#14120 = DIRECTION('',(0.,1.,0.));
#14121 = ORIENTED_EDGE('',*,*,#2112,.F.);
#14122 = CYLINDRICAL_SURFACE('',#14123,1.469292842572);
#14123 = AXIS2_PLACEMENT_3D('',#14124,#14125,#14126);
#14124 = CARTESIAN_POINT('',(11.177980453827,-50.8,205.30675806181));
#14125 = DIRECTION('',(-0.,-1.,-0.));
#14126 = DIRECTION('',(-0.880699762579,0.,-0.473674918265));
#14127 = ADVANCED_FACE('',(#14128),#14147,.F.);
#14128 = FACE_BOUND('',#14129,.T.);
#14129 = EDGE_LOOP('',(#14130,#14131,#14140,#14146));
#14130 = ORIENTED_EDGE('',*,*,#14116,.F.);
#14131 = ORIENTED_EDGE('',*,*,#14132,.T.);
#14132 = EDGE_CURVE('',#14108,#14133,#14135,.T.);
#14133 = VERTEX_POINT('',#14134);
#14134 = CARTESIAN_POINT('',(10.716025403784,-50.7,204.6107908947));
#14135 = CIRCLE('',#14136,0.471154273188);
#14136 = AXIS2_PLACEMENT_3D('',#14137,#14138,#14139);
#14137 = CARTESIAN_POINT('',(10.3,-50.7,204.83194516789));
#14138 = DIRECTION('',(0.,-1.,-0.));
#14139 = DIRECTION('',(0.88299189344,0.,-0.469388236026));
#14140 = ORIENTED_EDGE('',*,*,#14141,.T.);
#14141 = EDGE_CURVE('',#14133,#2095,#14142,.T.);
#14142 = LINE('',#14143,#14144);
#14143 = CARTESIAN_POINT('',(10.716025403784,-50.8,204.6107908947));
#14144 = VECTOR('',#14145,1.);
#14145 = DIRECTION('',(0.,1.,0.));
#14146 = ORIENTED_EDGE('',*,*,#2103,.F.);
#14147 = CYLINDRICAL_SURFACE('',#14148,0.471154273188);
#14148 = AXIS2_PLACEMENT_3D('',#14149,#14150,#14151);
#14149 = CARTESIAN_POINT('',(10.3,-50.8,204.83194516789));
#14150 = DIRECTION('',(-0.,-1.,-0.));
#14151 = DIRECTION('',(0.88299189344,0.,-0.469388236026));
#14152 = ADVANCED_FACE('',(#14153),#14172,.F.);
#14153 = FACE_BOUND('',#14154,.T.);
#14154 = EDGE_LOOP('',(#14155,#14156,#14165,#14171));
#14155 = ORIENTED_EDGE('',*,*,#14141,.F.);
#14156 = ORIENTED_EDGE('',*,*,#14157,.T.);
#14157 = EDGE_CURVE('',#14133,#14158,#14160,.T.);
#14158 = VERTEX_POINT('',#14159);
#14159 = CARTESIAN_POINT('',(10.85,-50.7,204.9607908947));
#14160 = CIRCLE('',#14161,1.469292842572);
#14161 = AXIS2_PLACEMENT_3D('',#14162,#14163,#14164);
#14162 = CARTESIAN_POINT('',(9.422019546173,-50.7,205.30675806181));
#14163 = DIRECTION('',(0.,-1.,-0.));
#14164 = DIRECTION('',(0.971882808146,0.,-0.235465087074));
#14165 = ORIENTED_EDGE('',*,*,#14166,.T.);
#14166 = EDGE_CURVE('',#14158,#2086,#14167,.T.);
#14167 = LINE('',#14168,#14169);
#14168 = CARTESIAN_POINT('',(10.85,-50.8,204.9607908947));
#14169 = VECTOR('',#14170,1.);
#14170 = DIRECTION('',(0.,1.,0.));
#14171 = ORIENTED_EDGE('',*,*,#2094,.F.);
#14172 = CYLINDRICAL_SURFACE('',#14173,1.469292842572);
#14173 = AXIS2_PLACEMENT_3D('',#14174,#14175,#14176);
#14174 = CARTESIAN_POINT('',(9.422019546173,-50.8,205.30675806181));
#14175 = DIRECTION('',(-0.,-1.,-0.));
#14176 = DIRECTION('',(0.971882808146,0.,-0.235465087074));
#14177 = ADVANCED_FACE('',(#14178),#14197,.T.);
#14178 = FACE_BOUND('',#14179,.T.);
#14179 = EDGE_LOOP('',(#14180,#14189,#14195,#14196));
#14180 = ORIENTED_EDGE('',*,*,#14181,.F.);
#14181 = EDGE_CURVE('',#14182,#14158,#14184,.T.);
#14182 = VERTEX_POINT('',#14183);
#14183 = CARTESIAN_POINT('',(11.,-50.7,205.1107908947));
#14184 = CIRCLE('',#14185,0.15);
#14185 = AXIS2_PLACEMENT_3D('',#14186,#14187,#14188);
#14186 = CARTESIAN_POINT('',(11.,-50.7,204.9607908947));
#14187 = DIRECTION('',(0.,-1.,0.));
#14188 = DIRECTION('',(3.5527136788E-14,0.,1.));
#14189 = ORIENTED_EDGE('',*,*,#14190,.T.);
#14190 = EDGE_CURVE('',#14182,#2078,#14191,.T.);
#14191 = LINE('',#14192,#14193);
#14192 = CARTESIAN_POINT('',(11.,-50.8,205.1107908947));
#14193 = VECTOR('',#14194,1.);
#14194 = DIRECTION('',(0.,1.,0.));
#14195 = ORIENTED_EDGE('',*,*,#2085,.T.);
#14196 = ORIENTED_EDGE('',*,*,#14166,.F.);
#14197 = CYLINDRICAL_SURFACE('',#14198,0.15);
#14198 = AXIS2_PLACEMENT_3D('',#14199,#14200,#14201);
#14199 = CARTESIAN_POINT('',(11.,-50.8,204.9607908947));
#14200 = DIRECTION('',(0.,-1.,0.));
#14201 = DIRECTION('',(3.5527136788E-14,0.,1.));
#14202 = ADVANCED_FACE('',(#14203),#14221,.T.);
#14203 = FACE_BOUND('',#14204,.T.);
#14204 = EDGE_LOOP('',(#14205,#14213,#14219,#14220));
#14205 = ORIENTED_EDGE('',*,*,#14206,.F.);
#14206 = EDGE_CURVE('',#14207,#14182,#14209,.T.);
#14207 = VERTEX_POINT('',#14208);
#14208 = CARTESIAN_POINT('',(11.572327812996,-50.7,205.08830407368));
#14209 = LINE('',#14210,#14211);
#14210 = CARTESIAN_POINT('',(11.429245859747,-50.7,205.09392577894));
#14211 = VECTOR('',#14212,1.);
#14212 = DIRECTION('',(-0.999229036241,0.,3.925981575907E-02));
#14213 = ORIENTED_EDGE('',*,*,#14214,.T.);
#14214 = EDGE_CURVE('',#14207,#2069,#14215,.T.);
#14215 = LINE('',#14216,#14217);
#14216 = CARTESIAN_POINT('',(11.572327812996,-50.8,205.08830407368));
#14217 = VECTOR('',#14218,1.);
#14218 = DIRECTION('',(0.,1.,0.));
#14219 = ORIENTED_EDGE('',*,*,#2077,.T.);
#14220 = ORIENTED_EDGE('',*,*,#14190,.F.);
#14221 = PLANE('',#14222);
#14222 = AXIS2_PLACEMENT_3D('',#14223,#14224,#14225);
#14223 = CARTESIAN_POINT('',(11.572327812996,-50.8,205.08830407368));
#14224 = DIRECTION('',(3.925981575907E-02,-0.,0.999229036241));
#14225 = DIRECTION('',(-0.999229036241,0.,3.925981575907E-02));
#14226 = ADVANCED_FACE('',(#14227),#14246,.T.);
#14227 = FACE_BOUND('',#14228,.T.);
#14228 = EDGE_LOOP('',(#14229,#14238,#14244,#14245));
#14229 = ORIENTED_EDGE('',*,*,#14230,.F.);
#14230 = EDGE_CURVE('',#14231,#14207,#14233,.T.);
#14231 = VERTEX_POINT('',#14232);
#14232 = CARTESIAN_POINT('',(11.710096548697,-50.7,204.92699760926));
#14233 = CIRCLE('',#14234,0.15);
#14234 = AXIS2_PLACEMENT_3D('',#14235,#14236,#14237);
#14235 = CARTESIAN_POINT('',(11.560558948637,-50.7,204.93876647362));
#14236 = DIRECTION('',(0.,-1.,0.));
#14237 = DIRECTION('',(0.996917333733,0.,-7.845909572778E-02));
#14238 = ORIENTED_EDGE('',*,*,#14239,.T.);
#14239 = EDGE_CURVE('',#14231,#2060,#14240,.T.);
#14240 = LINE('',#14241,#14242);
#14241 = CARTESIAN_POINT('',(11.710096548697,-50.8,204.92699760926));
#14242 = VECTOR('',#14243,1.);
#14243 = DIRECTION('',(0.,1.,0.));
#14244 = ORIENTED_EDGE('',*,*,#2068,.T.);
#14245 = ORIENTED_EDGE('',*,*,#14214,.F.);
#14246 = CYLINDRICAL_SURFACE('',#14247,0.15);
#14247 = AXIS2_PLACEMENT_3D('',#14248,#14249,#14250);
#14248 = CARTESIAN_POINT('',(11.560558948637,-50.8,204.93876647362));
#14249 = DIRECTION('',(0.,-1.,0.));
#14250 = DIRECTION('',(0.996917333733,0.,-7.845909572778E-02));
#14251 = ADVANCED_FACE('',(#14252),#14271,.F.);
#14252 = FACE_BOUND('',#14253,.T.);
#14253 = EDGE_LOOP('',(#14254,#14255,#14264,#14270));
#14254 = ORIENTED_EDGE('',*,*,#14239,.F.);
#14255 = ORIENTED_EDGE('',*,*,#14256,.T.);
#14256 = EDGE_CURVE('',#14231,#14257,#14259,.T.);
#14257 = VERTEX_POINT('',#14258);
#14258 = CARTESIAN_POINT('',(11.816197462439,-50.7,204.56756501679));
#14259 = CIRCLE('',#14260,1.469292842572);
#14260 = AXIS2_PLACEMENT_3D('',#14261,#14262,#14263);
#14261 = CARTESIAN_POINT('',(13.160819286433,-50.7,205.15986021994));
#14262 = DIRECTION('',(0.,-1.,-0.));
#14263 = DIRECTION('',(-0.915148964885,0.,-0.403115829594));
#14264 = ORIENTED_EDGE('',*,*,#14265,.T.);
#14265 = EDGE_CURVE('',#14257,#2051,#14266,.T.);
#14266 = LINE('',#14267,#14268);
#14267 = CARTESIAN_POINT('',(11.816197462439,-50.8,204.56756501679));
#14268 = VECTOR('',#14269,1.);
#14269 = DIRECTION('',(0.,1.,0.));
#14270 = ORIENTED_EDGE('',*,*,#2059,.F.);
#14271 = CYLINDRICAL_SURFACE('',#14272,1.469292842572);
#14272 = AXIS2_PLACEMENT_3D('',#14273,#14274,#14275);
#14273 = CARTESIAN_POINT('',(13.160819286433,-50.8,205.15986021994));
#14274 = DIRECTION('',(-0.,-1.,-0.));
#14275 = DIRECTION('',(-0.915148964885,0.,-0.403115829594));
#14276 = ADVANCED_FACE('',(#14277),#14296,.F.);
#14277 = FACE_BOUND('',#14278,.T.);
#14278 = EDGE_LOOP('',(#14279,#14280,#14289,#14295));
#14279 = ORIENTED_EDGE('',*,*,#14265,.F.);
#14280 = ORIENTED_EDGE('',*,*,#14281,.T.);
#14281 = EDGE_CURVE('',#14257,#14282,#14284,.T.);
#14282 = VERTEX_POINT('',#14283);
#14283 = CARTESIAN_POINT('',(12.645683335052,-50.7,204.50228306283));
#14284 = CIRCLE('',#14285,0.471154273188);
#14285 = AXIS2_PLACEMENT_3D('',#14286,#14287,#14288);
#14286 = CARTESIAN_POINT('',(12.248291963036,-50.7,204.75539656818));
#14287 = DIRECTION('',(0.,-1.,-0.));
#14288 = DIRECTION('',(0.843442147572,0.,-0.537220014239));
#14289 = ORIENTED_EDGE('',*,*,#14290,.T.);
#14290 = EDGE_CURVE('',#14282,#2042,#14291,.T.);
#14291 = LINE('',#14292,#14293);
#14292 = CARTESIAN_POINT('',(12.645683335052,-50.8,204.50228306283));
#14293 = VECTOR('',#14294,1.);
#14294 = DIRECTION('',(0.,1.,0.));
#14295 = ORIENTED_EDGE('',*,*,#2050,.F.);
#14296 = CYLINDRICAL_SURFACE('',#14297,0.471154273188);
#14297 = AXIS2_PLACEMENT_3D('',#14298,#14299,#14300);
#14298 = CARTESIAN_POINT('',(12.248291963036,-50.8,204.75539656818));
#14299 = DIRECTION('',(-0.,-1.,-0.));
#14300 = DIRECTION('',(0.843442147572,0.,-0.537220014239));
#14301 = ADVANCED_FACE('',(#14302),#14321,.F.);
#14302 = FACE_BOUND('',#14303,.T.);
#14303 = EDGE_LOOP('',(#14304,#14305,#14314,#14320));
#14304 = ORIENTED_EDGE('',*,*,#14290,.F.);
#14305 = ORIENTED_EDGE('',*,*,#14306,.T.);
#14306 = EDGE_CURVE('',#14282,#14307,#14309,.T.);
#14307 = VERTEX_POINT('',#14308);
#14308 = CARTESIAN_POINT('',(12.806705615803,-50.7,204.84069260396));
#14309 = CIRCLE('',#14310,1.469292842572);
#14310 = AXIS2_PLACEMENT_3D('',#14311,#14312,#14313);
#14311 = CARTESIAN_POINT('',(11.410271420235,-50.7,205.29763132488));
#14312 = DIRECTION('',(0.,-1.,-0.));
#14313 = DIRECTION('',(0.95041243999,0.,-0.310992273074));
#14314 = ORIENTED_EDGE('',*,*,#14315,.T.);
#14315 = EDGE_CURVE('',#14307,#2033,#14316,.T.);
#14316 = LINE('',#14317,#14318);
#14317 = CARTESIAN_POINT('',(12.806705615803,-50.8,204.84069260396));
#14318 = VECTOR('',#14319,1.);
#14319 = DIRECTION('',(0.,1.,0.));
#14320 = ORIENTED_EDGE('',*,*,#2041,.F.);
#14321 = CYLINDRICAL_SURFACE('',#14322,1.469292842572);
#14322 = AXIS2_PLACEMENT_3D('',#14323,#14324,#14325);
#14323 = CARTESIAN_POINT('',(11.410271420235,-50.8,205.29763132488));
#14324 = DIRECTION('',(-0.,-1.,-0.));
#14325 = DIRECTION('',(0.95041243999,0.,-0.310992273074));
#14326 = ADVANCED_FACE('',(#14327),#14346,.T.);
#14327 = FACE_BOUND('',#14328,.T.);
#14328 = EDGE_LOOP('',(#14329,#14338,#14344,#14345));
#14329 = ORIENTED_EDGE('',*,*,#14330,.F.);
#14330 = EDGE_CURVE('',#14331,#14307,#14333,.T.);
#14331 = VERTEX_POINT('',#14332);
#14332 = CARTESIAN_POINT('',(12.968012080223,-50.7,204.97846133966));
#14333 = CIRCLE('',#14334,0.15);
#14334 = AXIS2_PLACEMENT_3D('',#14335,#14336,#14337);
#14335 = CARTESIAN_POINT('',(12.956243215863,-50.7,204.8289237396));
#14336 = DIRECTION('',(0.,-1.,0.));
#14337 = DIRECTION('',(7.845909572787E-02,0.,0.996917333733));
#14338 = ORIENTED_EDGE('',*,*,#14339,.T.);
#14339 = EDGE_CURVE('',#14331,#2025,#14340,.T.);
#14340 = LINE('',#14341,#14342);
#14341 = CARTESIAN_POINT('',(12.968012080223,-50.8,204.97846133966));
#14342 = VECTOR('',#14343,1.);
#14343 = DIRECTION('',(0.,1.,0.));
#14344 = ORIENTED_EDGE('',*,*,#2032,.T.);
#14345 = ORIENTED_EDGE('',*,*,#14315,.F.);
#14346 = CYLINDRICAL_SURFACE('',#14347,0.15);
#14347 = AXIS2_PLACEMENT_3D('',#14348,#14349,#14350);
#14348 = CARTESIAN_POINT('',(12.956243215863,-50.8,204.8289237396));
#14349 = DIRECTION('',(0.,-1.,0.));
#14350 = DIRECTION('',(7.845909572787E-02,0.,0.996917333733));
#14351 = ADVANCED_FACE('',(#14352),#14370,.T.);
#14352 = FACE_BOUND('',#14353,.T.);
#14353 = EDGE_LOOP('',(#14354,#14362,#14368,#14369));
#14354 = ORIENTED_EDGE('',*,*,#14355,.F.);
#14355 = EDGE_CURVE('',#14356,#14331,#14358,.T.);
#14356 = VERTEX_POINT('',#14357);
#14357 = CARTESIAN_POINT('',(13.536811301933,-50.7,204.91113951534));
#14358 = LINE('',#14359,#14360);
#14359 = CARTESIAN_POINT('',(13.394611496506,-50.7,204.92796997142));
#14360 = VECTOR('',#14361,1.);
#14361 = DIRECTION('',(-0.993068456955,0.,0.117537397458));
#14362 = ORIENTED_EDGE('',*,*,#14363,.T.);
#14363 = EDGE_CURVE('',#14356,#2016,#14364,.T.);
#14364 = LINE('',#14365,#14366);
#14365 = CARTESIAN_POINT('',(13.536811301933,-50.8,204.91113951534));
#14366 = VECTOR('',#14367,1.);
#14367 = DIRECTION('',(0.,1.,0.));
#14368 = ORIENTED_EDGE('',*,*,#2024,.T.);
#14369 = ORIENTED_EDGE('',*,*,#14339,.F.);
#14370 = PLANE('',#14371);
#14371 = AXIS2_PLACEMENT_3D('',#14372,#14373,#14374);
#14372 = CARTESIAN_POINT('',(13.536811301933,-50.8,204.91113951534));
#14373 = DIRECTION('',(0.117537397458,-0.,0.993068456955));
#14374 = DIRECTION('',(-0.993068456955,0.,0.117537397458));
#14375 = ADVANCED_FACE('',(#14376),#14395,.T.);
#14376 = FACE_BOUND('',#14377,.T.);
#14377 = EDGE_LOOP('',(#14378,#14387,#14393,#14394));
#14378 = ORIENTED_EDGE('',*,*,#14379,.F.);
#14379 = EDGE_CURVE('',#14380,#14356,#14382,.T.);
#14380 = VERTEX_POINT('',#14381);
#14381 = CARTESIAN_POINT('',(13.661499383267,-50.7,204.7395210945));
#14382 = CIRCLE('',#14383,0.15);
#14383 = AXIS2_PLACEMENT_3D('',#14384,#14385,#14386);
#14384 = CARTESIAN_POINT('',(13.513346132177,-50.7,204.76298626426));
#14385 = DIRECTION('',(0.,-1.,0.));
#14386 = DIRECTION('',(0.987688340595,0.,-0.15643446504));
#14387 = ORIENTED_EDGE('',*,*,#14388,.T.);
#14388 = EDGE_CURVE('',#14380,#2007,#14389,.T.);
#14389 = LINE('',#14390,#14391);
#14390 = CARTESIAN_POINT('',(13.661499383267,-50.8,204.7395210945));
#14391 = VECTOR('',#14392,1.);
#14392 = DIRECTION('',(0.,1.,0.));
#14393 = ORIENTED_EDGE('',*,*,#2015,.T.);
#14394 = ORIENTED_EDGE('',*,*,#14363,.F.);
#14395 = CYLINDRICAL_SURFACE('',#14396,0.15);
#14396 = AXIS2_PLACEMENT_3D('',#14397,#14398,#14399);
#14397 = CARTESIAN_POINT('',(13.513346132177,-50.8,204.76298626426));
#14398 = DIRECTION('',(0.,-1.,0.));
#14399 = DIRECTION('',(0.987688340595,0.,-0.15643446504));
#14400 = ADVANCED_FACE('',(#14401),#14420,.F.);
#14401 = FACE_BOUND('',#14402,.T.);
#14402 = EDGE_LOOP('',(#14403,#14404,#14413,#14419));
#14403 = ORIENTED_EDGE('',*,*,#14388,.F.);
#14404 = ORIENTED_EDGE('',*,*,#14405,.T.);
#14405 = EDGE_CURVE('',#14380,#14406,#14408,.T.);
#14406 = VERTEX_POINT('',#14407);
#14407 = CARTESIAN_POINT('',(13.739072467121,-50.7,204.372871931));
#14408 = CIRCLE('',#14409,1.469292842572);
#14409 = AXIS2_PLACEMENT_3D('',#14410,#14411,#14412);
#14410 = CARTESIAN_POINT('',(15.126020216819,-50.7,204.8578434733));
#14411 = DIRECTION('',(0.,-1.,-0.));
#14412 = DIRECTION('',(-0.943955969506,0.,-0.330071397783));
#14413 = ORIENTED_EDGE('',*,*,#14414,.T.);
#14414 = EDGE_CURVE('',#14406,#1998,#14415,.T.);
#14415 = LINE('',#14416,#14417);
#14416 = CARTESIAN_POINT('',(13.739072467121,-50.8,204.372871931));
#14417 = VECTOR('',#14418,1.);
#14418 = DIRECTION('',(0.,1.,0.));
#14419 = ORIENTED_EDGE('',*,*,#2006,.F.);
#14420 = CYLINDRICAL_SURFACE('',#14421,1.469292842572);
#14421 = AXIS2_PLACEMENT_3D('',#14422,#14423,#14424);
#14422 = CARTESIAN_POINT('',(15.126020216819,-50.8,204.8578434733));
#14423 = DIRECTION('',(-0.,-1.,-0.));
#14424 = DIRECTION('',(-0.943955969506,0.,-0.330071397783));
#14425 = ADVANCED_FACE('',(#14426),#14445,.F.);
#14426 = FACE_BOUND('',#14427,.T.);
#14427 = EDGE_LOOP('',(#14428,#14429,#14438,#14444));
#14428 = ORIENTED_EDGE('',*,*,#14414,.F.);
#14429 = ORIENTED_EDGE('',*,*,#14430,.T.);
#14430 = EDGE_CURVE('',#14406,#14431,#14433,.T.);
#14431 = VERTEX_POINT('',#14432);
#14432 = CARTESIAN_POINT('',(14.560879348539,-50.7,204.24271050803));
#14433 = CIRCLE('',#14434,0.471154273188);
#14434 = AXIS2_PLACEMENT_3D('',#14435,#14436,#14437);
#14435 = CARTESIAN_POINT('',(14.184572058247,-50.7,204.52622271662));
#14436 = DIRECTION('',(0.,-1.,-0.));
#14437 = DIRECTION('',(0.798692300391,0.,-0.601739652421));
#14438 = ORIENTED_EDGE('',*,*,#14439,.T.);
#14439 = EDGE_CURVE('',#14431,#1989,#14440,.T.);
#14440 = LINE('',#14441,#14442);
#14441 = CARTESIAN_POINT('',(14.560879348539,-50.8,204.24271050803));
#14442 = VECTOR('',#14443,1.);
#14443 = DIRECTION('',(0.,1.,0.));
#14444 = ORIENTED_EDGE('',*,*,#1997,.F.);
#14445 = CYLINDRICAL_SURFACE('',#14446,0.471154273188);
#14446 = AXIS2_PLACEMENT_3D('',#14447,#14448,#14449);
#14447 = CARTESIAN_POINT('',(14.184572058247,-50.8,204.52622271662));
#14448 = DIRECTION('',(-0.,-1.,-0.));
#14449 = DIRECTION('',(0.798692300391,0.,-0.601739652421));
#14450 = ADVANCED_FACE('',(#14451),#14470,.F.);
#14451 = FACE_BOUND('',#14452,.T.);
#14452 = EDGE_LOOP('',(#14453,#14454,#14463,#14469));
#14453 = ORIENTED_EDGE('',*,*,#14439,.F.);
#14454 = ORIENTED_EDGE('',*,*,#14455,.T.);
#14455 = EDGE_CURVE('',#14431,#14456,#14458,.T.);
#14456 = VERTEX_POINT('',#14457);
#14457 = CARTESIAN_POINT('',(14.747956557921,-50.7,204.56744318296));
#14458 = CIRCLE('',#14459,1.469292842572);
#14459 = AXIS2_PLACEMENT_3D('',#14460,#14461,#14462);
#14460 = CARTESIAN_POINT('',(13.391678101787,-50.7,205.13253627852));
#14461 = DIRECTION('',(0.,-1.,-0.));
#14462 = DIRECTION('',(0.923082463098,0.,-0.384602088294));
#14463 = ORIENTED_EDGE('',*,*,#14464,.T.);
#14464 = EDGE_CURVE('',#14456,#1980,#14465,.T.);
#14465 = LINE('',#14466,#14467);
#14466 = CARTESIAN_POINT('',(14.747956557921,-50.8,204.56744318296));
#14467 = VECTOR('',#14468,1.);
#14468 = DIRECTION('',(0.,1.,0.));
#14469 = ORIENTED_EDGE('',*,*,#1988,.F.);
#14470 = CYLINDRICAL_SURFACE('',#14471,1.469292842572);
#14471 = AXIS2_PLACEMENT_3D('',#14472,#14473,#14474);
#14472 = CARTESIAN_POINT('',(13.391678101787,-50.8,205.13253627852));
#14473 = DIRECTION('',(-0.,-1.,-0.));
#14474 = DIRECTION('',(0.923082463098,0.,-0.384602088294));
#14475 = ADVANCED_FACE('',(#14476),#14495,.T.);
#14476 = FACE_BOUND('',#14477,.T.);
#14477 = EDGE_LOOP('',(#14478,#14487,#14493,#14494));
#14478 = ORIENTED_EDGE('',*,*,#14479,.F.);
#14479 = EDGE_CURVE('',#14480,#14456,#14482,.T.);
#14480 = VERTEX_POINT('',#14481);
#14481 = CARTESIAN_POINT('',(14.919574978767,-50.7,204.69213126429));
#14482 = CIRCLE('',#14483,0.15);
#14483 = AXIS2_PLACEMENT_3D('',#14484,#14485,#14486);
#14484 = CARTESIAN_POINT('',(14.896109809011,-50.7,204.5439780132));
#14485 = DIRECTION('',(0.,-1.,0.));
#14486 = DIRECTION('',(0.15643446504,0.,0.987688340595));
#14487 = ORIENTED_EDGE('',*,*,#14488,.T.);
#14488 = EDGE_CURVE('',#14480,#1972,#14489,.T.);
#14489 = LINE('',#14490,#14491);
#14490 = CARTESIAN_POINT('',(14.919574978767,-50.8,204.69213126429));
#14491 = VECTOR('',#14492,1.);
#14492 = DIRECTION('',(0.,1.,0.));
#14493 = ORIENTED_EDGE('',*,*,#1979,.T.);
#14494 = ORIENTED_EDGE('',*,*,#14464,.F.);
#14495 = CYLINDRICAL_SURFACE('',#14496,0.15);
#14496 = AXIS2_PLACEMENT_3D('',#14497,#14498,#14499);
#14497 = CARTESIAN_POINT('',(14.896109809011,-50.8,204.5439780132));
#14498 = DIRECTION('',(0.,-1.,0.));
#14499 = DIRECTION('',(0.15643446504,0.,0.987688340595));
#14500 = ADVANCED_FACE('',(#14501),#14519,.T.);
#14501 = FACE_BOUND('',#14502,.T.);
#14502 = EDGE_LOOP('',(#14503,#14511,#14517,#14518));
#14503 = ORIENTED_EDGE('',*,*,#14504,.F.);
#14504 = EDGE_CURVE('',#14505,#14480,#14507,.T.);
#14505 = VERTEX_POINT('',#14506);
#14506 = CARTESIAN_POINT('',(15.481338772845,-50.7,204.5803894981));
#14507 = LINE('',#14508,#14509);
#14508 = CARTESIAN_POINT('',(15.340897824325,-50.7,204.60832493965));
#14509 = VECTOR('',#14510,1.);
#14510 = DIRECTION('',(-0.980785280403,0.,0.195090322016));
#14511 = ORIENTED_EDGE('',*,*,#14512,.T.);
#14512 = EDGE_CURVE('',#14505,#1963,#14513,.T.);
#14513 = LINE('',#14514,#14515);
#14514 = CARTESIAN_POINT('',(15.481338772845,-50.8,204.5803894981));
#14515 = VECTOR('',#14516,1.);
#14516 = DIRECTION('',(0.,1.,0.));
#14517 = ORIENTED_EDGE('',*,*,#1971,.T.);
#14518 = ORIENTED_EDGE('',*,*,#14488,.F.);
#14519 = PLANE('',#14520);
#14520 = AXIS2_PLACEMENT_3D('',#14521,#14522,#14523);
#14521 = CARTESIAN_POINT('',(15.481338772845,-50.8,204.5803894981));
#14522 = DIRECTION('',(0.195090322016,-0.,0.980785280403));
#14523 = DIRECTION('',(-0.980785280403,0.,0.195090322016));
#14524 = ADVANCED_FACE('',(#14525),#14544,.T.);
#14525 = FACE_BOUND('',#14526,.T.);
#14526 = EDGE_LOOP('',(#14527,#14536,#14542,#14543));
#14527 = ORIENTED_EDGE('',*,*,#14528,.F.);
#14528 = EDGE_CURVE('',#14529,#14505,#14531,.T.);
#14529 = VERTEX_POINT('',#14530);
#14530 = CARTESIAN_POINT('',(15.592177456326,-50.7,204.39951720546));
#14531 = CIRCLE('',#14532,0.15);
#14532 = AXIS2_PLACEMENT_3D('',#14533,#14534,#14535);
#14533 = CARTESIAN_POINT('',(15.446321968267,-50.7,204.43453401004));
#14534 = DIRECTION('',(0.,-1.,0.));
#14535 = DIRECTION('',(0.972369920398,0.,-0.233445363856));
#14536 = ORIENTED_EDGE('',*,*,#14537,.T.);
#14537 = EDGE_CURVE('',#14529,#1954,#14538,.T.);
#14538 = LINE('',#14539,#14540);
#14539 = CARTESIAN_POINT('',(15.592177456326,-50.8,204.39951720546));
#14540 = VECTOR('',#14541,1.);
#14541 = DIRECTION('',(0.,1.,0.));
#14542 = ORIENTED_EDGE('',*,*,#1962,.T.);
#14543 = ORIENTED_EDGE('',*,*,#14512,.F.);
#14544 = CYLINDRICAL_SURFACE('',#14545,0.15);
#14545 = AXIS2_PLACEMENT_3D('',#14546,#14547,#14548);
#14546 = CARTESIAN_POINT('',(15.446321968267,-50.8,204.43453401004));
#14547 = DIRECTION('',(0.,-1.,0.));
#14548 = DIRECTION('',(0.972369920398,0.,-0.233445363856));
#14549 = ADVANCED_FACE('',(#14550),#14569,.F.);
#14550 = FACE_BOUND('',#14551,.T.);
#14551 = EDGE_LOOP('',(#14552,#14553,#14562,#14568));
#14552 = ORIENTED_EDGE('',*,*,#14537,.F.);
#14553 = ORIENTED_EDGE('',*,*,#14554,.T.);
#14554 = EDGE_CURVE('',#14529,#14555,#14557,.T.);
#14555 = VERTEX_POINT('',#14556);
#14556 = CARTESIAN_POINT('',(15.640744446434,-50.7,204.02791198496));
#14557 = CIRCLE('',#14558,1.469292842572);
#14558 = AXIS2_PLACEMENT_3D('',#14559,#14560,#14561);
#14559 = CARTESIAN_POINT('',(17.061467127753,-50.7,204.40256985559));
#14560 = DIRECTION('',(0.,-1.,-0.));
#14561 = DIRECTION('',(-0.966943171677,0.,-0.254991966045));
#14562 = ORIENTED_EDGE('',*,*,#14563,.T.);
#14563 = EDGE_CURVE('',#14555,#1945,#14564,.T.);
#14564 = LINE('',#14565,#14566);
#14565 = CARTESIAN_POINT('',(15.640744446434,-50.8,204.02791198496));
#14566 = VECTOR('',#14567,1.);
#14567 = DIRECTION('',(0.,1.,0.));
#14568 = ORIENTED_EDGE('',*,*,#1953,.F.);
#14569 = CYLINDRICAL_SURFACE('',#14570,1.469292842572);
#14570 = AXIS2_PLACEMENT_3D('',#14571,#14572,#14573);
#14571 = CARTESIAN_POINT('',(17.061467127753,-50.8,204.40256985559));
#14572 = DIRECTION('',(-0.,-1.,-0.));
#14573 = DIRECTION('',(-0.966943171677,0.,-0.254991966045));
#14574 = ADVANCED_FACE('',(#14575),#14594,.F.);
#14575 = FACE_BOUND('',#14576,.T.);
#14576 = EDGE_LOOP('',(#14577,#14578,#14587,#14593));
#14577 = ORIENTED_EDGE('',*,*,#14563,.F.);
#14578 = ORIENTED_EDGE('',*,*,#14579,.T.);
#14579 = EDGE_CURVE('',#14555,#14580,#14582,.T.);
#14580 = VERTEX_POINT('',#14581);
#14581 = CARTESIAN_POINT('',(16.449805623957,-50.7,203.83367358144));
#14582 = CIRCLE('',#14583,0.471154273188);
#14583 = AXIS2_PLACEMENT_3D('',#14584,#14585,#14586);
#14584 = CARTESIAN_POINT('',(16.096902474968,-50.7,204.14583654622));
#14585 = DIRECTION('',(0.,-1.,-0.));
#14586 = DIRECTION('',(0.749018249587,0.,-0.662549365546));
#14587 = ORIENTED_EDGE('',*,*,#14588,.T.);
#14588 = EDGE_CURVE('',#14580,#1936,#14589,.T.);
#14589 = LINE('',#14590,#14591);
#14590 = CARTESIAN_POINT('',(16.449805623957,-50.8,203.83367358144));
#14591 = VECTOR('',#14592,1.);
#14592 = DIRECTION('',(0.,1.,0.));
#14593 = ORIENTED_EDGE('',*,*,#1944,.F.);
#14594 = CYLINDRICAL_SURFACE('',#14595,0.471154273188);
#14595 = AXIS2_PLACEMENT_3D('',#14596,#14597,#14598);
#14596 = CARTESIAN_POINT('',(16.096902474968,-50.8,204.14583654622));
#14597 = DIRECTION('',(-0.,-1.,-0.));
#14598 = DIRECTION('',(0.749018249587,0.,-0.662549365546));
#14599 = ADVANCED_FACE('',(#14600),#14619,.F.);
#14600 = FACE_BOUND('',#14601,.T.);
#14601 = EDGE_LOOP('',(#14602,#14603,#14612,#14618));
#14602 = ORIENTED_EDGE('',*,*,#14588,.F.);
#14603 = ORIENTED_EDGE('',*,*,#14604,.T.);
#14604 = EDGE_CURVE('',#14580,#14605,#14607,.T.);
#14605 = VERTEX_POINT('',#14606);
#14606 = CARTESIAN_POINT('',(16.661784368764,-50.7,204.14272730522));
#14607 = CIRCLE('',#14608,1.469292842574);
#14608 = AXIS2_PLACEMENT_3D('',#14609,#14610,#14611);
#14609 = CARTESIAN_POINT('',(15.354023559754,-50.7,204.81249078859));
#14610 = DIRECTION('',(0.,-1.,-0.));
#14611 = DIRECTION('',(0.890061375865,0.,-0.455840703748));
#14612 = ORIENTED_EDGE('',*,*,#14613,.T.);
#14613 = EDGE_CURVE('',#14605,#1927,#14614,.T.);
#14614 = LINE('',#14615,#14616);
#14615 = CARTESIAN_POINT('',(16.661784368764,-50.8,204.14272730522));
#14616 = VECTOR('',#14617,1.);
#14617 = DIRECTION('',(0.,1.,0.));
#14618 = ORIENTED_EDGE('',*,*,#1935,.F.);
#14619 = CYLINDRICAL_SURFACE('',#14620,1.469292842574);
#14620 = AXIS2_PLACEMENT_3D('',#14621,#14622,#14623);
#14621 = CARTESIAN_POINT('',(15.354023559754,-50.8,204.81249078859));
#14622 = DIRECTION('',(-0.,-1.,-0.));
#14623 = DIRECTION('',(0.890061375865,0.,-0.455840703748));
#14624 = ADVANCED_FACE('',(#14625),#14644,.T.);
#14625 = FACE_BOUND('',#14626,.T.);
#14626 = EDGE_LOOP('',(#14627,#14636,#14642,#14643));
#14627 = ORIENTED_EDGE('',*,*,#14628,.F.);
#14628 = EDGE_CURVE('',#14629,#14605,#14631,.T.);
#14629 = VERTEX_POINT('',#14630);
#14630 = CARTESIAN_POINT('',(16.842656661402,-50.7,204.2535659887));
#14631 = CIRCLE('',#14632,0.15);
#14632 = AXIS2_PLACEMENT_3D('',#14633,#14634,#14635);
#14633 = CARTESIAN_POINT('',(16.807639856824,-50.7,204.10771050064));
#14634 = DIRECTION('',(0.,-1.,0.));
#14635 = DIRECTION('',(0.233445363856,0.,0.972369920398));
#14636 = ORIENTED_EDGE('',*,*,#14637,.T.);
#14637 = EDGE_CURVE('',#14629,#1919,#14638,.T.);
#14638 = LINE('',#14639,#14640);
#14639 = CARTESIAN_POINT('',(16.842656661402,-50.8,204.2535659887));
#14640 = VECTOR('',#14641,1.);
#14641 = DIRECTION('',(0.,1.,0.));
#14642 = ORIENTED_EDGE('',*,*,#1926,.T.);
#14643 = ORIENTED_EDGE('',*,*,#14613,.F.);
#14644 = CYLINDRICAL_SURFACE('',#14645,0.15);
#14645 = AXIS2_PLACEMENT_3D('',#14646,#14647,#14648);
#14646 = CARTESIAN_POINT('',(16.807639856824,-50.8,204.10771050064));
#14647 = DIRECTION('',(0.,-1.,0.));
#14648 = DIRECTION('',(0.233445363856,0.,0.972369920398));
#14649 = ADVANCED_FACE('',(#14650),#14668,.T.);
#14650 = FACE_BOUND('',#14651,.T.);
#14651 = EDGE_LOOP('',(#14652,#14660,#14666,#14667));
#14652 = ORIENTED_EDGE('',*,*,#14653,.F.);
#14653 = EDGE_CURVE('',#14654,#14629,#14656,.T.);
#14654 = VERTEX_POINT('',#14655);
#14655 = CARTESIAN_POINT('',(17.393921567252,-50.7,204.09809320579));
#14656 = LINE('',#14657,#14658);
#14657 = CARTESIAN_POINT('',(17.256105340789,-50.7,204.13696140152));
#14658 = VECTOR('',#14659,1.);
#14659 = DIRECTION('',(-0.962455236454,0.,0.271440449865));
#14660 = ORIENTED_EDGE('',*,*,#14661,.T.);
#14661 = EDGE_CURVE('',#14654,#1910,#14662,.T.);
#14662 = LINE('',#14663,#14664);
#14663 = CARTESIAN_POINT('',(17.393921567252,-50.8,204.09809320579));
#14664 = VECTOR('',#14665,1.);
#14665 = DIRECTION('',(0.,1.,0.));
#14666 = ORIENTED_EDGE('',*,*,#1918,.T.);
#14667 = ORIENTED_EDGE('',*,*,#14637,.F.);
#14668 = PLANE('',#14669);
#14669 = AXIS2_PLACEMENT_3D('',#14670,#14671,#14672);
#14670 = CARTESIAN_POINT('',(17.393921567252,-50.8,204.09809320579));
#14671 = DIRECTION('',(0.271440449865,-0.,0.962455236454));
#14672 = DIRECTION('',(-0.962455236454,0.,0.271440449865));
#14673 = ADVANCED_FACE('',(#14674),#14693,.T.);
#14674 = FACE_BOUND('',#14675,.T.);
#14675 = EDGE_LOOP('',(#14676,#14685,#14691,#14692));
#14676 = ORIENTED_EDGE('',*,*,#14677,.F.);
#14677 = EDGE_CURVE('',#14678,#14654,#14680,.T.);
#14678 = VERTEX_POINT('',#14679);
#14679 = CARTESIAN_POINT('',(17.49022749554,-50.7,203.90908217919));
#14680 = CIRCLE('',#14681,0.15);
#14681 = AXIS2_PLACEMENT_3D('',#14682,#14683,#14684);
#14682 = CARTESIAN_POINT('',(17.347569018096,-50.7,203.95543472835));
#14683 = DIRECTION('',(0.,-1.,0.));
#14684 = DIRECTION('',(0.951056516295,0.,-0.309016994375));
#14685 = ORIENTED_EDGE('',*,*,#14686,.T.);
#14686 = EDGE_CURVE('',#14678,#1901,#14687,.T.);
#14687 = LINE('',#14688,#14689);
#14688 = CARTESIAN_POINT('',(17.49022749554,-50.8,203.90908217919));
#14689 = VECTOR('',#14690,1.);
#14690 = DIRECTION('',(0.,1.,0.));
#14691 = ORIENTED_EDGE('',*,*,#1909,.T.);
#14692 = ORIENTED_EDGE('',*,*,#14661,.F.);
#14693 = CYLINDRICAL_SURFACE('',#14694,0.15);
#14694 = AXIS2_PLACEMENT_3D('',#14695,#14696,#14697);
#14695 = CARTESIAN_POINT('',(17.347569018096,-50.8,203.95543472835));
#14696 = DIRECTION('',(0.,-1.,0.));
#14697 = DIRECTION('',(0.951056516295,0.,-0.309016994375));
#14698 = ADVANCED_FACE('',(#14699),#14718,.F.);
#14699 = FACE_BOUND('',#14700,.T.);
#14700 = EDGE_LOOP('',(#14701,#14702,#14711,#14717));
#14701 = ORIENTED_EDGE('',*,*,#14686,.F.);
#14702 = ORIENTED_EDGE('',*,*,#14703,.T.);
#14703 = EDGE_CURVE('',#14678,#14704,#14706,.T.);
#14704 = VERTEX_POINT('',#14705);
#14705 = CARTESIAN_POINT('',(17.509488960258,-50.7,203.53481197144));
#14706 = CIRCLE('',#14707,1.469292842572);
#14707 = AXIS2_PLACEMENT_3D('',#14708,#14709,#14710);
#14708 = CARTESIAN_POINT('',(18.955227345429,-50.7,203.79684628003));
#14709 = DIRECTION('',(0.,-1.,-0.));
#14710 = DIRECTION('',(-0.983968847653,0.,-0.178340424043));
#14711 = ORIENTED_EDGE('',*,*,#14712,.T.);
#14712 = EDGE_CURVE('',#14704,#1892,#14713,.T.);
#14713 = LINE('',#14714,#14715);
#14714 = CARTESIAN_POINT('',(17.509488960258,-50.8,203.53481197144));
#14715 = VECTOR('',#14716,1.);
#14716 = DIRECTION('',(0.,1.,0.));
#14717 = ORIENTED_EDGE('',*,*,#1900,.F.);
#14718 = CYLINDRICAL_SURFACE('',#14719,1.469292842572);
#14719 = AXIS2_PLACEMENT_3D('',#14720,#14721,#14722);
#14720 = CARTESIAN_POINT('',(18.955227345429,-50.8,203.79684628003));
#14721 = DIRECTION('',(-0.,-1.,-0.));
#14722 = DIRECTION('',(-0.983968847653,0.,-0.178340424043));
#14723 = ADVANCED_FACE('',(#14724),#14743,.F.);
#14724 = FACE_BOUND('',#14725,.T.);
#14725 = EDGE_LOOP('',(#14726,#14727,#14736,#14742));
#14726 = ORIENTED_EDGE('',*,*,#14712,.F.);
#14727 = ORIENTED_EDGE('',*,*,#14728,.T.);
#14728 = EDGE_CURVE('',#14704,#14729,#14731,.T.);
#14729 = VERTEX_POINT('',#14730);
#14730 = CARTESIAN_POINT('',(18.300816302685,-50.7,203.27769413172));
#14731 = CIRCLE('',#14732,0.471154273188);
#14732 = AXIS2_PLACEMENT_3D('',#14733,#14734,#14735);
#14733 = CARTESIAN_POINT('',(17.973493060265,-50.7,203.6165832642));
#14734 = DIRECTION('',(0.,-1.,-0.));
#14735 = DIRECTION('',(0.6947262522,0.,-0.719274241513));
#14736 = ORIENTED_EDGE('',*,*,#14737,.T.);
#14737 = EDGE_CURVE('',#14729,#1883,#14738,.T.);
#14738 = LINE('',#14739,#14740);
#14739 = CARTESIAN_POINT('',(18.300816302685,-50.8,203.27769413172));
#14740 = VECTOR('',#14741,1.);
#14741 = DIRECTION('',(0.,1.,0.));
#14742 = ORIENTED_EDGE('',*,*,#1891,.F.);
#14743 = CYLINDRICAL_SURFACE('',#14744,0.471154273188);
#14744 = AXIS2_PLACEMENT_3D('',#14745,#14746,#14747);
#14745 = CARTESIAN_POINT('',(17.973493060265,-50.8,203.6165832642));
#14746 = DIRECTION('',(-0.,-1.,-0.));
#14747 = DIRECTION('',(0.6947262522,0.,-0.719274241513));
#14748 = ADVANCED_FACE('',(#14749),#14768,.F.);
#14749 = FACE_BOUND('',#14750,.T.);
#14750 = EDGE_LOOP('',(#14751,#14752,#14761,#14767));
#14751 = ORIENTED_EDGE('',*,*,#14737,.F.);
#14752 = ORIENTED_EDGE('',*,*,#14753,.T.);
#14753 = EDGE_CURVE('',#14729,#14754,#14756,.T.);
#14754 = VERTEX_POINT('',#14755);
#14755 = CARTESIAN_POINT('',(18.536389663465,-50.7,203.56916348538));
#14756 = CIRCLE('',#14757,1.469292842573);
#14757 = AXIS2_PLACEMENT_3D('',#14758,#14759,#14760);
#14758 = CARTESIAN_POINT('',(17.285209281843,-50.7,204.33946804195));
#14759 = DIRECTION('',(0.,-1.,-0.));
#14760 = DIRECTION('',(0.851552764274,0.,-0.52426890968));
#14761 = ORIENTED_EDGE('',*,*,#14762,.T.);
#14762 = EDGE_CURVE('',#14754,#1874,#14763,.T.);
#14763 = LINE('',#14764,#14765);
#14764 = CARTESIAN_POINT('',(18.536389663465,-50.8,203.56916348538));
#14765 = VECTOR('',#14766,1.);
#14766 = DIRECTION('',(0.,1.,0.));
#14767 = ORIENTED_EDGE('',*,*,#1882,.F.);
#14768 = CYLINDRICAL_SURFACE('',#14769,1.469292842573);
#14769 = AXIS2_PLACEMENT_3D('',#14770,#14771,#14772);
#14770 = CARTESIAN_POINT('',(17.285209281843,-50.8,204.33946804195));
#14771 = DIRECTION('',(-0.,-1.,-0.));
#14772 = DIRECTION('',(0.851552764274,0.,-0.52426890968));
#14773 = ADVANCED_FACE('',(#14774),#14793,.T.);
#14774 = FACE_BOUND('',#14775,.T.);
#14775 = EDGE_LOOP('',(#14776,#14785,#14791,#14792));
#14776 = ORIENTED_EDGE('',*,*,#14777,.F.);
#14777 = EDGE_CURVE('',#14778,#14754,#14780,.T.);
#14778 = VERTEX_POINT('',#14779);
#14779 = CARTESIAN_POINT('',(18.725400690066,-50.7,203.66546941367));
#14780 = CIRCLE('',#14781,0.15);
#14781 = AXIS2_PLACEMENT_3D('',#14782,#14783,#14784);
#14782 = CARTESIAN_POINT('',(18.679048140909,-50.7,203.52281093622));
#14783 = DIRECTION('',(0.,-1.,0.));
#14784 = DIRECTION('',(0.309016994375,0.,0.951056516295));
#14785 = ORIENTED_EDGE('',*,*,#14786,.T.);
#14786 = EDGE_CURVE('',#14778,#1866,#14787,.T.);
#14787 = LINE('',#14788,#14789);
#14788 = CARTESIAN_POINT('',(18.725400690066,-50.8,203.66546941367));
#14789 = VECTOR('',#14790,1.);
#14790 = DIRECTION('',(0.,1.,0.));
#14791 = ORIENTED_EDGE('',*,*,#1873,.T.);
#14792 = ORIENTED_EDGE('',*,*,#14762,.F.);
#14793 = CYLINDRICAL_SURFACE('',#14794,0.15);
#14794 = AXIS2_PLACEMENT_3D('',#14795,#14796,#14797);
#14795 = CARTESIAN_POINT('',(18.679048140909,-50.8,203.52281093622));
#14796 = DIRECTION('',(0.,-1.,0.));
#14797 = DIRECTION('',(0.309016994375,0.,0.951056516295));
#14798 = ADVANCED_FACE('',(#14799),#14817,.T.);
#14799 = FACE_BOUND('',#14800,.T.);
#14800 = EDGE_LOOP('',(#14801,#14809,#14815,#14816));
#14801 = ORIENTED_EDGE('',*,*,#14802,.F.);
#14802 = EDGE_CURVE('',#14803,#14778,#14805,.T.);
#14803 = VERTEX_POINT('',#14804);
#14804 = CARTESIAN_POINT('',(19.262767976229,-50.7,203.46722415544));
#14805 = LINE('',#14806,#14807);
#14806 = CARTESIAN_POINT('',(19.128426154688,-50.7,203.51678547));
#14807 = VECTOR('',#14808,1.);
#14808 = DIRECTION('',(-0.938191335922,0.,0.346117057077));
#14809 = ORIENTED_EDGE('',*,*,#14810,.T.);
#14810 = EDGE_CURVE('',#14803,#1857,#14811,.T.);
#14811 = LINE('',#14812,#14813);
#14812 = CARTESIAN_POINT('',(19.262767976229,-50.8,203.46722415544));
#14813 = VECTOR('',#14814,1.);
#14814 = DIRECTION('',(0.,1.,0.));
#14815 = ORIENTED_EDGE('',*,*,#1865,.T.);
#14816 = ORIENTED_EDGE('',*,*,#14786,.F.);
#14817 = PLANE('',#14818);
#14818 = AXIS2_PLACEMENT_3D('',#14819,#14820,#14821);
#14819 = CARTESIAN_POINT('',(19.262767976229,-50.8,203.46722415544));
#14820 = DIRECTION('',(0.346117057077,-0.,0.938191335922));
#14821 = DIRECTION('',(-0.938191335922,0.,0.346117057077));
#14822 = ADVANCED_FACE('',(#14823),#14842,.T.);
#14823 = FACE_BOUND('',#14824,.T.);
#14824 = EDGE_LOOP('',(#14825,#14834,#14840,#14841));
#14825 = ORIENTED_EDGE('',*,*,#14826,.F.);
#14826 = EDGE_CURVE('',#14827,#14803,#14829,.T.);
#14827 = VERTEX_POINT('',#14828);
#14828 = CARTESIAN_POINT('',(19.343947391251,-50.7,203.27123971071));
#14829 = CIRCLE('',#14830,0.15);
#14830 = AXIS2_PLACEMENT_3D('',#14831,#14832,#14833);
#14831 = CARTESIAN_POINT('',(19.205365461374,-50.7,203.32864222556));
#14832 = DIRECTION('',(0.,-1.,0.));
#14833 = DIRECTION('',(0.923879532511,0.,-0.382683432365));
#14834 = ORIENTED_EDGE('',*,*,#14835,.T.);
#14835 = EDGE_CURVE('',#14827,#1848,#14836,.T.);
#14836 = LINE('',#14837,#14838);
#14837 = CARTESIAN_POINT('',(19.343947391251,-50.8,203.27123971071));
#14838 = VECTOR('',#14839,1.);
#14839 = DIRECTION('',(0.,1.,0.));
#14840 = ORIENTED_EDGE('',*,*,#1856,.T.);
#14841 = ORIENTED_EDGE('',*,*,#14810,.F.);
#14842 = CYLINDRICAL_SURFACE('',#14843,0.15);
#14843 = AXIS2_PLACEMENT_3D('',#14844,#14845,#14846);
#14844 = CARTESIAN_POINT('',(19.205365461374,-50.8,203.32864222556));
#14845 = DIRECTION('',(0.,-1.,0.));
#14846 = DIRECTION('',(0.923879532511,0.,-0.382683432365));
#14847 = ADVANCED_FACE('',(#14848),#14867,.F.);
#14848 = FACE_BOUND('',#14849,.T.);
#14849 = EDGE_LOOP('',(#14850,#14851,#14860,#14866));
#14850 = ORIENTED_EDGE('',*,*,#14835,.F.);
#14851 = ORIENTED_EDGE('',*,*,#14852,.T.);
#14852 = EDGE_CURVE('',#14827,#14853,#14855,.T.);
#14853 = VERTEX_POINT('',#14854);
#14854 = CARTESIAN_POINT('',(19.333784577243,-50.7,202.896612016));
#14855 = CIRCLE('',#14856,1.469292842573);
#14856 = AXIS2_PLACEMENT_3D('',#14857,#14858,#14859);
#14857 = CARTESIAN_POINT('',(20.795625208365,-50.7,203.0444072339));
#14858 = DIRECTION('',(0.,-1.,-0.));
#14859 = DIRECTION('',(-0.994928028481,0.,-0.100589354023));
#14860 = ORIENTED_EDGE('',*,*,#14861,.T.);
#14861 = EDGE_CURVE('',#14853,#1839,#14862,.T.);
#14862 = LINE('',#14863,#14864);
#14863 = CARTESIAN_POINT('',(19.333784577243,-50.8,202.896612016));
#14864 = VECTOR('',#14865,1.);
#14865 = DIRECTION('',(0.,1.,0.));
#14866 = ORIENTED_EDGE('',*,*,#1847,.F.);
#14867 = CYLINDRICAL_SURFACE('',#14868,1.469292842573);
#14868 = AXIS2_PLACEMENT_3D('',#14869,#14870,#14871);
#14869 = CARTESIAN_POINT('',(20.795625208365,-50.8,203.0444072339));
#14870 = DIRECTION('',(-0.,-1.,-0.));
#14871 = DIRECTION('',(-0.994928028481,0.,-0.100589354023));
#14872 = ADVANCED_FACE('',(#14873),#14892,.F.);
#14873 = FACE_BOUND('',#14874,.T.);
#14874 = EDGE_LOOP('',(#14875,#14876,#14885,#14891));
#14875 = ORIENTED_EDGE('',*,*,#14861,.F.);
#14876 = ORIENTED_EDGE('',*,*,#14877,.T.);
#14877 = EDGE_CURVE('',#14853,#14878,#14880,.T.);
#14878 = VERTEX_POINT('',#14879);
#14879 = CARTESIAN_POINT('',(20.102499288366,-50.7,202.57819995706));
#14880 = CIRCLE('',#14881,0.471154273188);
#14881 = AXIS2_PLACEMENT_3D('',#14882,#14883,#14884);
#14882 = CARTESIAN_POINT('',(19.80277400915,-50.7,202.94172589305));
#14883 = DIRECTION('',(0.,-1.,-0.));
#14884 = DIRECTION('',(0.636151036448,0.,-0.771564552598));
#14885 = ORIENTED_EDGE('',*,*,#14886,.T.);
#14886 = EDGE_CURVE('',#14878,#1830,#14887,.T.);
#14887 = LINE('',#14888,#14889);
#14888 = CARTESIAN_POINT('',(20.102499288366,-50.8,202.57819995706));
#14889 = VECTOR('',#14890,1.);
#14890 = DIRECTION('',(0.,1.,0.));
#14891 = ORIENTED_EDGE('',*,*,#1838,.F.);
#14892 = CYLINDRICAL_SURFACE('',#14893,0.471154273188);
#14893 = AXIS2_PLACEMENT_3D('',#14894,#14895,#14896);
#14894 = CARTESIAN_POINT('',(19.80277400915,-50.8,202.94172589305));
#14895 = DIRECTION('',(-0.,-1.,-0.));
#14896 = DIRECTION('',(0.636151036448,0.,-0.771564552598));
#14897 = ADVANCED_FACE('',(#14898),#14917,.F.);
#14898 = FACE_BOUND('',#14899,.T.);
#14899 = EDGE_LOOP('',(#14900,#14901,#14910,#14916));
#14900 = ORIENTED_EDGE('',*,*,#14886,.F.);
#14901 = ORIENTED_EDGE('',*,*,#14902,.T.);
#14902 = EDGE_CURVE('',#14878,#14903,#14905,.T.);
#14903 = VERTEX_POINT('',#14904);
#14904 = CARTESIAN_POINT('',(20.360214877014,-50.7,202.85028793511));
#14905 = CIRCLE('',#14906,1.469292842571);
#14906 = AXIS2_PLACEMENT_3D('',#14907,#14908,#14909);
#14907 = CARTESIAN_POINT('',(19.173328865894,-50.7,203.71638438114));
#14908 = DIRECTION('',(0.,-1.,-0.));
#14909 = DIRECTION('',(0.807794046722,0.,-0.589464823446));
#14910 = ORIENTED_EDGE('',*,*,#14911,.T.);
#14911 = EDGE_CURVE('',#14903,#1821,#14912,.T.);
#14912 = LINE('',#14913,#14914);
#14913 = CARTESIAN_POINT('',(20.360214877014,-50.8,202.85028793511));
#14914 = VECTOR('',#14915,1.);
#14915 = DIRECTION('',(0.,1.,0.));
#14916 = ORIENTED_EDGE('',*,*,#1829,.F.);
#14917 = CYLINDRICAL_SURFACE('',#14918,1.469292842571);
#14918 = AXIS2_PLACEMENT_3D('',#14919,#14920,#14921);
#14919 = CARTESIAN_POINT('',(19.173328865894,-50.8,203.71638438114));
#14920 = DIRECTION('',(-0.,-1.,-0.));
#14921 = DIRECTION('',(0.807794046722,0.,-0.589464823446));
#14922 = ADVANCED_FACE('',(#14923),#14942,.T.);
#14923 = FACE_BOUND('',#14924,.T.);
#14924 = EDGE_LOOP('',(#14925,#14934,#14940,#14941));
#14925 = ORIENTED_EDGE('',*,*,#14926,.F.);
#14926 = EDGE_CURVE('',#14927,#14903,#14929,.T.);
#14927 = VERTEX_POINT('',#14928);
#14928 = CARTESIAN_POINT('',(20.556199321745,-50.7,202.93146735013));
#14929 = CIRCLE('',#14930,0.15);
#14930 = AXIS2_PLACEMENT_3D('',#14931,#14932,#14933);
#14931 = CARTESIAN_POINT('',(20.49879680689,-50.7,202.79288542025));
#14932 = DIRECTION('',(0.,-1.,0.));
#14933 = DIRECTION('',(0.382683432365,0.,0.923879532511));
#14934 = ORIENTED_EDGE('',*,*,#14935,.T.);
#14935 = EDGE_CURVE('',#14927,#1813,#14936,.T.);
#14936 = LINE('',#14937,#14938);
#14937 = CARTESIAN_POINT('',(20.556199321745,-50.8,202.93146735013));
#14938 = VECTOR('',#14939,1.);
#14939 = DIRECTION('',(0.,1.,0.));
#14940 = ORIENTED_EDGE('',*,*,#1820,.T.);
#14941 = ORIENTED_EDGE('',*,*,#14911,.F.);
#14942 = CYLINDRICAL_SURFACE('',#14943,0.15);
#14943 = AXIS2_PLACEMENT_3D('',#14944,#14945,#14946);
#14944 = CARTESIAN_POINT('',(20.49879680689,-50.8,202.79288542025));
#14945 = DIRECTION('',(0.,-1.,0.));
#14946 = DIRECTION('',(0.382683432365,0.,0.923879532511));
#14947 = ADVANCED_FACE('',(#14948),#14966,.T.);
#14948 = FACE_BOUND('',#14949,.T.);
#14949 = EDGE_LOOP('',(#14950,#14958,#14964,#14965));
#14950 = ORIENTED_EDGE('',*,*,#14951,.F.);
#14951 = EDGE_CURVE('',#14952,#14927,#14954,.T.);
#14952 = VERTEX_POINT('',#14953);
#14953 = CARTESIAN_POINT('',(21.07635594021,-50.7,202.69167186452));
#14954 = LINE('',#14955,#14956);
#14955 = CARTESIAN_POINT('',(20.946316785594,-50.7,202.75162073592));
#14956 = VECTOR('',#14957,1.);
#14957 = DIRECTION('',(-0.908143173825,0.,0.418659737537));
#14958 = ORIENTED_EDGE('',*,*,#14959,.T.);
#14959 = EDGE_CURVE('',#14952,#1804,#14960,.T.);
#14960 = LINE('',#14961,#14962);
#14961 = CARTESIAN_POINT('',(21.07635594021,-50.8,202.69167186452));
#14962 = VECTOR('',#14963,1.);
#14963 = DIRECTION('',(0.,1.,0.));
#14964 = ORIENTED_EDGE('',*,*,#1812,.T.);
#14965 = ORIENTED_EDGE('',*,*,#14935,.F.);
#14966 = PLANE('',#14967);
#14967 = AXIS2_PLACEMENT_3D('',#14968,#14969,#14970);
#14968 = CARTESIAN_POINT('',(21.07635594021,-50.8,202.69167186452));
#14969 = DIRECTION('',(0.418659737537,-0.,0.908143173825));
#14970 = DIRECTION('',(-0.908143173825,0.,0.418659737537));
#14971 = ADVANCED_FACE('',(#14972),#14991,.T.);
#14972 = FACE_BOUND('',#14973,.T.);
#14973 = EDGE_LOOP('',(#14974,#14983,#14989,#14990));
#14974 = ORIENTED_EDGE('',*,*,#14975,.F.);
#14975 = EDGE_CURVE('',#14976,#14952,#14978,.T.);
#14976 = VERTEX_POINT('',#14977);
#14977 = CARTESIAN_POINT('',(21.141908343877,-50.7,202.48992231093));
#14978 = CIRCLE('',#14979,0.15);
#14979 = AXIS2_PLACEMENT_3D('',#14980,#14981,#14982);
#14980 = CARTESIAN_POINT('',(21.008257365249,-50.7,202.5580208859));
#14981 = DIRECTION('',(0.,-1.,0.));
#14982 = DIRECTION('',(0.891006524188,0.,-0.45399049974));
#14983 = ORIENTED_EDGE('',*,*,#14984,.T.);
#14984 = EDGE_CURVE('',#14976,#1795,#14985,.T.);
#14985 = LINE('',#14986,#14987);
#14986 = CARTESIAN_POINT('',(21.141908343877,-50.8,202.48992231093));
#14987 = VECTOR('',#14988,1.);
#14988 = DIRECTION('',(0.,1.,0.));
#14989 = ORIENTED_EDGE('',*,*,#1803,.T.);
#14990 = ORIENTED_EDGE('',*,*,#14959,.F.);
#14991 = CYLINDRICAL_SURFACE('',#14992,0.15);
#14992 = AXIS2_PLACEMENT_3D('',#14993,#14994,#14995);
#14993 = CARTESIAN_POINT('',(21.008257365249,-50.8,202.5580208859));
#14994 = DIRECTION('',(0.,-1.,0.));
#14995 = DIRECTION('',(0.891006524188,0.,-0.45399049974));
#14996 = ADVANCED_FACE('',(#14997),#15016,.F.);
#14997 = FACE_BOUND('',#14998,.T.);
#14998 = EDGE_LOOP('',(#14999,#15000,#15009,#15015));
#14999 = ORIENTED_EDGE('',*,*,#14984,.F.);
#15000 = ORIENTED_EDGE('',*,*,#15001,.T.);
#15001 = EDGE_CURVE('',#14976,#15002,#15004,.T.);
#15002 = VERTEX_POINT('',#15003);
#15003 = CARTESIAN_POINT('',(21.102383908272,-50.7,202.11724683358));
#15004 = CIRCLE('',#15005,1.469292842572);
#15005 = AXIS2_PLACEMENT_3D('',#15006,#15007,#15008);
#15006 = CARTESIAN_POINT('',(22.571314051742,-50.7,202.14989175414));
#15007 = DIRECTION('',(0.,-1.,-0.));
#15008 = DIRECTION('',(-0.999753147166,0.,-2.22181171853E-02));
#15009 = ORIENTED_EDGE('',*,*,#15010,.T.);
#15010 = EDGE_CURVE('',#15002,#1786,#15011,.T.);
#15011 = LINE('',#15012,#15013);
#15012 = CARTESIAN_POINT('',(21.102383908272,-50.8,202.11724683358));
#15013 = VECTOR('',#15014,1.);
#15014 = DIRECTION('',(0.,1.,0.));
#15015 = ORIENTED_EDGE('',*,*,#1794,.F.);
#15016 = CYLINDRICAL_SURFACE('',#15017,1.469292842572);
#15017 = AXIS2_PLACEMENT_3D('',#15018,#15019,#15020);
#15018 = CARTESIAN_POINT('',(22.571314051742,-50.8,202.14989175414));
#15019 = DIRECTION('',(-0.,-1.,-0.));
#15020 = DIRECTION('',(-0.999753147166,0.,-2.22181171853E-02));
#15021 = ADVANCED_FACE('',(#15022),#15041,.F.);
#15022 = FACE_BOUND('',#15023,.T.);
#15023 = EDGE_LOOP('',(#15024,#15025,#15034,#15040));
#15024 = ORIENTED_EDGE('',*,*,#15010,.F.);
#15025 = ORIENTED_EDGE('',*,*,#15026,.T.);
#15026 = EDGE_CURVE('',#15002,#15027,#15029,.T.);
#15027 = VERTEX_POINT('',#15028);
#15028 = CARTESIAN_POINT('',(21.843746606272,-50.7,201.73950367164));
#15029 = CIRCLE('',#15030,0.471154273188);
#15030 = AXIS2_PLACEMENT_3D('',#15031,#15032,#15033);
#15031 = CARTESIAN_POINT('',(21.573467196276,-50.7,202.12542515287));
#15032 = DIRECTION('',(0.,-1.,-0.));
#15033 = DIRECTION('',(0.573653738015,0.,-0.819097911645));
#15034 = ORIENTED_EDGE('',*,*,#15035,.T.);
#15035 = EDGE_CURVE('',#15027,#1777,#15036,.T.);
#15036 = LINE('',#15037,#15038);
#15037 = CARTESIAN_POINT('',(21.843746606272,-50.8,201.73950367164));
#15038 = VECTOR('',#15039,1.);
#15039 = DIRECTION('',(0.,1.,0.));
#15040 = ORIENTED_EDGE('',*,*,#1785,.F.);
#15041 = CYLINDRICAL_SURFACE('',#15042,0.471154273188);
#15042 = AXIS2_PLACEMENT_3D('',#15043,#15044,#15045);
#15043 = CARTESIAN_POINT('',(21.573467196276,-50.8,202.12542515287));
#15044 = DIRECTION('',(-0.,-1.,-0.));
#15045 = DIRECTION('',(0.573653738015,0.,-0.819097911645));
#15046 = ADVANCED_FACE('',(#15047),#15066,.F.);
#15047 = FACE_BOUND('',#15048,.T.);
#15048 = EDGE_LOOP('',(#15049,#15050,#15059,#15065));
#15049 = ORIENTED_EDGE('',*,*,#15035,.F.);
#15050 = ORIENTED_EDGE('',*,*,#15051,.T.);
#15051 = EDGE_CURVE('',#15027,#15052,#15054,.T.);
#15052 = VERTEX_POINT('',#15053);
#15053 = CARTESIAN_POINT('',(22.122015520484,-50.7,201.99053276122));
#15054 = CIRCLE('',#15055,1.469292842573);
#15055 = AXIS2_PLACEMENT_3D('',#15056,#15057,#15058);
#15056 = CARTESIAN_POINT('',(21.006741426801,-50.7,202.94708132413));
#15057 = DIRECTION('',(0.,-1.,-0.));
#15058 = DIRECTION('',(0.759055010252,0.,-0.65102649056));
#15059 = ORIENTED_EDGE('',*,*,#15060,.T.);
#15060 = EDGE_CURVE('',#15052,#1768,#15061,.T.);
#15061 = LINE('',#15062,#15063);
#15062 = CARTESIAN_POINT('',(22.122015520484,-50.8,201.99053276122));
#15063 = VECTOR('',#15064,1.);
#15064 = DIRECTION('',(0.,1.,0.));
#15065 = ORIENTED_EDGE('',*,*,#1776,.F.);
#15066 = CYLINDRICAL_SURFACE('',#15067,1.469292842573);
#15067 = AXIS2_PLACEMENT_3D('',#15068,#15069,#15070);
#15068 = CARTESIAN_POINT('',(21.006741426801,-50.8,202.94708132413));
#15069 = DIRECTION('',(-0.,-1.,-0.));
#15070 = DIRECTION('',(0.759055010252,0.,-0.65102649056));
#15071 = ADVANCED_FACE('',(#15072),#15091,.T.);
#15072 = FACE_BOUND('',#15073,.T.);
#15073 = EDGE_LOOP('',(#15074,#15083,#15089,#15090));
#15074 = ORIENTED_EDGE('',*,*,#15075,.F.);
#15075 = EDGE_CURVE('',#15076,#15052,#15078,.T.);
#15076 = VERTEX_POINT('',#15077);
#15077 = CARTESIAN_POINT('',(22.323765074073,-50.7,202.05608516489));
#15078 = CIRCLE('',#15079,0.15);
#15079 = AXIS2_PLACEMENT_3D('',#15080,#15081,#15082);
#15080 = CARTESIAN_POINT('',(22.255666499113,-50.7,201.92243418626));
#15081 = DIRECTION('',(0.,-1.,0.));
#15082 = DIRECTION('',(0.453990499739,0.,0.891006524188));
#15083 = ORIENTED_EDGE('',*,*,#15084,.T.);
#15084 = EDGE_CURVE('',#15076,#1760,#15085,.T.);
#15085 = LINE('',#15086,#15087);
#15086 = CARTESIAN_POINT('',(22.323765074073,-50.8,202.05608516489));
#15087 = VECTOR('',#15088,1.);
#15088 = DIRECTION('',(0.,1.,0.));
#15089 = ORIENTED_EDGE('',*,*,#1767,.T.);
#15090 = ORIENTED_EDGE('',*,*,#15060,.F.);
#15091 = CYLINDRICAL_SURFACE('',#15092,0.15);
#15092 = AXIS2_PLACEMENT_3D('',#15093,#15094,#15095);
#15093 = CARTESIAN_POINT('',(22.255666499113,-50.8,201.92243418626));
#15094 = DIRECTION('',(0.,-1.,0.));
#15095 = DIRECTION('',(0.453990499739,0.,0.891006524188));
#15096 = ADVANCED_FACE('',(#15097),#15115,.T.);
#15097 = FACE_BOUND('',#15098,.T.);
#15098 = EDGE_LOOP('',(#15099,#15107,#15113,#15114));
#15099 = ORIENTED_EDGE('',*,*,#15100,.F.);
#15100 = EDGE_CURVE('',#15101,#15076,#15103,.T.);
#15101 = VERTEX_POINT('',#15102);
#15102 = CARTESIAN_POINT('',(22.823504086317,-50.7,201.77621787082));
#15103 = LINE('',#15104,#15105);
#15104 = CARTESIAN_POINT('',(22.698569333256,-50.7,201.84618469434));
#15105 = VECTOR('',#15106,1.);
#15106 = DIRECTION('',(-0.872496007073,0.,0.488621241497));
#15107 = ORIENTED_EDGE('',*,*,#15108,.T.);
#15108 = EDGE_CURVE('',#15101,#1751,#15109,.T.);
#15109 = LINE('',#15110,#15111);
#15110 = CARTESIAN_POINT('',(22.823504086317,-50.8,201.77621787082));
#15111 = VECTOR('',#15112,1.);
#15112 = DIRECTION('',(0.,1.,0.));
#15113 = ORIENTED_EDGE('',*,*,#1759,.T.);
#15114 = ORIENTED_EDGE('',*,*,#15084,.F.);
#15115 = PLANE('',#15116);
#15116 = AXIS2_PLACEMENT_3D('',#15117,#15118,#15119);
#15117 = CARTESIAN_POINT('',(22.823504086317,-50.8,201.77621787082));
#15118 = DIRECTION('',(0.488621241497,-0.,0.872496007073));
#15119 = DIRECTION('',(-0.872496007073,0.,0.488621241497));
#15120 = ADVANCED_FACE('',(#15121),#15140,.T.);
#15121 = FACE_BOUND('',#15122,.T.);
#15122 = EDGE_LOOP('',(#15123,#15132,#15138,#15139));
#15123 = ORIENTED_EDGE('',*,*,#15124,.F.);
#15124 = EDGE_CURVE('',#15125,#15101,#15127,.T.);
#15125 = VERTEX_POINT('',#15126);
#15126 = CARTESIAN_POINT('',(22.873025326263,-50.7,201.56994706146));
#15127 = CIRCLE('',#15128,0.15);
#15128 = AXIS2_PLACEMENT_3D('',#15129,#15130,#15131);
#15129 = CARTESIAN_POINT('',(22.74512930161,-50.7,201.64832184616));
#15130 = DIRECTION('',(0.,-1.,0.));
#15131 = DIRECTION('',(0.852640164354,0.,-0.522498564716));
#15132 = ORIENTED_EDGE('',*,*,#15133,.T.);
#15133 = EDGE_CURVE('',#15125,#1742,#15134,.T.);
#15134 = LINE('',#15135,#15136);
#15135 = CARTESIAN_POINT('',(22.873025326263,-50.8,201.56994706146));
#15136 = VECTOR('',#15137,1.);
#15137 = DIRECTION('',(0.,1.,0.));
#15138 = ORIENTED_EDGE('',*,*,#1750,.T.);
#15139 = ORIENTED_EDGE('',*,*,#15108,.F.);
#15140 = CYLINDRICAL_SURFACE('',#15141,0.15);
#15141 = AXIS2_PLACEMENT_3D('',#15142,#15143,#15144);
#15142 = CARTESIAN_POINT('',(22.74512930161,-50.8,201.64832184616));
#15143 = DIRECTION('',(0.,-1.,0.));
#15144 = DIRECTION('',(0.852640164354,0.,-0.522498564716));
#15145 = ADVANCED_FACE('',(#15146),#15165,.F.);
#15146 = FACE_BOUND('',#15147,.T.);
#15147 = EDGE_LOOP('',(#15148,#15149,#15158,#15164));
#15148 = ORIENTED_EDGE('',*,*,#15133,.F.);
#15149 = ORIENTED_EDGE('',*,*,#15150,.T.);
#15150 = EDGE_CURVE('',#15125,#15151,#15153,.T.);
#15151 = VERTEX_POINT('',#15152);
#15152 = CARTESIAN_POINT('',(22.804382950349,-50.7,201.2015214697));
#15153 = CIRCLE('',#15154,1.469292842572);
#15154 = AXIS2_PLACEMENT_3D('',#15155,#15156,#15157);
#15155 = CARTESIAN_POINT('',(24.271346163364,-50.7,201.11881482612));
#15156 = DIRECTION('',(-0.,-1.,0.));
#15157 = DIRECTION('',(-0.998414455247,0.,5.629010173276E-02));
#15158 = ORIENTED_EDGE('',*,*,#15159,.T.);
#15159 = EDGE_CURVE('',#15151,#1733,#15160,.T.);
#15160 = LINE('',#15161,#15162);
#15161 = CARTESIAN_POINT('',(22.804382950349,-50.8,201.2015214697));
#15162 = VECTOR('',#15163,1.);
#15163 = DIRECTION('',(0.,1.,0.));
#15164 = ORIENTED_EDGE('',*,*,#1741,.F.);
#15165 = CYLINDRICAL_SURFACE('',#15166,1.469292842572);
#15166 = AXIS2_PLACEMENT_3D('',#15167,#15168,#15169);
#15167 = CARTESIAN_POINT('',(24.271346163364,-50.8,201.11881482612));
#15168 = DIRECTION('',(-0.,-1.,-0.));
#15169 = DIRECTION('',(-0.998414455247,0.,5.629010173276E-02));
#15170 = ADVANCED_FACE('',(#15171),#15190,.F.);
#15171 = FACE_BOUND('',#15172,.T.);
#15172 = EDGE_LOOP('',(#15173,#15174,#15183,#15189));
#15173 = ORIENTED_EDGE('',*,*,#15159,.F.);
#15174 = ORIENTED_EDGE('',*,*,#15175,.T.);
#15175 = EDGE_CURVE('',#15151,#15176,#15178,.T.);
#15176 = VERTEX_POINT('',#15177);
#15177 = CARTESIAN_POINT('',(23.513822887665,-50.7,200.76677611698));
#15178 = CIRCLE('',#15179,0.471154273188);
#15179 = AXIS2_PLACEMENT_3D('',#15180,#15181,#15182);
#15180 = CARTESIAN_POINT('',(23.274655709328,-50.7,201.17271380918));
#15181 = DIRECTION('',(0.,-1.,-0.));
#15182 = DIRECTION('',(0.507619673527,0.,-0.861581259689));
#15183 = ORIENTED_EDGE('',*,*,#15184,.T.);
#15184 = EDGE_CURVE('',#15176,#1724,#15185,.T.);
#15185 = LINE('',#15186,#15187);
#15186 = CARTESIAN_POINT('',(23.513822887665,-50.8,200.76677611698));
#15187 = VECTOR('',#15188,1.);
#15188 = DIRECTION('',(0.,1.,0.));
#15189 = ORIENTED_EDGE('',*,*,#1732,.F.);
#15190 = CYLINDRICAL_SURFACE('',#15191,0.471154273188);
#15191 = AXIS2_PLACEMENT_3D('',#15192,#15193,#15194);
#15192 = CARTESIAN_POINT('',(23.274655709328,-50.8,201.17271380918));
#15193 = DIRECTION('',(-0.,-1.,-0.));
#15194 = DIRECTION('',(0.507619673527,0.,-0.861581259689));
#15195 = ADVANCED_FACE('',(#15196),#15215,.F.);
#15196 = FACE_BOUND('',#15197,.T.);
#15197 = EDGE_LOOP('',(#15198,#15199,#15208,#15214));
#15198 = ORIENTED_EDGE('',*,*,#15184,.F.);
#15199 = ORIENTED_EDGE('',*,*,#15200,.T.);
#15200 = EDGE_CURVE('',#15176,#15201,#15203,.T.);
#15201 = VERTEX_POINT('',#15202);
#15202 = CARTESIAN_POINT('',(23.810929507052,-50.7,200.99519864027));
#15203 = CIRCLE('',#15204,1.469292842571);
#15204 = AXIS2_PLACEMENT_3D('',#15205,#15206,#15207);
#15205 = CARTESIAN_POINT('',(22.774143366462,-50.7,202.03630188006));
#15206 = DIRECTION('',(0.,-1.,-0.));
#15207 = DIRECTION('',(0.705636147233,0.,-0.708574362871));
#15208 = ORIENTED_EDGE('',*,*,#15209,.T.);
#15209 = EDGE_CURVE('',#15201,#1715,#15210,.T.);
#15210 = LINE('',#15211,#15212);
#15211 = CARTESIAN_POINT('',(23.810929507052,-50.8,200.99519864027));
#15212 = VECTOR('',#15213,1.);
#15213 = DIRECTION('',(0.,1.,0.));
#15214 = ORIENTED_EDGE('',*,*,#1723,.F.);
#15215 = CYLINDRICAL_SURFACE('',#15216,1.469292842571);
#15216 = AXIS2_PLACEMENT_3D('',#15217,#15218,#15219);
#15217 = CARTESIAN_POINT('',(22.774143366462,-50.8,202.03630188006));
#15218 = DIRECTION('',(-0.,-1.,-0.));
#15219 = DIRECTION('',(0.705636147233,0.,-0.708574362871));
#15220 = ADVANCED_FACE('',(#15221),#15240,.T.);
#15221 = FACE_BOUND('',#15222,.T.);
#15222 = EDGE_LOOP('',(#15223,#15232,#15238,#15239));
#15223 = ORIENTED_EDGE('',*,*,#15224,.F.);
#15224 = EDGE_CURVE('',#15225,#15201,#15227,.T.);
#15225 = VERTEX_POINT('',#15226);
#15226 = CARTESIAN_POINT('',(24.017200316413,-50.7,201.04471988022));
#15227 = CIRCLE('',#15228,0.15);
#15228 = AXIS2_PLACEMENT_3D('',#15229,#15230,#15231);
#15229 = CARTESIAN_POINT('',(23.938825531705,-50.7,200.91682385556));
#15230 = DIRECTION('',(0.,-1.,0.));
#15231 = DIRECTION('',(0.522498564716,0.,0.852640164354));
#15232 = ORIENTED_EDGE('',*,*,#15233,.T.);
#15233 = EDGE_CURVE('',#15225,#1707,#15234,.T.);
#15234 = LINE('',#15235,#15236);
#15235 = CARTESIAN_POINT('',(24.017200316413,-50.8,201.04471988022));
#15236 = VECTOR('',#15237,1.);
#15237 = DIRECTION('',(0.,1.,0.));
#15238 = ORIENTED_EDGE('',*,*,#1714,.T.);
#15239 = ORIENTED_EDGE('',*,*,#15209,.F.);
#15240 = CYLINDRICAL_SURFACE('',#15241,0.15);
#15241 = AXIS2_PLACEMENT_3D('',#15242,#15243,#15244);
#15242 = CARTESIAN_POINT('',(23.938825531705,-50.8,200.91682385556));
#15243 = DIRECTION('',(0.,-1.,0.));
#15244 = DIRECTION('',(0.522498564716,0.,0.852640164354));
#15245 = ADVANCED_FACE('',(#15246),#15264,.T.);
#15246 = FACE_BOUND('',#15247,.T.);
#15247 = EDGE_LOOP('',(#15248,#15256,#15262,#15263));
#15248 = ORIENTED_EDGE('',*,*,#15249,.F.);
#15249 = EDGE_CURVE('',#15250,#15225,#15252,.T.);
#15250 = VERTEX_POINT('',#15251);
#15251 = CARTESIAN_POINT('',(24.493440665244,-50.7,200.72650625261));
#15252 = LINE('',#15253,#15254);
#15253 = CARTESIAN_POINT('',(24.374380578036,-50.7,200.80605965951));
#15254 = VECTOR('',#15255,1.);
#15255 = DIRECTION('',(-0.831469612303,0.,0.55557023302));
#15256 = ORIENTED_EDGE('',*,*,#15257,.T.);
#15257 = EDGE_CURVE('',#15250,#1698,#15258,.T.);
#15258 = LINE('',#15259,#15260);
#15259 = CARTESIAN_POINT('',(24.493440665244,-50.8,200.72650625261));
#15260 = VECTOR('',#15261,1.);
#15261 = DIRECTION('',(0.,1.,0.));
#15262 = ORIENTED_EDGE('',*,*,#1706,.T.);
#15263 = ORIENTED_EDGE('',*,*,#15233,.F.);
#15264 = PLANE('',#15265);
#15265 = AXIS2_PLACEMENT_3D('',#15266,#15267,#15268);
#15266 = CARTESIAN_POINT('',(24.493440665244,-50.8,200.72650625261));
#15267 = DIRECTION('',(0.55557023302,-0.,0.831469612303));
#15268 = DIRECTION('',(-0.831469612303,0.,0.55557023302));
#15269 = ADVANCED_FACE('',(#15270),#15289,.T.);
#15270 = FACE_BOUND('',#15271,.T.);
#15271 = EDGE_LOOP('',(#15272,#15281,#15287,#15288));
#15272 = ORIENTED_EDGE('',*,*,#15273,.F.);
#15273 = EDGE_CURVE('',#15274,#15250,#15276,.T.);
#15274 = VERTEX_POINT('',#15275);
#15275 = CARTESIAN_POINT('',(24.526625426557,-50.7,200.51698591561));
#15276 = CIRCLE('',#15277,0.15);
#15277 = AXIS2_PLACEMENT_3D('',#15278,#15279,#15280);
#15278 = CARTESIAN_POINT('',(24.4052728774,-50.7,200.60515370345));
#15279 = DIRECTION('',(0.,-1.,0.));
#15280 = DIRECTION('',(0.809016994375,0.,-0.587785252292));
#15281 = ORIENTED_EDGE('',*,*,#15282,.T.);
#15282 = EDGE_CURVE('',#15274,#1689,#15283,.T.);
#15283 = LINE('',#15284,#15285);
#15284 = CARTESIAN_POINT('',(24.526625426557,-50.8,200.51698591561));
#15285 = VECTOR('',#15286,1.);
#15286 = DIRECTION('',(0.,1.,0.));
#15287 = ORIENTED_EDGE('',*,*,#1697,.T.);
#15288 = ORIENTED_EDGE('',*,*,#15257,.F.);
#15289 = CYLINDRICAL_SURFACE('',#15290,0.15);
#15290 = AXIS2_PLACEMENT_3D('',#15291,#15292,#15293);
#15291 = CARTESIAN_POINT('',(24.4052728774,-50.8,200.60515370345));
#15292 = DIRECTION('',(0.,-1.,0.));
#15293 = DIRECTION('',(0.809016994375,0.,-0.587785252292));
#15294 = ADVANCED_FACE('',(#15295),#15314,.F.);
#15295 = FACE_BOUND('',#15296,.T.);
#15296 = EDGE_LOOP('',(#15297,#15298,#15307,#15313));
#15297 = ORIENTED_EDGE('',*,*,#15282,.F.);
#15298 = ORIENTED_EDGE('',*,*,#15299,.T.);
#15299 = EDGE_CURVE('',#15274,#15300,#15302,.T.);
#15300 = VERTEX_POINT('',#15301);
#15301 = CARTESIAN_POINT('',(24.429288313407,-50.7,200.15508167574));
#15302 = CIRCLE('',#15303,1.469292842572);
#15303 = AXIS2_PLACEMENT_3D('',#15304,#15305,#15306);
#15304 = CARTESIAN_POINT('',(25.885240279944,-50.7,199.95753338198));
#15305 = DIRECTION('',(-0.,-1.,0.));
#15306 = DIRECTION('',(-0.990920206205,0.,0.134451273455));
#15307 = ORIENTED_EDGE('',*,*,#15308,.T.);
#15308 = EDGE_CURVE('',#15300,#1680,#15309,.T.);
#15309 = LINE('',#15310,#15311);
#15310 = CARTESIAN_POINT('',(24.429288313407,-50.8,200.15508167574));
#15311 = VECTOR('',#15312,1.);
#15312 = DIRECTION('',(0.,1.,0.));
#15313 = ORIENTED_EDGE('',*,*,#1688,.F.);
#15314 = CYLINDRICAL_SURFACE('',#15315,1.469292842572);
#15315 = AXIS2_PLACEMENT_3D('',#15316,#15317,#15318);
#15316 = CARTESIAN_POINT('',(25.885240279944,-50.8,199.95753338198));
#15317 = DIRECTION('',(-0.,-1.,-0.));
#15318 = DIRECTION('',(-0.990920206205,0.,0.134451273455));
#15319 = ADVANCED_FACE('',(#15320),#15339,.F.);
#15320 = FACE_BOUND('',#15321,.T.);
#15321 = EDGE_LOOP('',(#15322,#15323,#15332,#15338));
#15322 = ORIENTED_EDGE('',*,*,#15308,.F.);
#15323 = ORIENTED_EDGE('',*,*,#15324,.T.);
#15324 = EDGE_CURVE('',#15300,#15325,#15327,.T.);
#15325 = VERTEX_POINT('',#15326);
#15326 = CARTESIAN_POINT('',(25.102431556914,-50.7,199.6660144819));
#15327 = CIRCLE('',#15328,0.471154273188);
#15328 = AXIS2_PLACEMENT_3D('',#15329,#15330,#15331);
#15329 = CARTESIAN_POINT('',(24.895851155422,-50.7,200.08946564421));
#15330 = DIRECTION('',(0.,-1.,-0.));
#15331 = DIRECTION('',(0.438455964952,0.,-0.898752672763));
#15332 = ORIENTED_EDGE('',*,*,#15333,.T.);
#15333 = EDGE_CURVE('',#15325,#1671,#15334,.T.);
#15334 = LINE('',#15335,#15336);
#15335 = CARTESIAN_POINT('',(25.102431556914,-50.8,199.6660144819));
#15336 = VECTOR('',#15337,1.);
#15337 = DIRECTION('',(0.,1.,0.));
#15338 = ORIENTED_EDGE('',*,*,#1679,.F.);
#15339 = CYLINDRICAL_SURFACE('',#15340,0.471154273188);
#15340 = AXIS2_PLACEMENT_3D('',#15341,#15342,#15343);
#15341 = CARTESIAN_POINT('',(24.895851155422,-50.8,200.08946564421));
#15342 = DIRECTION('',(-0.,-1.,-0.));
#15343 = DIRECTION('',(0.438455964952,0.,-0.898752672763));
#15344 = ADVANCED_FACE('',(#15345),#15364,.F.);
#15345 = FACE_BOUND('',#15346,.T.);
#15346 = EDGE_LOOP('',(#15347,#15348,#15357,#15363));
#15347 = ORIENTED_EDGE('',*,*,#15333,.F.);
#15348 = ORIENTED_EDGE('',*,*,#15349,.T.);
#15349 = EDGE_CURVE('',#15325,#15350,#15352,.T.);
#15350 = VERTEX_POINT('',#15351);
#15351 = CARTESIAN_POINT('',(25.416544120369,-50.7,199.87042213809));
#15352 = CIRCLE('',#15353,1.469292842572);
#15353 = AXIS2_PLACEMENT_3D('',#15354,#15355,#15356);
#15354 = CARTESIAN_POINT('',(24.464638064194,-50.7,200.9896613071));
#15355 = DIRECTION('',(0.,-1.,-0.));
#15356 = DIRECTION('',(0.647866802719,0.,-0.761753638609));
#15357 = ORIENTED_EDGE('',*,*,#15358,.T.);
#15358 = EDGE_CURVE('',#15350,#1662,#15359,.T.);
#15359 = LINE('',#15360,#15361);
#15360 = CARTESIAN_POINT('',(25.416544120369,-50.8,199.87042213809));
#15361 = VECTOR('',#15362,1.);
#15362 = DIRECTION('',(0.,1.,0.));
#15363 = ORIENTED_EDGE('',*,*,#1670,.F.);
#15364 = CYLINDRICAL_SURFACE('',#15365,1.469292842572);
#15365 = AXIS2_PLACEMENT_3D('',#15366,#15367,#15368);
#15366 = CARTESIAN_POINT('',(24.464638064194,-50.8,200.9896613071));
#15367 = DIRECTION('',(-0.,-1.,-0.));
#15368 = DIRECTION('',(0.647866802719,0.,-0.761753638609));
#15369 = ADVANCED_FACE('',(#15370),#15389,.T.);
#15370 = FACE_BOUND('',#15371,.T.);
#15371 = EDGE_LOOP('',(#15372,#15381,#15387,#15388));
#15372 = ORIENTED_EDGE('',*,*,#15373,.F.);
#15373 = EDGE_CURVE('',#15374,#15350,#15376,.T.);
#15374 = VERTEX_POINT('',#15375);
#15375 = CARTESIAN_POINT('',(25.626064457369,-50.7,199.9036068994));
#15376 = CIRCLE('',#15377,0.15);
#15377 = AXIS2_PLACEMENT_3D('',#15378,#15379,#15380);
#15378 = CARTESIAN_POINT('',(25.537896669525,-50.7,199.78225435025));
#15379 = DIRECTION('',(0.,-1.,0.));
#15380 = DIRECTION('',(0.587785252292,0.,0.809016994375));
#15381 = ORIENTED_EDGE('',*,*,#15382,.T.);
#15382 = EDGE_CURVE('',#15374,#1654,#15383,.T.);
#15383 = LINE('',#15384,#15385);
#15384 = CARTESIAN_POINT('',(25.626064457369,-50.8,199.9036068994));
#15385 = VECTOR('',#15386,1.);
#15386 = DIRECTION('',(0.,1.,0.));
#15387 = ORIENTED_EDGE('',*,*,#1661,.T.);
#15388 = ORIENTED_EDGE('',*,*,#15358,.F.);
#15389 = CYLINDRICAL_SURFACE('',#15390,0.15);
#15390 = AXIS2_PLACEMENT_3D('',#15391,#15392,#15393);
#15391 = CARTESIAN_POINT('',(25.537896669525,-50.8,199.78225435025));
#15392 = DIRECTION('',(0.,-1.,0.));
#15393 = DIRECTION('',(0.587785252292,0.,0.809016994375));
#15394 = ADVANCED_FACE('',(#15395),#15413,.T.);
#15395 = FACE_BOUND('',#15396,.T.);
#15396 = EDGE_LOOP('',(#15397,#15405,#15411,#15412));
#15397 = ORIENTED_EDGE('',*,*,#15398,.F.);
#15398 = EDGE_CURVE('',#15399,#15374,#15401,.T.);
#15399 = VERTEX_POINT('',#15400);
#15400 = CARTESIAN_POINT('',(26.075869962672,-50.7,199.54900883109));
#15401 = LINE('',#15402,#15403);
#15402 = CARTESIAN_POINT('',(25.963418586346,-50.7,199.63765834817));
#15403 = VECTOR('',#15404,1.);
#15404 = DIRECTION('',(-0.785316930881,0.,0.61909394931));
#15405 = ORIENTED_EDGE('',*,*,#15406,.T.);
#15406 = EDGE_CURVE('',#15399,#1645,#15407,.T.);
#15407 = LINE('',#15408,#15409);
#15408 = CARTESIAN_POINT('',(26.075869962672,-50.8,199.54900883109));
#15409 = VECTOR('',#15410,1.);
#15410 = DIRECTION('',(0.,1.,0.));
#15411 = ORIENTED_EDGE('',*,*,#1653,.T.);
#15412 = ORIENTED_EDGE('',*,*,#15382,.F.);
#15413 = PLANE('',#15414);
#15414 = AXIS2_PLACEMENT_3D('',#15415,#15416,#15417);
#15415 = CARTESIAN_POINT('',(26.075869962672,-50.8,199.54900883109));
#15416 = DIRECTION('',(0.61909394931,-0.,0.785316930881));
#15417 = DIRECTION('',(-0.785316930881,0.,0.61909394931));
#15418 = ADVANCED_FACE('',(#15419),#15438,.T.);
#15419 = FACE_BOUND('',#15420,.T.);
#15420 = EDGE_LOOP('',(#15421,#15430,#15436,#15437));
#15421 = ORIENTED_EDGE('',*,*,#15422,.F.);
#15422 = EDGE_CURVE('',#15423,#15399,#15425,.T.);
#15423 = VERTEX_POINT('',#15424);
#15424 = CARTESIAN_POINT('',(26.092513650263,-50.7,199.337530729));
#15425 = CIRCLE('',#15426,0.15);
#15426 = AXIS2_PLACEMENT_3D('',#15427,#15428,#15429);
#15427 = CARTESIAN_POINT('',(25.978452755423,-50.7,199.43494793625));
#15428 = DIRECTION('',(0.,-1.,0.));
#15429 = DIRECTION('',(0.7604059656,0.,-0.64944804833));
#15430 = ORIENTED_EDGE('',*,*,#15431,.T.);
#15431 = EDGE_CURVE('',#15423,#1636,#15432,.T.);
#15432 = LINE('',#15433,#15434);
#15433 = CARTESIAN_POINT('',(26.092513650263,-50.8,199.337530729));
#15434 = VECTOR('',#15435,1.);
#15435 = DIRECTION('',(0.,1.,0.));
#15436 = ORIENTED_EDGE('',*,*,#1644,.T.);
#15437 = ORIENTED_EDGE('',*,*,#15406,.F.);
#15438 = CYLINDRICAL_SURFACE('',#15439,0.15);
#15439 = AXIS2_PLACEMENT_3D('',#15440,#15441,#15442);
#15440 = CARTESIAN_POINT('',(25.978452755423,-50.8,199.43494793625));
#15441 = DIRECTION('',(0.,-1.,0.));
#15442 = DIRECTION('',(0.7604059656,0.,-0.64944804833));
#15443 = ADVANCED_FACE('',(#15444),#15463,.F.);
#15444 = FACE_BOUND('',#15445,.T.);
#15445 = EDGE_LOOP('',(#15446,#15447,#15456,#15462));
#15446 = ORIENTED_EDGE('',*,*,#15431,.F.);
#15447 = ORIENTED_EDGE('',*,*,#15448,.T.);
#15448 = EDGE_CURVE('',#15423,#15449,#15451,.T.);
#15449 = VERTEX_POINT('',#15450);
#15450 = CARTESIAN_POINT('',(25.967081915548,-50.7,198.98437910101));
#15451 = CIRCLE('',#15452,1.469292842572);
#15452 = AXIS2_PLACEMENT_3D('',#15453,#15454,#15455);
#15453 = CARTESIAN_POINT('',(27.403046207582,-50.7,198.67320710799));
#15454 = DIRECTION('',(-0.,-1.,0.));
#15455 = DIRECTION('',(-0.977316604578,0.,0.211783508367));
#15456 = ORIENTED_EDGE('',*,*,#15457,.T.);
#15457 = EDGE_CURVE('',#15449,#1627,#15458,.T.);
#15458 = LINE('',#15459,#15460);
#15459 = CARTESIAN_POINT('',(25.967081915548,-50.8,198.98437910101));
#15460 = VECTOR('',#15461,1.);
#15461 = DIRECTION('',(0.,1.,0.));
#15462 = ORIENTED_EDGE('',*,*,#1635,.F.);
#15463 = CYLINDRICAL_SURFACE('',#15464,1.469292842572);
#15464 = AXIS2_PLACEMENT_3D('',#15465,#15466,#15467);
#15465 = CARTESIAN_POINT('',(27.403046207582,-50.8,198.67320710799));
#15466 = DIRECTION('',(-0.,-1.,-0.));
#15467 = DIRECTION('',(-0.977316604578,0.,0.211783508367));
#15468 = ADVANCED_FACE('',(#15469),#15488,.F.);
#15469 = FACE_BOUND('',#15470,.T.);
#15470 = EDGE_LOOP('',(#15471,#15472,#15481,#15487));
#15471 = ORIENTED_EDGE('',*,*,#15457,.F.);
#15472 = ORIENTED_EDGE('',*,*,#15473,.T.);
#15473 = EDGE_CURVE('',#15449,#15474,#15476,.T.);
#15474 = VERTEX_POINT('',#15475);
#15475 = CARTESIAN_POINT('',(26.599778313306,-50.7,198.44400532792));
#15476 = CIRCLE('',#15477,0.471154273188);
#15477 = AXIS2_PLACEMENT_3D('',#15478,#15479,#15480);
#15478 = CARTESIAN_POINT('',(26.427058325529,-50.7,198.88235924311));
#15479 = DIRECTION('',(0.,-1.,-0.));
#15480 = DIRECTION('',(0.366589029551,0.,-0.930382976743));
#15481 = ORIENTED_EDGE('',*,*,#15482,.T.);
#15482 = EDGE_CURVE('',#15474,#1618,#15483,.T.);
#15483 = LINE('',#15484,#15485);
#15484 = CARTESIAN_POINT('',(26.599778313306,-50.8,198.44400532792));
#15485 = VECTOR('',#15486,1.);
#15486 = DIRECTION('',(0.,1.,0.));
#15487 = ORIENTED_EDGE('',*,*,#1626,.F.);
#15488 = CYLINDRICAL_SURFACE('',#15489,0.471154273188);
#15489 = AXIS2_PLACEMENT_3D('',#15490,#15491,#15492);
#15490 = CARTESIAN_POINT('',(26.427058325529,-50.8,198.88235924311));
#15491 = DIRECTION('',(-0.,-1.,-0.));
#15492 = DIRECTION('',(0.366589029551,0.,-0.930382976743));
#15493 = ADVANCED_FACE('',(#15494),#15513,.F.);
#15494 = FACE_BOUND('',#15495,.T.);
#15495 = EDGE_LOOP('',(#15496,#15497,#15506,#15512));
#15496 = ORIENTED_EDGE('',*,*,#15482,.F.);
#15497 = ORIENTED_EDGE('',*,*,#15498,.T.);
#15498 = EDGE_CURVE('',#15474,#15499,#15501,.T.);
#15499 = VERTEX_POINT('',#15500);
#15500 = CARTESIAN_POINT('',(26.928960212423,-50.7,198.62313787584));
#15501 = CIRCLE('',#15502,1.469292842572);
#15502 = AXIS2_PLACEMENT_3D('',#15503,#15504,#15505);
#15503 = CARTESIAN_POINT('',(26.06780305804,-50.7,199.81361249241));
#15504 = DIRECTION('',(0.,-1.,-0.));
#15505 = DIRECTION('',(0.586103143928,0.,-0.810236449857));
#15506 = ORIENTED_EDGE('',*,*,#15507,.T.);
#15507 = EDGE_CURVE('',#15499,#1609,#15508,.T.);
#15508 = LINE('',#15509,#15510);
#15509 = CARTESIAN_POINT('',(26.928960212423,-50.8,198.62313787584));
#15510 = VECTOR('',#15511,1.);
#15511 = DIRECTION('',(0.,1.,0.));
#15512 = ORIENTED_EDGE('',*,*,#1617,.F.);
#15513 = CYLINDRICAL_SURFACE('',#15514,1.469292842572);
#15514 = AXIS2_PLACEMENT_3D('',#15515,#15516,#15517);
#15515 = CARTESIAN_POINT('',(26.06780305804,-50.8,199.81361249241));
#15516 = DIRECTION('',(-0.,-1.,-0.));
#15517 = DIRECTION('',(0.586103143928,0.,-0.810236449857));
#15518 = ADVANCED_FACE('',(#15519),#15538,.T.);
#15519 = FACE_BOUND('',#15520,.T.);
#15520 = EDGE_LOOP('',(#15521,#15530,#15536,#15537));
#15521 = ORIENTED_EDGE('',*,*,#15522,.F.);
#15522 = EDGE_CURVE('',#15523,#15499,#15525,.T.);
#15523 = VERTEX_POINT('',#15524);
#15524 = CARTESIAN_POINT('',(27.140438314512,-50.7,198.63978156343));
#15525 = CIRCLE('',#15526,0.15);
#15526 = AXIS2_PLACEMENT_3D('',#15527,#15528,#15529);
#15527 = CARTESIAN_POINT('',(27.043021107263,-50.7,198.52572066859));
#15528 = DIRECTION('',(0.,-1.,0.));
#15529 = DIRECTION('',(0.64944804833,0.,0.7604059656));
#15530 = ORIENTED_EDGE('',*,*,#15531,.T.);
#15531 = EDGE_CURVE('',#15523,#1601,#15532,.T.);
#15532 = LINE('',#15533,#15534);
#15533 = CARTESIAN_POINT('',(27.140438314512,-50.8,198.63978156343));
#15534 = VECTOR('',#15535,1.);
#15535 = DIRECTION('',(0.,1.,0.));
#15536 = ORIENTED_EDGE('',*,*,#1608,.T.);
#15537 = ORIENTED_EDGE('',*,*,#15507,.F.);
#15538 = CYLINDRICAL_SURFACE('',#15539,0.15);
#15539 = AXIS2_PLACEMENT_3D('',#15540,#15541,#15542);
#15540 = CARTESIAN_POINT('',(27.043021107263,-50.8,198.52572066859));
#15541 = DIRECTION('',(0.,-1.,0.));
#15542 = DIRECTION('',(0.64944804833,0.,0.7604059656));
#15543 = ADVANCED_FACE('',(#15544),#15562,.T.);
#15544 = FACE_BOUND('',#15545,.T.);
#15545 = EDGE_LOOP('',(#15546,#15554,#15560,#15561));
#15546 = ORIENTED_EDGE('',*,*,#15547,.F.);
#15547 = EDGE_CURVE('',#15548,#15523,#15550,.T.);
#15548 = VERTEX_POINT('',#15549);
#15549 = CARTESIAN_POINT('',(27.561035775772,-50.7,198.25098526943));
#15550 = LINE('',#15551,#15552);
#15551 = CARTESIAN_POINT('',(27.455886410457,-50.7,198.34818434293));
#15552 = VECTOR('',#15553,1.);
#15553 = DIRECTION('',(-0.734322509436,0.,0.678800745533));
#15554 = ORIENTED_EDGE('',*,*,#15555,.T.);
#15555 = EDGE_CURVE('',#15548,#1592,#15556,.T.);
#15556 = LINE('',#15557,#15558);
#15557 = CARTESIAN_POINT('',(27.561035775772,-50.8,198.25098526943));
#15558 = VECTOR('',#15559,1.);
#15559 = DIRECTION('',(0.,1.,0.));
#15560 = ORIENTED_EDGE('',*,*,#1600,.T.);
#15561 = ORIENTED_EDGE('',*,*,#15531,.F.);
#15562 = PLANE('',#15563);
#15563 = AXIS2_PLACEMENT_3D('',#15564,#15565,#15566);
#15564 = CARTESIAN_POINT('',(27.561035775772,-50.8,198.25098526943));
#15565 = DIRECTION('',(0.678800745533,-0.,0.734322509436));
#15566 = DIRECTION('',(-0.734322509436,0.,0.678800745533));
#15567 = ADVANCED_FACE('',(#15568),#15587,.T.);
#15568 = FACE_BOUND('',#15569,.T.);
#15569 = EDGE_LOOP('',(#15570,#15579,#15585,#15586));
#15570 = ORIENTED_EDGE('',*,*,#15571,.F.);
#15571 = EDGE_CURVE('',#15572,#15548,#15574,.T.);
#15572 = VERTEX_POINT('',#15573);
#15573 = CARTESIAN_POINT('',(27.561035775772,-50.7,198.03885323507));
#15574 = CIRCLE('',#15575,0.15);
#15575 = AXIS2_PLACEMENT_3D('',#15576,#15577,#15578);
#15576 = CARTESIAN_POINT('',(27.454969758593,-50.7,198.14491925225));
#15577 = DIRECTION('',(0.,-1.,0.));
#15578 = DIRECTION('',(0.707106781187,0.,-0.707106781186));
#15579 = ORIENTED_EDGE('',*,*,#15580,.T.);
#15580 = EDGE_CURVE('',#15572,#1583,#15581,.T.);
#15581 = LINE('',#15582,#15583);
#15582 = CARTESIAN_POINT('',(27.561035775772,-50.8,198.03885323507));
#15583 = VECTOR('',#15584,1.);
#15584 = DIRECTION('',(0.,1.,0.));
#15585 = ORIENTED_EDGE('',*,*,#1591,.T.);
#15586 = ORIENTED_EDGE('',*,*,#15555,.F.);
#15587 = CYLINDRICAL_SURFACE('',#15588,0.15);
#15588 = AXIS2_PLACEMENT_3D('',#15589,#15590,#15591);
#15589 = CARTESIAN_POINT('',(27.454969758593,-50.8,198.14491925225));
#15590 = DIRECTION('',(0.,-1.,0.));
#15591 = DIRECTION('',(0.707106781187,0.,-0.707106781186));
#15592 = ADVANCED_FACE('',(#15593),#15612,.F.);
#15593 = FACE_BOUND('',#15594,.T.);
#15594 = EDGE_LOOP('',(#15595,#15596,#15605,#15611));
#15595 = ORIENTED_EDGE('',*,*,#15580,.F.);
#15596 = ORIENTED_EDGE('',*,*,#15597,.T.);
#15597 = EDGE_CURVE('',#15572,#15598,#15600,.T.);
#15598 = VERTEX_POINT('',#15599);
#15599 = CARTESIAN_POINT('',(27.408282747847,-50.7,197.69663151617));
#15600 = CIRCLE('',#15601,1.469292842572);
#15601 = AXIS2_PLACEMENT_3D('',#15602,#15603,#15604);
#15602 = CARTESIAN_POINT('',(28.815406168008,-50.7,197.2737543027));
#15603 = DIRECTION('',(-0.,-1.,0.));
#15604 = DIRECTION('',(-0.957687521092,0.,0.287810027525));
#15605 = ORIENTED_EDGE('',*,*,#15606,.T.);
#15606 = EDGE_CURVE('',#15598,#1574,#15607,.T.);
#15607 = LINE('',#15608,#15609);
#15608 = CARTESIAN_POINT('',(27.408282747847,-50.8,197.69663151617));
#15609 = VECTOR('',#15610,1.);
#15610 = DIRECTION('',(0.,1.,0.));
#15611 = ORIENTED_EDGE('',*,*,#1582,.F.);
#15612 = CYLINDRICAL_SURFACE('',#15613,1.469292842572);
#15613 = AXIS2_PLACEMENT_3D('',#15614,#15615,#15616);
#15614 = CARTESIAN_POINT('',(28.815406168008,-50.8,197.2737543027));
#15615 = DIRECTION('',(-0.,-1.,-0.));
#15616 = DIRECTION('',(-0.957687521092,0.,0.287810027525));
#15617 = ADVANCED_FACE('',(#15618),#15637,.F.);
#15618 = FACE_BOUND('',#15619,.T.);
#15619 = EDGE_LOOP('',(#15620,#15621,#15630,#15636));
#15620 = ORIENTED_EDGE('',*,*,#15606,.F.);
#15621 = ORIENTED_EDGE('',*,*,#15622,.T.);
#15622 = EDGE_CURVE('',#15598,#15623,#15625,.T.);
#15623 = VERTEX_POINT('',#15624);
#15624 = CARTESIAN_POINT('',(27.996631516171,-50.7,197.10828274784));
#15625 = CIRCLE('',#15626,0.471154273188);
#15626 = AXIS2_PLACEMENT_3D('',#15627,#15628,#15629);
#15627 = CARTESIAN_POINT('',(27.858836818268,-50.7,197.55883681826));
#15628 = DIRECTION('',(0.,-1.,-0.));
#15629 = DIRECTION('',(0.29246195088,0.,-0.956277160287));
#15630 = ORIENTED_EDGE('',*,*,#15631,.T.);
#15631 = EDGE_CURVE('',#15623,#1565,#15632,.T.);
#15632 = LINE('',#15633,#15634);
#15633 = CARTESIAN_POINT('',(27.996631516171,-50.8,197.10828274784));
#15634 = VECTOR('',#15635,1.);
#15635 = DIRECTION('',(0.,1.,0.));
#15636 = ORIENTED_EDGE('',*,*,#1573,.F.);
#15637 = CYLINDRICAL_SURFACE('',#15638,0.471154273188);
#15638 = AXIS2_PLACEMENT_3D('',#15639,#15640,#15641);
#15639 = CARTESIAN_POINT('',(27.858836818268,-50.8,197.55883681826));
#15640 = DIRECTION('',(-0.,-1.,-0.));
#15641 = DIRECTION('',(0.29246195088,0.,-0.956277160287));
#15642 = ADVANCED_FACE('',(#15643),#15662,.F.);
#15643 = FACE_BOUND('',#15644,.T.);
#15644 = EDGE_LOOP('',(#15645,#15646,#15655,#15661));
#15645 = ORIENTED_EDGE('',*,*,#15631,.F.);
#15646 = ORIENTED_EDGE('',*,*,#15647,.T.);
#15647 = EDGE_CURVE('',#15623,#15648,#15650,.T.);
#15648 = VERTEX_POINT('',#15649);
#15649 = CARTESIAN_POINT('',(28.338853235077,-50.7,197.26103577577));
#15650 = CIRCLE('',#15651,1.469292842571);
#15651 = AXIS2_PLACEMENT_3D('',#15652,#15653,#15654);
#15652 = CARTESIAN_POINT('',(27.573754302708,-50.7,198.515406168));
#15653 = DIRECTION('',(0.,-1.,-0.));
#15654 = DIRECTION('',(0.520725964356,0.,-0.853723883961));
#15655 = ORIENTED_EDGE('',*,*,#15656,.T.);
#15656 = EDGE_CURVE('',#15648,#1556,#15657,.T.);
#15657 = LINE('',#15658,#15659);
#15658 = CARTESIAN_POINT('',(28.338853235077,-50.8,197.26103577577));
#15659 = VECTOR('',#15660,1.);
#15660 = DIRECTION('',(0.,1.,0.));
#15661 = ORIENTED_EDGE('',*,*,#1564,.F.);
#15662 = CYLINDRICAL_SURFACE('',#15663,1.469292842571);
#15663 = AXIS2_PLACEMENT_3D('',#15664,#15665,#15666);
#15664 = CARTESIAN_POINT('',(27.573754302708,-50.8,198.515406168));
#15665 = DIRECTION('',(-0.,-1.,-0.));
#15666 = DIRECTION('',(0.520725964356,0.,-0.853723883961));
#15667 = ADVANCED_FACE('',(#15668),#15687,.T.);
#15668 = FACE_BOUND('',#15669,.T.);
#15669 = EDGE_LOOP('',(#15670,#15679,#15685,#15686));
#15670 = ORIENTED_EDGE('',*,*,#15671,.F.);
#15671 = EDGE_CURVE('',#15672,#15648,#15674,.T.);
#15672 = VERTEX_POINT('',#15673);
#15673 = CARTESIAN_POINT('',(28.550985269433,-50.7,197.26103577577));
#15674 = CIRCLE('',#15675,0.15);
#15675 = AXIS2_PLACEMENT_3D('',#15676,#15677,#15678);
#15676 = CARTESIAN_POINT('',(28.444919252255,-50.7,197.15496975859));
#15677 = DIRECTION('',(0.,-1.,0.));
#15678 = DIRECTION('',(0.707106781187,0.,0.707106781186));
#15679 = ORIENTED_EDGE('',*,*,#15680,.T.);
#15680 = EDGE_CURVE('',#15672,#1548,#15681,.T.);
#15681 = LINE('',#15682,#15683);
#15682 = CARTESIAN_POINT('',(28.550985269433,-50.8,197.26103577577));
#15683 = VECTOR('',#15684,1.);
#15684 = DIRECTION('',(0.,1.,0.));
#15685 = ORIENTED_EDGE('',*,*,#1555,.T.);
#15686 = ORIENTED_EDGE('',*,*,#15656,.F.);
#15687 = CYLINDRICAL_SURFACE('',#15688,0.15);
#15688 = AXIS2_PLACEMENT_3D('',#15689,#15690,#15691);
#15689 = CARTESIAN_POINT('',(28.444919252255,-50.8,197.15496975859));
#15690 = DIRECTION('',(0.,-1.,0.));
#15691 = DIRECTION('',(0.707106781187,0.,0.707106781186));
#15692 = ADVANCED_FACE('',(#15693),#15711,.T.);
#15693 = FACE_BOUND('',#15694,.T.);
#15694 = EDGE_LOOP('',(#15695,#15703,#15709,#15710));
#15695 = ORIENTED_EDGE('',*,*,#15696,.F.);
#15696 = EDGE_CURVE('',#15697,#15672,#15699,.T.);
#15697 = VERTEX_POINT('',#15698);
#15698 = CARTESIAN_POINT('',(28.939781563436,-50.7,196.84043831451));
#15699 = LINE('',#15700,#15701);
#15700 = CARTESIAN_POINT('',(28.842582489935,-50.7,196.94558767982));
#15701 = VECTOR('',#15702,1.);
#15702 = DIRECTION('',(-0.678800745533,0.,0.734322509436));
#15703 = ORIENTED_EDGE('',*,*,#15704,.T.);
#15704 = EDGE_CURVE('',#15697,#1539,#15705,.T.);
#15705 = LINE('',#15706,#15707);
#15706 = CARTESIAN_POINT('',(28.939781563436,-50.8,196.84043831451));
#15707 = VECTOR('',#15708,1.);
#15708 = DIRECTION('',(0.,1.,0.));
#15709 = ORIENTED_EDGE('',*,*,#1547,.T.);
#15710 = ORIENTED_EDGE('',*,*,#15680,.F.);
#15711 = PLANE('',#15712);
#15712 = AXIS2_PLACEMENT_3D('',#15713,#15714,#15715);
#15713 = CARTESIAN_POINT('',(28.939781563436,-50.8,196.84043831451));
#15714 = DIRECTION('',(0.734322509436,-0.,0.678800745533));
#15715 = DIRECTION('',(-0.678800745533,0.,0.734322509436));
#15716 = ADVANCED_FACE('',(#15717),#15736,.T.);
#15717 = FACE_BOUND('',#15718,.T.);
#15718 = EDGE_LOOP('',(#15719,#15728,#15734,#15735));
#15719 = ORIENTED_EDGE('',*,*,#15720,.F.);
#15720 = EDGE_CURVE('',#15721,#15697,#15723,.T.);
#15721 = VERTEX_POINT('',#15722);
#15722 = CARTESIAN_POINT('',(28.923137875846,-50.7,196.62896021242));
#15723 = CIRCLE('',#15724,0.15);
#15724 = AXIS2_PLACEMENT_3D('',#15725,#15726,#15727);
#15725 = CARTESIAN_POINT('',(28.825720668596,-50.7,196.74302110726));
#15726 = DIRECTION('',(0.,-1.,0.));
#15727 = DIRECTION('',(0.64944804833,0.,-0.7604059656));
#15728 = ORIENTED_EDGE('',*,*,#15729,.T.);
#15729 = EDGE_CURVE('',#15721,#1530,#15730,.T.);
#15730 = LINE('',#15731,#15732);
#15731 = CARTESIAN_POINT('',(28.923137875846,-50.8,196.62896021242));
#15732 = VECTOR('',#15733,1.);
#15733 = DIRECTION('',(0.,1.,0.));
#15734 = ORIENTED_EDGE('',*,*,#1538,.T.);
#15735 = ORIENTED_EDGE('',*,*,#15704,.F.);
#15736 = CYLINDRICAL_SURFACE('',#15737,0.15);
#15737 = AXIS2_PLACEMENT_3D('',#15738,#15739,#15740);
#15738 = CARTESIAN_POINT('',(28.825720668596,-50.8,196.74302110726));
#15739 = DIRECTION('',(0.,-1.,0.));
#15740 = DIRECTION('',(0.64944804833,0.,-0.7604059656));
#15741 = ADVANCED_FACE('',(#15742),#15761,.F.);
#15742 = FACE_BOUND('',#15743,.T.);
#15743 = EDGE_LOOP('',(#15744,#15745,#15754,#15760));
#15744 = ORIENTED_EDGE('',*,*,#15729,.F.);
#15745 = ORIENTED_EDGE('',*,*,#15746,.T.);
#15746 = EDGE_CURVE('',#15721,#15747,#15749,.T.);
#15747 = VERTEX_POINT('',#15748);
#15748 = CARTESIAN_POINT('',(28.744005327924,-50.7,196.2997783133));
#15749 = CIRCLE('',#15750,1.469292842571);
#15750 = AXIS2_PLACEMENT_3D('',#15751,#15752,#15753);
#15751 = CARTESIAN_POINT('',(30.113612492412,-50.7,195.76780305804));
#15752 = DIRECTION('',(-0.,-1.,0.));
#15753 = DIRECTION('',(-0.932153975576,0.,0.362062102157));
#15754 = ORIENTED_EDGE('',*,*,#15755,.T.);
#15755 = EDGE_CURVE('',#15747,#1521,#15756,.T.);
#15756 = LINE('',#15757,#15758);
#15757 = CARTESIAN_POINT('',(28.744005327924,-50.8,196.2997783133));
#15758 = VECTOR('',#15759,1.);
#15759 = DIRECTION('',(0.,1.,0.));
#15760 = ORIENTED_EDGE('',*,*,#1529,.F.);
#15761 = CYLINDRICAL_SURFACE('',#15762,1.469292842571);
#15762 = AXIS2_PLACEMENT_3D('',#15763,#15764,#15765);
#15763 = CARTESIAN_POINT('',(30.113612492412,-50.8,195.76780305804));
#15764 = DIRECTION('',(-0.,-1.,-0.));
#15765 = DIRECTION('',(-0.932153975576,0.,0.362062102157));
#15766 = ADVANCED_FACE('',(#15767),#15786,.F.);
#15767 = FACE_BOUND('',#15768,.T.);
#15768 = EDGE_LOOP('',(#15769,#15770,#15779,#15785));
#15769 = ORIENTED_EDGE('',*,*,#15755,.F.);
#15770 = ORIENTED_EDGE('',*,*,#15771,.T.);
#15771 = EDGE_CURVE('',#15747,#15772,#15774,.T.);
#15772 = VERTEX_POINT('',#15773);
#15773 = CARTESIAN_POINT('',(29.284379101011,-50.7,195.66708191554));
#15774 = CIRCLE('',#15775,0.471154273188);
#15775 = AXIS2_PLACEMENT_3D('',#15776,#15777,#15778);
#15776 = CARTESIAN_POINT('',(29.182359243117,-50.7,196.12705832552));
#15777 = DIRECTION('',(0.,-1.,-0.));
#15778 = DIRECTION('',(0.216531747029,0.,-0.976275577144));
#15779 = ORIENTED_EDGE('',*,*,#15780,.T.);
#15780 = EDGE_CURVE('',#15772,#1512,#15781,.T.);
#15781 = LINE('',#15782,#15783);
#15782 = CARTESIAN_POINT('',(29.284379101011,-50.8,195.66708191554));
#15783 = VECTOR('',#15784,1.);
#15784 = DIRECTION('',(0.,1.,0.));
#15785 = ORIENTED_EDGE('',*,*,#1520,.F.);
#15786 = CYLINDRICAL_SURFACE('',#15787,0.471154273188);
#15787 = AXIS2_PLACEMENT_3D('',#15788,#15789,#15790);
#15788 = CARTESIAN_POINT('',(29.182359243117,-50.8,196.12705832552));
#15789 = DIRECTION('',(-0.,-1.,-0.));
#15790 = DIRECTION('',(0.216531747029,0.,-0.976275577144));
#15791 = ADVANCED_FACE('',(#15792),#15811,.F.);
#15792 = FACE_BOUND('',#15793,.T.);
#15793 = EDGE_LOOP('',(#15794,#15795,#15804,#15810));
#15794 = ORIENTED_EDGE('',*,*,#15780,.F.);
#15795 = ORIENTED_EDGE('',*,*,#15796,.T.);
#15796 = EDGE_CURVE('',#15772,#15797,#15799,.T.);
#15797 = VERTEX_POINT('',#15798);
#15798 = CARTESIAN_POINT('',(29.637530729009,-50.7,195.79251365026));
#15799 = CIRCLE('',#15800,1.469292842573);
#15800 = AXIS2_PLACEMENT_3D('',#15801,#15802,#15803);
#15801 = CARTESIAN_POINT('',(28.973207107992,-50.7,197.10304620758));
#15802 = DIRECTION('',(0.,-1.,-0.));
#15803 = DIRECTION('',(0.452138336054,0.,-0.891947826428));
#15804 = ORIENTED_EDGE('',*,*,#15805,.T.);
#15805 = EDGE_CURVE('',#15797,#1503,#15806,.T.);
#15806 = LINE('',#15807,#15808);
#15807 = CARTESIAN_POINT('',(29.637530729009,-50.8,195.79251365026));
#15808 = VECTOR('',#15809,1.);
#15809 = DIRECTION('',(0.,1.,0.));
#15810 = ORIENTED_EDGE('',*,*,#1511,.F.);
#15811 = CYLINDRICAL_SURFACE('',#15812,1.469292842573);
#15812 = AXIS2_PLACEMENT_3D('',#15813,#15814,#15815);
#15813 = CARTESIAN_POINT('',(28.973207107992,-50.8,197.10304620758));
#15814 = DIRECTION('',(-0.,-1.,-0.));
#15815 = DIRECTION('',(0.452138336054,0.,-0.891947826428));
#15816 = ADVANCED_FACE('',(#15817),#15836,.T.);
#15817 = FACE_BOUND('',#15818,.T.);
#15818 = EDGE_LOOP('',(#15819,#15828,#15834,#15835));
#15819 = ORIENTED_EDGE('',*,*,#15820,.F.);
#15820 = EDGE_CURVE('',#15821,#15797,#15823,.T.);
#15821 = VERTEX_POINT('',#15822);
#15822 = CARTESIAN_POINT('',(29.849008831098,-50.7,195.77586996267));
#15823 = CIRCLE('',#15824,0.15);
#15824 = AXIS2_PLACEMENT_3D('',#15825,#15826,#15827);
#15825 = CARTESIAN_POINT('',(29.734947936258,-50.7,195.67845275542));
#15826 = DIRECTION('',(0.,-1.,0.));
#15827 = DIRECTION('',(0.7604059656,0.,0.64944804833));
#15828 = ORIENTED_EDGE('',*,*,#15829,.T.);
#15829 = EDGE_CURVE('',#15821,#1495,#15830,.T.);
#15830 = LINE('',#15831,#15832);
#15831 = CARTESIAN_POINT('',(29.849008831098,-50.8,195.77586996267));
#15832 = VECTOR('',#15833,1.);
#15833 = DIRECTION('',(0.,1.,0.));
#15834 = ORIENTED_EDGE('',*,*,#1502,.T.);
#15835 = ORIENTED_EDGE('',*,*,#15805,.F.);
#15836 = CYLINDRICAL_SURFACE('',#15837,0.15);
#15837 = AXIS2_PLACEMENT_3D('',#15838,#15839,#15840);
#15838 = CARTESIAN_POINT('',(29.734947936258,-50.8,195.67845275542));
#15839 = DIRECTION('',(0.,-1.,0.));
#15840 = DIRECTION('',(0.7604059656,0.,0.64944804833));
#15841 = ADVANCED_FACE('',(#15842),#15860,.T.);
#15842 = FACE_BOUND('',#15843,.T.);
#15843 = EDGE_LOOP('',(#15844,#15852,#15858,#15859));
#15844 = ORIENTED_EDGE('',*,*,#15845,.F.);
#15845 = EDGE_CURVE('',#15846,#15821,#15848,.T.);
#15846 = VERTEX_POINT('',#15847);
#15847 = CARTESIAN_POINT('',(30.203606899406,-50.7,195.32606445736));
#15848 = LINE('',#15849,#15850);
#15849 = CARTESIAN_POINT('',(30.114957382329,-50.7,195.43851583369));
#15850 = VECTOR('',#15851,1.);
#15851 = DIRECTION('',(-0.61909394931,0.,0.785316930881));
#15852 = ORIENTED_EDGE('',*,*,#15853,.T.);
#15853 = EDGE_CURVE('',#15846,#1486,#15854,.T.);
#15854 = LINE('',#15855,#15856);
#15855 = CARTESIAN_POINT('',(30.203606899406,-50.8,195.32606445736));
#15856 = VECTOR('',#15857,1.);
#15857 = DIRECTION('',(0.,1.,0.));
#15858 = ORIENTED_EDGE('',*,*,#1494,.T.);
#15859 = ORIENTED_EDGE('',*,*,#15829,.F.);
#15860 = PLANE('',#15861);
#15861 = AXIS2_PLACEMENT_3D('',#15862,#15863,#15864);
#15862 = CARTESIAN_POINT('',(30.203606899406,-50.8,195.32606445736));
#15863 = DIRECTION('',(0.785316930881,-0.,0.61909394931));
#15864 = DIRECTION('',(-0.61909394931,0.,0.785316930881));
#15865 = ADVANCED_FACE('',(#15866),#15885,.T.);
#15866 = FACE_BOUND('',#15867,.T.);
#15867 = EDGE_LOOP('',(#15868,#15877,#15883,#15884));
#15868 = ORIENTED_EDGE('',*,*,#15869,.F.);
#15869 = EDGE_CURVE('',#15870,#15846,#15872,.T.);
#15870 = VERTEX_POINT('',#15871);
#15871 = CARTESIAN_POINT('',(30.170422138094,-50.7,195.11654412036));
#15872 = CIRCLE('',#15873,0.15);
#15873 = AXIS2_PLACEMENT_3D('',#15874,#15875,#15876);
#15874 = CARTESIAN_POINT('',(30.08225435025,-50.7,195.23789666952));
#15875 = DIRECTION('',(0.,-1.,0.));
#15876 = DIRECTION('',(0.587785252293,0.,-0.809016994375));
#15877 = ORIENTED_EDGE('',*,*,#15878,.T.);
#15878 = EDGE_CURVE('',#15870,#1477,#15879,.T.);
#15879 = LINE('',#15880,#15881);
#15880 = CARTESIAN_POINT('',(30.170422138094,-50.8,195.11654412036));
#15881 = VECTOR('',#15882,1.);
#15882 = DIRECTION('',(0.,1.,0.));
#15883 = ORIENTED_EDGE('',*,*,#1485,.T.);
#15884 = ORIENTED_EDGE('',*,*,#15853,.F.);
#15885 = CYLINDRICAL_SURFACE('',#15886,0.15);
#15886 = AXIS2_PLACEMENT_3D('',#15887,#15888,#15889);
#15887 = CARTESIAN_POINT('',(30.08225435025,-50.8,195.23789666952));
#15888 = DIRECTION('',(0.,-1.,0.));
#15889 = DIRECTION('',(0.587785252293,0.,-0.809016994375));
#15890 = ADVANCED_FACE('',(#15891),#15910,.F.);
#15891 = FACE_BOUND('',#15892,.T.);
#15892 = EDGE_LOOP('',(#15893,#15894,#15903,#15909));
#15893 = ORIENTED_EDGE('',*,*,#15878,.F.);
#15894 = ORIENTED_EDGE('',*,*,#15895,.T.);
#15895 = EDGE_CURVE('',#15870,#15896,#15898,.T.);
#15896 = VERTEX_POINT('',#15897);
#15897 = CARTESIAN_POINT('',(29.9660144819,-50.7,194.80243155691));
#15898 = CIRCLE('',#15899,1.469292842573);
#15899 = AXIS2_PLACEMENT_3D('',#15900,#15901,#15902);
#15900 = CARTESIAN_POINT('',(31.289661307107,-50.7,194.16463806419));
#15901 = DIRECTION('',(-0.,-1.,0.));
#15902 = DIRECTION('',(-0.900873390827,0.,0.434081943531));
#15903 = ORIENTED_EDGE('',*,*,#15904,.T.);
#15904 = EDGE_CURVE('',#15896,#1468,#15905,.T.);
#15905 = LINE('',#15906,#15907);
#15906 = CARTESIAN_POINT('',(29.9660144819,-50.8,194.80243155691));
#15907 = VECTOR('',#15908,1.);
#15908 = DIRECTION('',(0.,1.,0.));
#15909 = ORIENTED_EDGE('',*,*,#1476,.F.);
#15910 = CYLINDRICAL_SURFACE('',#15911,1.469292842573);
#15911 = AXIS2_PLACEMENT_3D('',#15912,#15913,#15914);
#15912 = CARTESIAN_POINT('',(31.289661307107,-50.8,194.16463806419));
#15913 = DIRECTION('',(-0.,-1.,-0.));
#15914 = DIRECTION('',(-0.900873390827,0.,0.434081943531));
#15915 = ADVANCED_FACE('',(#15916),#15935,.F.);
#15916 = FACE_BOUND('',#15917,.T.);
#15917 = EDGE_LOOP('',(#15918,#15919,#15928,#15934));
#15918 = ORIENTED_EDGE('',*,*,#15904,.F.);
#15919 = ORIENTED_EDGE('',*,*,#15920,.T.);
#15920 = EDGE_CURVE('',#15896,#15921,#15923,.T.);
#15921 = VERTEX_POINT('',#15922);
#15922 = CARTESIAN_POINT('',(30.455081675747,-50.7,194.1292883134));
#15923 = CIRCLE('',#15924,0.471154273188);
#15924 = AXIS2_PLACEMENT_3D('',#15925,#15926,#15927);
#15925 = CARTESIAN_POINT('',(30.389465644211,-50.7,194.59585115542));
#15926 = DIRECTION('',(0.,-1.,-0.));
#15927 = DIRECTION('',(0.139266552953,0.,-0.990254930424));
#15928 = ORIENTED_EDGE('',*,*,#15929,.T.);
#15929 = EDGE_CURVE('',#15921,#1459,#15930,.T.);
#15930 = LINE('',#15931,#15932);
#15931 = CARTESIAN_POINT('',(30.455081675747,-50.8,194.1292883134));
#15932 = VECTOR('',#15933,1.);
#15933 = DIRECTION('',(0.,1.,0.));
#15934 = ORIENTED_EDGE('',*,*,#1467,.F.);
#15935 = CYLINDRICAL_SURFACE('',#15936,0.471154273188);
#15936 = AXIS2_PLACEMENT_3D('',#15937,#15938,#15939);
#15937 = CARTESIAN_POINT('',(30.389465644211,-50.8,194.59585115542));
#15938 = DIRECTION('',(-0.,-1.,-0.));
#15939 = DIRECTION('',(0.139266552953,0.,-0.990254930424));
#15940 = ADVANCED_FACE('',(#15941),#15960,.F.);
#15941 = FACE_BOUND('',#15942,.T.);
#15942 = EDGE_LOOP('',(#15943,#15944,#15953,#15959));
#15943 = ORIENTED_EDGE('',*,*,#15929,.F.);
#15944 = ORIENTED_EDGE('',*,*,#15945,.T.);
#15945 = EDGE_CURVE('',#15921,#15946,#15948,.T.);
#15946 = VERTEX_POINT('',#15947);
#15947 = CARTESIAN_POINT('',(30.816985915615,-50.7,194.22662542655));
#15948 = CIRCLE('',#15949,1.469292842572);
#15949 = AXIS2_PLACEMENT_3D('',#15950,#15951,#15952);
#15950 = CARTESIAN_POINT('',(30.257533381984,-50.7,195.58524027994));
#15951 = DIRECTION('',(0.,-1.,-0.));
#15952 = DIRECTION('',(0.38076312456,0.,-0.924672613943));
#15953 = ORIENTED_EDGE('',*,*,#15954,.T.);
#15954 = EDGE_CURVE('',#15946,#1450,#15955,.T.);
#15955 = LINE('',#15956,#15957);
#15956 = CARTESIAN_POINT('',(30.816985915615,-50.8,194.22662542655));
#15957 = VECTOR('',#15958,1.);
#15958 = DIRECTION('',(0.,1.,0.));
#15959 = ORIENTED_EDGE('',*,*,#1458,.F.);
#15960 = CYLINDRICAL_SURFACE('',#15961,1.469292842572);
#15961 = AXIS2_PLACEMENT_3D('',#15962,#15963,#15964);
#15962 = CARTESIAN_POINT('',(30.257533381984,-50.8,195.58524027994));
#15963 = DIRECTION('',(-0.,-1.,-0.));
#15964 = DIRECTION('',(0.38076312456,0.,-0.924672613943));
#15965 = ADVANCED_FACE('',(#15966),#15985,.T.);
#15966 = FACE_BOUND('',#15967,.T.);
#15967 = EDGE_LOOP('',(#15968,#15977,#15983,#15984));
#15968 = ORIENTED_EDGE('',*,*,#15969,.F.);
#15969 = EDGE_CURVE('',#15970,#15946,#15972,.T.);
#15970 = VERTEX_POINT('',#15971);
#15971 = CARTESIAN_POINT('',(31.026506252615,-50.7,194.19344066524));
#15972 = CIRCLE('',#15973,0.15);
#15973 = AXIS2_PLACEMENT_3D('',#15974,#15975,#15976);
#15974 = CARTESIAN_POINT('',(30.905153703459,-50.7,194.1052728774));
#15975 = DIRECTION('',(0.,-1.,0.));
#15976 = DIRECTION('',(0.809016994375,0.,0.587785252293));
#15977 = ORIENTED_EDGE('',*,*,#15978,.T.);
#15978 = EDGE_CURVE('',#15970,#1442,#15979,.T.);
#15979 = LINE('',#15980,#15981);
#15980 = CARTESIAN_POINT('',(31.026506252615,-50.8,194.19344066524));
#15981 = VECTOR('',#15982,1.);
#15982 = DIRECTION('',(0.,1.,0.));
#15983 = ORIENTED_EDGE('',*,*,#1449,.T.);
#15984 = ORIENTED_EDGE('',*,*,#15954,.F.);
#15985 = CYLINDRICAL_SURFACE('',#15986,0.15);
#15986 = AXIS2_PLACEMENT_3D('',#15987,#15988,#15989);
#15987 = CARTESIAN_POINT('',(30.905153703459,-50.8,194.1052728774));
#15988 = DIRECTION('',(0.,-1.,0.));
#15989 = DIRECTION('',(0.809016994375,0.,0.587785252293));
#15990 = ADVANCED_FACE('',(#15991),#16009,.T.);
#15991 = FACE_BOUND('',#15992,.T.);
#15992 = EDGE_LOOP('',(#15993,#16001,#16007,#16008));
#15993 = ORIENTED_EDGE('',*,*,#15994,.F.);
#15994 = EDGE_CURVE('',#15995,#15970,#15997,.T.);
#15995 = VERTEX_POINT('',#15996);
#15996 = CARTESIAN_POINT('',(31.34471988022,-50.7,193.71720031641));
#15997 = LINE('',#15998,#15999);
#15998 = CARTESIAN_POINT('',(31.265166473319,-50.7,193.83626040362));
#15999 = VECTOR('',#16000,1.);
#16000 = DIRECTION('',(-0.55557023302,0.,0.831469612303));
#16001 = ORIENTED_EDGE('',*,*,#16002,.T.);
#16002 = EDGE_CURVE('',#15995,#1433,#16003,.T.);
#16003 = LINE('',#16004,#16005);
#16004 = CARTESIAN_POINT('',(31.34471988022,-50.8,193.71720031641));
#16005 = VECTOR('',#16006,1.);
#16006 = DIRECTION('',(0.,1.,0.));
#16007 = ORIENTED_EDGE('',*,*,#1441,.T.);
#16008 = ORIENTED_EDGE('',*,*,#15978,.F.);
#16009 = PLANE('',#16010);
#16010 = AXIS2_PLACEMENT_3D('',#16011,#16012,#16013);
#16011 = CARTESIAN_POINT('',(31.34471988022,-50.8,193.71720031641));
#16012 = DIRECTION('',(0.831469612303,-0.,0.55557023302));
#16013 = DIRECTION('',(-0.55557023302,0.,0.831469612303));
#16014 = ADVANCED_FACE('',(#16015),#16034,.T.);
#16015 = FACE_BOUND('',#16016,.T.);
#16016 = EDGE_LOOP('',(#16017,#16026,#16032,#16033));
#16017 = ORIENTED_EDGE('',*,*,#16018,.F.);
#16018 = EDGE_CURVE('',#16019,#15995,#16021,.T.);
#16019 = VERTEX_POINT('',#16020);
#16020 = CARTESIAN_POINT('',(31.295198640274,-50.7,193.51092950705));
#16021 = CIRCLE('',#16022,0.15);
#16022 = AXIS2_PLACEMENT_3D('',#16023,#16024,#16025);
#16023 = CARTESIAN_POINT('',(31.216823855567,-50.7,193.6388255317));
#16024 = DIRECTION('',(0.,-1.,0.));
#16025 = DIRECTION('',(0.522498564716,0.,-0.852640164354));
#16026 = ORIENTED_EDGE('',*,*,#16027,.T.);
#16027 = EDGE_CURVE('',#16019,#1424,#16028,.T.);
#16028 = LINE('',#16029,#16030);
#16029 = CARTESIAN_POINT('',(31.295198640274,-50.8,193.51092950705));
#16030 = VECTOR('',#16031,1.);
#16031 = DIRECTION('',(0.,1.,0.));
#16032 = ORIENTED_EDGE('',*,*,#1432,.T.);
#16033 = ORIENTED_EDGE('',*,*,#16002,.F.);
#16034 = CYLINDRICAL_SURFACE('',#16035,0.15);
#16035 = AXIS2_PLACEMENT_3D('',#16036,#16037,#16038);
#16036 = CARTESIAN_POINT('',(31.216823855567,-50.8,193.6388255317));
#16037 = DIRECTION('',(0.,-1.,0.));
#16038 = DIRECTION('',(0.522498564716,0.,-0.852640164354));
#16039 = ADVANCED_FACE('',(#16040),#16059,.F.);
#16040 = FACE_BOUND('',#16041,.T.);
#16041 = EDGE_LOOP('',(#16042,#16043,#16052,#16058));
#16042 = ORIENTED_EDGE('',*,*,#16027,.F.);
#16043 = ORIENTED_EDGE('',*,*,#16044,.T.);
#16044 = EDGE_CURVE('',#16019,#16045,#16047,.T.);
#16045 = VERTEX_POINT('',#16046);
#16046 = CARTESIAN_POINT('',(31.066776116981,-50.7,193.21382288766));
#16047 = CIRCLE('',#16048,1.469292842571);
#16048 = AXIS2_PLACEMENT_3D('',#16049,#16050,#16051);
#16049 = CARTESIAN_POINT('',(32.336301880069,-50.7,192.47414336646));
#16050 = DIRECTION('',(-0.,-1.,0.));
#16051 = DIRECTION('',(-0.864038622053,0.,0.503425525376));
#16052 = ORIENTED_EDGE('',*,*,#16053,.T.);
#16053 = EDGE_CURVE('',#16045,#1415,#16054,.T.);
#16054 = LINE('',#16055,#16056);
#16055 = CARTESIAN_POINT('',(31.066776116981,-50.8,193.21382288766));
#16056 = VECTOR('',#16057,1.);
#16057 = DIRECTION('',(0.,1.,0.));
#16058 = ORIENTED_EDGE('',*,*,#1423,.F.);
#16059 = CYLINDRICAL_SURFACE('',#16060,1.469292842571);
#16060 = AXIS2_PLACEMENT_3D('',#16061,#16062,#16063);
#16061 = CARTESIAN_POINT('',(32.336301880069,-50.8,192.47414336646));
#16062 = DIRECTION('',(-0.,-1.,-0.));
#16063 = DIRECTION('',(-0.864038622053,0.,0.503425525376));
#16064 = ADVANCED_FACE('',(#16065),#16084,.F.);
#16065 = FACE_BOUND('',#16066,.T.);
#16066 = EDGE_LOOP('',(#16067,#16068,#16077,#16083));
#16067 = ORIENTED_EDGE('',*,*,#16053,.F.);
#16068 = ORIENTED_EDGE('',*,*,#16069,.T.);
#16069 = EDGE_CURVE('',#16045,#16070,#16072,.T.);
#16070 = VERTEX_POINT('',#16071);
#16071 = CARTESIAN_POINT('',(31.501521469707,-50.7,192.50438295034));
#16072 = CIRCLE('',#16073,0.471154273188);
#16073 = AXIS2_PLACEMENT_3D('',#16074,#16075,#16076);
#16074 = CARTESIAN_POINT('',(31.472713809183,-50.7,192.97465570932));
#16075 = DIRECTION('',(0.,-1.,-0.));
#16076 = DIRECTION('',(6.11427342666E-02,0.,-0.998129032764));
#16077 = ORIENTED_EDGE('',*,*,#16078,.T.);
#16078 = EDGE_CURVE('',#16070,#1406,#16079,.T.);
#16079 = LINE('',#16080,#16081);
#16080 = CARTESIAN_POINT('',(31.501521469707,-50.8,192.50438295034));
#16081 = VECTOR('',#16082,1.);
#16082 = DIRECTION('',(0.,1.,0.));
#16083 = ORIENTED_EDGE('',*,*,#1414,.F.);
#16084 = CYLINDRICAL_SURFACE('',#16085,0.471154273188);
#16085 = AXIS2_PLACEMENT_3D('',#16086,#16087,#16088);
#16086 = CARTESIAN_POINT('',(31.472713809183,-50.8,192.97465570932));
#16087 = DIRECTION('',(-0.,-1.,-0.));
#16088 = DIRECTION('',(6.11427342666E-02,0.,-0.998129032764));
#16089 = ADVANCED_FACE('',(#16090),#16109,.F.);
#16090 = FACE_BOUND('',#16091,.T.);
#16091 = EDGE_LOOP('',(#16092,#16093,#16102,#16108));
#16092 = ORIENTED_EDGE('',*,*,#16078,.F.);
#16093 = ORIENTED_EDGE('',*,*,#16094,.T.);
#16094 = EDGE_CURVE('',#16070,#16095,#16097,.T.);
#16095 = VERTEX_POINT('',#16096);
#16096 = CARTESIAN_POINT('',(31.869947061462,-50.7,192.57302532626));
#16097 = CIRCLE('',#16098,1.469292842572);
#16098 = AXIS2_PLACEMENT_3D('',#16099,#16100,#16101);
#16099 = CARTESIAN_POINT('',(31.418814826123,-50.7,193.97134616336));
#16100 = DIRECTION('',(0.,-1.,-0.));
#16101 = DIRECTION('',(0.307040381786,0.,-0.951696487307));
#16102 = ORIENTED_EDGE('',*,*,#16103,.T.);
#16103 = EDGE_CURVE('',#16095,#1397,#16104,.T.);
#16104 = LINE('',#16105,#16106);
#16105 = CARTESIAN_POINT('',(31.869947061462,-50.8,192.57302532626));
#16106 = VECTOR('',#16107,1.);
#16107 = DIRECTION('',(0.,1.,0.));
#16108 = ORIENTED_EDGE('',*,*,#1405,.F.);
#16109 = CYLINDRICAL_SURFACE('',#16110,1.469292842572);
#16110 = AXIS2_PLACEMENT_3D('',#16111,#16112,#16113);
#16111 = CARTESIAN_POINT('',(31.418814826123,-50.8,193.97134616336));
#16112 = DIRECTION('',(-0.,-1.,-0.));
#16113 = DIRECTION('',(0.307040381786,0.,-0.951696487307));
#16114 = ADVANCED_FACE('',(#16115),#16134,.T.);
#16115 = FACE_BOUND('',#16116,.T.);
#16116 = EDGE_LOOP('',(#16117,#16126,#16132,#16133));
#16117 = ORIENTED_EDGE('',*,*,#16118,.F.);
#16118 = EDGE_CURVE('',#16119,#16095,#16121,.T.);
#16119 = VERTEX_POINT('',#16120);
#16120 = CARTESIAN_POINT('',(32.076217870822,-50.7,192.52350408631));
#16121 = CIRCLE('',#16122,0.15);
#16122 = AXIS2_PLACEMENT_3D('',#16123,#16124,#16125);
#16123 = CARTESIAN_POINT('',(31.948321846169,-50.7,192.44512930161));
#16124 = DIRECTION('',(0.,-1.,0.));
#16125 = DIRECTION('',(0.852640164354,0.,0.522498564716));
#16126 = ORIENTED_EDGE('',*,*,#16127,.T.);
#16127 = EDGE_CURVE('',#16119,#1389,#16128,.T.);
#16128 = LINE('',#16129,#16130);
#16129 = CARTESIAN_POINT('',(32.076217870822,-50.8,192.52350408631));
#16130 = VECTOR('',#16131,1.);
#16131 = DIRECTION('',(0.,1.,0.));
#16132 = ORIENTED_EDGE('',*,*,#1396,.T.);
#16133 = ORIENTED_EDGE('',*,*,#16103,.F.);
#16134 = CYLINDRICAL_SURFACE('',#16135,0.15);
#16135 = AXIS2_PLACEMENT_3D('',#16136,#16137,#16138);
#16136 = CARTESIAN_POINT('',(31.948321846169,-50.8,192.44512930161));
#16137 = DIRECTION('',(0.,-1.,0.));
#16138 = DIRECTION('',(0.852640164354,0.,0.522498564716));
#16139 = ADVANCED_FACE('',(#16140),#16158,.T.);
#16140 = FACE_BOUND('',#16141,.T.);
#16141 = EDGE_LOOP('',(#16142,#16150,#16156,#16157));
#16142 = ORIENTED_EDGE('',*,*,#16143,.F.);
#16143 = EDGE_CURVE('',#16144,#16119,#16146,.T.);
#16144 = VERTEX_POINT('',#16145);
#16145 = CARTESIAN_POINT('',(32.356085164893,-50.7,192.02376507407));
#16146 = LINE('',#16147,#16148);
#16147 = CARTESIAN_POINT('',(32.286118341375,-50.7,192.14869982713));
#16148 = VECTOR('',#16149,1.);
#16149 = DIRECTION('',(-0.488621241497,0.,0.872496007073));
#16150 = ORIENTED_EDGE('',*,*,#16151,.T.);
#16151 = EDGE_CURVE('',#16144,#1380,#16152,.T.);
#16152 = LINE('',#16153,#16154);
#16153 = CARTESIAN_POINT('',(32.356085164893,-50.8,192.02376507407));
#16154 = VECTOR('',#16155,1.);
#16155 = DIRECTION('',(0.,1.,0.));
#16156 = ORIENTED_EDGE('',*,*,#1388,.T.);
#16157 = ORIENTED_EDGE('',*,*,#16127,.F.);
#16158 = PLANE('',#16159);
#16159 = AXIS2_PLACEMENT_3D('',#16160,#16161,#16162);
#16160 = CARTESIAN_POINT('',(32.356085164893,-50.8,192.02376507407));
#16161 = DIRECTION('',(0.872496007073,-0.,0.488621241497));
#16162 = DIRECTION('',(-0.488621241497,0.,0.872496007073));
#16163 = ADVANCED_FACE('',(#16164),#16183,.T.);
#16164 = FACE_BOUND('',#16165,.T.);
#16165 = EDGE_LOOP('',(#16166,#16175,#16181,#16182));
#16166 = ORIENTED_EDGE('',*,*,#16167,.F.);
#16167 = EDGE_CURVE('',#16168,#16144,#16170,.T.);
#16168 = VERTEX_POINT('',#16169);
#16169 = CARTESIAN_POINT('',(32.290532761225,-50.7,191.82201552048));
#16170 = CIRCLE('',#16171,0.15);
#16171 = AXIS2_PLACEMENT_3D('',#16172,#16173,#16174);
#16172 = CARTESIAN_POINT('',(32.222434186265,-50.7,191.95566649911));
#16173 = DIRECTION('',(0.,-1.,0.));
#16174 = DIRECTION('',(0.45399049974,0.,-0.891006524188));
#16175 = ORIENTED_EDGE('',*,*,#16176,.T.);
#16176 = EDGE_CURVE('',#16168,#1371,#16177,.T.);
#16177 = LINE('',#16178,#16179);
#16178 = CARTESIAN_POINT('',(32.290532761225,-50.8,191.82201552048));
#16179 = VECTOR('',#16180,1.);
#16180 = DIRECTION('',(0.,1.,0.));
#16181 = ORIENTED_EDGE('',*,*,#1379,.T.);
#16182 = ORIENTED_EDGE('',*,*,#16151,.F.);
#16183 = CYLINDRICAL_SURFACE('',#16184,0.15);
#16184 = AXIS2_PLACEMENT_3D('',#16185,#16186,#16187);
#16185 = CARTESIAN_POINT('',(32.222434186265,-50.8,191.95566649911));
#16186 = DIRECTION('',(0.,-1.,0.));
#16187 = DIRECTION('',(0.45399049974,0.,-0.891006524188));
#16188 = ADVANCED_FACE('',(#16189),#16208,.F.);
#16189 = FACE_BOUND('',#16190,.T.);
#16190 = EDGE_LOOP('',(#16191,#16192,#16201,#16207));
#16191 = ORIENTED_EDGE('',*,*,#16176,.F.);
#16192 = ORIENTED_EDGE('',*,*,#16193,.T.);
#16193 = EDGE_CURVE('',#16168,#16194,#16196,.T.);
#16194 = VERTEX_POINT('',#16195);
#16195 = CARTESIAN_POINT('',(32.039503671648,-50.7,191.54374660627));
#16196 = CIRCLE('',#16197,1.469292842571);
#16197 = AXIS2_PLACEMENT_3D('',#16198,#16199,#16200);
#16198 = CARTESIAN_POINT('',(33.247081324129,-50.7,190.7067414268));
#16199 = DIRECTION('',(-0.,-1.,0.));
#16200 = DIRECTION('',(-0.821876767853,0.,0.569665321451));
#16201 = ORIENTED_EDGE('',*,*,#16202,.T.);
#16202 = EDGE_CURVE('',#16194,#1362,#16203,.T.);
#16203 = LINE('',#16204,#16205);
#16204 = CARTESIAN_POINT('',(32.039503671648,-50.8,191.54374660627));
#16205 = VECTOR('',#16206,1.);
#16206 = DIRECTION('',(0.,1.,0.));
#16207 = ORIENTED_EDGE('',*,*,#1370,.F.);
#16208 = CYLINDRICAL_SURFACE('',#16209,1.469292842571);
#16209 = AXIS2_PLACEMENT_3D('',#16210,#16211,#16212);
#16210 = CARTESIAN_POINT('',(33.247081324129,-50.8,190.7067414268));
#16211 = DIRECTION('',(-0.,-1.,-0.));
#16212 = DIRECTION('',(-0.821876767853,0.,0.569665321451));
#16213 = ADVANCED_FACE('',(#16214),#16233,.F.);
#16214 = FACE_BOUND('',#16215,.T.);
#16215 = EDGE_LOOP('',(#16216,#16217,#16226,#16232));
#16216 = ORIENTED_EDGE('',*,*,#16202,.F.);
#16217 = ORIENTED_EDGE('',*,*,#16218,.T.);
#16218 = EDGE_CURVE('',#16194,#16219,#16221,.T.);
#16219 = VERTEX_POINT('',#16220);
#16220 = CARTESIAN_POINT('',(32.417246833585,-50.7,190.80238390827));
#16221 = CIRCLE('',#16222,0.471154273188);
#16222 = AXIS2_PLACEMENT_3D('',#16223,#16224,#16225);
#16223 = CARTESIAN_POINT('',(32.425425152879,-50.7,191.27346719627));
#16224 = DIRECTION('',(0.,-1.,-0.));
#16225 = DIRECTION('',(-1.73580497081E-02,0.,-0.999849337706));
#16226 = ORIENTED_EDGE('',*,*,#16227,.T.);
#16227 = EDGE_CURVE('',#16219,#1353,#16228,.T.);
#16228 = LINE('',#16229,#16230);
#16229 = CARTESIAN_POINT('',(32.417246833585,-50.8,190.80238390827));
#16230 = VECTOR('',#16231,1.);
#16231 = DIRECTION('',(0.,1.,0.));
#16232 = ORIENTED_EDGE('',*,*,#1361,.F.);
#16233 = CYLINDRICAL_SURFACE('',#16234,0.471154273188);
#16234 = AXIS2_PLACEMENT_3D('',#16235,#16236,#16237);
#16235 = CARTESIAN_POINT('',(32.425425152879,-50.8,191.27346719627));
#16236 = DIRECTION('',(-0.,-1.,-0.));
#16237 = DIRECTION('',(-1.73580497081E-02,0.,-0.999849337706));
#16238 = ADVANCED_FACE('',(#16239),#16258,.F.);
#16239 = FACE_BOUND('',#16240,.T.);
#16240 = EDGE_LOOP('',(#16241,#16242,#16251,#16257));
#16241 = ORIENTED_EDGE('',*,*,#16227,.F.);
#16242 = ORIENTED_EDGE('',*,*,#16243,.T.);
#16243 = EDGE_CURVE('',#16219,#16244,#16246,.T.);
#16244 = VERTEX_POINT('',#16245);
#16245 = CARTESIAN_POINT('',(32.789922310939,-50.7,190.84190834387));
#16246 = CIRCLE('',#16247,1.469292842572);
#16247 = AXIS2_PLACEMENT_3D('',#16248,#16249,#16250);
#16248 = CARTESIAN_POINT('',(32.449891754141,-50.7,192.27131405174));
#16249 = DIRECTION('',(0.,-1.,-0.));
#16250 = DIRECTION('',(0.231424632957,0.,-0.972852835356));
#16251 = ORIENTED_EDGE('',*,*,#16252,.T.);
#16252 = EDGE_CURVE('',#16244,#1344,#16253,.T.);
#16253 = LINE('',#16254,#16255);
#16254 = CARTESIAN_POINT('',(32.789922310939,-50.8,190.84190834387));
#16255 = VECTOR('',#16256,1.);
#16256 = DIRECTION('',(0.,1.,0.));
#16257 = ORIENTED_EDGE('',*,*,#1352,.F.);
#16258 = CYLINDRICAL_SURFACE('',#16259,1.469292842572);
#16259 = AXIS2_PLACEMENT_3D('',#16260,#16261,#16262);
#16260 = CARTESIAN_POINT('',(32.449891754141,-50.8,192.27131405174));
#16261 = DIRECTION('',(-0.,-1.,-0.));
#16262 = DIRECTION('',(0.231424632957,0.,-0.972852835356));
#16263 = ADVANCED_FACE('',(#16264),#16283,.T.);
#16264 = FACE_BOUND('',#16265,.T.);
#16265 = EDGE_LOOP('',(#16266,#16275,#16281,#16282));
#16266 = ORIENTED_EDGE('',*,*,#16267,.F.);
#16267 = EDGE_CURVE('',#16268,#16244,#16270,.T.);
#16268 = VERTEX_POINT('',#16269);
#16269 = CARTESIAN_POINT('',(32.991671864528,-50.7,190.77635594021));
#16270 = CIRCLE('',#16271,0.15);
#16271 = AXIS2_PLACEMENT_3D('',#16272,#16273,#16274);
#16272 = CARTESIAN_POINT('',(32.8580208859,-50.7,190.70825736524));
#16273 = DIRECTION('',(0.,-1.,0.));
#16274 = DIRECTION('',(0.891006524188,0.,0.45399049974));
#16275 = ORIENTED_EDGE('',*,*,#16276,.T.);
#16276 = EDGE_CURVE('',#16268,#1336,#16277,.T.);
#16277 = LINE('',#16278,#16279);
#16278 = CARTESIAN_POINT('',(32.991671864528,-50.8,190.77635594021));
#16279 = VECTOR('',#16280,1.);
#16280 = DIRECTION('',(0.,1.,0.));
#16281 = ORIENTED_EDGE('',*,*,#1343,.T.);
#16282 = ORIENTED_EDGE('',*,*,#16252,.F.);
#16283 = CYLINDRICAL_SURFACE('',#16284,0.15);
#16284 = AXIS2_PLACEMENT_3D('',#16285,#16286,#16287);
#16285 = CARTESIAN_POINT('',(32.8580208859,-50.8,190.70825736524));
#16286 = DIRECTION('',(0.,-1.,0.));
#16287 = DIRECTION('',(0.891006524188,0.,0.45399049974));
#16288 = ADVANCED_FACE('',(#16289),#16307,.T.);
#16289 = FACE_BOUND('',#16290,.T.);
#16290 = EDGE_LOOP('',(#16291,#16299,#16305,#16306));
#16291 = ORIENTED_EDGE('',*,*,#16292,.F.);
#16292 = EDGE_CURVE('',#16293,#16268,#16295,.T.);
#16293 = VERTEX_POINT('',#16294);
#16294 = CARTESIAN_POINT('',(33.231467350132,-50.7,190.25619932174));
#16295 = LINE('',#16296,#16297);
#16296 = CARTESIAN_POINT('',(33.171518478731,-50.7,190.38623847636));
#16297 = VECTOR('',#16298,1.);
#16298 = DIRECTION('',(-0.418659737537,0.,0.908143173825));
#16299 = ORIENTED_EDGE('',*,*,#16300,.T.);
#16300 = EDGE_CURVE('',#16293,#1327,#16301,.T.);
#16301 = LINE('',#16302,#16303);
#16302 = CARTESIAN_POINT('',(33.231467350132,-50.8,190.25619932174));
#16303 = VECTOR('',#16304,1.);
#16304 = DIRECTION('',(0.,1.,0.));
#16305 = ORIENTED_EDGE('',*,*,#1335,.T.);
#16306 = ORIENTED_EDGE('',*,*,#16276,.F.);
#16307 = PLANE('',#16308);
#16308 = AXIS2_PLACEMENT_3D('',#16309,#16310,#16311);
#16309 = CARTESIAN_POINT('',(33.231467350132,-50.8,190.25619932174));
#16310 = DIRECTION('',(0.908143173825,-0.,0.418659737537));
#16311 = DIRECTION('',(-0.418659737537,0.,0.908143173825));
#16312 = ADVANCED_FACE('',(#16313),#16332,.T.);
#16313 = FACE_BOUND('',#16314,.T.);
#16314 = EDGE_LOOP('',(#16315,#16324,#16330,#16331));
#16315 = ORIENTED_EDGE('',*,*,#16316,.F.);
#16316 = EDGE_CURVE('',#16317,#16293,#16319,.T.);
#16317 = VERTEX_POINT('',#16318);
#16318 = CARTESIAN_POINT('',(33.15028793511,-50.7,190.06021487701));
#16319 = CIRCLE('',#16320,0.15);
#16320 = AXIS2_PLACEMENT_3D('',#16321,#16322,#16323);
#16321 = CARTESIAN_POINT('',(33.092885420255,-50.7,190.19879680689));
#16322 = DIRECTION('',(0.,-1.,0.));
#16323 = DIRECTION('',(0.382683432365,0.,-0.923879532511));
#16324 = ORIENTED_EDGE('',*,*,#16325,.T.);
#16325 = EDGE_CURVE('',#16317,#1318,#16326,.T.);
#16326 = LINE('',#16327,#16328);
#16327 = CARTESIAN_POINT('',(33.15028793511,-50.8,190.06021487701));
#16328 = VECTOR('',#16329,1.);
#16329 = DIRECTION('',(0.,1.,0.));
#16330 = ORIENTED_EDGE('',*,*,#1326,.T.);
#16331 = ORIENTED_EDGE('',*,*,#16300,.F.);
#16332 = CYLINDRICAL_SURFACE('',#16333,0.15);
#16333 = AXIS2_PLACEMENT_3D('',#16334,#16335,#16336);
#16334 = CARTESIAN_POINT('',(33.092885420255,-50.8,190.19879680689));
#16335 = DIRECTION('',(0.,-1.,0.));
#16336 = DIRECTION('',(0.382683432365,0.,-0.923879532511));
#16337 = ADVANCED_FACE('',(#16338),#16357,.F.);
#16338 = FACE_BOUND('',#16339,.T.);
#16339 = EDGE_LOOP('',(#16340,#16341,#16350,#16356));
#16340 = ORIENTED_EDGE('',*,*,#16325,.F.);
#16341 = ORIENTED_EDGE('',*,*,#16342,.T.);
#16342 = EDGE_CURVE('',#16317,#16343,#16345,.T.);
#16343 = VERTEX_POINT('',#16344);
#16344 = CARTESIAN_POINT('',(32.87819995706,-50.7,189.80249928836));
#16345 = CIRCLE('',#16346,1.469292842571);
#16346 = AXIS2_PLACEMENT_3D('',#16347,#16348,#16349);
#16347 = CARTESIAN_POINT('',(34.016384381147,-50.7,188.87332886589));
#16348 = DIRECTION('',(-0.,-1.,0.));
#16349 = DIRECTION('',(-0.774647770076,0.,0.632392941387));
#16350 = ORIENTED_EDGE('',*,*,#16351,.T.);
#16351 = EDGE_CURVE('',#16343,#1309,#16352,.T.);
#16352 = LINE('',#16353,#16354);
#16353 = CARTESIAN_POINT('',(32.87819995706,-50.8,189.80249928836));
#16354 = VECTOR('',#16355,1.);
#16355 = DIRECTION('',(0.,1.,0.));
#16356 = ORIENTED_EDGE('',*,*,#1317,.F.);
#16357 = CYLINDRICAL_SURFACE('',#16358,1.469292842571);
#16358 = AXIS2_PLACEMENT_3D('',#16359,#16360,#16361);
#16359 = CARTESIAN_POINT('',(34.016384381147,-50.8,188.87332886589));
#16360 = DIRECTION('',(-0.,-1.,-0.));
#16361 = DIRECTION('',(-0.774647770076,0.,0.632392941387));
#16362 = ADVANCED_FACE('',(#16363),#16382,.F.);
#16363 = FACE_BOUND('',#16364,.T.);
#16364 = EDGE_LOOP('',(#16365,#16366,#16375,#16381));
#16365 = ORIENTED_EDGE('',*,*,#16351,.F.);
#16366 = ORIENTED_EDGE('',*,*,#16367,.T.);
#16367 = EDGE_CURVE('',#16343,#16368,#16370,.T.);
#16368 = VERTEX_POINT('',#16369);
#16369 = CARTESIAN_POINT('',(33.196612016003,-50.7,189.03378457724));
#16370 = CIRCLE('',#16371,0.471154273188);
#16371 = AXIS2_PLACEMENT_3D('',#16372,#16373,#16374);
#16372 = CARTESIAN_POINT('',(33.241725893057,-50.7,189.50277400915));
#16373 = DIRECTION('',(0.,-1.,-0.));
#16374 = DIRECTION('',(-9.57518155343E-02,0.,-0.995405238997));
#16375 = ORIENTED_EDGE('',*,*,#16376,.T.);
#16376 = EDGE_CURVE('',#16368,#1300,#16377,.T.);
#16377 = LINE('',#16378,#16379);
#16378 = CARTESIAN_POINT('',(33.196612016003,-50.8,189.03378457724));
#16379 = VECTOR('',#16380,1.);
#16380 = DIRECTION('',(0.,1.,0.));
#16381 = ORIENTED_EDGE('',*,*,#1308,.F.);
#16382 = CYLINDRICAL_SURFACE('',#16383,0.471154273188);
#16383 = AXIS2_PLACEMENT_3D('',#16384,#16385,#16386);
#16384 = CARTESIAN_POINT('',(33.241725893057,-50.8,189.50277400915));
#16385 = DIRECTION('',(-0.,-1.,-0.));
#16386 = DIRECTION('',(-9.57518155343E-02,0.,-0.995405238997));
#16387 = ADVANCED_FACE('',(#16388),#16407,.F.);
#16388 = FACE_BOUND('',#16389,.T.);
#16389 = EDGE_LOOP('',(#16390,#16391,#16400,#16406));
#16390 = ORIENTED_EDGE('',*,*,#16376,.F.);
#16391 = ORIENTED_EDGE('',*,*,#16392,.T.);
#16392 = EDGE_CURVE('',#16368,#16393,#16395,.T.);
#16393 = VERTEX_POINT('',#16394);
#16394 = CARTESIAN_POINT('',(33.571239710711,-50.7,189.04394739125));
#16395 = CIRCLE('',#16396,1.469292842573);
#16396 = AXIS2_PLACEMENT_3D('',#16397,#16398,#16399);
#16397 = CARTESIAN_POINT('',(33.344407233907,-50.7,190.49562520836));
#16398 = DIRECTION('',(0.,-1.,-0.));
#16399 = DIRECTION('',(0.154382074309,0.,-0.988011222169));
#16400 = ORIENTED_EDGE('',*,*,#16401,.T.);
#16401 = EDGE_CURVE('',#16393,#1291,#16402,.T.);
#16402 = LINE('',#16403,#16404);
#16403 = CARTESIAN_POINT('',(33.571239710711,-50.8,189.04394739125));
#16404 = VECTOR('',#16405,1.);
#16405 = DIRECTION('',(0.,1.,0.));
#16406 = ORIENTED_EDGE('',*,*,#1299,.F.);
#16407 = CYLINDRICAL_SURFACE('',#16408,1.469292842573);
#16408 = AXIS2_PLACEMENT_3D('',#16409,#16410,#16411);
#16409 = CARTESIAN_POINT('',(33.344407233907,-50.8,190.49562520836));
#16410 = DIRECTION('',(-0.,-1.,-0.));
#16411 = DIRECTION('',(0.154382074309,0.,-0.988011222169));
#16412 = ADVANCED_FACE('',(#16413),#16432,.T.);
#16413 = FACE_BOUND('',#16414,.T.);
#16414 = EDGE_LOOP('',(#16415,#16424,#16430,#16431));
#16415 = ORIENTED_EDGE('',*,*,#16416,.F.);
#16416 = EDGE_CURVE('',#16417,#16393,#16419,.T.);
#16417 = VERTEX_POINT('',#16418);
#16418 = CARTESIAN_POINT('',(33.767224155443,-50.7,188.96276797622));
#16419 = CIRCLE('',#16420,0.15);
#16420 = AXIS2_PLACEMENT_3D('',#16421,#16422,#16423);
#16421 = CARTESIAN_POINT('',(33.628642225566,-50.7,188.90536546137));
#16422 = DIRECTION('',(0.,-1.,0.));
#16423 = DIRECTION('',(0.923879532511,0.,0.382683432365));
#16424 = ORIENTED_EDGE('',*,*,#16425,.T.);
#16425 = EDGE_CURVE('',#16417,#1283,#16426,.T.);
#16426 = LINE('',#16427,#16428);
#16427 = CARTESIAN_POINT('',(33.767224155443,-50.8,188.96276797622));
#16428 = VECTOR('',#16429,1.);
#16429 = DIRECTION('',(0.,1.,0.));
#16430 = ORIENTED_EDGE('',*,*,#1290,.T.);
#16431 = ORIENTED_EDGE('',*,*,#16401,.F.);
#16432 = CYLINDRICAL_SURFACE('',#16433,0.15);
#16433 = AXIS2_PLACEMENT_3D('',#16434,#16435,#16436);
#16434 = CARTESIAN_POINT('',(33.628642225566,-50.8,188.90536546137));
#16435 = DIRECTION('',(0.,-1.,0.));
#16436 = DIRECTION('',(0.923879532511,0.,0.382683432365));
#16437 = ADVANCED_FACE('',(#16438),#16456,.T.);
#16438 = FACE_BOUND('',#16439,.T.);
#16439 = EDGE_LOOP('',(#16440,#16448,#16454,#16455));
#16440 = ORIENTED_EDGE('',*,*,#16441,.F.);
#16441 = EDGE_CURVE('',#16442,#16417,#16444,.T.);
#16442 = VERTEX_POINT('',#16443);
#16443 = CARTESIAN_POINT('',(33.96546941367,-50.7,188.42540069006));
#16444 = LINE('',#16445,#16446);
#16445 = CARTESIAN_POINT('',(33.915908099113,-50.7,188.5597425116));
#16446 = VECTOR('',#16447,1.);
#16447 = DIRECTION('',(-0.346117057077,0.,0.938191335922));
#16448 = ORIENTED_EDGE('',*,*,#16449,.T.);
#16449 = EDGE_CURVE('',#16442,#1274,#16450,.T.);
#16450 = LINE('',#16451,#16452);
#16451 = CARTESIAN_POINT('',(33.96546941367,-50.8,188.42540069006));
#16452 = VECTOR('',#16453,1.);
#16453 = DIRECTION('',(0.,1.,0.));
#16454 = ORIENTED_EDGE('',*,*,#1282,.T.);
#16455 = ORIENTED_EDGE('',*,*,#16425,.F.);
#16456 = PLANE('',#16457);
#16457 = AXIS2_PLACEMENT_3D('',#16458,#16459,#16460);
#16458 = CARTESIAN_POINT('',(33.96546941367,-50.8,188.42540069006));
#16459 = DIRECTION('',(0.938191335922,-0.,0.346117057077));
#16460 = DIRECTION('',(-0.346117057077,0.,0.938191335922));
#16461 = ADVANCED_FACE('',(#16462),#16481,.T.);
#16462 = FACE_BOUND('',#16463,.T.);
#16463 = EDGE_LOOP('',(#16464,#16473,#16479,#16480));
#16464 = ORIENTED_EDGE('',*,*,#16465,.F.);
#16465 = EDGE_CURVE('',#16466,#16442,#16468,.T.);
#16466 = VERTEX_POINT('',#16467);
#16467 = CARTESIAN_POINT('',(33.869163485382,-50.7,188.23638966346));
#16468 = CIRCLE('',#16469,0.15);
#16469 = AXIS2_PLACEMENT_3D('',#16470,#16471,#16472);
#16470 = CARTESIAN_POINT('',(33.822810936226,-50.7,188.3790481409));
#16471 = DIRECTION('',(0.,-1.,0.));
#16472 = DIRECTION('',(0.309016994375,0.,-0.951056516295));
#16473 = ORIENTED_EDGE('',*,*,#16474,.T.);
#16474 = EDGE_CURVE('',#16466,#1265,#16475,.T.);
#16475 = LINE('',#16476,#16477);
#16476 = CARTESIAN_POINT('',(33.869163485382,-50.8,188.23638966346));
#16477 = VECTOR('',#16478,1.);
#16478 = DIRECTION('',(0.,1.,0.));
#16479 = ORIENTED_EDGE('',*,*,#1273,.T.);
#16480 = ORIENTED_EDGE('',*,*,#16449,.F.);
#16481 = CYLINDRICAL_SURFACE('',#16482,0.15);
#16482 = AXIS2_PLACEMENT_3D('',#16483,#16484,#16485);
#16483 = CARTESIAN_POINT('',(33.822810936226,-50.8,188.3790481409));
#16484 = DIRECTION('',(0.,-1.,0.));
#16485 = DIRECTION('',(0.309016994375,0.,-0.951056516295));
#16486 = ADVANCED_FACE('',(#16487),#16506,.F.);
#16487 = FACE_BOUND('',#16488,.T.);
#16488 = EDGE_LOOP('',(#16489,#16490,#16499,#16505));
#16489 = ORIENTED_EDGE('',*,*,#16474,.F.);
#16490 = ORIENTED_EDGE('',*,*,#16491,.T.);
#16491 = EDGE_CURVE('',#16466,#16492,#16494,.T.);
#16492 = VERTEX_POINT('',#16493);
#16493 = CARTESIAN_POINT('',(33.577694131724,-50.7,188.00081630268));
#16494 = CIRCLE('',#16495,1.469292842572);
#16495 = AXIS2_PLACEMENT_3D('',#16496,#16497,#16498);
#16496 = CARTESIAN_POINT('',(34.639468041957,-50.7,186.98520928184));
#16497 = DIRECTION('',(-0.,-1.,0.));
#16498 = DIRECTION('',(-0.722642811201,0.,0.691221648547));
#16499 = ORIENTED_EDGE('',*,*,#16500,.T.);
#16500 = EDGE_CURVE('',#16492,#1256,#16501,.T.);
#16501 = LINE('',#16502,#16503);
#16502 = CARTESIAN_POINT('',(33.577694131724,-50.8,188.00081630268));
#16503 = VECTOR('',#16504,1.);
#16504 = DIRECTION('',(0.,1.,0.));
#16505 = ORIENTED_EDGE('',*,*,#1264,.F.);
#16506 = CYLINDRICAL_SURFACE('',#16507,1.469292842572);
#16507 = AXIS2_PLACEMENT_3D('',#16508,#16509,#16510);
#16508 = CARTESIAN_POINT('',(34.639468041957,-50.8,186.98520928184));
#16509 = DIRECTION('',(-0.,-1.,-0.));
#16510 = DIRECTION('',(-0.722642811201,0.,0.691221648547));
#16511 = ADVANCED_FACE('',(#16512),#16531,.F.);
#16512 = FACE_BOUND('',#16513,.T.);
#16513 = EDGE_LOOP('',(#16514,#16515,#16524,#16530));
#16514 = ORIENTED_EDGE('',*,*,#16500,.F.);
#16515 = ORIENTED_EDGE('',*,*,#16516,.T.);
#16516 = EDGE_CURVE('',#16492,#16517,#16519,.T.);
#16517 = VERTEX_POINT('',#16518);
#16518 = CARTESIAN_POINT('',(33.834811971446,-50.7,187.20948896025));
#16519 = CIRCLE('',#16520,0.471154273188);
#16520 = AXIS2_PLACEMENT_3D('',#16521,#16522,#16523);
#16521 = CARTESIAN_POINT('',(33.916583264207,-50.7,187.67349306026));
#16522 = DIRECTION('',(0.,-1.,-0.));
#16523 = DIRECTION('',(-0.173555239577,0.,-0.984824135983));
#16524 = ORIENTED_EDGE('',*,*,#16525,.T.);
#16525 = EDGE_CURVE('',#16517,#1247,#16526,.T.);
#16526 = LINE('',#16527,#16528);
#16527 = CARTESIAN_POINT('',(33.834811971446,-50.8,187.20948896025));
#16528 = VECTOR('',#16529,1.);
#16529 = DIRECTION('',(0.,1.,0.));
#16530 = ORIENTED_EDGE('',*,*,#1255,.F.);
#16531 = CYLINDRICAL_SURFACE('',#16532,0.471154273188);
#16532 = AXIS2_PLACEMENT_3D('',#16533,#16534,#16535);
#16533 = CARTESIAN_POINT('',(33.916583264207,-50.8,187.67349306026));
#16534 = DIRECTION('',(-0.,-1.,-0.));
#16535 = DIRECTION('',(-0.173555239577,0.,-0.984824135983));
#16536 = ADVANCED_FACE('',(#16537),#16556,.F.);
#16537 = FACE_BOUND('',#16538,.T.);
#16538 = EDGE_LOOP('',(#16539,#16540,#16549,#16555));
#16539 = ORIENTED_EDGE('',*,*,#16525,.F.);
#16540 = ORIENTED_EDGE('',*,*,#16541,.T.);
#16541 = EDGE_CURVE('',#16517,#16542,#16544,.T.);
#16542 = VERTEX_POINT('',#16543);
#16543 = CARTESIAN_POINT('',(34.209082179194,-50.7,187.19022749554));
#16544 = CIRCLE('',#16545,1.469292842571);
#16545 = AXIS2_PLACEMENT_3D('',#16546,#16547,#16548);
#16546 = CARTESIAN_POINT('',(34.096846280034,-50.7,188.65522734542));
#16547 = DIRECTION('',(0.,-1.,-0.));
#16548 = DIRECTION('',(7.638769883634E-02,0.,-0.99707819125));
#16549 = ORIENTED_EDGE('',*,*,#16550,.T.);
#16550 = EDGE_CURVE('',#16542,#1238,#16551,.T.);
#16551 = LINE('',#16552,#16553);
#16552 = CARTESIAN_POINT('',(34.209082179194,-50.8,187.19022749554));
#16553 = VECTOR('',#16554,1.);
#16554 = DIRECTION('',(0.,1.,0.));
#16555 = ORIENTED_EDGE('',*,*,#1246,.F.);
#16556 = CYLINDRICAL_SURFACE('',#16557,1.469292842571);
#16557 = AXIS2_PLACEMENT_3D('',#16558,#16559,#16560);
#16558 = CARTESIAN_POINT('',(34.096846280034,-50.8,188.65522734542));
#16559 = DIRECTION('',(-0.,-1.,-0.));
#16560 = DIRECTION('',(7.638769883634E-02,0.,-0.99707819125));
#16561 = ADVANCED_FACE('',(#16562),#16581,.T.);
#16562 = FACE_BOUND('',#16563,.T.);
#16563 = EDGE_LOOP('',(#16564,#16573,#16579,#16580));
#16564 = ORIENTED_EDGE('',*,*,#16565,.F.);
#16565 = EDGE_CURVE('',#16566,#16542,#16568,.T.);
#16566 = VERTEX_POINT('',#16567);
#16567 = CARTESIAN_POINT('',(34.398093205795,-50.7,187.09392156725));
#16568 = CIRCLE('',#16569,0.15);
#16569 = AXIS2_PLACEMENT_3D('',#16570,#16571,#16572);
#16570 = CARTESIAN_POINT('',(34.255434728351,-50.7,187.04756901809));
#16571 = DIRECTION('',(0.,-1.,0.));
#16572 = DIRECTION('',(0.951056516295,0.,0.309016994375));
#16573 = ORIENTED_EDGE('',*,*,#16574,.T.);
#16574 = EDGE_CURVE('',#16566,#1230,#16575,.T.);
#16575 = LINE('',#16576,#16577);
#16576 = CARTESIAN_POINT('',(34.398093205795,-50.8,187.09392156725));
#16577 = VECTOR('',#16578,1.);
#16578 = DIRECTION('',(0.,1.,0.));
#16579 = ORIENTED_EDGE('',*,*,#1237,.T.);
#16580 = ORIENTED_EDGE('',*,*,#16550,.F.);
#16581 = CYLINDRICAL_SURFACE('',#16582,0.15);
#16582 = AXIS2_PLACEMENT_3D('',#16583,#16584,#16585);
#16583 = CARTESIAN_POINT('',(34.255434728351,-50.8,187.04756901809));
#16584 = DIRECTION('',(0.,-1.,0.));
#16585 = DIRECTION('',(0.951056516295,0.,0.309016994375));
#16586 = ADVANCED_FACE('',(#16587),#16605,.T.);
#16587 = FACE_BOUND('',#16588,.T.);
#16588 = EDGE_LOOP('',(#16589,#16597,#16603,#16604));
#16589 = ORIENTED_EDGE('',*,*,#16590,.F.);
#16590 = EDGE_CURVE('',#16591,#16566,#16593,.T.);
#16591 = VERTEX_POINT('',#16592);
#16592 = CARTESIAN_POINT('',(34.553565988706,-50.7,186.5426566614));
#16593 = LINE('',#16594,#16595);
#16594 = CARTESIAN_POINT('',(34.514697792978,-50.7,186.68047288786));
#16595 = VECTOR('',#16596,1.);
#16596 = DIRECTION('',(-0.271440449865,0.,0.962455236454));
#16597 = ORIENTED_EDGE('',*,*,#16598,.T.);
#16598 = EDGE_CURVE('',#16591,#1221,#16599,.T.);
#16599 = LINE('',#16600,#16601);
#16600 = CARTESIAN_POINT('',(34.553565988706,-50.8,186.5426566614));
#16601 = VECTOR('',#16602,1.);
#16602 = DIRECTION('',(0.,1.,0.));
#16603 = ORIENTED_EDGE('',*,*,#1229,.T.);
#16604 = ORIENTED_EDGE('',*,*,#16574,.F.);
#16605 = PLANE('',#16606);
#16606 = AXIS2_PLACEMENT_3D('',#16607,#16608,#16609);
#16607 = CARTESIAN_POINT('',(34.553565988706,-50.8,186.5426566614));
#16608 = DIRECTION('',(0.962455236454,-0.,0.271440449865));
#16609 = DIRECTION('',(-0.271440449865,0.,0.962455236454));
#16610 = ADVANCED_FACE('',(#16611),#16630,.T.);
#16611 = FACE_BOUND('',#16612,.T.);
#16612 = EDGE_LOOP('',(#16613,#16622,#16628,#16629));
#16613 = ORIENTED_EDGE('',*,*,#16614,.F.);
#16614 = EDGE_CURVE('',#16615,#16591,#16617,.T.);
#16615 = VERTEX_POINT('',#16616);
#16616 = CARTESIAN_POINT('',(34.442727305225,-50.7,186.36178436876));
#16617 = CIRCLE('',#16618,0.15);
#16618 = AXIS2_PLACEMENT_3D('',#16619,#16620,#16621);
#16619 = CARTESIAN_POINT('',(34.407710500646,-50.7,186.50763985682));
#16620 = DIRECTION('',(0.,-1.,0.));
#16621 = DIRECTION('',(0.233445363856,0.,-0.972369920398));
#16622 = ORIENTED_EDGE('',*,*,#16623,.T.);
#16623 = EDGE_CURVE('',#16615,#1212,#16624,.T.);
#16624 = LINE('',#16625,#16626);
#16625 = CARTESIAN_POINT('',(34.442727305225,-50.8,186.36178436876));
#16626 = VECTOR('',#16627,1.);
#16627 = DIRECTION('',(0.,1.,0.));
#16628 = ORIENTED_EDGE('',*,*,#1220,.T.);
#16629 = ORIENTED_EDGE('',*,*,#16598,.F.);
#16630 = CYLINDRICAL_SURFACE('',#16631,0.15);
#16631 = AXIS2_PLACEMENT_3D('',#16632,#16633,#16634);
#16632 = CARTESIAN_POINT('',(34.407710500646,-50.8,186.50763985682));
#16633 = DIRECTION('',(0.,-1.,0.));
#16634 = DIRECTION('',(0.233445363856,0.,-0.972369920398));
#16635 = ADVANCED_FACE('',(#16636),#16655,.F.);
#16636 = FACE_BOUND('',#16637,.T.);
#16637 = EDGE_LOOP('',(#16638,#16639,#16648,#16654));
#16638 = ORIENTED_EDGE('',*,*,#16623,.F.);
#16639 = ORIENTED_EDGE('',*,*,#16640,.T.);
#16640 = EDGE_CURVE('',#16615,#16641,#16643,.T.);
#16641 = VERTEX_POINT('',#16642);
#16642 = CARTESIAN_POINT('',(34.133673581447,-50.7,186.14980562395));
#16643 = CIRCLE('',#16644,1.469292842571);
#16644 = AXIS2_PLACEMENT_3D('',#16645,#16646,#16647);
#16645 = CARTESIAN_POINT('',(35.112490788594,-50.7,185.05402355975));
#16646 = DIRECTION('',(-0.,-1.,0.));
#16647 = DIRECTION('',(-0.666182519091,0.,0.745788744389));
#16648 = ORIENTED_EDGE('',*,*,#16649,.T.);
#16649 = EDGE_CURVE('',#16641,#1203,#16650,.T.);
#16650 = LINE('',#16651,#16652);
#16651 = CARTESIAN_POINT('',(34.133673581447,-50.8,186.14980562395));
#16652 = VECTOR('',#16653,1.);
#16653 = DIRECTION('',(0.,1.,0.));
#16654 = ORIENTED_EDGE('',*,*,#1211,.F.);
#16655 = CYLINDRICAL_SURFACE('',#16656,1.469292842571);
#16656 = AXIS2_PLACEMENT_3D('',#16657,#16658,#16659);
#16657 = CARTESIAN_POINT('',(35.112490788594,-50.8,185.05402355975));
#16658 = DIRECTION('',(-0.,-1.,-0.));
#16659 = DIRECTION('',(-0.666182519091,0.,0.745788744389));
#16660 = ADVANCED_FACE('',(#16661),#16680,.F.);
#16661 = FACE_BOUND('',#16662,.T.);
#16662 = EDGE_LOOP('',(#16663,#16664,#16673,#16679));
#16663 = ORIENTED_EDGE('',*,*,#16649,.F.);
#16664 = ORIENTED_EDGE('',*,*,#16665,.T.);
#16665 = EDGE_CURVE('',#16641,#16666,#16668,.T.);
#16666 = VERTEX_POINT('',#16667);
#16667 = CARTESIAN_POINT('',(34.327911984966,-50.7,185.34074444643));
#16668 = CIRCLE('',#16669,0.471154273188);
#16669 = AXIS2_PLACEMENT_3D('',#16670,#16671,#16672);
#16670 = CARTESIAN_POINT('',(34.445836546222,-50.7,185.79690247496));
#16671 = DIRECTION('',(0.,-1.,-0.));
#16672 = DIRECTION('',(-0.250288637855,0.,-0.968171264684));
#16673 = ORIENTED_EDGE('',*,*,#16674,.T.);
#16674 = EDGE_CURVE('',#16666,#1194,#16675,.T.);
#16675 = LINE('',#16676,#16677);
#16676 = CARTESIAN_POINT('',(34.327911984966,-50.8,185.34074444643));
#16677 = VECTOR('',#16678,1.);
#16678 = DIRECTION('',(0.,1.,0.));
#16679 = ORIENTED_EDGE('',*,*,#1202,.F.);
#16680 = CYLINDRICAL_SURFACE('',#16681,0.471154273188);
#16681 = AXIS2_PLACEMENT_3D('',#16682,#16683,#16684);
#16682 = CARTESIAN_POINT('',(34.445836546222,-50.8,185.79690247496));
#16683 = DIRECTION('',(-0.,-1.,-0.));
#16684 = DIRECTION('',(-0.250288637855,0.,-0.968171264684));
#16685 = ADVANCED_FACE('',(#16686),#16705,.F.);
#16686 = FACE_BOUND('',#16687,.T.);
#16687 = EDGE_LOOP('',(#16688,#16689,#16698,#16704));
#16688 = ORIENTED_EDGE('',*,*,#16674,.F.);
#16689 = ORIENTED_EDGE('',*,*,#16690,.T.);
#16690 = EDGE_CURVE('',#16666,#16691,#16693,.T.);
#16691 = VERTEX_POINT('',#16692);
#16692 = CARTESIAN_POINT('',(34.699517205466,-50.7,185.29217745632));
#16693 = CIRCLE('',#16694,1.469292842574);
#16694 = AXIS2_PLACEMENT_3D('',#16695,#16696,#16697);
#16695 = CARTESIAN_POINT('',(34.70256985559,-50.7,186.76146712775));
#16696 = DIRECTION('',(0.,-1.,-0.));
#16697 = DIRECTION('',(-2.077632201815E-03,0.,-0.99999784172));
#16698 = ORIENTED_EDGE('',*,*,#16699,.T.);
#16699 = EDGE_CURVE('',#16691,#1185,#16700,.T.);
#16700 = LINE('',#16701,#16702);
#16701 = CARTESIAN_POINT('',(34.699517205466,-50.8,185.29217745632));
#16702 = VECTOR('',#16703,1.);
#16703 = DIRECTION('',(0.,1.,0.));
#16704 = ORIENTED_EDGE('',*,*,#1193,.F.);
#16705 = CYLINDRICAL_SURFACE('',#16706,1.469292842574);
#16706 = AXIS2_PLACEMENT_3D('',#16707,#16708,#16709);
#16707 = CARTESIAN_POINT('',(34.70256985559,-50.8,186.76146712775));
#16708 = DIRECTION('',(-0.,-1.,-0.));
#16709 = DIRECTION('',(-2.077632201815E-03,0.,-0.99999784172));
#16710 = ADVANCED_FACE('',(#16711),#16730,.T.);
#16711 = FACE_BOUND('',#16712,.T.);
#16712 = EDGE_LOOP('',(#16713,#16722,#16728,#16729));
#16713 = ORIENTED_EDGE('',*,*,#16714,.F.);
#16714 = EDGE_CURVE('',#16715,#16691,#16717,.T.);
#16715 = VERTEX_POINT('',#16716);
#16716 = CARTESIAN_POINT('',(34.880389498104,-50.7,185.18133877284));
#16717 = CIRCLE('',#16718,0.15);
#16718 = AXIS2_PLACEMENT_3D('',#16719,#16720,#16721);
#16719 = CARTESIAN_POINT('',(34.734534010045,-50.7,185.14632196826));
#16720 = DIRECTION('',(0.,-1.,0.));
#16721 = DIRECTION('',(0.972369920398,0.,0.233445363856));
#16722 = ORIENTED_EDGE('',*,*,#16723,.T.);
#16723 = EDGE_CURVE('',#16715,#1177,#16724,.T.);
#16724 = LINE('',#16725,#16726);
#16725 = CARTESIAN_POINT('',(34.880389498104,-50.8,185.18133877284));
#16726 = VECTOR('',#16727,1.);
#16727 = DIRECTION('',(0.,1.,0.));
#16728 = ORIENTED_EDGE('',*,*,#1184,.T.);
#16729 = ORIENTED_EDGE('',*,*,#16699,.F.);
#16730 = CYLINDRICAL_SURFACE('',#16731,0.15);
#16731 = AXIS2_PLACEMENT_3D('',#16732,#16733,#16734);
#16732 = CARTESIAN_POINT('',(34.734534010045,-50.8,185.14632196826));
#16733 = DIRECTION('',(0.,-1.,0.));
#16734 = DIRECTION('',(0.972369920398,0.,0.233445363856));
#16735 = ADVANCED_FACE('',(#16736),#16754,.T.);
#16736 = FACE_BOUND('',#16737,.T.);
#16737 = EDGE_LOOP('',(#16738,#16746,#16752,#16753));
#16738 = ORIENTED_EDGE('',*,*,#16739,.F.);
#16739 = EDGE_CURVE('',#16740,#16715,#16742,.T.);
#16740 = VERTEX_POINT('',#16741);
#16741 = CARTESIAN_POINT('',(34.992131264293,-50.7,184.61957497876));
#16742 = LINE('',#16743,#16744);
#16743 = CARTESIAN_POINT('',(34.964195822746,-50.7,184.76001592728));
#16744 = VECTOR('',#16745,1.);
#16745 = DIRECTION('',(-0.195090322016,0.,0.980785280403));
#16746 = ORIENTED_EDGE('',*,*,#16747,.T.);
#16747 = EDGE_CURVE('',#16740,#1168,#16748,.T.);
#16748 = LINE('',#16749,#16750);
#16749 = CARTESIAN_POINT('',(34.992131264293,-50.8,184.61957497876));
#16750 = VECTOR('',#16751,1.);
#16751 = DIRECTION('',(0.,1.,0.));
#16752 = ORIENTED_EDGE('',*,*,#1176,.T.);
#16753 = ORIENTED_EDGE('',*,*,#16723,.F.);
#16754 = PLANE('',#16755);
#16755 = AXIS2_PLACEMENT_3D('',#16756,#16757,#16758);
#16756 = CARTESIAN_POINT('',(34.992131264293,-50.8,184.61957497876));
#16757 = DIRECTION('',(0.980785280403,-0.,0.195090322016));
#16758 = DIRECTION('',(-0.195090322016,0.,0.980785280403));
#16759 = ADVANCED_FACE('',(#16760),#16779,.T.);
#16760 = FACE_BOUND('',#16761,.T.);
#16761 = EDGE_LOOP('',(#16762,#16771,#16777,#16778));
#16762 = ORIENTED_EDGE('',*,*,#16763,.F.);
#16763 = EDGE_CURVE('',#16764,#16740,#16766,.T.);
#16764 = VERTEX_POINT('',#16765);
#16765 = CARTESIAN_POINT('',(34.86744318296,-50.7,184.44795655792));
#16766 = CIRCLE('',#16767,0.15);
#16767 = AXIS2_PLACEMENT_3D('',#16768,#16769,#16770);
#16768 = CARTESIAN_POINT('',(34.843978013204,-50.7,184.59610980901));
#16769 = DIRECTION('',(0.,-1.,0.));
#16770 = DIRECTION('',(0.15643446504,0.,-0.987688340595));
#16771 = ORIENTED_EDGE('',*,*,#16772,.T.);
#16772 = EDGE_CURVE('',#16764,#1159,#16773,.T.);
#16773 = LINE('',#16774,#16775);
#16774 = CARTESIAN_POINT('',(34.86744318296,-50.8,184.44795655792));
#16775 = VECTOR('',#16776,1.);
#16776 = DIRECTION('',(0.,1.,0.));
#16777 = ORIENTED_EDGE('',*,*,#1167,.T.);
#16778 = ORIENTED_EDGE('',*,*,#16747,.F.);
#16779 = CYLINDRICAL_SURFACE('',#16780,0.15);
#16780 = AXIS2_PLACEMENT_3D('',#16781,#16782,#16783);
#16781 = CARTESIAN_POINT('',(34.843978013204,-50.8,184.59610980901));
#16782 = DIRECTION('',(0.,-1.,0.));
#16783 = DIRECTION('',(0.15643446504,0.,-0.987688340595));
#16784 = ADVANCED_FACE('',(#16785),#16804,.F.);
#16785 = FACE_BOUND('',#16786,.T.);
#16786 = EDGE_LOOP('',(#16787,#16788,#16797,#16803));
#16787 = ORIENTED_EDGE('',*,*,#16772,.F.);
#16788 = ORIENTED_EDGE('',*,*,#16789,.T.);
#16789 = EDGE_CURVE('',#16764,#16790,#16792,.T.);
#16790 = VERTEX_POINT('',#16791);
#16791 = CARTESIAN_POINT('',(34.542710508039,-50.7,184.26087934853));
#16792 = CIRCLE('',#16793,1.469292842573);
#16793 = AXIS2_PLACEMENT_3D('',#16794,#16795,#16796);
#16794 = CARTESIAN_POINT('',(35.432536278529,-50.7,183.09167810178));
#16795 = DIRECTION('',(-0.,-1.,0.));
#16796 = DIRECTION('',(-0.605614990223,0.,0.795757804622));
#16797 = ORIENTED_EDGE('',*,*,#16798,.T.);
#16798 = EDGE_CURVE('',#16790,#1150,#16799,.T.);
#16799 = LINE('',#16800,#16801);
#16800 = CARTESIAN_POINT('',(34.542710508039,-50.8,184.26087934853));
#16801 = VECTOR('',#16802,1.);
#16802 = DIRECTION('',(0.,1.,0.));
#16803 = ORIENTED_EDGE('',*,*,#1158,.F.);
#16804 = CYLINDRICAL_SURFACE('',#16805,1.469292842573);
#16805 = AXIS2_PLACEMENT_3D('',#16806,#16807,#16808);
#16806 = CARTESIAN_POINT('',(35.432536278529,-50.8,183.09167810178));
#16807 = DIRECTION('',(-0.,-1.,-0.));
#16808 = DIRECTION('',(-0.605614990223,0.,0.795757804622));
#16809 = ADVANCED_FACE('',(#16810),#16829,.F.);
#16810 = FACE_BOUND('',#16811,.T.);
#16811 = EDGE_LOOP('',(#16812,#16813,#16822,#16828));
#16812 = ORIENTED_EDGE('',*,*,#16798,.F.);
#16813 = ORIENTED_EDGE('',*,*,#16814,.T.);
#16814 = EDGE_CURVE('',#16790,#16815,#16817,.T.);
#16815 = VERTEX_POINT('',#16816);
#16816 = CARTESIAN_POINT('',(34.672871931008,-50.7,183.43907246712));
#16817 = CIRCLE('',#16818,0.471154273188);
#16818 = AXIS2_PLACEMENT_3D('',#16819,#16820,#16821);
#16819 = CARTESIAN_POINT('',(34.826222716624,-50.7,183.88457205824));
#16820 = DIRECTION('',(0.,-1.,-0.));
#16821 = DIRECTION('',(-0.325478923451,0.,-0.945549295589));
#16822 = ORIENTED_EDGE('',*,*,#16823,.T.);
#16823 = EDGE_CURVE('',#16815,#1141,#16824,.T.);
#16824 = LINE('',#16825,#16826);
#16825 = CARTESIAN_POINT('',(34.672871931008,-50.8,183.43907246712));
#16826 = VECTOR('',#16827,1.);
#16827 = DIRECTION('',(0.,1.,0.));
#16828 = ORIENTED_EDGE('',*,*,#1149,.F.);
#16829 = CYLINDRICAL_SURFACE('',#16830,0.471154273188);
#16830 = AXIS2_PLACEMENT_3D('',#16831,#16832,#16833);
#16831 = CARTESIAN_POINT('',(34.826222716624,-50.8,183.88457205824));
#16832 = DIRECTION('',(-0.,-1.,-0.));
#16833 = DIRECTION('',(-0.325478923451,0.,-0.945549295589));
#16834 = ADVANCED_FACE('',(#16835),#16854,.F.);
#16835 = FACE_BOUND('',#16836,.T.);
#16836 = EDGE_LOOP('',(#16837,#16838,#16847,#16853));
#16837 = ORIENTED_EDGE('',*,*,#16823,.F.);
#16838 = ORIENTED_EDGE('',*,*,#16839,.T.);
#16839 = EDGE_CURVE('',#16815,#16840,#16842,.T.);
#16840 = VERTEX_POINT('',#16841);
#16841 = CARTESIAN_POINT('',(35.039521094504,-50.7,183.36149938326));
#16842 = CIRCLE('',#16843,1.469292842571);
#16843 = AXIS2_PLACEMENT_3D('',#16844,#16845,#16846);
#16844 = CARTESIAN_POINT('',(35.157843473308,-50.7,184.82602021681));
#16845 = DIRECTION('',(0.,-1.,-0.));
#16846 = DIRECTION('',(-8.053015394597E-02,0.,-0.996752172962));
#16847 = ORIENTED_EDGE('',*,*,#16848,.T.);
#16848 = EDGE_CURVE('',#16840,#1132,#16849,.T.);
#16849 = LINE('',#16850,#16851);
#16850 = CARTESIAN_POINT('',(35.039521094504,-50.8,183.36149938326));
#16851 = VECTOR('',#16852,1.);
#16852 = DIRECTION('',(0.,1.,0.));
#16853 = ORIENTED_EDGE('',*,*,#1140,.F.);
#16854 = CYLINDRICAL_SURFACE('',#16855,1.469292842571);
#16855 = AXIS2_PLACEMENT_3D('',#16856,#16857,#16858);
#16856 = CARTESIAN_POINT('',(35.157843473308,-50.8,184.82602021681));
#16857 = DIRECTION('',(-0.,-1.,-0.));
#16858 = DIRECTION('',(-8.053015394597E-02,0.,-0.996752172962));
#16859 = ADVANCED_FACE('',(#16860),#16879,.T.);
#16860 = FACE_BOUND('',#16861,.T.);
#16861 = EDGE_LOOP('',(#16862,#16871,#16877,#16878));
#16862 = ORIENTED_EDGE('',*,*,#16863,.F.);
#16863 = EDGE_CURVE('',#16864,#16840,#16866,.T.);
#16864 = VERTEX_POINT('',#16865);
#16865 = CARTESIAN_POINT('',(35.211139515349,-50.7,183.23681130193));
#16866 = CIRCLE('',#16867,0.15);
#16867 = AXIS2_PLACEMENT_3D('',#16868,#16869,#16870);
#16868 = CARTESIAN_POINT('',(35.06298626426,-50.7,183.21334613217));
#16869 = DIRECTION('',(0.,-1.,0.));
#16870 = DIRECTION('',(0.987688340595,0.,0.15643446504));
#16871 = ORIENTED_EDGE('',*,*,#16872,.T.);
#16872 = EDGE_CURVE('',#16864,#1124,#16873,.T.);
#16873 = LINE('',#16874,#16875);
#16874 = CARTESIAN_POINT('',(35.211139515349,-50.8,183.23681130193));
#16875 = VECTOR('',#16876,1.);
#16876 = DIRECTION('',(0.,1.,0.));
#16877 = ORIENTED_EDGE('',*,*,#1131,.T.);
#16878 = ORIENTED_EDGE('',*,*,#16848,.F.);
#16879 = CYLINDRICAL_SURFACE('',#16880,0.15);
#16880 = AXIS2_PLACEMENT_3D('',#16881,#16882,#16883);
#16881 = CARTESIAN_POINT('',(35.06298626426,-50.8,183.21334613217));
#16882 = DIRECTION('',(0.,-1.,0.));
#16883 = DIRECTION('',(0.987688340595,0.,0.15643446504));
#16884 = ADVANCED_FACE('',(#16885),#16903,.T.);
#16885 = FACE_BOUND('',#16886,.T.);
#16886 = EDGE_LOOP('',(#16887,#16895,#16901,#16902));
#16887 = ORIENTED_EDGE('',*,*,#16888,.F.);
#16888 = EDGE_CURVE('',#16889,#16864,#16891,.T.);
#16889 = VERTEX_POINT('',#16890);
#16890 = CARTESIAN_POINT('',(35.278461339668,-50.7,182.66801208022));
#16891 = LINE('',#16892,#16893);
#16892 = CARTESIAN_POINT('',(35.261630883588,-50.7,182.81021188565));
#16893 = VECTOR('',#16894,1.);
#16894 = DIRECTION('',(-0.117537397458,0.,0.993068456955));
#16895 = ORIENTED_EDGE('',*,*,#16896,.T.);
#16896 = EDGE_CURVE('',#16889,#1115,#16897,.T.);
#16897 = LINE('',#16898,#16899);
#16898 = CARTESIAN_POINT('',(35.278461339668,-50.8,182.66801208022));
#16899 = VECTOR('',#16900,1.);
#16900 = DIRECTION('',(0.,1.,0.));
#16901 = ORIENTED_EDGE('',*,*,#1123,.T.);
#16902 = ORIENTED_EDGE('',*,*,#16872,.F.);
#16903 = PLANE('',#16904);
#16904 = AXIS2_PLACEMENT_3D('',#16905,#16906,#16907);
#16905 = CARTESIAN_POINT('',(35.278461339668,-50.8,182.66801208022));
#16906 = DIRECTION('',(0.993068456955,-0.,0.117537397458));
#16907 = DIRECTION('',(-0.117537397458,0.,0.993068456955));
#16908 = ADVANCED_FACE('',(#16909),#16928,.T.);
#16909 = FACE_BOUND('',#16910,.T.);
#16910 = EDGE_LOOP('',(#16911,#16920,#16926,#16927));
#16911 = ORIENTED_EDGE('',*,*,#16912,.F.);
#16912 = EDGE_CURVE('',#16913,#16889,#16915,.T.);
#16913 = VERTEX_POINT('',#16914);
#16914 = CARTESIAN_POINT('',(35.140692603967,-50.7,182.5067056158));
#16915 = CIRCLE('',#16916,0.15);
#16916 = AXIS2_PLACEMENT_3D('',#16917,#16918,#16919);
#16917 = CARTESIAN_POINT('',(35.128923739608,-50.7,182.65624321586));
#16918 = DIRECTION('',(0.,-1.,0.));
#16919 = DIRECTION('',(7.845909572771E-02,0.,-0.996917333733));
#16920 = ORIENTED_EDGE('',*,*,#16921,.T.);
#16921 = EDGE_CURVE('',#16913,#1106,#16922,.T.);
#16922 = LINE('',#16923,#16924);
#16923 = CARTESIAN_POINT('',(35.140692603967,-50.8,182.5067056158));
#16924 = VECTOR('',#16925,1.);
#16925 = DIRECTION('',(0.,1.,0.));
#16926 = ORIENTED_EDGE('',*,*,#1114,.T.);
#16927 = ORIENTED_EDGE('',*,*,#16896,.F.);
#16928 = CYLINDRICAL_SURFACE('',#16929,0.15);
#16929 = AXIS2_PLACEMENT_3D('',#16930,#16931,#16932);
#16930 = CARTESIAN_POINT('',(35.128923739608,-50.8,182.65624321586));
#16931 = DIRECTION('',(0.,-1.,0.));
#16932 = DIRECTION('',(7.845909572771E-02,0.,-0.996917333733));
#16933 = ADVANCED_FACE('',(#16934),#16953,.F.);
#16934 = FACE_BOUND('',#16935,.T.);
#16935 = EDGE_LOOP('',(#16936,#16937,#16946,#16952));
#16936 = ORIENTED_EDGE('',*,*,#16921,.F.);
#16937 = ORIENTED_EDGE('',*,*,#16938,.T.);
#16938 = EDGE_CURVE('',#16913,#16939,#16941,.T.);
#16939 = VERTEX_POINT('',#16940);
#16940 = CARTESIAN_POINT('',(34.80228306283,-50.7,182.34568333505));
#16941 = CIRCLE('',#16942,1.469292842574);
#16942 = AXIS2_PLACEMENT_3D('',#16943,#16944,#16945);
#16943 = CARTESIAN_POINT('',(35.59763132489,-50.7,181.11027142023));
#16944 = DIRECTION('',(-0.,-1.,0.));
#16945 = DIRECTION('',(-0.541313643553,0.,0.840820753373));
#16946 = ORIENTED_EDGE('',*,*,#16947,.T.);
#16947 = EDGE_CURVE('',#16939,#1097,#16948,.T.);
#16948 = LINE('',#16949,#16950);
#16949 = CARTESIAN_POINT('',(34.80228306283,-50.8,182.34568333505));
#16950 = VECTOR('',#16951,1.);
#16951 = DIRECTION('',(0.,1.,0.));
#16952 = ORIENTED_EDGE('',*,*,#1105,.F.);
#16953 = CYLINDRICAL_SURFACE('',#16954,1.469292842574);
#16954 = AXIS2_PLACEMENT_3D('',#16955,#16956,#16957);
#16955 = CARTESIAN_POINT('',(35.59763132489,-50.8,181.11027142023));
#16956 = DIRECTION('',(-0.,-1.,-0.));
#16957 = DIRECTION('',(-0.541313643553,0.,0.840820753373));
#16958 = ADVANCED_FACE('',(#16959),#16978,.F.);
#16959 = FACE_BOUND('',#16960,.T.);
#16960 = EDGE_LOOP('',(#16961,#16962,#16971,#16977));
#16961 = ORIENTED_EDGE('',*,*,#16947,.F.);
#16962 = ORIENTED_EDGE('',*,*,#16963,.T.);
#16963 = EDGE_CURVE('',#16939,#16964,#16966,.T.);
#16964 = VERTEX_POINT('',#16965);
#16965 = CARTESIAN_POINT('',(34.867565016792,-50.7,181.51619746243));
#16966 = CIRCLE('',#16967,0.471154273188);
#16967 = AXIS2_PLACEMENT_3D('',#16968,#16969,#16970);
#16968 = CARTESIAN_POINT('',(35.055396568181,-50.7,181.94829196303));
#16969 = DIRECTION('',(0.,-1.,-0.));
#16970 = DIRECTION('',(-0.398662523251,0.,-0.91709770066));
#16971 = ORIENTED_EDGE('',*,*,#16972,.T.);
#16972 = EDGE_CURVE('',#16964,#1088,#16973,.T.);
#16973 = LINE('',#16974,#16975);
#16974 = CARTESIAN_POINT('',(34.867565016792,-50.8,181.51619746243));
#16975 = VECTOR('',#16976,1.);
#16976 = DIRECTION('',(0.,1.,0.));
#16977 = ORIENTED_EDGE('',*,*,#1096,.F.);
#16978 = CYLINDRICAL_SURFACE('',#16979,0.471154273188);
#16979 = AXIS2_PLACEMENT_3D('',#16980,#16981,#16982);
#16980 = CARTESIAN_POINT('',(35.055396568181,-50.8,181.94829196303));
#16981 = DIRECTION('',(-0.,-1.,-0.));
#16982 = DIRECTION('',(-0.398662523251,0.,-0.91709770066));
#16983 = ADVANCED_FACE('',(#16984),#17003,.F.);
#16984 = FACE_BOUND('',#16985,.T.);
#16985 = EDGE_LOOP('',(#16986,#16987,#16996,#17002));
#16986 = ORIENTED_EDGE('',*,*,#16972,.F.);
#16987 = ORIENTED_EDGE('',*,*,#16988,.T.);
#16988 = EDGE_CURVE('',#16964,#16989,#16991,.T.);
#16989 = VERTEX_POINT('',#16990);
#16990 = CARTESIAN_POINT('',(35.226997609268,-50.7,181.41009654869));
#16991 = CIRCLE('',#16992,1.469292842574);
#16992 = AXIS2_PLACEMENT_3D('',#16993,#16994,#16995);
#16993 = CARTESIAN_POINT('',(35.459860219942,-50.7,182.86081928643));
#16994 = DIRECTION('',(0.,-1.,-0.));
#16995 = DIRECTION('',(-0.158486180513,0.,-0.987361195605));
#16996 = ORIENTED_EDGE('',*,*,#16997,.T.);
#16997 = EDGE_CURVE('',#16989,#1079,#16998,.T.);
#16998 = LINE('',#16999,#17000);
#16999 = CARTESIAN_POINT('',(35.226997609268,-50.8,181.41009654869));
#17000 = VECTOR('',#17001,1.);
#17001 = DIRECTION('',(0.,1.,0.));
#17002 = ORIENTED_EDGE('',*,*,#1087,.F.);
#17003 = CYLINDRICAL_SURFACE('',#17004,1.469292842574);
#17004 = AXIS2_PLACEMENT_3D('',#17005,#17006,#17007);
#17005 = CARTESIAN_POINT('',(35.459860219942,-50.8,182.86081928643));
#17006 = DIRECTION('',(-0.,-1.,-0.));
#17007 = DIRECTION('',(-0.158486180513,0.,-0.987361195605));
#17008 = ADVANCED_FACE('',(#17009),#17028,.T.);
#17009 = FACE_BOUND('',#17010,.T.);
#17010 = EDGE_LOOP('',(#17011,#17020,#17026,#17027));
#17011 = ORIENTED_EDGE('',*,*,#17012,.F.);
#17012 = EDGE_CURVE('',#17013,#16989,#17015,.T.);
#17013 = VERTEX_POINT('',#17014);
#17014 = CARTESIAN_POINT('',(35.388304073687,-50.7,181.27232781299));
#17015 = CIRCLE('',#17016,0.15);
#17016 = AXIS2_PLACEMENT_3D('',#17017,#17018,#17019);
#17017 = CARTESIAN_POINT('',(35.238766473627,-50.7,181.26055894863));
#17018 = DIRECTION('',(0.,-1.,0.));
#17019 = DIRECTION('',(0.996917333733,0.,7.845909572779E-02));
#17020 = ORIENTED_EDGE('',*,*,#17021,.T.);
#17021 = EDGE_CURVE('',#17013,#1071,#17022,.T.);
#17022 = LINE('',#17023,#17024);
#17023 = CARTESIAN_POINT('',(35.388304073687,-50.8,181.27232781299));
#17024 = VECTOR('',#17025,1.);
#17025 = DIRECTION('',(0.,1.,0.));
#17026 = ORIENTED_EDGE('',*,*,#1078,.T.);
#17027 = ORIENTED_EDGE('',*,*,#16997,.F.);
#17028 = CYLINDRICAL_SURFACE('',#17029,0.15);
#17029 = AXIS2_PLACEMENT_3D('',#17030,#17031,#17032);
#17030 = CARTESIAN_POINT('',(35.238766473627,-50.8,181.26055894863));
#17031 = DIRECTION('',(0.,-1.,0.));
#17032 = DIRECTION('',(0.996917333733,0.,7.845909572779E-02));
#17033 = ADVANCED_FACE('',(#17034),#17052,.T.);
#17034 = FACE_BOUND('',#17035,.T.);
#17035 = EDGE_LOOP('',(#17036,#17044,#17050,#17051));
#17036 = ORIENTED_EDGE('',*,*,#17037,.F.);
#17037 = EDGE_CURVE('',#17038,#17013,#17040,.T.);
#17038 = VERTEX_POINT('',#17039);
#17039 = CARTESIAN_POINT('',(35.410790894703,-50.7,180.7));
#17040 = LINE('',#17041,#17042);
#17041 = CARTESIAN_POINT('',(35.405169189449,-50.7,180.84308195324));
#17042 = VECTOR('',#17043,1.);
#17043 = DIRECTION('',(-3.925981575907E-02,0.,0.999229036241));
#17044 = ORIENTED_EDGE('',*,*,#17045,.T.);
#17045 = EDGE_CURVE('',#17038,#1062,#17046,.T.);
#17046 = LINE('',#17047,#17048);
#17047 = CARTESIAN_POINT('',(35.410790894703,-50.8,180.7));
#17048 = VECTOR('',#17049,1.);
#17049 = DIRECTION('',(0.,1.,0.));
#17050 = ORIENTED_EDGE('',*,*,#1070,.T.);
#17051 = ORIENTED_EDGE('',*,*,#17021,.F.);
#17052 = PLANE('',#17053);
#17053 = AXIS2_PLACEMENT_3D('',#17054,#17055,#17056);
#17054 = CARTESIAN_POINT('',(35.410790894703,-50.8,180.7));
#17055 = DIRECTION('',(0.999229036241,-0.,3.925981575907E-02));
#17056 = DIRECTION('',(-3.925981575907E-02,0.,0.999229036241));
#17057 = ADVANCED_FACE('',(#17058),#17077,.T.);
#17058 = FACE_BOUND('',#17059,.T.);
#17059 = EDGE_LOOP('',(#17060,#17069,#17075,#17076));
#17060 = ORIENTED_EDGE('',*,*,#17061,.F.);
#17061 = EDGE_CURVE('',#17062,#17038,#17064,.T.);
#17062 = VERTEX_POINT('',#17063);
#17063 = CARTESIAN_POINT('',(35.260790894703,-50.7,180.55));
#17064 = CIRCLE('',#17065,0.15);
#17065 = AXIS2_PLACEMENT_3D('',#17066,#17067,#17068);
#17066 = CARTESIAN_POINT('',(35.260790894703,-50.7,180.7));
#17067 = DIRECTION('',(0.,-1.,0.));
#17068 = DIRECTION('',(-4.736951571734E-14,-0.,-1.));
#17069 = ORIENTED_EDGE('',*,*,#17070,.T.);
#17070 = EDGE_CURVE('',#17062,#1053,#17071,.T.);
#17071 = LINE('',#17072,#17073);
#17072 = CARTESIAN_POINT('',(35.260790894703,-50.8,180.55));
#17073 = VECTOR('',#17074,1.);
#17074 = DIRECTION('',(0.,1.,0.));
#17075 = ORIENTED_EDGE('',*,*,#1061,.T.);
#17076 = ORIENTED_EDGE('',*,*,#17045,.F.);
#17077 = CYLINDRICAL_SURFACE('',#17078,0.15);
#17078 = AXIS2_PLACEMENT_3D('',#17079,#17080,#17081);
#17079 = CARTESIAN_POINT('',(35.260790894703,-50.8,180.7));
#17080 = DIRECTION('',(0.,-1.,0.));
#17081 = DIRECTION('',(-4.736951571734E-14,-0.,-1.));
#17082 = ADVANCED_FACE('',(#17083),#17102,.F.);
#17083 = FACE_BOUND('',#17084,.T.);
#17084 = EDGE_LOOP('',(#17085,#17086,#17095,#17101));
#17085 = ORIENTED_EDGE('',*,*,#17070,.F.);
#17086 = ORIENTED_EDGE('',*,*,#17087,.T.);
#17087 = EDGE_CURVE('',#17062,#17088,#17090,.T.);
#17088 = VERTEX_POINT('',#17089);
#17089 = CARTESIAN_POINT('',(34.910790894703,-50.7,180.41602540378));
#17090 = CIRCLE('',#17091,1.469292842573);
#17091 = AXIS2_PLACEMENT_3D('',#17092,#17093,#17094);
#17092 = CARTESIAN_POINT('',(35.606758061817,-50.7,179.12201954617));
#17093 = DIRECTION('',(-0.,-1.,0.));
#17094 = DIRECTION('',(-0.473674918265,0.,0.880699762579));
#17095 = ORIENTED_EDGE('',*,*,#17096,.T.);
#17096 = EDGE_CURVE('',#17088,#1044,#17097,.T.);
#17097 = LINE('',#17098,#17099);
#17098 = CARTESIAN_POINT('',(34.910790894703,-50.8,180.41602540378));
#17099 = VECTOR('',#17100,1.);
#17100 = DIRECTION('',(0.,1.,0.));
#17101 = ORIENTED_EDGE('',*,*,#1052,.F.);
#17102 = CYLINDRICAL_SURFACE('',#17103,1.469292842573);
#17103 = AXIS2_PLACEMENT_3D('',#17104,#17105,#17106);
#17104 = CARTESIAN_POINT('',(35.606758061817,-50.8,179.12201954617));
#17105 = DIRECTION('',(-0.,-1.,-0.));
#17106 = DIRECTION('',(-0.473674918265,0.,0.880699762579));
#17107 = ADVANCED_FACE('',(#17108),#17127,.F.);
#17108 = FACE_BOUND('',#17109,.T.);
#17109 = EDGE_LOOP('',(#17110,#17111,#17120,#17126));
#17110 = ORIENTED_EDGE('',*,*,#17096,.F.);
#17111 = ORIENTED_EDGE('',*,*,#17112,.T.);
#17112 = EDGE_CURVE('',#17088,#17113,#17115,.T.);
#17113 = VERTEX_POINT('',#17114);
#17114 = CARTESIAN_POINT('',(34.910790894703,-50.7,179.58397459621));
#17115 = CIRCLE('',#17116,0.471154273188);
#17116 = AXIS2_PLACEMENT_3D('',#17117,#17118,#17119);
#17117 = CARTESIAN_POINT('',(35.131945167891,-50.7,180.));
#17118 = DIRECTION('',(0.,-1.,-0.));
#17119 = DIRECTION('',(-0.469388236026,0.,-0.88299189344));
#17120 = ORIENTED_EDGE('',*,*,#17121,.T.);
#17121 = EDGE_CURVE('',#17113,#1035,#17122,.T.);
#17122 = LINE('',#17123,#17124);
#17123 = CARTESIAN_POINT('',(34.910790894703,-50.8,179.58397459621));
#17124 = VECTOR('',#17125,1.);
#17125 = DIRECTION('',(0.,1.,0.));
#17126 = ORIENTED_EDGE('',*,*,#1043,.F.);
#17127 = CYLINDRICAL_SURFACE('',#17128,0.471154273188);
#17128 = AXIS2_PLACEMENT_3D('',#17129,#17130,#17131);
#17129 = CARTESIAN_POINT('',(35.131945167891,-50.8,180.));
#17130 = DIRECTION('',(-0.,-1.,-0.));
#17131 = DIRECTION('',(-0.469388236026,0.,-0.88299189344));
#17132 = ADVANCED_FACE('',(#17133),#17152,.F.);
#17133 = FACE_BOUND('',#17134,.T.);
#17134 = EDGE_LOOP('',(#17135,#17136,#17145,#17151));
#17135 = ORIENTED_EDGE('',*,*,#17121,.F.);
#17136 = ORIENTED_EDGE('',*,*,#17137,.T.);
#17137 = EDGE_CURVE('',#17113,#17138,#17140,.T.);
#17138 = VERTEX_POINT('',#17139);
#17139 = CARTESIAN_POINT('',(35.260790894703,-50.7,179.45));
#17140 = CIRCLE('',#17141,1.469292842573);
#17141 = AXIS2_PLACEMENT_3D('',#17142,#17143,#17144);
#17142 = CARTESIAN_POINT('',(35.606758061817,-50.7,180.87798045382));
#17143 = DIRECTION('',(0.,-1.,-0.));
#17144 = DIRECTION('',(-0.235465087074,0.,-0.971882808146));
#17145 = ORIENTED_EDGE('',*,*,#17146,.T.);
#17146 = EDGE_CURVE('',#17138,#1026,#17147,.T.);
#17147 = LINE('',#17148,#17149);
#17148 = CARTESIAN_POINT('',(35.260790894703,-50.8,179.45));
#17149 = VECTOR('',#17150,1.);
#17150 = DIRECTION('',(0.,1.,0.));
#17151 = ORIENTED_EDGE('',*,*,#1034,.F.);
#17152 = CYLINDRICAL_SURFACE('',#17153,1.469292842573);
#17153 = AXIS2_PLACEMENT_3D('',#17154,#17155,#17156);
#17154 = CARTESIAN_POINT('',(35.606758061817,-50.8,180.87798045382));
#17155 = DIRECTION('',(-0.,-1.,-0.));
#17156 = DIRECTION('',(-0.235465087074,0.,-0.971882808146));
#17157 = ADVANCED_FACE('',(#17158),#17177,.T.);
#17158 = FACE_BOUND('',#17159,.T.);
#17159 = EDGE_LOOP('',(#17160,#17169,#17175,#17176));
#17160 = ORIENTED_EDGE('',*,*,#17161,.F.);
#17161 = EDGE_CURVE('',#17162,#17138,#17164,.T.);
#17162 = VERTEX_POINT('',#17163);
#17163 = CARTESIAN_POINT('',(35.410790894703,-50.7,179.3));
#17164 = CIRCLE('',#17165,0.15);
#17165 = AXIS2_PLACEMENT_3D('',#17166,#17167,#17168);
#17166 = CARTESIAN_POINT('',(35.260790894703,-50.7,179.3));
#17167 = DIRECTION('',(0.,-1.,0.));
#17168 = DIRECTION('',(1.,0.,1.894780628694E-13));
#17169 = ORIENTED_EDGE('',*,*,#17170,.T.);
#17170 = EDGE_CURVE('',#17162,#1018,#17171,.T.);
#17171 = LINE('',#17172,#17173);
#17172 = CARTESIAN_POINT('',(35.410790894703,-50.8,179.3));
#17173 = VECTOR('',#17174,1.);
#17174 = DIRECTION('',(0.,1.,0.));
#17175 = ORIENTED_EDGE('',*,*,#1025,.T.);
#17176 = ORIENTED_EDGE('',*,*,#17146,.F.);
#17177 = CYLINDRICAL_SURFACE('',#17178,0.15);
#17178 = AXIS2_PLACEMENT_3D('',#17179,#17180,#17181);
#17179 = CARTESIAN_POINT('',(35.260790894703,-50.8,179.3));
#17180 = DIRECTION('',(0.,-1.,0.));
#17181 = DIRECTION('',(1.,0.,1.894780628694E-13));
#17182 = ADVANCED_FACE('',(#17183),#17194,.T.);
#17183 = FACE_BOUND('',#17184,.T.);
#17184 = EDGE_LOOP('',(#17185,#17191,#17192,#17193));
#17185 = ORIENTED_EDGE('',*,*,#17186,.F.);
#17186 = EDGE_CURVE('',#5286,#17162,#17187,.T.);
#17187 = LINE('',#17188,#17189);
#17188 = CARTESIAN_POINT('',(35.393925778941,-50.7,178.87075414025));
#17189 = VECTOR('',#17190,1.);
#17190 = DIRECTION('',(3.925981575907E-02,-0.,0.999229036241));
#17191 = ORIENTED_EDGE('',*,*,#5301,.T.);
#17192 = ORIENTED_EDGE('',*,*,#1017,.T.);
#17193 = ORIENTED_EDGE('',*,*,#17170,.F.);
#17194 = PLANE('',#17195);
#17195 = AXIS2_PLACEMENT_3D('',#17196,#17197,#17198);
#17196 = CARTESIAN_POINT('',(35.388304073687,-50.8,178.727672187));
#17197 = DIRECTION('',(0.999229036241,0.,-3.925981575907E-02));
#17198 = DIRECTION('',(3.925981575907E-02,0.,0.999229036241));
#17199 = ADVANCED_FACE('',(#17200),#17219,.T.);
#17200 = FACE_BOUND('',#17201,.T.);
#17201 = EDGE_LOOP('',(#17202,#17210,#17217,#17218));
#17202 = ORIENTED_EDGE('',*,*,#17203,.T.);
#17203 = EDGE_CURVE('',#5267,#17204,#17206,.T.);
#17204 = VERTEX_POINT('',#17205);
#17205 = CARTESIAN_POINT('',(10.3,84.,183.95));
#17206 = LINE('',#17207,#17208);
#17207 = CARTESIAN_POINT('',(10.3,59.,183.95));
#17208 = VECTOR('',#17209,1.);
#17209 = DIRECTION('',(0.,1.,0.));
#17210 = ORIENTED_EDGE('',*,*,#17211,.F.);
#17211 = EDGE_CURVE('',#17204,#17204,#17212,.T.);
#17212 = CIRCLE('',#17213,3.95);
#17213 = AXIS2_PLACEMENT_3D('',#17214,#17215,#17216);
#17214 = CARTESIAN_POINT('',(10.3,84.,180.));
#17215 = DIRECTION('',(0.,1.,0.));
#17216 = DIRECTION('',(0.,-0.,1.));
#17217 = ORIENTED_EDGE('',*,*,#17203,.F.);
#17218 = ORIENTED_EDGE('',*,*,#5266,.T.);
#17219 = CYLINDRICAL_SURFACE('',#17220,3.95);
#17220 = AXIS2_PLACEMENT_3D('',#17221,#17222,#17223);
#17221 = CARTESIAN_POINT('',(10.3,59.,180.));
#17222 = DIRECTION('',(0.,1.,0.));
#17223 = DIRECTION('',(0.,-0.,1.));
#17224 = ADVANCED_FACE('',(#17225,#17236),#17718,.T.);
#17225 = FACE_BOUND('',#17226,.T.);
#17226 = EDGE_LOOP('',(#17227));
#17227 = ORIENTED_EDGE('',*,*,#17228,.T.);
#17228 = EDGE_CURVE('',#17229,#17229,#17231,.T.);
#17229 = VERTEX_POINT('',#17230);
#17230 = CARTESIAN_POINT('',(10.3,-50.7,207.7107908947));
#17231 = CIRCLE('',#17232,27.710790894703);
#17232 = AXIS2_PLACEMENT_3D('',#17233,#17234,#17235);
#17233 = CARTESIAN_POINT('',(10.3,-50.7,180.));
#17234 = DIRECTION('',(0.,1.,0.));
#17235 = DIRECTION('',(0.,-0.,1.));
#17236 = FACE_BOUND('',#17237,.T.);
#17237 = EDGE_LOOP('',(#17238,#17239,#17240,#17241,#17242,#17243,#17244,
    #17245,#17246,#17247,#17248,#17249,#17250,#17251,#17252,#17253,
    #17254,#17255,#17256,#17257,#17258,#17259,#17260,#17261,#17262,
    #17263,#17264,#17265,#17266,#17267,#17268,#17269,#17270,#17271,
    #17272,#17273,#17274,#17275,#17276,#17277,#17278,#17279,#17280,
    #17281,#17282,#17283,#17284,#17285,#17286,#17287,#17288,#17289,
    #17290,#17291,#17292,#17293,#17294,#17295,#17296,#17297,#17298,
    #17299,#17300,#17301,#17302,#17303,#17304,#17305,#17306,#17307,
    #17308,#17309,#17310,#17311,#17312,#17313,#17314,#17315,#17316,
    #17317,#17318,#17319,#17320,#17321,#17322,#17323,#17324,#17325,
    #17326,#17327,#17328,#17329,#17330,#17331,#17332,#17333,#17334,
    #17335,#17336,#17337,#17338,#17339,#17340,#17341,#17342,#17343,
    #17344,#17345,#17346,#17347,#17348,#17349,#17350,#17351,#17352,
    #17353,#17354,#17355,#17356,#17357,#17358,#17359,#17360,#17361,
    #17362,#17363,#17364,#17365,#17366,#17367,#17368,#17369,#17370,
    #17371,#17372,#17373,#17374,#17375,#17376,#17377,#17378,#17379,
    #17380,#17381,#17382,#17383,#17384,#17385,#17386,#17387,#17388,
    #17389,#17390,#17391,#17392,#17393,#17394,#17395,#17396,#17397,
    #17398,#17399,#17400,#17401,#17402,#17403,#17404,#17405,#17406,
    #17407,#17408,#17409,#17410,#17411,#17412,#17413,#17414,#17415,
    #17416,#17417,#17418,#17419,#17420,#17421,#17422,#17423,#17424,
    #17425,#17426,#17427,#17428,#17429,#17430,#17431,#17432,#17433,
    #17434,#17435,#17436,#17437,#17438,#17439,#17440,#17441,#17442,
    #17443,#17444,#17445,#17446,#17447,#17448,#17449,#17450,#17451,
    #17452,#17453,#17454,#17455,#17456,#17457,#17458,#17459,#17460,
    #17461,#17462,#17463,#17464,#17465,#17466,#17467,#17468,#17469,
    #17470,#17471,#17472,#17473,#17474,#17475,#17476,#17477,#17478,
    #17479,#17480,#17481,#17482,#17483,#17484,#17485,#17486,#17487,
    #17488,#17489,#17490,#17491,#17492,#17493,#17494,#17495,#17496,
    #17497,#17498,#17499,#17500,#17501,#17502,#17503,#17504,#17505,
    #17506,#17507,#17508,#17509,#17510,#17511,#17512,#17513,#17514,
    #17515,#17516,#17517,#17518,#17519,#17520,#17521,#17522,#17523,
    #17524,#17525,#17526,#17527,#17528,#17529,#17530,#17531,#17532,
    #17533,#17534,#17535,#17536,#17537,#17538,#17539,#17540,#17541,
    #17542,#17543,#17544,#17545,#17546,#17547,#17548,#17549,#17550,
    #17551,#17552,#17553,#17554,#17555,#17556,#17557,#17558,#17559,
    #17560,#17561,#17562,#17563,#17564,#17565,#17566,#17567,#17568,
    #17569,#17570,#17571,#17572,#17573,#17574,#17575,#17576,#17577,
    #17578,#17579,#17580,#17581,#17582,#17583,#17584,#17585,#17586,
    #17587,#17588,#17589,#17590,#17591,#17592,#17593,#17594,#17595,
    #17596,#17597,#17598,#17599,#17600,#17601,#17602,#17603,#17604,
    #17605,#17606,#17607,#17608,#17609,#17610,#17611,#17612,#17613,
    #17614,#17615,#17616,#17617,#17618,#17619,#17620,#17621,#17622,
    #17623,#17624,#17625,#17626,#17627,#17628,#17629,#17630,#17631,
    #17632,#17633,#17634,#17635,#17636,#17637,#17638,#17639,#17640,
    #17641,#17642,#17643,#17644,#17645,#17646,#17647,#17648,#17649,
    #17650,#17651,#17652,#17653,#17654,#17655,#17656,#17657,#17658,
    #17659,#17660,#17661,#17662,#17663,#17664,#17665,#17666,#17667,
    #17668,#17669,#17670,#17671,#17672,#17673,#17674,#17675,#17676,
    #17677,#17678,#17679,#17680,#17681,#17682,#17683,#17684,#17685,
    #17686,#17687,#17688,#17689,#17690,#17691,#17692,#17693,#17694,
    #17695,#17696,#17697,#17698,#17699,#17700,#17701,#17702,#17703,
    #17704,#17705,#17706,#17707,#17708,#17709,#17710,#17711,#17712,
    #17713,#17714,#17715,#17716,#17717));
#17238 = ORIENTED_EDGE('',*,*,#5283,.T.);
#17239 = ORIENTED_EDGE('',*,*,#17186,.T.);
#17240 = ORIENTED_EDGE('',*,*,#17161,.T.);
#17241 = ORIENTED_EDGE('',*,*,#17137,.F.);
#17242 = ORIENTED_EDGE('',*,*,#17112,.F.);
#17243 = ORIENTED_EDGE('',*,*,#17087,.F.);
#17244 = ORIENTED_EDGE('',*,*,#17061,.T.);
#17245 = ORIENTED_EDGE('',*,*,#17037,.T.);
#17246 = ORIENTED_EDGE('',*,*,#17012,.T.);
#17247 = ORIENTED_EDGE('',*,*,#16988,.F.);
#17248 = ORIENTED_EDGE('',*,*,#16963,.F.);
#17249 = ORIENTED_EDGE('',*,*,#16938,.F.);
#17250 = ORIENTED_EDGE('',*,*,#16912,.T.);
#17251 = ORIENTED_EDGE('',*,*,#16888,.T.);
#17252 = ORIENTED_EDGE('',*,*,#16863,.T.);
#17253 = ORIENTED_EDGE('',*,*,#16839,.F.);
#17254 = ORIENTED_EDGE('',*,*,#16814,.F.);
#17255 = ORIENTED_EDGE('',*,*,#16789,.F.);
#17256 = ORIENTED_EDGE('',*,*,#16763,.T.);
#17257 = ORIENTED_EDGE('',*,*,#16739,.T.);
#17258 = ORIENTED_EDGE('',*,*,#16714,.T.);
#17259 = ORIENTED_EDGE('',*,*,#16690,.F.);
#17260 = ORIENTED_EDGE('',*,*,#16665,.F.);
#17261 = ORIENTED_EDGE('',*,*,#16640,.F.);
#17262 = ORIENTED_EDGE('',*,*,#16614,.T.);
#17263 = ORIENTED_EDGE('',*,*,#16590,.T.);
#17264 = ORIENTED_EDGE('',*,*,#16565,.T.);
#17265 = ORIENTED_EDGE('',*,*,#16541,.F.);
#17266 = ORIENTED_EDGE('',*,*,#16516,.F.);
#17267 = ORIENTED_EDGE('',*,*,#16491,.F.);
#17268 = ORIENTED_EDGE('',*,*,#16465,.T.);
#17269 = ORIENTED_EDGE('',*,*,#16441,.T.);
#17270 = ORIENTED_EDGE('',*,*,#16416,.T.);
#17271 = ORIENTED_EDGE('',*,*,#16392,.F.);
#17272 = ORIENTED_EDGE('',*,*,#16367,.F.);
#17273 = ORIENTED_EDGE('',*,*,#16342,.F.);
#17274 = ORIENTED_EDGE('',*,*,#16316,.T.);
#17275 = ORIENTED_EDGE('',*,*,#16292,.T.);
#17276 = ORIENTED_EDGE('',*,*,#16267,.T.);
#17277 = ORIENTED_EDGE('',*,*,#16243,.F.);
#17278 = ORIENTED_EDGE('',*,*,#16218,.F.);
#17279 = ORIENTED_EDGE('',*,*,#16193,.F.);
#17280 = ORIENTED_EDGE('',*,*,#16167,.T.);
#17281 = ORIENTED_EDGE('',*,*,#16143,.T.);
#17282 = ORIENTED_EDGE('',*,*,#16118,.T.);
#17283 = ORIENTED_EDGE('',*,*,#16094,.F.);
#17284 = ORIENTED_EDGE('',*,*,#16069,.F.);
#17285 = ORIENTED_EDGE('',*,*,#16044,.F.);
#17286 = ORIENTED_EDGE('',*,*,#16018,.T.);
#17287 = ORIENTED_EDGE('',*,*,#15994,.T.);
#17288 = ORIENTED_EDGE('',*,*,#15969,.T.);
#17289 = ORIENTED_EDGE('',*,*,#15945,.F.);
#17290 = ORIENTED_EDGE('',*,*,#15920,.F.);
#17291 = ORIENTED_EDGE('',*,*,#15895,.F.);
#17292 = ORIENTED_EDGE('',*,*,#15869,.T.);
#17293 = ORIENTED_EDGE('',*,*,#15845,.T.);
#17294 = ORIENTED_EDGE('',*,*,#15820,.T.);
#17295 = ORIENTED_EDGE('',*,*,#15796,.F.);
#17296 = ORIENTED_EDGE('',*,*,#15771,.F.);
#17297 = ORIENTED_EDGE('',*,*,#15746,.F.);
#17298 = ORIENTED_EDGE('',*,*,#15720,.T.);
#17299 = ORIENTED_EDGE('',*,*,#15696,.T.);
#17300 = ORIENTED_EDGE('',*,*,#15671,.T.);
#17301 = ORIENTED_EDGE('',*,*,#15647,.F.);
#17302 = ORIENTED_EDGE('',*,*,#15622,.F.);
#17303 = ORIENTED_EDGE('',*,*,#15597,.F.);
#17304 = ORIENTED_EDGE('',*,*,#15571,.T.);
#17305 = ORIENTED_EDGE('',*,*,#15547,.T.);
#17306 = ORIENTED_EDGE('',*,*,#15522,.T.);
#17307 = ORIENTED_EDGE('',*,*,#15498,.F.);
#17308 = ORIENTED_EDGE('',*,*,#15473,.F.);
#17309 = ORIENTED_EDGE('',*,*,#15448,.F.);
#17310 = ORIENTED_EDGE('',*,*,#15422,.T.);
#17311 = ORIENTED_EDGE('',*,*,#15398,.T.);
#17312 = ORIENTED_EDGE('',*,*,#15373,.T.);
#17313 = ORIENTED_EDGE('',*,*,#15349,.F.);
#17314 = ORIENTED_EDGE('',*,*,#15324,.F.);
#17315 = ORIENTED_EDGE('',*,*,#15299,.F.);
#17316 = ORIENTED_EDGE('',*,*,#15273,.T.);
#17317 = ORIENTED_EDGE('',*,*,#15249,.T.);
#17318 = ORIENTED_EDGE('',*,*,#15224,.T.);
#17319 = ORIENTED_EDGE('',*,*,#15200,.F.);
#17320 = ORIENTED_EDGE('',*,*,#15175,.F.);
#17321 = ORIENTED_EDGE('',*,*,#15150,.F.);
#17322 = ORIENTED_EDGE('',*,*,#15124,.T.);
#17323 = ORIENTED_EDGE('',*,*,#15100,.T.);
#17324 = ORIENTED_EDGE('',*,*,#15075,.T.);
#17325 = ORIENTED_EDGE('',*,*,#15051,.F.);
#17326 = ORIENTED_EDGE('',*,*,#15026,.F.);
#17327 = ORIENTED_EDGE('',*,*,#15001,.F.);
#17328 = ORIENTED_EDGE('',*,*,#14975,.T.);
#17329 = ORIENTED_EDGE('',*,*,#14951,.T.);
#17330 = ORIENTED_EDGE('',*,*,#14926,.T.);
#17331 = ORIENTED_EDGE('',*,*,#14902,.F.);
#17332 = ORIENTED_EDGE('',*,*,#14877,.F.);
#17333 = ORIENTED_EDGE('',*,*,#14852,.F.);
#17334 = ORIENTED_EDGE('',*,*,#14826,.T.);
#17335 = ORIENTED_EDGE('',*,*,#14802,.T.);
#17336 = ORIENTED_EDGE('',*,*,#14777,.T.);
#17337 = ORIENTED_EDGE('',*,*,#14753,.F.);
#17338 = ORIENTED_EDGE('',*,*,#14728,.F.);
#17339 = ORIENTED_EDGE('',*,*,#14703,.F.);
#17340 = ORIENTED_EDGE('',*,*,#14677,.T.);
#17341 = ORIENTED_EDGE('',*,*,#14653,.T.);
#17342 = ORIENTED_EDGE('',*,*,#14628,.T.);
#17343 = ORIENTED_EDGE('',*,*,#14604,.F.);
#17344 = ORIENTED_EDGE('',*,*,#14579,.F.);
#17345 = ORIENTED_EDGE('',*,*,#14554,.F.);
#17346 = ORIENTED_EDGE('',*,*,#14528,.T.);
#17347 = ORIENTED_EDGE('',*,*,#14504,.T.);
#17348 = ORIENTED_EDGE('',*,*,#14479,.T.);
#17349 = ORIENTED_EDGE('',*,*,#14455,.F.);
#17350 = ORIENTED_EDGE('',*,*,#14430,.F.);
#17351 = ORIENTED_EDGE('',*,*,#14405,.F.);
#17352 = ORIENTED_EDGE('',*,*,#14379,.T.);
#17353 = ORIENTED_EDGE('',*,*,#14355,.T.);
#17354 = ORIENTED_EDGE('',*,*,#14330,.T.);
#17355 = ORIENTED_EDGE('',*,*,#14306,.F.);
#17356 = ORIENTED_EDGE('',*,*,#14281,.F.);
#17357 = ORIENTED_EDGE('',*,*,#14256,.F.);
#17358 = ORIENTED_EDGE('',*,*,#14230,.T.);
#17359 = ORIENTED_EDGE('',*,*,#14206,.T.);
#17360 = ORIENTED_EDGE('',*,*,#14181,.T.);
#17361 = ORIENTED_EDGE('',*,*,#14157,.F.);
#17362 = ORIENTED_EDGE('',*,*,#14132,.F.);
#17363 = ORIENTED_EDGE('',*,*,#14107,.F.);
#17364 = ORIENTED_EDGE('',*,*,#14081,.T.);
#17365 = ORIENTED_EDGE('',*,*,#14057,.T.);
#17366 = ORIENTED_EDGE('',*,*,#14032,.T.);
#17367 = ORIENTED_EDGE('',*,*,#14008,.F.);
#17368 = ORIENTED_EDGE('',*,*,#13983,.F.);
#17369 = ORIENTED_EDGE('',*,*,#13958,.F.);
#17370 = ORIENTED_EDGE('',*,*,#13932,.T.);
#17371 = ORIENTED_EDGE('',*,*,#13908,.T.);
#17372 = ORIENTED_EDGE('',*,*,#13883,.T.);
#17373 = ORIENTED_EDGE('',*,*,#13859,.F.);
#17374 = ORIENTED_EDGE('',*,*,#13834,.F.);
#17375 = ORIENTED_EDGE('',*,*,#13809,.F.);
#17376 = ORIENTED_EDGE('',*,*,#13783,.T.);
#17377 = ORIENTED_EDGE('',*,*,#13759,.T.);
#17378 = ORIENTED_EDGE('',*,*,#13734,.T.);
#17379 = ORIENTED_EDGE('',*,*,#13710,.F.);
#17380 = ORIENTED_EDGE('',*,*,#13685,.F.);
#17381 = ORIENTED_EDGE('',*,*,#13660,.F.);
#17382 = ORIENTED_EDGE('',*,*,#13634,.T.);
#17383 = ORIENTED_EDGE('',*,*,#13610,.T.);
#17384 = ORIENTED_EDGE('',*,*,#13585,.T.);
#17385 = ORIENTED_EDGE('',*,*,#13561,.F.);
#17386 = ORIENTED_EDGE('',*,*,#13536,.F.);
#17387 = ORIENTED_EDGE('',*,*,#13511,.F.);
#17388 = ORIENTED_EDGE('',*,*,#13485,.T.);
#17389 = ORIENTED_EDGE('',*,*,#13461,.T.);
#17390 = ORIENTED_EDGE('',*,*,#13436,.T.);
#17391 = ORIENTED_EDGE('',*,*,#13412,.F.);
#17392 = ORIENTED_EDGE('',*,*,#13387,.F.);
#17393 = ORIENTED_EDGE('',*,*,#13362,.F.);
#17394 = ORIENTED_EDGE('',*,*,#13336,.T.);
#17395 = ORIENTED_EDGE('',*,*,#13312,.T.);
#17396 = ORIENTED_EDGE('',*,*,#13287,.T.);
#17397 = ORIENTED_EDGE('',*,*,#13263,.F.);
#17398 = ORIENTED_EDGE('',*,*,#13238,.F.);
#17399 = ORIENTED_EDGE('',*,*,#13213,.F.);
#17400 = ORIENTED_EDGE('',*,*,#13187,.T.);
#17401 = ORIENTED_EDGE('',*,*,#13163,.T.);
#17402 = ORIENTED_EDGE('',*,*,#13138,.T.);
#17403 = ORIENTED_EDGE('',*,*,#13114,.F.);
#17404 = ORIENTED_EDGE('',*,*,#13089,.F.);
#17405 = ORIENTED_EDGE('',*,*,#13064,.F.);
#17406 = ORIENTED_EDGE('',*,*,#13038,.T.);
#17407 = ORIENTED_EDGE('',*,*,#13014,.T.);
#17408 = ORIENTED_EDGE('',*,*,#12989,.T.);
#17409 = ORIENTED_EDGE('',*,*,#12965,.F.);
#17410 = ORIENTED_EDGE('',*,*,#12940,.F.);
#17411 = ORIENTED_EDGE('',*,*,#12915,.F.);
#17412 = ORIENTED_EDGE('',*,*,#12889,.T.);
#17413 = ORIENTED_EDGE('',*,*,#12865,.T.);
#17414 = ORIENTED_EDGE('',*,*,#12840,.T.);
#17415 = ORIENTED_EDGE('',*,*,#12816,.F.);
#17416 = ORIENTED_EDGE('',*,*,#12791,.F.);
#17417 = ORIENTED_EDGE('',*,*,#12766,.F.);
#17418 = ORIENTED_EDGE('',*,*,#12740,.T.);
#17419 = ORIENTED_EDGE('',*,*,#12716,.T.);
#17420 = ORIENTED_EDGE('',*,*,#12691,.T.);
#17421 = ORIENTED_EDGE('',*,*,#12667,.F.);
#17422 = ORIENTED_EDGE('',*,*,#12642,.F.);
#17423 = ORIENTED_EDGE('',*,*,#12617,.F.);
#17424 = ORIENTED_EDGE('',*,*,#12591,.T.);
#17425 = ORIENTED_EDGE('',*,*,#12567,.T.);
#17426 = ORIENTED_EDGE('',*,*,#12542,.T.);
#17427 = ORIENTED_EDGE('',*,*,#12518,.F.);
#17428 = ORIENTED_EDGE('',*,*,#12493,.F.);
#17429 = ORIENTED_EDGE('',*,*,#12468,.F.);
#17430 = ORIENTED_EDGE('',*,*,#12442,.T.);
#17431 = ORIENTED_EDGE('',*,*,#12418,.T.);
#17432 = ORIENTED_EDGE('',*,*,#12393,.T.);
#17433 = ORIENTED_EDGE('',*,*,#12369,.F.);
#17434 = ORIENTED_EDGE('',*,*,#12344,.F.);
#17435 = ORIENTED_EDGE('',*,*,#12319,.F.);
#17436 = ORIENTED_EDGE('',*,*,#12293,.T.);
#17437 = ORIENTED_EDGE('',*,*,#12269,.T.);
#17438 = ORIENTED_EDGE('',*,*,#12244,.T.);
#17439 = ORIENTED_EDGE('',*,*,#12220,.F.);
#17440 = ORIENTED_EDGE('',*,*,#12195,.F.);
#17441 = ORIENTED_EDGE('',*,*,#12170,.F.);
#17442 = ORIENTED_EDGE('',*,*,#12144,.T.);
#17443 = ORIENTED_EDGE('',*,*,#12120,.T.);
#17444 = ORIENTED_EDGE('',*,*,#12095,.T.);
#17445 = ORIENTED_EDGE('',*,*,#12071,.F.);
#17446 = ORIENTED_EDGE('',*,*,#12046,.F.);
#17447 = ORIENTED_EDGE('',*,*,#12021,.F.);
#17448 = ORIENTED_EDGE('',*,*,#11995,.T.);
#17449 = ORIENTED_EDGE('',*,*,#11971,.T.);
#17450 = ORIENTED_EDGE('',*,*,#11946,.T.);
#17451 = ORIENTED_EDGE('',*,*,#11922,.F.);
#17452 = ORIENTED_EDGE('',*,*,#11897,.F.);
#17453 = ORIENTED_EDGE('',*,*,#11872,.F.);
#17454 = ORIENTED_EDGE('',*,*,#11846,.T.);
#17455 = ORIENTED_EDGE('',*,*,#11822,.T.);
#17456 = ORIENTED_EDGE('',*,*,#11797,.T.);
#17457 = ORIENTED_EDGE('',*,*,#11773,.F.);
#17458 = ORIENTED_EDGE('',*,*,#11748,.F.);
#17459 = ORIENTED_EDGE('',*,*,#11723,.F.);
#17460 = ORIENTED_EDGE('',*,*,#11697,.T.);
#17461 = ORIENTED_EDGE('',*,*,#11673,.T.);
#17462 = ORIENTED_EDGE('',*,*,#11648,.T.);
#17463 = ORIENTED_EDGE('',*,*,#11624,.F.);
#17464 = ORIENTED_EDGE('',*,*,#11599,.F.);
#17465 = ORIENTED_EDGE('',*,*,#11574,.F.);
#17466 = ORIENTED_EDGE('',*,*,#11548,.T.);
#17467 = ORIENTED_EDGE('',*,*,#11524,.T.);
#17468 = ORIENTED_EDGE('',*,*,#11499,.T.);
#17469 = ORIENTED_EDGE('',*,*,#11475,.F.);
#17470 = ORIENTED_EDGE('',*,*,#11450,.F.);
#17471 = ORIENTED_EDGE('',*,*,#11425,.F.);
#17472 = ORIENTED_EDGE('',*,*,#11399,.T.);
#17473 = ORIENTED_EDGE('',*,*,#11375,.T.);
#17474 = ORIENTED_EDGE('',*,*,#11350,.T.);
#17475 = ORIENTED_EDGE('',*,*,#11326,.F.);
#17476 = ORIENTED_EDGE('',*,*,#11301,.F.);
#17477 = ORIENTED_EDGE('',*,*,#11276,.F.);
#17478 = ORIENTED_EDGE('',*,*,#11250,.T.);
#17479 = ORIENTED_EDGE('',*,*,#11226,.T.);
#17480 = ORIENTED_EDGE('',*,*,#11201,.T.);
#17481 = ORIENTED_EDGE('',*,*,#11177,.F.);
#17482 = ORIENTED_EDGE('',*,*,#11152,.F.);
#17483 = ORIENTED_EDGE('',*,*,#11127,.F.);
#17484 = ORIENTED_EDGE('',*,*,#11101,.T.);
#17485 = ORIENTED_EDGE('',*,*,#11077,.T.);
#17486 = ORIENTED_EDGE('',*,*,#11052,.T.);
#17487 = ORIENTED_EDGE('',*,*,#11028,.F.);
#17488 = ORIENTED_EDGE('',*,*,#11003,.F.);
#17489 = ORIENTED_EDGE('',*,*,#10978,.F.);
#17490 = ORIENTED_EDGE('',*,*,#10952,.T.);
#17491 = ORIENTED_EDGE('',*,*,#10928,.T.);
#17492 = ORIENTED_EDGE('',*,*,#10903,.T.);
#17493 = ORIENTED_EDGE('',*,*,#10879,.F.);
#17494 = ORIENTED_EDGE('',*,*,#10854,.F.);
#17495 = ORIENTED_EDGE('',*,*,#10829,.F.);
#17496 = ORIENTED_EDGE('',*,*,#10803,.T.);
#17497 = ORIENTED_EDGE('',*,*,#10779,.T.);
#17498 = ORIENTED_EDGE('',*,*,#10754,.T.);
#17499 = ORIENTED_EDGE('',*,*,#10730,.F.);
#17500 = ORIENTED_EDGE('',*,*,#10705,.F.);
#17501 = ORIENTED_EDGE('',*,*,#10680,.F.);
#17502 = ORIENTED_EDGE('',*,*,#10654,.T.);
#17503 = ORIENTED_EDGE('',*,*,#10630,.T.);
#17504 = ORIENTED_EDGE('',*,*,#10605,.T.);
#17505 = ORIENTED_EDGE('',*,*,#10581,.F.);
#17506 = ORIENTED_EDGE('',*,*,#10556,.F.);
#17507 = ORIENTED_EDGE('',*,*,#10531,.F.);
#17508 = ORIENTED_EDGE('',*,*,#10505,.T.);
#17509 = ORIENTED_EDGE('',*,*,#10481,.T.);
#17510 = ORIENTED_EDGE('',*,*,#10456,.T.);
#17511 = ORIENTED_EDGE('',*,*,#10432,.F.);
#17512 = ORIENTED_EDGE('',*,*,#10407,.F.);
#17513 = ORIENTED_EDGE('',*,*,#10382,.F.);
#17514 = ORIENTED_EDGE('',*,*,#10356,.T.);
#17515 = ORIENTED_EDGE('',*,*,#10332,.T.);
#17516 = ORIENTED_EDGE('',*,*,#10307,.T.);
#17517 = ORIENTED_EDGE('',*,*,#10283,.F.);
#17518 = ORIENTED_EDGE('',*,*,#10258,.F.);
#17519 = ORIENTED_EDGE('',*,*,#10233,.F.);
#17520 = ORIENTED_EDGE('',*,*,#10207,.T.);
#17521 = ORIENTED_EDGE('',*,*,#10183,.T.);
#17522 = ORIENTED_EDGE('',*,*,#10158,.T.);
#17523 = ORIENTED_EDGE('',*,*,#10134,.F.);
#17524 = ORIENTED_EDGE('',*,*,#10109,.F.);
#17525 = ORIENTED_EDGE('',*,*,#10084,.F.);
#17526 = ORIENTED_EDGE('',*,*,#10058,.T.);
#17527 = ORIENTED_EDGE('',*,*,#10034,.T.);
#17528 = ORIENTED_EDGE('',*,*,#10009,.T.);
#17529 = ORIENTED_EDGE('',*,*,#9985,.F.);
#17530 = ORIENTED_EDGE('',*,*,#9960,.F.);
#17531 = ORIENTED_EDGE('',*,*,#9935,.F.);
#17532 = ORIENTED_EDGE('',*,*,#9909,.T.);
#17533 = ORIENTED_EDGE('',*,*,#9885,.T.);
#17534 = ORIENTED_EDGE('',*,*,#9860,.T.);
#17535 = ORIENTED_EDGE('',*,*,#9836,.F.);
#17536 = ORIENTED_EDGE('',*,*,#9811,.F.);
#17537 = ORIENTED_EDGE('',*,*,#9786,.F.);
#17538 = ORIENTED_EDGE('',*,*,#9760,.T.);
#17539 = ORIENTED_EDGE('',*,*,#9736,.T.);
#17540 = ORIENTED_EDGE('',*,*,#9711,.T.);
#17541 = ORIENTED_EDGE('',*,*,#9687,.F.);
#17542 = ORIENTED_EDGE('',*,*,#9662,.F.);
#17543 = ORIENTED_EDGE('',*,*,#9637,.F.);
#17544 = ORIENTED_EDGE('',*,*,#9611,.T.);
#17545 = ORIENTED_EDGE('',*,*,#9587,.T.);
#17546 = ORIENTED_EDGE('',*,*,#9562,.T.);
#17547 = ORIENTED_EDGE('',*,*,#9538,.F.);
#17548 = ORIENTED_EDGE('',*,*,#9513,.F.);
#17549 = ORIENTED_EDGE('',*,*,#9488,.F.);
#17550 = ORIENTED_EDGE('',*,*,#9462,.T.);
#17551 = ORIENTED_EDGE('',*,*,#9438,.T.);
#17552 = ORIENTED_EDGE('',*,*,#9413,.T.);
#17553 = ORIENTED_EDGE('',*,*,#9389,.F.);
#17554 = ORIENTED_EDGE('',*,*,#9364,.F.);
#17555 = ORIENTED_EDGE('',*,*,#9339,.F.);
#17556 = ORIENTED_EDGE('',*,*,#9313,.T.);
#17557 = ORIENTED_EDGE('',*,*,#9289,.T.);
#17558 = ORIENTED_EDGE('',*,*,#9264,.T.);
#17559 = ORIENTED_EDGE('',*,*,#9240,.F.);
#17560 = ORIENTED_EDGE('',*,*,#9215,.F.);
#17561 = ORIENTED_EDGE('',*,*,#9190,.F.);
#17562 = ORIENTED_EDGE('',*,*,#9164,.T.);
#17563 = ORIENTED_EDGE('',*,*,#9140,.T.);
#17564 = ORIENTED_EDGE('',*,*,#9115,.T.);
#17565 = ORIENTED_EDGE('',*,*,#9091,.F.);
#17566 = ORIENTED_EDGE('',*,*,#9066,.F.);
#17567 = ORIENTED_EDGE('',*,*,#9041,.F.);
#17568 = ORIENTED_EDGE('',*,*,#9015,.T.);
#17569 = ORIENTED_EDGE('',*,*,#8991,.T.);
#17570 = ORIENTED_EDGE('',*,*,#8966,.T.);
#17571 = ORIENTED_EDGE('',*,*,#8942,.F.);
#17572 = ORIENTED_EDGE('',*,*,#8917,.F.);
#17573 = ORIENTED_EDGE('',*,*,#8892,.F.);
#17574 = ORIENTED_EDGE('',*,*,#8866,.T.);
#17575 = ORIENTED_EDGE('',*,*,#8842,.T.);
#17576 = ORIENTED_EDGE('',*,*,#8817,.T.);
#17577 = ORIENTED_EDGE('',*,*,#8793,.F.);
#17578 = ORIENTED_EDGE('',*,*,#8768,.F.);
#17579 = ORIENTED_EDGE('',*,*,#8743,.F.);
#17580 = ORIENTED_EDGE('',*,*,#8717,.T.);
#17581 = ORIENTED_EDGE('',*,*,#8693,.T.);
#17582 = ORIENTED_EDGE('',*,*,#8668,.T.);
#17583 = ORIENTED_EDGE('',*,*,#8644,.F.);
#17584 = ORIENTED_EDGE('',*,*,#8619,.F.);
#17585 = ORIENTED_EDGE('',*,*,#8594,.F.);
#17586 = ORIENTED_EDGE('',*,*,#8568,.T.);
#17587 = ORIENTED_EDGE('',*,*,#8544,.T.);
#17588 = ORIENTED_EDGE('',*,*,#8519,.T.);
#17589 = ORIENTED_EDGE('',*,*,#8495,.F.);
#17590 = ORIENTED_EDGE('',*,*,#8470,.F.);
#17591 = ORIENTED_EDGE('',*,*,#8445,.F.);
#17592 = ORIENTED_EDGE('',*,*,#8419,.T.);
#17593 = ORIENTED_EDGE('',*,*,#8395,.T.);
#17594 = ORIENTED_EDGE('',*,*,#8370,.T.);
#17595 = ORIENTED_EDGE('',*,*,#8346,.F.);
#17596 = ORIENTED_EDGE('',*,*,#8321,.F.);
#17597 = ORIENTED_EDGE('',*,*,#8296,.F.);
#17598 = ORIENTED_EDGE('',*,*,#8270,.T.);
#17599 = ORIENTED_EDGE('',*,*,#8246,.T.);
#17600 = ORIENTED_EDGE('',*,*,#8221,.T.);
#17601 = ORIENTED_EDGE('',*,*,#8197,.F.);
#17602 = ORIENTED_EDGE('',*,*,#8172,.F.);
#17603 = ORIENTED_EDGE('',*,*,#8147,.F.);
#17604 = ORIENTED_EDGE('',*,*,#8121,.T.);
#17605 = ORIENTED_EDGE('',*,*,#8097,.T.);
#17606 = ORIENTED_EDGE('',*,*,#8072,.T.);
#17607 = ORIENTED_EDGE('',*,*,#8048,.F.);
#17608 = ORIENTED_EDGE('',*,*,#8023,.F.);
#17609 = ORIENTED_EDGE('',*,*,#7998,.F.);
#17610 = ORIENTED_EDGE('',*,*,#7972,.T.);
#17611 = ORIENTED_EDGE('',*,*,#7948,.T.);
#17612 = ORIENTED_EDGE('',*,*,#7923,.T.);
#17613 = ORIENTED_EDGE('',*,*,#7899,.F.);
#17614 = ORIENTED_EDGE('',*,*,#7874,.F.);
#17615 = ORIENTED_EDGE('',*,*,#7849,.F.);
#17616 = ORIENTED_EDGE('',*,*,#7823,.T.);
#17617 = ORIENTED_EDGE('',*,*,#7799,.T.);
#17618 = ORIENTED_EDGE('',*,*,#7774,.T.);
#17619 = ORIENTED_EDGE('',*,*,#7750,.F.);
#17620 = ORIENTED_EDGE('',*,*,#7725,.F.);
#17621 = ORIENTED_EDGE('',*,*,#7700,.F.);
#17622 = ORIENTED_EDGE('',*,*,#7674,.T.);
#17623 = ORIENTED_EDGE('',*,*,#7650,.T.);
#17624 = ORIENTED_EDGE('',*,*,#7625,.T.);
#17625 = ORIENTED_EDGE('',*,*,#7601,.F.);
#17626 = ORIENTED_EDGE('',*,*,#7576,.F.);
#17627 = ORIENTED_EDGE('',*,*,#7551,.F.);
#17628 = ORIENTED_EDGE('',*,*,#7525,.T.);
#17629 = ORIENTED_EDGE('',*,*,#7501,.T.);
#17630 = ORIENTED_EDGE('',*,*,#7476,.T.);
#17631 = ORIENTED_EDGE('',*,*,#7452,.F.);
#17632 = ORIENTED_EDGE('',*,*,#7427,.F.);
#17633 = ORIENTED_EDGE('',*,*,#7402,.F.);
#17634 = ORIENTED_EDGE('',*,*,#7376,.T.);
#17635 = ORIENTED_EDGE('',*,*,#7352,.T.);
#17636 = ORIENTED_EDGE('',*,*,#7327,.T.);
#17637 = ORIENTED_EDGE('',*,*,#7303,.F.);
#17638 = ORIENTED_EDGE('',*,*,#7278,.F.);
#17639 = ORIENTED_EDGE('',*,*,#7253,.F.);
#17640 = ORIENTED_EDGE('',*,*,#7227,.T.);
#17641 = ORIENTED_EDGE('',*,*,#7203,.T.);
#17642 = ORIENTED_EDGE('',*,*,#7178,.T.);
#17643 = ORIENTED_EDGE('',*,*,#7154,.F.);
#17644 = ORIENTED_EDGE('',*,*,#7129,.F.);
#17645 = ORIENTED_EDGE('',*,*,#7104,.F.);
#17646 = ORIENTED_EDGE('',*,*,#7078,.T.);
#17647 = ORIENTED_EDGE('',*,*,#7054,.T.);
#17648 = ORIENTED_EDGE('',*,*,#7029,.T.);
#17649 = ORIENTED_EDGE('',*,*,#7005,.F.);
#17650 = ORIENTED_EDGE('',*,*,#6980,.F.);
#17651 = ORIENTED_EDGE('',*,*,#6955,.F.);
#17652 = ORIENTED_EDGE('',*,*,#6929,.T.);
#17653 = ORIENTED_EDGE('',*,*,#6905,.T.);
#17654 = ORIENTED_EDGE('',*,*,#6880,.T.);
#17655 = ORIENTED_EDGE('',*,*,#6856,.F.);
#17656 = ORIENTED_EDGE('',*,*,#6831,.F.);
#17657 = ORIENTED_EDGE('',*,*,#6806,.F.);
#17658 = ORIENTED_EDGE('',*,*,#6780,.T.);
#17659 = ORIENTED_EDGE('',*,*,#6756,.T.);
#17660 = ORIENTED_EDGE('',*,*,#6731,.T.);
#17661 = ORIENTED_EDGE('',*,*,#6707,.F.);
#17662 = ORIENTED_EDGE('',*,*,#6682,.F.);
#17663 = ORIENTED_EDGE('',*,*,#6657,.F.);
#17664 = ORIENTED_EDGE('',*,*,#6631,.T.);
#17665 = ORIENTED_EDGE('',*,*,#6607,.T.);
#17666 = ORIENTED_EDGE('',*,*,#6582,.T.);
#17667 = ORIENTED_EDGE('',*,*,#6558,.F.);
#17668 = ORIENTED_EDGE('',*,*,#6533,.F.);
#17669 = ORIENTED_EDGE('',*,*,#6508,.F.);
#17670 = ORIENTED_EDGE('',*,*,#6482,.T.);
#17671 = ORIENTED_EDGE('',*,*,#6458,.T.);
#17672 = ORIENTED_EDGE('',*,*,#6433,.T.);
#17673 = ORIENTED_EDGE('',*,*,#6409,.F.);
#17674 = ORIENTED_EDGE('',*,*,#6384,.F.);
#17675 = ORIENTED_EDGE('',*,*,#6359,.F.);
#17676 = ORIENTED_EDGE('',*,*,#6333,.T.);
#17677 = ORIENTED_EDGE('',*,*,#6309,.T.);
#17678 = ORIENTED_EDGE('',*,*,#6284,.T.);
#17679 = ORIENTED_EDGE('',*,*,#6260,.F.);
#17680 = ORIENTED_EDGE('',*,*,#6235,.F.);
#17681 = ORIENTED_EDGE('',*,*,#6210,.F.);
#17682 = ORIENTED_EDGE('',*,*,#6184,.T.);
#17683 = ORIENTED_EDGE('',*,*,#6160,.T.);
#17684 = ORIENTED_EDGE('',*,*,#6135,.T.);
#17685 = ORIENTED_EDGE('',*,*,#6111,.F.);
#17686 = ORIENTED_EDGE('',*,*,#6086,.F.);
#17687 = ORIENTED_EDGE('',*,*,#6061,.F.);
#17688 = ORIENTED_EDGE('',*,*,#6035,.T.);
#17689 = ORIENTED_EDGE('',*,*,#6011,.T.);
#17690 = ORIENTED_EDGE('',*,*,#5986,.T.);
#17691 = ORIENTED_EDGE('',*,*,#5962,.F.);
#17692 = ORIENTED_EDGE('',*,*,#5937,.F.);
#17693 = ORIENTED_EDGE('',*,*,#5912,.F.);
#17694 = ORIENTED_EDGE('',*,*,#5886,.T.);
#17695 = ORIENTED_EDGE('',*,*,#5862,.T.);
#17696 = ORIENTED_EDGE('',*,*,#5837,.T.);
#17697 = ORIENTED_EDGE('',*,*,#5813,.F.);
#17698 = ORIENTED_EDGE('',*,*,#5788,.F.);
#17699 = ORIENTED_EDGE('',*,*,#5763,.F.);
#17700 = ORIENTED_EDGE('',*,*,#5737,.T.);
#17701 = ORIENTED_EDGE('',*,*,#5713,.T.);
#17702 = ORIENTED_EDGE('',*,*,#5688,.T.);
#17703 = ORIENTED_EDGE('',*,*,#5664,.F.);
#17704 = ORIENTED_EDGE('',*,*,#5639,.F.);
#17705 = ORIENTED_EDGE('',*,*,#5614,.F.);
#17706 = ORIENTED_EDGE('',*,*,#5588,.T.);
#17707 = ORIENTED_EDGE('',*,*,#5564,.T.);
#17708 = ORIENTED_EDGE('',*,*,#5539,.T.);
#17709 = ORIENTED_EDGE('',*,*,#5515,.F.);
#17710 = ORIENTED_EDGE('',*,*,#5490,.F.);
#17711 = ORIENTED_EDGE('',*,*,#5465,.F.);
#17712 = ORIENTED_EDGE('',*,*,#5439,.T.);
#17713 = ORIENTED_EDGE('',*,*,#5415,.T.);
#17714 = ORIENTED_EDGE('',*,*,#5390,.T.);
#17715 = ORIENTED_EDGE('',*,*,#5366,.F.);
#17716 = ORIENTED_EDGE('',*,*,#5341,.F.);
#17717 = ORIENTED_EDGE('',*,*,#5316,.F.);
#17718 = PLANE('',#17719);
#17719 = AXIS2_PLACEMENT_3D('',#17720,#17721,#17722);
#17720 = CARTESIAN_POINT('',(10.3,-50.7,180.));
#17721 = DIRECTION('',(0.,1.,0.));
#17722 = DIRECTION('',(0.,-0.,1.));
#17723 = ADVANCED_FACE('',(#17724),#17727,.T.);
#17724 = FACE_BOUND('',#17725,.T.);
#17725 = EDGE_LOOP('',(#17726));
#17726 = ORIENTED_EDGE('',*,*,#17211,.T.);
#17727 = PLANE('',#17728);
#17728 = AXIS2_PLACEMENT_3D('',#17729,#17730,#17731);
#17729 = CARTESIAN_POINT('',(10.3,84.,180.));
#17730 = DIRECTION('',(0.,1.,0.));
#17731 = DIRECTION('',(0.,-0.,1.));
#17732 = ADVANCED_FACE('',(#17733),#17752,.T.);
#17733 = FACE_BOUND('',#17734,.T.);
#17734 = EDGE_LOOP('',(#17735,#17736,#17744,#17751));
#17735 = ORIENTED_EDGE('',*,*,#17228,.F.);
#17736 = ORIENTED_EDGE('',*,*,#17737,.F.);
#17737 = EDGE_CURVE('',#17738,#17229,#17740,.T.);
#17738 = VERTEX_POINT('',#17739);
#17739 = CARTESIAN_POINT('',(10.3,-51.9,207.7107908947));
#17740 = LINE('',#17741,#17742);
#17741 = CARTESIAN_POINT('',(10.3,-51.9,207.7107908947));
#17742 = VECTOR('',#17743,1.);
#17743 = DIRECTION('',(0.,1.,0.));
#17744 = ORIENTED_EDGE('',*,*,#17745,.T.);
#17745 = EDGE_CURVE('',#17738,#17738,#17746,.T.);
#17746 = CIRCLE('',#17747,27.710790894703);
#17747 = AXIS2_PLACEMENT_3D('',#17748,#17749,#17750);
#17748 = CARTESIAN_POINT('',(10.3,-51.9,180.));
#17749 = DIRECTION('',(0.,1.,0.));
#17750 = DIRECTION('',(0.,-0.,1.));
#17751 = ORIENTED_EDGE('',*,*,#17737,.T.);
#17752 = CYLINDRICAL_SURFACE('',#17753,27.710790894703);
#17753 = AXIS2_PLACEMENT_3D('',#17754,#17755,#17756);
#17754 = CARTESIAN_POINT('',(10.3,-51.9,180.));
#17755 = DIRECTION('',(0.,1.,0.));
#17756 = DIRECTION('',(0.,-0.,1.));
#17757 = ADVANCED_FACE('',(#17758,#17761),#17772,.F.);
#17758 = FACE_BOUND('',#17759,.F.);
#17759 = EDGE_LOOP('',(#17760));
#17760 = ORIENTED_EDGE('',*,*,#17745,.T.);
#17761 = FACE_BOUND('',#17762,.F.);
#17762 = EDGE_LOOP('',(#17763));
#17763 = ORIENTED_EDGE('',*,*,#17764,.F.);
#17764 = EDGE_CURVE('',#17765,#17765,#17767,.T.);
#17765 = VERTEX_POINT('',#17766);
#17766 = CARTESIAN_POINT('',(10.3,-51.9,183.95));
#17767 = CIRCLE('',#17768,3.95);
#17768 = AXIS2_PLACEMENT_3D('',#17769,#17770,#17771);
#17769 = CARTESIAN_POINT('',(10.3,-51.9,180.));
#17770 = DIRECTION('',(0.,1.,0.));
#17771 = DIRECTION('',(0.,-0.,1.));
#17772 = PLANE('',#17773);
#17773 = AXIS2_PLACEMENT_3D('',#17774,#17775,#17776);
#17774 = CARTESIAN_POINT('',(10.3,-51.9,180.));
#17775 = DIRECTION('',(0.,1.,0.));
#17776 = DIRECTION('',(0.,-0.,1.));
#17777 = ADVANCED_FACE('',(#17778),#17797,.T.);
#17778 = FACE_BOUND('',#17779,.T.);
#17779 = EDGE_LOOP('',(#17780,#17781,#17789,#17796));
#17780 = ORIENTED_EDGE('',*,*,#17764,.F.);
#17781 = ORIENTED_EDGE('',*,*,#17782,.F.);
#17782 = EDGE_CURVE('',#17783,#17765,#17785,.T.);
#17783 = VERTEX_POINT('',#17784);
#17784 = CARTESIAN_POINT('',(10.3,-72.5,183.95));
#17785 = LINE('',#17786,#17787);
#17786 = CARTESIAN_POINT('',(10.3,-72.5,183.95));
#17787 = VECTOR('',#17788,1.);
#17788 = DIRECTION('',(0.,1.,0.));
#17789 = ORIENTED_EDGE('',*,*,#17790,.T.);
#17790 = EDGE_CURVE('',#17783,#17783,#17791,.T.);
#17791 = CIRCLE('',#17792,3.95);
#17792 = AXIS2_PLACEMENT_3D('',#17793,#17794,#17795);
#17793 = CARTESIAN_POINT('',(10.3,-72.5,180.));
#17794 = DIRECTION('',(0.,1.,0.));
#17795 = DIRECTION('',(0.,-0.,1.));
#17796 = ORIENTED_EDGE('',*,*,#17782,.T.);
#17797 = CYLINDRICAL_SURFACE('',#17798,3.95);
#17798 = AXIS2_PLACEMENT_3D('',#17799,#17800,#17801);
#17799 = CARTESIAN_POINT('',(10.3,-72.5,180.));
#17800 = DIRECTION('',(0.,1.,0.));
#17801 = DIRECTION('',(0.,-0.,1.));
#17802 = ADVANCED_FACE('',(#17803),#17806,.F.);
#17803 = FACE_BOUND('',#17804,.T.);
#17804 = EDGE_LOOP('',(#17805));
#17805 = ORIENTED_EDGE('',*,*,#17790,.F.);
#17806 = PLANE('',#17807);
#17807 = AXIS2_PLACEMENT_3D('',#17808,#17809,#17810);
#17808 = CARTESIAN_POINT('',(10.3,-72.5,180.));
#17809 = DIRECTION('',(0.,1.,0.));
#17810 = DIRECTION('',(0.,-0.,1.));
#17811 = ADVANCED_FACE('',(#17812),#17820,.F.);
#17812 = FACE_BOUND('',#17813,.F.);
#17813 = EDGE_LOOP('',(#17814,#17815,#17816,#17817,#17818,#17819));
#17814 = ORIENTED_EDGE('',*,*,#799,.F.);
#17815 = ORIENTED_EDGE('',*,*,#415,.T.);
#17816 = ORIENTED_EDGE('',*,*,#406,.T.);
#17817 = ORIENTED_EDGE('',*,*,#782,.T.);
#17818 = ORIENTED_EDGE('',*,*,#297,.F.);
#17819 = ORIENTED_EDGE('',*,*,#306,.F.);
#17820 = CYLINDRICAL_SURFACE('',#17821,3.5);
#17821 = AXIS2_PLACEMENT_3D('',#17822,#17823,#17824);
#17822 = CARTESIAN_POINT('',(20.5,0.,136.5));
#17823 = DIRECTION('',(0.,0.,1.));
#17824 = DIRECTION('',(1.,0.,-0.));
#17825 = ( GEOMETRIC_REPRESENTATION_CONTEXT(3) 
GLOBAL_UNCERTAINTY_ASSIGNED_CONTEXT((#17829)) 
GLOBAL_UNIT_ASSIGNED_CONTEXT((#17826,#17827,#17828)) 
REPRESENTATION_CONTEXT('Context #1',
  '3D Context with UNIT and UNCERTAINTY') );
#17826 = ( LENGTH_UNIT() NAMED_UNIT(*) SI_UNIT(.MILLI.,.METRE.) );
#17827 = ( NAMED_UNIT(*) PLANE_ANGLE_UNIT() SI_UNIT($,.RADIAN.) );
#17828 = ( NAMED_UNIT(*) SI_UNIT($,.STERADIAN.) SOLID_ANGLE_UNIT() );
#17829 = UNCERTAINTY_MEASURE_WITH_UNIT(LENGTH_MEASURE(1.E-07),#17826,
  'distance_accuracy_value','confusion accuracy');
#17830 = PRODUCT_RELATED_PRODUCT_CATEGORY('part',$,(#7));
ENDSEC;
END-ISO-10303-21;
