ISO-10303-21;
HEADER;
FILE_DESCRIPTION(('FreeCAD Model'),'2;1');
FILE_NAME('Open CASCADE Shape Model','2026-09-05T12:44:21',('FreeCAD'),(
    'FreeCAD'),'Open CASCADE STEP processor 7.8','FreeCAD','Unknown');
FILE_SCHEMA(('AUTOMOTIVE_DESIGN { 1 0 10303 214 1 1 1 1 }'));
ENDSEC;
DATA;
#1 = APPLICATION_PROTOCOL_DEFINITION('international standard',
  'automotive_design',2000,#2);
#2 = APPLICATION_CONTEXT(
  'core data for automotive mechanical design processes');
#3 = SHAPE_DEFINITION_REPRESENTATION(#4,#10);
#4 = PRODUCT_DEFINITION_SHAPE('','',#5);
#5 = PRODUCT_DEFINITION('design','',#6,#9);
#6 = PRODUCT_DEFINITION_FORMATION('','',#7);
#7 = PRODUCT('Open CASCADE STEP translator 7.8 14',
  'Open CASCADE STEP translator 7.8 14','',(#8));
#8 = PRODUCT_CONTEXT('',#2,'mechanical');
#9 = PRODUCT_DEFINITION_CONTEXT('part definition',#2,'design');
#10 = ADVANCED_BREP_SHAPE_REPRESENTATION('',(#11,#15),#4242);
#11 = AXIS2_PLACEMENT_3D('',#12,#13,#14);
#12 = CARTESIAN_POINT('',(0.,0.,0.));
#13 = DIRECTION('',(0.,0.,1.));
#14 = DIRECTION('',(1.,0.,-0.));
#15 = MANIFOLD_SOLID_BREP('',#16);
#16 = CLOSED_SHELL('',(#17,#59,#90,#121,#145,#193,#471,#503,#527,#551,
    #576,#601,#641,#699,#724,#749,#773,#797,#822,#908,#952,#976,#1018,
    #1084,#1143,#1175,#1215,#1246,#1271,#1296,#1313,#1344,#1369,#1393,
    #1411,#1774,#1799,#1924,#1966,#1990,#2025,#2042,#2054,#2070,#2131,
    #2184,#2201,#2234,#2277,#2301,#2337,#2347,#2364,#2381,#2398,#2455,
    #2487,#2511,#2535,#2553,#2584,#2608,#2640,#2665,#2689,#2739,#2763,
    #2781,#2813,#2837,#2861,#2879,#2911,#2935,#2959,#2977,#3002,#3019,
    #3044,#3061,#3103,#3127,#3151,#3179,#3221,#3245,#3269,#3289,#3321,
    #3345,#3369,#3387,#3409,#3426,#3443,#3455,#3467,#3484,#3531,#3556,
    #3581,#3598,#3610,#3641,#3665,#3689,#3706,#3723,#3772,#3815,#3827,
    #3839,#3864,#3889,#3901,#3934,#3967,#4010,#4028,#4057,#4079,#4096,
    #4113,#4125,#4134,#4152,#4170,#4188,#4206,#4224));
#17 = ADVANCED_FACE('',(#18),#54,.F.);
#18 = FACE_BOUND('',#19,.F.);
#19 = EDGE_LOOP('',(#20,#31,#39,#48));
#20 = ORIENTED_EDGE('',*,*,#21,.F.);
#21 = EDGE_CURVE('',#22,#24,#26,.T.);
#22 = VERTEX_POINT('',#23);
#23 = CARTESIAN_POINT('',(-13.2,-56.5,109.67703343773));
#24 = VERTEX_POINT('',#25);
#25 = CARTESIAN_POINT('',(-13.2,-56.5,103.47703343773));
#26 = CIRCLE('',#27,3.1);
#27 = AXIS2_PLACEMENT_3D('',#28,#29,#30);
#28 = CARTESIAN_POINT('',(-13.2,-56.5,106.57703343773));
#29 = DIRECTION('',(0.,1.,0.));
#30 = DIRECTION('',(0.,-0.,1.));
#31 = ORIENTED_EDGE('',*,*,#32,.F.);
#32 = EDGE_CURVE('',#33,#22,#35,.T.);
#33 = VERTEX_POINT('',#34);
#34 = CARTESIAN_POINT('',(-13.2,-60.9,109.67703343773));
#35 = LINE('',#36,#37);
#36 = CARTESIAN_POINT('',(-13.2,-60.9,109.67703343773));
#37 = VECTOR('',#38,1.);
#38 = DIRECTION('',(-0.,1.,0.));
#39 = ORIENTED_EDGE('',*,*,#40,.T.);
#40 = EDGE_CURVE('',#33,#41,#43,.T.);
#41 = VERTEX_POINT('',#42);
#42 = CARTESIAN_POINT('',(-13.2,-60.9,103.47703343773));
#43 = CIRCLE('',#44,3.1);
#44 = AXIS2_PLACEMENT_3D('',#45,#46,#47);
#45 = CARTESIAN_POINT('',(-13.2,-60.9,106.57703343773));
#46 = DIRECTION('',(0.,1.,0.));
#47 = DIRECTION('',(0.,-0.,1.));
#48 = ORIENTED_EDGE('',*,*,#49,.T.);
#49 = EDGE_CURVE('',#41,#24,#50,.T.);
#50 = LINE('',#51,#52);
#51 = CARTESIAN_POINT('',(-13.2,-60.9,103.47703343773));
#52 = VECTOR('',#53,1.);
#53 = DIRECTION('',(-0.,1.,0.));
#54 = CYLINDRICAL_SURFACE('',#55,3.1);
#55 = AXIS2_PLACEMENT_3D('',#56,#57,#58);
#56 = CARTESIAN_POINT('',(-13.2,-60.9,106.57703343773));
#57 = DIRECTION('',(0.,1.,0.));
#58 = DIRECTION('',(0.,-0.,1.));
#59 = ADVANCED_FACE('',(#60),#85,.F.);
#60 = FACE_BOUND('',#61,.F.);
#61 = EDGE_LOOP('',(#62,#72,#78,#79));
#62 = ORIENTED_EDGE('',*,*,#63,.F.);
#63 = EDGE_CURVE('',#64,#66,#68,.T.);
#64 = VERTEX_POINT('',#65);
#65 = CARTESIAN_POINT('',(-27.2,-60.9,109.67703343773));
#66 = VERTEX_POINT('',#67);
#67 = CARTESIAN_POINT('',(-27.2,-56.5,109.67703343773));
#68 = LINE('',#69,#70);
#69 = CARTESIAN_POINT('',(-27.2,-60.9,109.67703343773));
#70 = VECTOR('',#71,1.);
#71 = DIRECTION('',(-0.,1.,0.));
#72 = ORIENTED_EDGE('',*,*,#73,.T.);
#73 = EDGE_CURVE('',#64,#33,#74,.T.);
#74 = LINE('',#75,#76);
#75 = CARTESIAN_POINT('',(-27.2,-60.9,109.67703343773));
#76 = VECTOR('',#77,1.);
#77 = DIRECTION('',(1.,0.,-0.));
#78 = ORIENTED_EDGE('',*,*,#32,.T.);
#79 = ORIENTED_EDGE('',*,*,#80,.F.);
#80 = EDGE_CURVE('',#66,#22,#81,.T.);
#81 = LINE('',#82,#83);
#82 = CARTESIAN_POINT('',(-27.2,-56.5,109.67703343773));
#83 = VECTOR('',#84,1.);
#84 = DIRECTION('',(1.,0.,-0.));
#85 = PLANE('',#86);
#86 = AXIS2_PLACEMENT_3D('',#87,#88,#89);
#87 = CARTESIAN_POINT('',(-27.2,-60.9,109.67703343773));
#88 = DIRECTION('',(0.,0.,1.));
#89 = DIRECTION('',(1.,0.,-0.));
#90 = ADVANCED_FACE('',(#91),#116,.T.);
#91 = FACE_BOUND('',#92,.T.);
#92 = EDGE_LOOP('',(#93,#103,#109,#110));
#93 = ORIENTED_EDGE('',*,*,#94,.F.);
#94 = EDGE_CURVE('',#95,#97,#99,.T.);
#95 = VERTEX_POINT('',#96);
#96 = CARTESIAN_POINT('',(-27.2,-60.9,103.47703343773));
#97 = VERTEX_POINT('',#98);
#98 = CARTESIAN_POINT('',(-27.2,-56.5,103.47703343773));
#99 = LINE('',#100,#101);
#100 = CARTESIAN_POINT('',(-27.2,-60.9,103.47703343773));
#101 = VECTOR('',#102,1.);
#102 = DIRECTION('',(-0.,1.,0.));
#103 = ORIENTED_EDGE('',*,*,#104,.T.);
#104 = EDGE_CURVE('',#95,#41,#105,.T.);
#105 = LINE('',#106,#107);
#106 = CARTESIAN_POINT('',(-27.2,-60.9,103.47703343773));
#107 = VECTOR('',#108,1.);
#108 = DIRECTION('',(1.,0.,-0.));
#109 = ORIENTED_EDGE('',*,*,#49,.T.);
#110 = ORIENTED_EDGE('',*,*,#111,.F.);
#111 = EDGE_CURVE('',#97,#24,#112,.T.);
#112 = LINE('',#113,#114);
#113 = CARTESIAN_POINT('',(-27.2,-56.5,103.47703343773));
#114 = VECTOR('',#115,1.);
#115 = DIRECTION('',(1.,0.,-0.));
#116 = PLANE('',#117);
#117 = AXIS2_PLACEMENT_3D('',#118,#119,#120);
#118 = CARTESIAN_POINT('',(-27.2,-60.9,103.47703343773));
#119 = DIRECTION('',(0.,0.,1.));
#120 = DIRECTION('',(1.,0.,-0.));
#121 = ADVANCED_FACE('',(#122),#140,.F.);
#122 = FACE_BOUND('',#123,.F.);
#123 = EDGE_LOOP('',(#124,#125,#132,#133));
#124 = ORIENTED_EDGE('',*,*,#63,.T.);
#125 = ORIENTED_EDGE('',*,*,#126,.F.);
#126 = EDGE_CURVE('',#97,#66,#127,.T.);
#127 = CIRCLE('',#128,3.1);
#128 = AXIS2_PLACEMENT_3D('',#129,#130,#131);
#129 = CARTESIAN_POINT('',(-27.2,-56.5,106.57703343773));
#130 = DIRECTION('',(0.,1.,0.));
#131 = DIRECTION('',(0.,-0.,1.));
#132 = ORIENTED_EDGE('',*,*,#94,.F.);
#133 = ORIENTED_EDGE('',*,*,#134,.T.);
#134 = EDGE_CURVE('',#95,#64,#135,.T.);
#135 = CIRCLE('',#136,3.1);
#136 = AXIS2_PLACEMENT_3D('',#137,#138,#139);
#137 = CARTESIAN_POINT('',(-27.2,-60.9,106.57703343773));
#138 = DIRECTION('',(0.,1.,0.));
#139 = DIRECTION('',(0.,-0.,1.));
#140 = CYLINDRICAL_SURFACE('',#141,3.1);
#141 = AXIS2_PLACEMENT_3D('',#142,#143,#144);
#142 = CARTESIAN_POINT('',(-27.2,-60.9,106.57703343773));
#143 = DIRECTION('',(0.,1.,0.));
#144 = DIRECTION('',(0.,-0.,1.));
#145 = ADVANCED_FACE('',(#146,#152),#188,.T.);
#146 = FACE_BOUND('',#147,.T.);
#147 = EDGE_LOOP('',(#148,#149,#150,#151));
#148 = ORIENTED_EDGE('',*,*,#126,.F.);
#149 = ORIENTED_EDGE('',*,*,#111,.T.);
#150 = ORIENTED_EDGE('',*,*,#21,.F.);
#151 = ORIENTED_EDGE('',*,*,#80,.F.);
#152 = FACE_BOUND('',#153,.T.);
#153 = EDGE_LOOP('',(#154,#165,#173,#182));
#154 = ORIENTED_EDGE('',*,*,#155,.T.);
#155 = EDGE_CURVE('',#156,#158,#160,.T.);
#156 = VERTEX_POINT('',#157);
#157 = CARTESIAN_POINT('',(-27.2,-56.5,104.82703343773));
#158 = VERTEX_POINT('',#159);
#159 = CARTESIAN_POINT('',(-27.2,-56.5,108.32703343773));
#160 = CIRCLE('',#161,1.75);
#161 = AXIS2_PLACEMENT_3D('',#162,#163,#164);
#162 = CARTESIAN_POINT('',(-27.2,-56.5,106.57703343773));
#163 = DIRECTION('',(0.,1.,0.));
#164 = DIRECTION('',(0.,-0.,1.));
#165 = ORIENTED_EDGE('',*,*,#166,.F.);
#166 = EDGE_CURVE('',#167,#158,#169,.T.);
#167 = VERTEX_POINT('',#168);
#168 = CARTESIAN_POINT('',(-13.2,-56.5,108.32703343773));
#169 = LINE('',#170,#171);
#170 = CARTESIAN_POINT('',(-27.2,-56.5,108.32703343773));
#171 = VECTOR('',#172,1.);
#172 = DIRECTION('',(-1.,-0.,0.));
#173 = ORIENTED_EDGE('',*,*,#174,.T.);
#174 = EDGE_CURVE('',#167,#175,#177,.T.);
#175 = VERTEX_POINT('',#176);
#176 = CARTESIAN_POINT('',(-13.2,-56.5,104.82703343773));
#177 = CIRCLE('',#178,1.75);
#178 = AXIS2_PLACEMENT_3D('',#179,#180,#181);
#179 = CARTESIAN_POINT('',(-13.2,-56.5,106.57703343773));
#180 = DIRECTION('',(0.,1.,0.));
#181 = DIRECTION('',(0.,-0.,1.));
#182 = ORIENTED_EDGE('',*,*,#183,.T.);
#183 = EDGE_CURVE('',#175,#156,#184,.T.);
#184 = LINE('',#185,#186);
#185 = CARTESIAN_POINT('',(-27.2,-56.5,104.82703343773));
#186 = VECTOR('',#187,1.);
#187 = DIRECTION('',(-1.,-0.,0.));
#188 = PLANE('',#189);
#189 = AXIS2_PLACEMENT_3D('',#190,#191,#192);
#190 = CARTESIAN_POINT('',(-20.2,-56.5,106.57703343773));
#191 = DIRECTION('',(-0.,-1.,-0.));
#192 = DIRECTION('',(0.,0.,-1.));
#193 = ADVANCED_FACE('',(#194,#394,#430),#466,.F.);
#194 = FACE_BOUND('',#195,.F.);
#195 = EDGE_LOOP('',(#196,#207,#215,#224,#232,#241,#249,#258,#266,#275,
    #283,#292,#300,#309,#318,#327,#336,#345,#354,#362,#371,#379,#388));
#196 = ORIENTED_EDGE('',*,*,#197,.F.);
#197 = EDGE_CURVE('',#198,#200,#202,.T.);
#198 = VERTEX_POINT('',#199);
#199 = CARTESIAN_POINT('',(-33.85834862313,-56.5,157.));
#200 = VERTEX_POINT('',#201);
#201 = CARTESIAN_POINT('',(-30.86185443488,-56.5,159.85500834573));
#202 = CIRCLE('',#203,3.);
#203 = AXIS2_PLACEMENT_3D('',#204,#205,#206);
#204 = CARTESIAN_POINT('',(-33.85834862313,-56.5,160.));
#205 = DIRECTION('',(-0.,-1.,0.));
#206 = DIRECTION('',(0.,-0.,1.));
#207 = ORIENTED_EDGE('',*,*,#208,.T.);
#208 = EDGE_CURVE('',#198,#209,#211,.T.);
#209 = VERTEX_POINT('',#210);
#210 = CARTESIAN_POINT('',(-73.,-56.5,157.));
#211 = LINE('',#212,#213);
#212 = CARTESIAN_POINT('',(-31.,-56.5,157.));
#213 = VECTOR('',#214,1.);
#214 = DIRECTION('',(-1.,0.,0.));
#215 = ORIENTED_EDGE('',*,*,#216,.T.);
#216 = EDGE_CURVE('',#209,#217,#219,.T.);
#217 = VERTEX_POINT('',#218);
#218 = CARTESIAN_POINT('',(-76.,-56.5,154.));
#219 = CIRCLE('',#220,3.);
#220 = AXIS2_PLACEMENT_3D('',#221,#222,#223);
#221 = CARTESIAN_POINT('',(-73.,-56.5,154.));
#222 = DIRECTION('',(-0.,-1.,0.));
#223 = DIRECTION('',(0.,-0.,1.));
#224 = ORIENTED_EDGE('',*,*,#225,.T.);
#225 = EDGE_CURVE('',#217,#226,#228,.T.);
#226 = VERTEX_POINT('',#227);
#227 = CARTESIAN_POINT('',(-76.,-56.5,111.));
#228 = LINE('',#229,#230);
#229 = CARTESIAN_POINT('',(-76.,-56.5,139.08980419254));
#230 = VECTOR('',#231,1.);
#231 = DIRECTION('',(-0.,-0.,-1.));
#232 = ORIENTED_EDGE('',*,*,#233,.T.);
#233 = EDGE_CURVE('',#226,#234,#236,.T.);
#234 = VERTEX_POINT('',#235);
#235 = CARTESIAN_POINT('',(-73.,-56.5,114.));
#236 = CIRCLE('',#237,3.);
#237 = AXIS2_PLACEMENT_3D('',#238,#239,#240);
#238 = CARTESIAN_POINT('',(-73.,-56.5,111.));
#239 = DIRECTION('',(-0.,1.,0.));
#240 = DIRECTION('',(0.,0.,1.));
#241 = ORIENTED_EDGE('',*,*,#242,.T.);
#242 = EDGE_CURVE('',#234,#243,#245,.T.);
#243 = VERTEX_POINT('',#244);
#244 = CARTESIAN_POINT('',(-50.60262809739,-56.5,114.));
#245 = LINE('',#246,#247);
#246 = CARTESIAN_POINT('',(-43.53043888308,-56.5,114.));
#247 = VECTOR('',#248,1.);
#248 = DIRECTION('',(1.,0.,0.));
#249 = ORIENTED_EDGE('',*,*,#250,.T.);
#250 = EDGE_CURVE('',#243,#251,#253,.T.);
#251 = VERTEX_POINT('',#252);
#252 = CARTESIAN_POINT('',(-42.7,-56.5,133.37703343773));
#253 = CIRCLE('',#254,11.3);
#254 = AXIS2_PLACEMENT_3D('',#255,#256,#257);
#255 = CARTESIAN_POINT('',(-42.7,-56.5,122.07703343773));
#256 = DIRECTION('',(0.,1.,0.));
#257 = DIRECTION('',(0.,-0.,1.));
#258 = ORIENTED_EDGE('',*,*,#259,.F.);
#259 = EDGE_CURVE('',#260,#251,#262,.T.);
#260 = VERTEX_POINT('',#261);
#261 = CARTESIAN_POINT('',(-28.7,-56.5,133.37703343773));
#262 = LINE('',#263,#264);
#263 = CARTESIAN_POINT('',(-26.88043888308,-56.5,133.37703343773));
#264 = VECTOR('',#265,1.);
#265 = DIRECTION('',(-1.,0.,0.));
#266 = ORIENTED_EDGE('',*,*,#267,.T.);
#267 = EDGE_CURVE('',#260,#268,#270,.T.);
#268 = VERTEX_POINT('',#269);
#269 = CARTESIAN_POINT('',(-20.7973719026,-56.5,114.));
#270 = CIRCLE('',#271,11.3);
#271 = AXIS2_PLACEMENT_3D('',#272,#273,#274);
#272 = CARTESIAN_POINT('',(-28.7,-56.5,122.07703343773));
#273 = DIRECTION('',(0.,1.,0.));
#274 = DIRECTION('',(0.,-0.,1.));
#275 = ORIENTED_EDGE('',*,*,#276,.T.);
#276 = EDGE_CURVE('',#268,#277,#279,.T.);
#277 = VERTEX_POINT('',#278);
#278 = CARTESIAN_POINT('',(33.915509954288,-56.5,114.));
#279 = LINE('',#280,#281);
#280 = CARTESIAN_POINT('',(-9.132163021015,-56.5,114.));
#281 = VECTOR('',#282,1.);
#282 = DIRECTION('',(1.,0.,0.));
#283 = ORIENTED_EDGE('',*,*,#284,.F.);
#284 = EDGE_CURVE('',#285,#277,#287,.T.);
#285 = VERTEX_POINT('',#286);
#286 = CARTESIAN_POINT('',(30.916733694906,-56.5,116.9143206783));
#287 = CIRCLE('',#288,3.);
#288 = AXIS2_PLACEMENT_3D('',#289,#290,#291);
#289 = CARTESIAN_POINT('',(33.915509954288,-56.5,117.));
#290 = DIRECTION('',(-0.,-1.,0.));
#291 = DIRECTION('',(0.,-0.,1.));
#292 = ORIENTED_EDGE('',*,*,#293,.T.);
#293 = EDGE_CURVE('',#285,#294,#296,.T.);
#294 = VERTEX_POINT('',#295);
#295 = CARTESIAN_POINT('',(28.859983165457,-56.5,188.90058920901));
#296 = LINE('',#297,#298);
#297 = CARTESIAN_POINT('',(31.,-56.5,114.));
#298 = VECTOR('',#299,1.);
#299 = DIRECTION('',(-2.855977389888E-02,0.,0.999592086461));
#300 = ORIENTED_EDGE('',*,*,#301,.T.);
#301 = EDGE_CURVE('',#294,#302,#304,.T.);
#302 = VERTEX_POINT('',#303);
#303 = CARTESIAN_POINT('',(29.046747325947,-56.5,190.03153785279));
#304 = CIRCLE('',#305,3.);
#305 = AXIS2_PLACEMENT_3D('',#306,#307,#308);
#306 = CARTESIAN_POINT('',(31.858759424839,-56.5,188.9862685307));
#307 = DIRECTION('',(0.,1.,0.));
#308 = DIRECTION('',(0.,-0.,1.));
#309 = ORIENTED_EDGE('',*,*,#310,.F.);
#310 = EDGE_CURVE('',#311,#302,#313,.T.);
#311 = VERTEX_POINT('',#312);
#312 = CARTESIAN_POINT('',(28.842701328925,-56.5,189.50545348761));
#313 = CIRCLE('',#314,20.);
#314 = AXIS2_PLACEMENT_3D('',#315,#316,#317);
#315 = CARTESIAN_POINT('',(10.3,-56.5,197.));
#316 = DIRECTION('',(-0.,-1.,0.));
#317 = DIRECTION('',(0.,-0.,1.));
#318 = ORIENTED_EDGE('',*,*,#319,.T.);
#319 = EDGE_CURVE('',#311,#320,#322,.T.);
#320 = VERTEX_POINT('',#321);
#321 = CARTESIAN_POINT('',(10.3,-56.5,217.));
#322 = CIRCLE('',#323,20.);
#323 = AXIS2_PLACEMENT_3D('',#324,#325,#326);
#324 = CARTESIAN_POINT('',(10.3,-56.5,197.));
#325 = DIRECTION('',(0.,1.,0.));
#326 = DIRECTION('',(0.,-0.,1.));
#327 = ORIENTED_EDGE('',*,*,#328,.T.);
#328 = EDGE_CURVE('',#320,#329,#331,.T.);
#329 = VERTEX_POINT('',#330);
#330 = CARTESIAN_POINT('',(28.384541737959,-56.5,205.54103917143));
#331 = CIRCLE('',#332,20.);
#332 = AXIS2_PLACEMENT_3D('',#333,#334,#335);
#333 = CARTESIAN_POINT('',(10.3,-56.5,197.));
#334 = DIRECTION('',(0.,1.,0.));
#335 = DIRECTION('',(0.,-0.,1.));
#336 = ORIENTED_EDGE('',*,*,#337,.T.);
#337 = EDGE_CURVE('',#329,#338,#340,.T.);
#338 = VERTEX_POINT('',#339);
#339 = CARTESIAN_POINT('',(28.618292313747,-56.5,205.02746327977));
#340 = CIRCLE('',#341,20.);
#341 = AXIS2_PLACEMENT_3D('',#342,#343,#344);
#342 = CARTESIAN_POINT('',(10.3,-56.5,197.));
#343 = DIRECTION('',(0.,1.,0.));
#344 = DIRECTION('',(0.,-0.,1.));
#345 = ORIENTED_EDGE('',*,*,#346,.F.);
#346 = EDGE_CURVE('',#347,#338,#349,.T.);
#347 = VERTEX_POINT('',#348);
#348 = CARTESIAN_POINT('',(28.367259901427,-56.5,206.14590345004));
#349 = CIRCLE('',#350,3.);
#350 = AXIS2_PLACEMENT_3D('',#351,#352,#353);
#351 = CARTESIAN_POINT('',(31.366036160809,-56.5,206.23158277173));
#352 = DIRECTION('',(-0.,-1.,0.));
#353 = DIRECTION('',(0.,-0.,1.));
#354 = ORIENTED_EDGE('',*,*,#355,.T.);
#355 = EDGE_CURVE('',#347,#356,#358,.T.);
#356 = VERTEX_POINT('',#357);
#357 = CARTESIAN_POINT('',(28.083266305094,-56.5,216.08567932169));
#358 = LINE('',#359,#360);
#359 = CARTESIAN_POINT('',(31.,-56.5,114.));
#360 = VECTOR('',#361,1.);
#361 = DIRECTION('',(-2.855977389888E-02,0.,0.999592086461));
#362 = ORIENTED_EDGE('',*,*,#363,.F.);
#363 = EDGE_CURVE('',#364,#356,#366,.T.);
#364 = VERTEX_POINT('',#365);
#365 = CARTESIAN_POINT('',(25.084490045712,-56.5,219.));
#366 = CIRCLE('',#367,3.);
#367 = AXIS2_PLACEMENT_3D('',#368,#369,#370);
#368 = CARTESIAN_POINT('',(25.084490045712,-56.5,216.));
#369 = DIRECTION('',(0.,1.,0.));
#370 = DIRECTION('',(0.,-0.,1.));
#371 = ORIENTED_EDGE('',*,*,#372,.T.);
#372 = EDGE_CURVE('',#364,#373,#375,.T.);
#373 = VERTEX_POINT('',#374);
#374 = CARTESIAN_POINT('',(-25.14165137687,-56.5,219.));
#375 = LINE('',#376,#377);
#376 = CARTESIAN_POINT('',(28.,-56.5,219.));
#377 = VECTOR('',#378,1.);
#378 = DIRECTION('',(-1.,0.,0.));
#379 = ORIENTED_EDGE('',*,*,#380,.F.);
#380 = EDGE_CURVE('',#381,#373,#383,.T.);
#381 = VERTEX_POINT('',#382);
#382 = CARTESIAN_POINT('',(-28.13814556511,-56.5,216.14499165427));
#383 = CIRCLE('',#384,3.);
#384 = AXIS2_PLACEMENT_3D('',#385,#386,#387);
#385 = CARTESIAN_POINT('',(-25.14165137687,-56.5,216.));
#386 = DIRECTION('',(0.,1.,0.));
#387 = DIRECTION('',(0.,-0.,1.));
#388 = ORIENTED_EDGE('',*,*,#389,.T.);
#389 = EDGE_CURVE('',#381,#200,#390,.T.);
#390 = LINE('',#391,#392);
#391 = CARTESIAN_POINT('',(-28.,-56.5,219.));
#392 = VECTOR('',#393,1.);
#393 = DIRECTION('',(-4.833055142332E-02,0.,-0.998831396082));
#394 = FACE_BOUND('',#395,.F.);
#395 = EDGE_LOOP('',(#396,#406,#415,#423));
#396 = ORIENTED_EDGE('',*,*,#397,.T.);
#397 = EDGE_CURVE('',#398,#400,#402,.T.);
#398 = VERTEX_POINT('',#399);
#399 = CARTESIAN_POINT('',(-58.2,-56.5,140.67703343773));
#400 = VERTEX_POINT('',#401);
#401 = CARTESIAN_POINT('',(-44.2,-56.5,140.67703343773));
#402 = LINE('',#403,#404);
#403 = CARTESIAN_POINT('',(-58.2,-56.5,140.67703343773));
#404 = VECTOR('',#405,1.);
#405 = DIRECTION('',(1.,0.,-0.));
#406 = ORIENTED_EDGE('',*,*,#407,.T.);
#407 = EDGE_CURVE('',#400,#408,#410,.T.);
#408 = VERTEX_POINT('',#409);
#409 = CARTESIAN_POINT('',(-44.2,-56.5,134.47703343773));
#410 = CIRCLE('',#411,3.1);
#411 = AXIS2_PLACEMENT_3D('',#412,#413,#414);
#412 = CARTESIAN_POINT('',(-44.2,-56.5,137.57703343773));
#413 = DIRECTION('',(0.,1.,0.));
#414 = DIRECTION('',(0.,-0.,1.));
#415 = ORIENTED_EDGE('',*,*,#416,.F.);
#416 = EDGE_CURVE('',#417,#408,#419,.T.);
#417 = VERTEX_POINT('',#418);
#418 = CARTESIAN_POINT('',(-58.2,-56.5,134.47703343773));
#419 = LINE('',#420,#421);
#420 = CARTESIAN_POINT('',(-58.2,-56.5,134.47703343773));
#421 = VECTOR('',#422,1.);
#422 = DIRECTION('',(1.,0.,-0.));
#423 = ORIENTED_EDGE('',*,*,#424,.T.);
#424 = EDGE_CURVE('',#417,#398,#425,.T.);
#425 = CIRCLE('',#426,3.1);
#426 = AXIS2_PLACEMENT_3D('',#427,#428,#429);
#427 = CARTESIAN_POINT('',(-58.2,-56.5,137.57703343773));
#428 = DIRECTION('',(0.,1.,0.));
#429 = DIRECTION('',(0.,-0.,1.));
#430 = FACE_BOUND('',#431,.F.);
#431 = EDGE_LOOP('',(#432,#442,#451,#459));
#432 = ORIENTED_EDGE('',*,*,#433,.T.);
#433 = EDGE_CURVE('',#434,#436,#438,.T.);
#434 = VERTEX_POINT('',#435);
#435 = CARTESIAN_POINT('',(-27.2,-56.5,140.67703343773));
#436 = VERTEX_POINT('',#437);
#437 = CARTESIAN_POINT('',(-13.2,-56.5,140.67703343773));
#438 = LINE('',#439,#440);
#439 = CARTESIAN_POINT('',(-27.2,-56.5,140.67703343773));
#440 = VECTOR('',#441,1.);
#441 = DIRECTION('',(1.,0.,-0.));
#442 = ORIENTED_EDGE('',*,*,#443,.T.);
#443 = EDGE_CURVE('',#436,#444,#446,.T.);
#444 = VERTEX_POINT('',#445);
#445 = CARTESIAN_POINT('',(-13.2,-56.5,134.47703343773));
#446 = CIRCLE('',#447,3.1);
#447 = AXIS2_PLACEMENT_3D('',#448,#449,#450);
#448 = CARTESIAN_POINT('',(-13.2,-56.5,137.57703343773));
#449 = DIRECTION('',(0.,1.,0.));
#450 = DIRECTION('',(0.,-0.,1.));
#451 = ORIENTED_EDGE('',*,*,#452,.F.);
#452 = EDGE_CURVE('',#453,#444,#455,.T.);
#453 = VERTEX_POINT('',#454);
#454 = CARTESIAN_POINT('',(-27.2,-56.5,134.47703343773));
#455 = LINE('',#456,#457);
#456 = CARTESIAN_POINT('',(-27.2,-56.5,134.47703343773));
#457 = VECTOR('',#458,1.);
#458 = DIRECTION('',(1.,0.,-0.));
#459 = ORIENTED_EDGE('',*,*,#460,.T.);
#460 = EDGE_CURVE('',#453,#434,#461,.T.);
#461 = CIRCLE('',#462,3.1);
#462 = AXIS2_PLACEMENT_3D('',#463,#464,#465);
#463 = CARTESIAN_POINT('',(-27.2,-56.5,137.57703343773));
#464 = DIRECTION('',(0.,1.,0.));
#465 = DIRECTION('',(0.,-0.,1.));
#466 = PLANE('',#467);
#467 = AXIS2_PLACEMENT_3D('',#468,#469,#470);
#468 = CARTESIAN_POINT('',(-11.06087776616,-56.5,150.84177054724));
#469 = DIRECTION('',(-0.,-1.,-0.));
#470 = DIRECTION('',(0.,0.,-1.));
#471 = ADVANCED_FACE('',(#472),#498,.F.);
#472 = FACE_BOUND('',#473,.T.);
#473 = EDGE_LOOP('',(#474,#485,#491,#492));
#474 = ORIENTED_EDGE('',*,*,#475,.T.);
#475 = EDGE_CURVE('',#476,#478,#480,.T.);
#476 = VERTEX_POINT('',#477);
#477 = CARTESIAN_POINT('',(-33.85834862313,-69.5,157.));
#478 = VERTEX_POINT('',#479);
#479 = CARTESIAN_POINT('',(-30.86185443488,-69.5,159.85500834573));
#480 = CIRCLE('',#481,3.);
#481 = AXIS2_PLACEMENT_3D('',#482,#483,#484);
#482 = CARTESIAN_POINT('',(-33.85834862313,-69.5,160.));
#483 = DIRECTION('',(-0.,-1.,0.));
#484 = DIRECTION('',(0.,-0.,1.));
#485 = ORIENTED_EDGE('',*,*,#486,.T.);
#486 = EDGE_CURVE('',#478,#200,#487,.T.);
#487 = LINE('',#488,#489);
#488 = CARTESIAN_POINT('',(-30.86185443488,-69.5,159.85500834573));
#489 = VECTOR('',#490,1.);
#490 = DIRECTION('',(0.,1.,0.));
#491 = ORIENTED_EDGE('',*,*,#197,.F.);
#492 = ORIENTED_EDGE('',*,*,#493,.F.);
#493 = EDGE_CURVE('',#476,#198,#494,.T.);
#494 = LINE('',#495,#496);
#495 = CARTESIAN_POINT('',(-33.85834862313,-69.5,157.));
#496 = VECTOR('',#497,1.);
#497 = DIRECTION('',(0.,1.,0.));
#498 = CYLINDRICAL_SURFACE('',#499,3.);
#499 = AXIS2_PLACEMENT_3D('',#500,#501,#502);
#500 = CARTESIAN_POINT('',(-33.85834862313,-69.5,160.));
#501 = DIRECTION('',(0.,1.,0.));
#502 = DIRECTION('',(0.,0.,-1.));
#503 = ADVANCED_FACE('',(#504),#522,.T.);
#504 = FACE_BOUND('',#505,.T.);
#505 = EDGE_LOOP('',(#506,#514,#515,#516));
#506 = ORIENTED_EDGE('',*,*,#507,.F.);
#507 = EDGE_CURVE('',#476,#508,#510,.T.);
#508 = VERTEX_POINT('',#509);
#509 = CARTESIAN_POINT('',(-73.,-69.5,157.));
#510 = LINE('',#511,#512);
#511 = CARTESIAN_POINT('',(-31.,-69.5,157.));
#512 = VECTOR('',#513,1.);
#513 = DIRECTION('',(-1.,0.,0.));
#514 = ORIENTED_EDGE('',*,*,#493,.T.);
#515 = ORIENTED_EDGE('',*,*,#208,.T.);
#516 = ORIENTED_EDGE('',*,*,#517,.F.);
#517 = EDGE_CURVE('',#508,#209,#518,.T.);
#518 = LINE('',#519,#520);
#519 = CARTESIAN_POINT('',(-73.,-69.5,157.));
#520 = VECTOR('',#521,1.);
#521 = DIRECTION('',(0.,1.,0.));
#522 = PLANE('',#523);
#523 = AXIS2_PLACEMENT_3D('',#524,#525,#526);
#524 = CARTESIAN_POINT('',(-31.,-69.5,157.));
#525 = DIRECTION('',(0.,-0.,1.));
#526 = DIRECTION('',(-1.,0.,0.));
#527 = ADVANCED_FACE('',(#528),#546,.T.);
#528 = FACE_BOUND('',#529,.T.);
#529 = EDGE_LOOP('',(#530,#538,#544,#545));
#530 = ORIENTED_EDGE('',*,*,#531,.F.);
#531 = EDGE_CURVE('',#532,#478,#534,.T.);
#532 = VERTEX_POINT('',#533);
#533 = CARTESIAN_POINT('',(-28.13814556511,-69.5,216.14499165427));
#534 = LINE('',#535,#536);
#535 = CARTESIAN_POINT('',(-28.,-69.5,219.));
#536 = VECTOR('',#537,1.);
#537 = DIRECTION('',(-4.833055142332E-02,0.,-0.998831396082));
#538 = ORIENTED_EDGE('',*,*,#539,.T.);
#539 = EDGE_CURVE('',#532,#381,#540,.T.);
#540 = LINE('',#541,#542);
#541 = CARTESIAN_POINT('',(-28.13814556511,-69.5,216.14499165427));
#542 = VECTOR('',#543,1.);
#543 = DIRECTION('',(0.,1.,0.));
#544 = ORIENTED_EDGE('',*,*,#389,.T.);
#545 = ORIENTED_EDGE('',*,*,#486,.F.);
#546 = PLANE('',#547);
#547 = AXIS2_PLACEMENT_3D('',#548,#549,#550);
#548 = CARTESIAN_POINT('',(-28.,-69.5,219.));
#549 = DIRECTION('',(-0.998831396082,0.,4.833055142332E-02));
#550 = DIRECTION('',(-4.833055142332E-02,0.,-0.998831396082));
#551 = ADVANCED_FACE('',(#552),#571,.T.);
#552 = FACE_BOUND('',#553,.F.);
#553 = EDGE_LOOP('',(#554,#563,#569,#570));
#554 = ORIENTED_EDGE('',*,*,#555,.T.);
#555 = EDGE_CURVE('',#508,#556,#558,.T.);
#556 = VERTEX_POINT('',#557);
#557 = CARTESIAN_POINT('',(-76.,-69.5,154.));
#558 = CIRCLE('',#559,3.);
#559 = AXIS2_PLACEMENT_3D('',#560,#561,#562);
#560 = CARTESIAN_POINT('',(-73.,-69.5,154.));
#561 = DIRECTION('',(-0.,-1.,0.));
#562 = DIRECTION('',(0.,-0.,1.));
#563 = ORIENTED_EDGE('',*,*,#564,.T.);
#564 = EDGE_CURVE('',#556,#217,#565,.T.);
#565 = LINE('',#566,#567);
#566 = CARTESIAN_POINT('',(-76.,-69.5,154.));
#567 = VECTOR('',#568,1.);
#568 = DIRECTION('',(0.,1.,0.));
#569 = ORIENTED_EDGE('',*,*,#216,.F.);
#570 = ORIENTED_EDGE('',*,*,#517,.F.);
#571 = CYLINDRICAL_SURFACE('',#572,3.);
#572 = AXIS2_PLACEMENT_3D('',#573,#574,#575);
#573 = CARTESIAN_POINT('',(-73.,-69.5,154.));
#574 = DIRECTION('',(0.,1.,0.));
#575 = DIRECTION('',(0.,-0.,1.));
#576 = ADVANCED_FACE('',(#577),#596,.T.);
#577 = FACE_BOUND('',#578,.T.);
#578 = EDGE_LOOP('',(#579,#588,#594,#595));
#579 = ORIENTED_EDGE('',*,*,#580,.T.);
#580 = EDGE_CURVE('',#532,#581,#583,.T.);
#581 = VERTEX_POINT('',#582);
#582 = CARTESIAN_POINT('',(-25.14165137687,-69.5,219.));
#583 = CIRCLE('',#584,3.);
#584 = AXIS2_PLACEMENT_3D('',#585,#586,#587);
#585 = CARTESIAN_POINT('',(-25.14165137687,-69.5,216.));
#586 = DIRECTION('',(0.,1.,0.));
#587 = DIRECTION('',(0.,-0.,1.));
#588 = ORIENTED_EDGE('',*,*,#589,.T.);
#589 = EDGE_CURVE('',#581,#373,#590,.T.);
#590 = LINE('',#591,#592);
#591 = CARTESIAN_POINT('',(-25.14165137687,-69.5,219.));
#592 = VECTOR('',#593,1.);
#593 = DIRECTION('',(0.,1.,0.));
#594 = ORIENTED_EDGE('',*,*,#380,.F.);
#595 = ORIENTED_EDGE('',*,*,#539,.F.);
#596 = CYLINDRICAL_SURFACE('',#597,3.);
#597 = AXIS2_PLACEMENT_3D('',#598,#599,#600);
#598 = CARTESIAN_POINT('',(-25.14165137687,-69.5,216.));
#599 = DIRECTION('',(0.,1.,0.));
#600 = DIRECTION('',(-0.998831396082,0.,4.833055142332E-02));
#601 = ADVANCED_FACE('',(#602),#636,.T.);
#602 = FACE_BOUND('',#603,.T.);
#603 = EDGE_LOOP('',(#604,#612,#613,#614,#622,#630));
#604 = ORIENTED_EDGE('',*,*,#605,.T.);
#605 = EDGE_CURVE('',#606,#556,#608,.T.);
#606 = VERTEX_POINT('',#607);
#607 = CARTESIAN_POINT('',(-76.,-69.5,103.));
#608 = LINE('',#609,#610);
#609 = CARTESIAN_POINT('',(-76.,-69.5,100.));
#610 = VECTOR('',#611,1.);
#611 = DIRECTION('',(0.,0.,1.));
#612 = ORIENTED_EDGE('',*,*,#564,.T.);
#613 = ORIENTED_EDGE('',*,*,#225,.T.);
#614 = ORIENTED_EDGE('',*,*,#615,.T.);
#615 = EDGE_CURVE('',#226,#616,#618,.T.);
#616 = VERTEX_POINT('',#617);
#617 = CARTESIAN_POINT('',(-76.,-52.5,111.));
#618 = LINE('',#619,#620);
#619 = CARTESIAN_POINT('',(-76.,-56.5,111.));
#620 = VECTOR('',#621,1.);
#621 = DIRECTION('',(-0.,1.,0.));
#622 = ORIENTED_EDGE('',*,*,#623,.F.);
#623 = EDGE_CURVE('',#624,#616,#626,.T.);
#624 = VERTEX_POINT('',#625);
#625 = CARTESIAN_POINT('',(-76.,-52.5,103.));
#626 = LINE('',#627,#628);
#627 = CARTESIAN_POINT('',(-76.,-52.5,100.));
#628 = VECTOR('',#629,1.);
#629 = DIRECTION('',(0.,0.,1.));
#630 = ORIENTED_EDGE('',*,*,#631,.F.);
#631 = EDGE_CURVE('',#606,#624,#632,.T.);
#632 = LINE('',#633,#634);
#633 = CARTESIAN_POINT('',(-76.,-69.5,103.));
#634 = VECTOR('',#635,1.);
#635 = DIRECTION('',(-0.,1.,0.));
#636 = PLANE('',#637);
#637 = AXIS2_PLACEMENT_3D('',#638,#639,#640);
#638 = CARTESIAN_POINT('',(-76.,-62.16216216216,127.33783783783));
#639 = DIRECTION('',(-1.,-0.,-0.));
#640 = DIRECTION('',(0.,0.,-1.));
#641 = ADVANCED_FACE('',(#642,#660),#694,.T.);
#642 = FACE_BOUND('',#643,.T.);
#643 = EDGE_LOOP('',(#644,#652,#658,#659));
#644 = ORIENTED_EDGE('',*,*,#645,.F.);
#645 = EDGE_CURVE('',#646,#581,#648,.T.);
#646 = VERTEX_POINT('',#647);
#647 = CARTESIAN_POINT('',(25.084490045712,-69.5,219.));
#648 = LINE('',#649,#650);
#649 = CARTESIAN_POINT('',(28.,-69.5,219.));
#650 = VECTOR('',#651,1.);
#651 = DIRECTION('',(-1.,0.,0.));
#652 = ORIENTED_EDGE('',*,*,#653,.T.);
#653 = EDGE_CURVE('',#646,#364,#654,.T.);
#654 = LINE('',#655,#656);
#655 = CARTESIAN_POINT('',(25.084490045712,-69.5,219.));
#656 = VECTOR('',#657,1.);
#657 = DIRECTION('',(0.,1.,0.));
#658 = ORIENTED_EDGE('',*,*,#372,.T.);
#659 = ORIENTED_EDGE('',*,*,#589,.F.);
#660 = FACE_BOUND('',#661,.T.);
#661 = EDGE_LOOP('',(#662,#672,#680,#688));
#662 = ORIENTED_EDGE('',*,*,#663,.T.);
#663 = EDGE_CURVE('',#664,#666,#668,.T.);
#664 = VERTEX_POINT('',#665);
#665 = CARTESIAN_POINT('',(7.35,-61.1,219.));
#666 = VERTEX_POINT('',#667);
#667 = CARTESIAN_POINT('',(13.25,-61.1,219.));
#668 = LINE('',#669,#670);
#669 = CARTESIAN_POINT('',(20.625,-61.1,219.));
#670 = VECTOR('',#671,1.);
#671 = DIRECTION('',(1.,0.,0.));
#672 = ORIENTED_EDGE('',*,*,#673,.T.);
#673 = EDGE_CURVE('',#666,#674,#676,.T.);
#674 = VERTEX_POINT('',#675);
#675 = CARTESIAN_POINT('',(13.25,-63.9,219.));
#676 = LINE('',#677,#678);
#677 = CARTESIAN_POINT('',(13.25,-65.3,219.));
#678 = VECTOR('',#679,1.);
#679 = DIRECTION('',(-0.,-1.,0.));
#680 = ORIENTED_EDGE('',*,*,#681,.F.);
#681 = EDGE_CURVE('',#682,#674,#684,.T.);
#682 = VERTEX_POINT('',#683);
#683 = CARTESIAN_POINT('',(7.35,-63.9,219.));
#684 = LINE('',#685,#686);
#685 = CARTESIAN_POINT('',(20.625,-63.9,219.));
#686 = VECTOR('',#687,1.);
#687 = DIRECTION('',(1.,0.,0.));
#688 = ORIENTED_EDGE('',*,*,#689,.F.);
#689 = EDGE_CURVE('',#664,#682,#690,.T.);
#690 = LINE('',#691,#692);
#691 = CARTESIAN_POINT('',(7.35,-65.3,219.));
#692 = VECTOR('',#693,1.);
#693 = DIRECTION('',(-0.,-1.,0.));
#694 = PLANE('',#695);
#695 = AXIS2_PLACEMENT_3D('',#696,#697,#698);
#696 = CARTESIAN_POINT('',(28.,-69.5,219.));
#697 = DIRECTION('',(0.,-0.,1.));
#698 = DIRECTION('',(-1.,0.,0.));
#699 = ADVANCED_FACE('',(#700),#719,.T.);
#700 = FACE_BOUND('',#701,.T.);
#701 = EDGE_LOOP('',(#702,#711,#717,#718));
#702 = ORIENTED_EDGE('',*,*,#703,.T.);
#703 = EDGE_CURVE('',#646,#704,#706,.T.);
#704 = VERTEX_POINT('',#705);
#705 = CARTESIAN_POINT('',(28.083266305094,-69.5,216.08567932169));
#706 = CIRCLE('',#707,3.);
#707 = AXIS2_PLACEMENT_3D('',#708,#709,#710);
#708 = CARTESIAN_POINT('',(25.084490045712,-69.5,216.));
#709 = DIRECTION('',(0.,1.,0.));
#710 = DIRECTION('',(0.,-0.,1.));
#711 = ORIENTED_EDGE('',*,*,#712,.T.);
#712 = EDGE_CURVE('',#704,#356,#713,.T.);
#713 = LINE('',#714,#715);
#714 = CARTESIAN_POINT('',(28.083266305094,-69.5,216.08567932169));
#715 = VECTOR('',#716,1.);
#716 = DIRECTION('',(0.,1.,0.));
#717 = ORIENTED_EDGE('',*,*,#363,.F.);
#718 = ORIENTED_EDGE('',*,*,#653,.F.);
#719 = CYLINDRICAL_SURFACE('',#720,3.);
#720 = AXIS2_PLACEMENT_3D('',#721,#722,#723);
#721 = CARTESIAN_POINT('',(25.084490045712,-69.5,216.));
#722 = DIRECTION('',(0.,1.,0.));
#723 = DIRECTION('',(0.,-0.,1.));
#724 = ADVANCED_FACE('',(#725),#744,.T.);
#725 = FACE_BOUND('',#726,.T.);
#726 = EDGE_LOOP('',(#727,#728,#736,#743));
#727 = ORIENTED_EDGE('',*,*,#233,.T.);
#728 = ORIENTED_EDGE('',*,*,#729,.T.);
#729 = EDGE_CURVE('',#234,#730,#732,.T.);
#730 = VERTEX_POINT('',#731);
#731 = CARTESIAN_POINT('',(-73.,-52.5,114.));
#732 = LINE('',#733,#734);
#733 = CARTESIAN_POINT('',(-73.,-56.5,114.));
#734 = VECTOR('',#735,1.);
#735 = DIRECTION('',(-0.,1.,0.));
#736 = ORIENTED_EDGE('',*,*,#737,.F.);
#737 = EDGE_CURVE('',#616,#730,#738,.T.);
#738 = CIRCLE('',#739,3.);
#739 = AXIS2_PLACEMENT_3D('',#740,#741,#742);
#740 = CARTESIAN_POINT('',(-73.,-52.5,111.));
#741 = DIRECTION('',(-0.,1.,0.));
#742 = DIRECTION('',(0.,0.,1.));
#743 = ORIENTED_EDGE('',*,*,#615,.F.);
#744 = CYLINDRICAL_SURFACE('',#745,3.);
#745 = AXIS2_PLACEMENT_3D('',#746,#747,#748);
#746 = CARTESIAN_POINT('',(-73.,-56.5,111.));
#747 = DIRECTION('',(-0.,1.,0.));
#748 = DIRECTION('',(-1.,0.,-0.));
#749 = ADVANCED_FACE('',(#750),#768,.T.);
#750 = FACE_BOUND('',#751,.T.);
#751 = EDGE_LOOP('',(#752,#760,#766,#767));
#752 = ORIENTED_EDGE('',*,*,#753,.F.);
#753 = EDGE_CURVE('',#754,#704,#756,.T.);
#754 = VERTEX_POINT('',#755);
#755 = CARTESIAN_POINT('',(28.367259901427,-69.5,206.14590345004));
#756 = LINE('',#757,#758);
#757 = CARTESIAN_POINT('',(31.,-69.5,114.));
#758 = VECTOR('',#759,1.);
#759 = DIRECTION('',(-2.855977389888E-02,0.,0.999592086461));
#760 = ORIENTED_EDGE('',*,*,#761,.T.);
#761 = EDGE_CURVE('',#754,#347,#762,.T.);
#762 = LINE('',#763,#764);
#763 = CARTESIAN_POINT('',(28.367259901427,-69.5,206.14590345004));
#764 = VECTOR('',#765,1.);
#765 = DIRECTION('',(0.,1.,0.));
#766 = ORIENTED_EDGE('',*,*,#355,.T.);
#767 = ORIENTED_EDGE('',*,*,#712,.F.);
#768 = PLANE('',#769);
#769 = AXIS2_PLACEMENT_3D('',#770,#771,#772);
#770 = CARTESIAN_POINT('',(31.,-69.5,114.));
#771 = DIRECTION('',(0.999592086461,-0.,2.855977389888E-02));
#772 = DIRECTION('',(-2.855977389888E-02,0.,0.999592086461));
#773 = ADVANCED_FACE('',(#774),#792,.T.);
#774 = FACE_BOUND('',#775,.T.);
#775 = EDGE_LOOP('',(#776,#777,#778,#786));
#776 = ORIENTED_EDGE('',*,*,#729,.F.);
#777 = ORIENTED_EDGE('',*,*,#242,.T.);
#778 = ORIENTED_EDGE('',*,*,#779,.T.);
#779 = EDGE_CURVE('',#243,#780,#782,.T.);
#780 = VERTEX_POINT('',#781);
#781 = CARTESIAN_POINT('',(-50.60262809739,-52.5,114.));
#782 = LINE('',#783,#784);
#783 = CARTESIAN_POINT('',(-50.60262809739,-71.5,114.));
#784 = VECTOR('',#785,1.);
#785 = DIRECTION('',(0.,1.,0.));
#786 = ORIENTED_EDGE('',*,*,#787,.F.);
#787 = EDGE_CURVE('',#730,#780,#788,.T.);
#788 = LINE('',#789,#790);
#789 = CARTESIAN_POINT('',(-76.,-52.5,114.));
#790 = VECTOR('',#791,1.);
#791 = DIRECTION('',(1.,0.,-0.));
#792 = PLANE('',#793);
#793 = AXIS2_PLACEMENT_3D('',#794,#795,#796);
#794 = CARTESIAN_POINT('',(-7.203448275862,-56.20344827586,114.));
#795 = DIRECTION('',(0.,0.,1.));
#796 = DIRECTION('',(1.,0.,-0.));
#797 = ADVANCED_FACE('',(#798),#817,.F.);
#798 = FACE_BOUND('',#799,.T.);
#799 = EDGE_LOOP('',(#800,#809,#815,#816));
#800 = ORIENTED_EDGE('',*,*,#801,.T.);
#801 = EDGE_CURVE('',#754,#802,#804,.T.);
#802 = VERTEX_POINT('',#803);
#803 = CARTESIAN_POINT('',(28.618292313747,-69.5,205.02746327977));
#804 = CIRCLE('',#805,3.);
#805 = AXIS2_PLACEMENT_3D('',#806,#807,#808);
#806 = CARTESIAN_POINT('',(31.366036160809,-69.5,206.23158277173));
#807 = DIRECTION('',(-0.,-1.,0.));
#808 = DIRECTION('',(0.,-0.,1.));
#809 = ORIENTED_EDGE('',*,*,#810,.T.);
#810 = EDGE_CURVE('',#802,#338,#811,.T.);
#811 = LINE('',#812,#813);
#812 = CARTESIAN_POINT('',(28.618292313747,-69.5,205.02746327977));
#813 = VECTOR('',#814,1.);
#814 = DIRECTION('',(0.,1.,0.));
#815 = ORIENTED_EDGE('',*,*,#346,.F.);
#816 = ORIENTED_EDGE('',*,*,#761,.F.);
#817 = CYLINDRICAL_SURFACE('',#818,3.);
#818 = AXIS2_PLACEMENT_3D('',#819,#820,#821);
#819 = CARTESIAN_POINT('',(31.366036160809,-69.5,206.23158277173));
#820 = DIRECTION('',(0.,1.,0.));
#821 = DIRECTION('',(-0.999592086461,0.,-2.855977389888E-02));
#822 = ADVANCED_FACE('',(#823,#859),#903,.F.);
#823 = FACE_BOUND('',#824,.F.);
#824 = EDGE_LOOP('',(#825,#836,#842,#843,#844,#853));
#825 = ORIENTED_EDGE('',*,*,#826,.T.);
#826 = EDGE_CURVE('',#827,#829,#831,.T.);
#827 = VERTEX_POINT('',#828);
#828 = CARTESIAN_POINT('',(-42.7,-69.5,110.77703343773));
#829 = VERTEX_POINT('',#830);
#830 = CARTESIAN_POINT('',(-42.7,-69.5,133.37703343773));
#831 = CIRCLE('',#832,11.3);
#832 = AXIS2_PLACEMENT_3D('',#833,#834,#835);
#833 = CARTESIAN_POINT('',(-42.7,-69.5,122.07703343773));
#834 = DIRECTION('',(0.,1.,0.));
#835 = DIRECTION('',(0.,-0.,1.));
#836 = ORIENTED_EDGE('',*,*,#837,.T.);
#837 = EDGE_CURVE('',#829,#251,#838,.T.);
#838 = LINE('',#839,#840);
#839 = CARTESIAN_POINT('',(-42.7,-71.5,133.37703343773));
#840 = VECTOR('',#841,1.);
#841 = DIRECTION('',(-0.,1.,0.));
#842 = ORIENTED_EDGE('',*,*,#250,.F.);
#843 = ORIENTED_EDGE('',*,*,#779,.T.);
#844 = ORIENTED_EDGE('',*,*,#845,.F.);
#845 = EDGE_CURVE('',#846,#780,#848,.T.);
#846 = VERTEX_POINT('',#847);
#847 = CARTESIAN_POINT('',(-42.7,-52.5,110.77703343773));
#848 = CIRCLE('',#849,11.3);
#849 = AXIS2_PLACEMENT_3D('',#850,#851,#852);
#850 = CARTESIAN_POINT('',(-42.7,-52.5,122.07703343773));
#851 = DIRECTION('',(0.,1.,0.));
#852 = DIRECTION('',(0.,-0.,1.));
#853 = ORIENTED_EDGE('',*,*,#854,.F.);
#854 = EDGE_CURVE('',#827,#846,#855,.T.);
#855 = LINE('',#856,#857);
#856 = CARTESIAN_POINT('',(-42.7,-71.5,110.77703343773));
#857 = VECTOR('',#858,1.);
#858 = DIRECTION('',(-0.,1.,0.));
#859 = FACE_BOUND('',#860,.F.);
#860 = EDGE_LOOP('',(#861,#871,#888));
#861 = ORIENTED_EDGE('',*,*,#862,.F.);
#862 = EDGE_CURVE('',#863,#865,#867,.T.);
#863 = VERTEX_POINT('',#864);
#864 = CARTESIAN_POINT('',(-50.60262809739,-62.5534950241,114.));
#865 = VERTEX_POINT('',#866);
#866 = CARTESIAN_POINT('',(-50.60262809739,-60.44650497589,114.));
#867 = LINE('',#868,#869);
#868 = CARTESIAN_POINT('',(-50.60262809739,-71.5,114.));
#869 = VECTOR('',#870,1.);
#870 = DIRECTION('',(0.,1.,0.));
#871 = ORIENTED_EDGE('',*,*,#872,.T.);
#872 = EDGE_CURVE('',#863,#873,#875,.T.);
#873 = VERTEX_POINT('',#874);
#874 = CARTESIAN_POINT('',(-50.25,-61.5,113.66944757733));
#875 = B_SPLINE_CURVE_WITH_KNOTS('',6,(#876,#877,#878,#879,#880,#881,
    #882,#883,#884,#885,#886,#887),.UNSPECIFIED.,.F.,.F.,(7,5,7),(0.,
    0.205006879143,1.),.UNSPECIFIED.);
#876 = CARTESIAN_POINT('',(-50.60262871063,-62.55349583751,114.0000006)
  );
#877 = CARTESIAN_POINT('',(-50.58041998281,-62.52403787714,
    113.97827141632));
#878 = CARTESIAN_POINT('',(-50.55882367418,-62.4938420967,
    113.95728493334));
#879 = CARTESIAN_POINT('',(-50.53788123819,-62.46292837331,
    113.93706490539));
#880 = CARTESIAN_POINT('',(-50.51763263223,-62.43132006716,
    113.91763345265));
#881 = CARTESIAN_POINT('',(-50.49811631765,-62.39904402152,
    113.89901106114));
#882 = CARTESIAN_POINT('',(-50.40667032322,-62.23849595154,
    113.8122116401));
#883 = CARTESIAN_POINT('',(-50.34559166089,-62.10137082518,
    113.75570705729));
#884 = CARTESIAN_POINT('',(-50.29818236516,-61.9564427098,113.7127136849
    ));
#885 = CARTESIAN_POINT('',(-50.26604300612,-61.80605346804,
    113.68385459209));
#886 = CARTESIAN_POINT('',(-50.25,-61.65295612693,113.66944757733));
#887 = CARTESIAN_POINT('',(-50.25,-61.5,113.66944757733));
#888 = ORIENTED_EDGE('',*,*,#889,.T.);
#889 = EDGE_CURVE('',#873,#865,#890,.T.);
#890 = B_SPLINE_CURVE_WITH_KNOTS('',6,(#891,#892,#893,#894,#895,#896,
    #897,#898,#899,#900,#901,#902),.UNSPECIFIED.,.F.,.F.,(7,5,7),(0.,
    0.798396786503,1.),.UNSPECIFIED.);
#891 = CARTESIAN_POINT('',(-50.25,-61.5,113.66944757733));
#892 = CARTESIAN_POINT('',(-50.25,-61.34638974749,113.66944757733));
#893 = CARTESIAN_POINT('',(-50.2661805244,-61.19263561876,
    113.68397809748));
#894 = CARTESIAN_POINT('',(-50.29859614174,-61.04162495874,
    113.7130852022));
#895 = CARTESIAN_POINT('',(-50.34640571307,-60.89614657718,
    113.7564453359));
#896 = CARTESIAN_POINT('',(-50.40798088673,-60.75856921005,
    113.81342422678));
#897 = CARTESIAN_POINT('',(-50.49973810189,-60.59827903786,
    113.90055887198));
#898 = CARTESIAN_POINT('',(-50.51897822038,-60.56658239004,
    113.91892494233));
#899 = CARTESIAN_POINT('',(-50.53892467001,-60.53553278471,
    113.93807245192));
#900 = CARTESIAN_POINT('',(-50.55954081849,-60.50515564329,
    113.95798186413));
#901 = CARTESIAN_POINT('',(-50.58078863908,-60.47547313213,
    113.97863211234));
#902 = CARTESIAN_POINT('',(-50.60262871063,-60.44650416248,114.0000006)
  );
#903 = CYLINDRICAL_SURFACE('',#904,11.3);
#904 = AXIS2_PLACEMENT_3D('',#905,#906,#907);
#905 = CARTESIAN_POINT('',(-42.7,-71.5,122.07703343773));
#906 = DIRECTION('',(0.,1.,0.));
#907 = DIRECTION('',(0.,-0.,1.));
#908 = ADVANCED_FACE('',(#909),#947,.T.);
#909 = FACE_BOUND('',#910,.T.);
#910 = EDGE_LOOP('',(#911,#920,#926,#927,#928,#936,#943,#944,#945,#946)
  );
#911 = ORIENTED_EDGE('',*,*,#912,.T.);
#912 = EDGE_CURVE('',#802,#913,#915,.T.);
#913 = VERTEX_POINT('',#914);
#914 = CARTESIAN_POINT('',(29.046747325947,-69.5,190.03153785279));
#915 = CIRCLE('',#916,20.);
#916 = AXIS2_PLACEMENT_3D('',#917,#918,#919);
#917 = CARTESIAN_POINT('',(10.3,-69.5,197.));
#918 = DIRECTION('',(0.,1.,0.));
#919 = DIRECTION('',(0.,-0.,1.));
#920 = ORIENTED_EDGE('',*,*,#921,.T.);
#921 = EDGE_CURVE('',#913,#302,#922,.T.);
#922 = LINE('',#923,#924);
#923 = CARTESIAN_POINT('',(29.046747325947,-69.5,190.03153785279));
#924 = VECTOR('',#925,1.);
#925 = DIRECTION('',(0.,1.,0.));
#926 = ORIENTED_EDGE('',*,*,#310,.F.);
#927 = ORIENTED_EDGE('',*,*,#319,.T.);
#928 = ORIENTED_EDGE('',*,*,#929,.T.);
#929 = EDGE_CURVE('',#320,#930,#932,.T.);
#930 = VERTEX_POINT('',#931);
#931 = CARTESIAN_POINT('',(10.3,-53.5,217.));
#932 = LINE('',#933,#934);
#933 = CARTESIAN_POINT('',(10.3,-69.5,217.));
#934 = VECTOR('',#935,1.);
#935 = DIRECTION('',(0.,1.,0.));
#936 = ORIENTED_EDGE('',*,*,#937,.F.);
#937 = EDGE_CURVE('',#930,#930,#938,.T.);
#938 = CIRCLE('',#939,20.);
#939 = AXIS2_PLACEMENT_3D('',#940,#941,#942);
#940 = CARTESIAN_POINT('',(10.3,-53.5,197.));
#941 = DIRECTION('',(0.,1.,0.));
#942 = DIRECTION('',(0.,-0.,1.));
#943 = ORIENTED_EDGE('',*,*,#929,.F.);
#944 = ORIENTED_EDGE('',*,*,#328,.T.);
#945 = ORIENTED_EDGE('',*,*,#337,.T.);
#946 = ORIENTED_EDGE('',*,*,#810,.F.);
#947 = CYLINDRICAL_SURFACE('',#948,20.);
#948 = AXIS2_PLACEMENT_3D('',#949,#950,#951);
#949 = CARTESIAN_POINT('',(10.3,-69.5,197.));
#950 = DIRECTION('',(0.,1.,0.));
#951 = DIRECTION('',(0.,-0.,1.));
#952 = ADVANCED_FACE('',(#953),#971,.F.);
#953 = FACE_BOUND('',#954,.F.);
#954 = EDGE_LOOP('',(#955,#956,#964,#970));
#955 = ORIENTED_EDGE('',*,*,#837,.F.);
#956 = ORIENTED_EDGE('',*,*,#957,.F.);
#957 = EDGE_CURVE('',#958,#829,#960,.T.);
#958 = VERTEX_POINT('',#959);
#959 = CARTESIAN_POINT('',(-28.7,-69.5,133.37703343773));
#960 = LINE('',#961,#962);
#961 = CARTESIAN_POINT('',(-26.85657807805,-69.5,133.37703343773));
#962 = VECTOR('',#963,1.);
#963 = DIRECTION('',(-1.,0.,0.));
#964 = ORIENTED_EDGE('',*,*,#965,.T.);
#965 = EDGE_CURVE('',#958,#260,#966,.T.);
#966 = LINE('',#967,#968);
#967 = CARTESIAN_POINT('',(-28.7,-71.5,133.37703343773));
#968 = VECTOR('',#969,1.);
#969 = DIRECTION('',(-0.,1.,0.));
#970 = ORIENTED_EDGE('',*,*,#259,.T.);
#971 = PLANE('',#972);
#972 = AXIS2_PLACEMENT_3D('',#973,#974,#975);
#973 = CARTESIAN_POINT('',(-42.7,-71.5,133.37703343773));
#974 = DIRECTION('',(0.,0.,1.));
#975 = DIRECTION('',(1.,0.,-0.));
#976 = ADVANCED_FACE('',(#977),#1013,.F.);
#977 = FACE_BOUND('',#978,.F.);
#978 = EDGE_LOOP('',(#979,#980,#981,#990,#998,#1007));
#979 = ORIENTED_EDGE('',*,*,#267,.F.);
#980 = ORIENTED_EDGE('',*,*,#965,.F.);
#981 = ORIENTED_EDGE('',*,*,#982,.T.);
#982 = EDGE_CURVE('',#958,#983,#985,.T.);
#983 = VERTEX_POINT('',#984);
#984 = CARTESIAN_POINT('',(-28.7,-69.5,110.77703343773));
#985 = CIRCLE('',#986,11.3);
#986 = AXIS2_PLACEMENT_3D('',#987,#988,#989);
#987 = CARTESIAN_POINT('',(-28.7,-69.5,122.07703343773));
#988 = DIRECTION('',(0.,1.,0.));
#989 = DIRECTION('',(0.,-0.,1.));
#990 = ORIENTED_EDGE('',*,*,#991,.T.);
#991 = EDGE_CURVE('',#983,#992,#994,.T.);
#992 = VERTEX_POINT('',#993);
#993 = CARTESIAN_POINT('',(-28.7,-52.5,110.77703343773));
#994 = LINE('',#995,#996);
#995 = CARTESIAN_POINT('',(-28.7,-71.5,110.77703343773));
#996 = VECTOR('',#997,1.);
#997 = DIRECTION('',(-0.,1.,0.));
#998 = ORIENTED_EDGE('',*,*,#999,.F.);
#999 = EDGE_CURVE('',#1000,#992,#1002,.T.);
#1000 = VERTEX_POINT('',#1001);
#1001 = CARTESIAN_POINT('',(-20.7973719026,-52.5,114.));
#1002 = CIRCLE('',#1003,11.3);
#1003 = AXIS2_PLACEMENT_3D('',#1004,#1005,#1006);
#1004 = CARTESIAN_POINT('',(-28.7,-52.5,122.07703343773));
#1005 = DIRECTION('',(0.,1.,0.));
#1006 = DIRECTION('',(0.,-0.,1.));
#1007 = ORIENTED_EDGE('',*,*,#1008,.F.);
#1008 = EDGE_CURVE('',#268,#1000,#1009,.T.);
#1009 = LINE('',#1010,#1011);
#1010 = CARTESIAN_POINT('',(-20.7973719026,-71.5,114.));
#1011 = VECTOR('',#1012,1.);
#1012 = DIRECTION('',(0.,1.,0.));
#1013 = CYLINDRICAL_SURFACE('',#1014,11.3);
#1014 = AXIS2_PLACEMENT_3D('',#1015,#1016,#1017);
#1015 = CARTESIAN_POINT('',(-28.7,-71.5,122.07703343773));
#1016 = DIRECTION('',(0.,1.,0.));
#1017 = DIRECTION('',(0.,-0.,1.));
#1018 = ADVANCED_FACE('',(#1019),#1079,.T.);
#1019 = FACE_BOUND('',#1020,.T.);
#1020 = EDGE_LOOP('',(#1021,#1022,#1023,#1031,#1040,#1049,#1057,#1065,
    #1073));
#1021 = ORIENTED_EDGE('',*,*,#1008,.F.);
#1022 = ORIENTED_EDGE('',*,*,#276,.T.);
#1023 = ORIENTED_EDGE('',*,*,#1024,.F.);
#1024 = EDGE_CURVE('',#1025,#277,#1027,.T.);
#1025 = VERTEX_POINT('',#1026);
#1026 = CARTESIAN_POINT('',(33.915509954288,-59.75204078074,114.));
#1027 = LINE('',#1028,#1029);
#1028 = CARTESIAN_POINT('',(33.915509954288,-69.5,114.));
#1029 = VECTOR('',#1030,1.);
#1030 = DIRECTION('',(0.,1.,0.));
#1031 = ORIENTED_EDGE('',*,*,#1032,.F.);
#1032 = EDGE_CURVE('',#1033,#1025,#1035,.T.);
#1033 = VERTEX_POINT('',#1034);
#1034 = CARTESIAN_POINT('',(35.75,-61.5,114.));
#1035 = CIRCLE('',#1036,1.75);
#1036 = AXIS2_PLACEMENT_3D('',#1037,#1038,#1039);
#1037 = CARTESIAN_POINT('',(34.,-61.5,114.));
#1038 = DIRECTION('',(0.,0.,1.));
#1039 = DIRECTION('',(1.,0.,-0.));
#1040 = ORIENTED_EDGE('',*,*,#1041,.F.);
#1041 = EDGE_CURVE('',#1042,#1033,#1044,.T.);
#1042 = VERTEX_POINT('',#1043);
#1043 = CARTESIAN_POINT('',(33.915509954288,-63.24795921925,114.));
#1044 = CIRCLE('',#1045,1.75);
#1045 = AXIS2_PLACEMENT_3D('',#1046,#1047,#1048);
#1046 = CARTESIAN_POINT('',(34.,-61.5,114.));
#1047 = DIRECTION('',(0.,0.,1.));
#1048 = DIRECTION('',(1.,0.,-0.));
#1049 = ORIENTED_EDGE('',*,*,#1050,.F.);
#1050 = EDGE_CURVE('',#1051,#1042,#1053,.T.);
#1051 = VERTEX_POINT('',#1052);
#1052 = CARTESIAN_POINT('',(33.915509954288,-69.5,114.));
#1053 = LINE('',#1054,#1055);
#1054 = CARTESIAN_POINT('',(33.915509954288,-69.5,114.));
#1055 = VECTOR('',#1056,1.);
#1056 = DIRECTION('',(0.,1.,0.));
#1057 = ORIENTED_EDGE('',*,*,#1058,.T.);
#1058 = EDGE_CURVE('',#1051,#1059,#1061,.T.);
#1059 = VERTEX_POINT('',#1060);
#1060 = CARTESIAN_POINT('',(49.,-69.5,114.));
#1061 = LINE('',#1062,#1063);
#1062 = CARTESIAN_POINT('',(-76.,-69.5,114.));
#1063 = VECTOR('',#1064,1.);
#1064 = DIRECTION('',(1.,0.,-0.));
#1065 = ORIENTED_EDGE('',*,*,#1066,.T.);
#1066 = EDGE_CURVE('',#1059,#1067,#1069,.T.);
#1067 = VERTEX_POINT('',#1068);
#1068 = CARTESIAN_POINT('',(49.,-52.5,114.));
#1069 = LINE('',#1070,#1071);
#1070 = CARTESIAN_POINT('',(49.,-69.5,114.));
#1071 = VECTOR('',#1072,1.);
#1072 = DIRECTION('',(-0.,1.,0.));
#1073 = ORIENTED_EDGE('',*,*,#1074,.F.);
#1074 = EDGE_CURVE('',#1000,#1067,#1075,.T.);
#1075 = LINE('',#1076,#1077);
#1076 = CARTESIAN_POINT('',(-76.,-52.5,114.));
#1077 = VECTOR('',#1078,1.);
#1078 = DIRECTION('',(1.,0.,-0.));
#1079 = PLANE('',#1080);
#1080 = AXIS2_PLACEMENT_3D('',#1081,#1082,#1083);
#1081 = CARTESIAN_POINT('',(-7.203448275862,-56.20344827586,114.));
#1082 = DIRECTION('',(0.,0.,1.));
#1083 = DIRECTION('',(1.,0.,-0.));
#1084 = ADVANCED_FACE('',(#1085),#1138,.F.);
#1085 = FACE_BOUND('',#1086,.F.);
#1086 = EDGE_LOOP('',(#1087,#1097,#1104,#1105,#1106,#1114,#1123,#1131));
#1087 = ORIENTED_EDGE('',*,*,#1088,.F.);
#1088 = EDGE_CURVE('',#1089,#1091,#1093,.T.);
#1089 = VERTEX_POINT('',#1090);
#1090 = CARTESIAN_POINT('',(28.859983165457,-69.5,188.90058920901));
#1091 = VERTEX_POINT('',#1092);
#1092 = CARTESIAN_POINT('',(28.859983165457,-63.9,188.90058920901));
#1093 = LINE('',#1094,#1095);
#1094 = CARTESIAN_POINT('',(28.859983165457,-69.5,188.90058920901));
#1095 = VECTOR('',#1096,1.);
#1096 = DIRECTION('',(0.,1.,0.));
#1097 = ORIENTED_EDGE('',*,*,#1098,.T.);
#1098 = EDGE_CURVE('',#1089,#913,#1099,.T.);
#1099 = CIRCLE('',#1100,3.);
#1100 = AXIS2_PLACEMENT_3D('',#1101,#1102,#1103);
#1101 = CARTESIAN_POINT('',(31.858759424839,-69.5,188.9862685307));
#1102 = DIRECTION('',(0.,1.,0.));
#1103 = DIRECTION('',(0.,-0.,1.));
#1104 = ORIENTED_EDGE('',*,*,#921,.T.);
#1105 = ORIENTED_EDGE('',*,*,#301,.F.);
#1106 = ORIENTED_EDGE('',*,*,#1107,.F.);
#1107 = EDGE_CURVE('',#1108,#294,#1110,.T.);
#1108 = VERTEX_POINT('',#1109);
#1109 = CARTESIAN_POINT('',(28.859983165457,-61.1,188.90058920901));
#1110 = LINE('',#1111,#1112);
#1111 = CARTESIAN_POINT('',(28.859983165457,-69.5,188.90058920901));
#1112 = VECTOR('',#1113,1.);
#1113 = DIRECTION('',(0.,1.,0.));
#1114 = ORIENTED_EDGE('',*,*,#1115,.T.);
#1115 = EDGE_CURVE('',#1108,#1116,#1118,.T.);
#1116 = VERTEX_POINT('',#1117);
#1117 = CARTESIAN_POINT('',(28.932811063914,-61.1,189.6487081047));
#1118 = CIRCLE('',#1119,3.);
#1119 = AXIS2_PLACEMENT_3D('',#1120,#1121,#1122);
#1120 = CARTESIAN_POINT('',(31.858759424839,-61.1,188.9862685307));
#1121 = DIRECTION('',(0.,1.,0.));
#1122 = DIRECTION('',(-0.999592086461,0.,-2.855977389888E-02));
#1123 = ORIENTED_EDGE('',*,*,#1124,.F.);
#1124 = EDGE_CURVE('',#1125,#1116,#1127,.T.);
#1125 = VERTEX_POINT('',#1126);
#1126 = CARTESIAN_POINT('',(28.932811063914,-63.9,189.6487081047));
#1127 = LINE('',#1128,#1129);
#1128 = CARTESIAN_POINT('',(28.932811063914,-69.5,189.6487081047));
#1129 = VECTOR('',#1130,1.);
#1130 = DIRECTION('',(0.,1.,0.));
#1131 = ORIENTED_EDGE('',*,*,#1132,.F.);
#1132 = EDGE_CURVE('',#1091,#1125,#1133,.T.);
#1133 = CIRCLE('',#1134,3.);
#1134 = AXIS2_PLACEMENT_3D('',#1135,#1136,#1137);
#1135 = CARTESIAN_POINT('',(31.858759424839,-63.9,188.9862685307));
#1136 = DIRECTION('',(0.,1.,0.));
#1137 = DIRECTION('',(-0.999592086461,0.,-2.855977389888E-02));
#1138 = CYLINDRICAL_SURFACE('',#1139,3.);
#1139 = AXIS2_PLACEMENT_3D('',#1140,#1141,#1142);
#1140 = CARTESIAN_POINT('',(31.858759424839,-69.5,188.9862685307));
#1141 = DIRECTION('',(0.,1.,0.));
#1142 = DIRECTION('',(-0.999592086461,0.,-2.855977389888E-02));
#1143 = ADVANCED_FACE('',(#1144),#1170,.F.);
#1144 = FACE_BOUND('',#1145,.T.);
#1145 = EDGE_LOOP('',(#1146,#1155,#1156,#1162,#1163,#1164));
#1146 = ORIENTED_EDGE('',*,*,#1147,.T.);
#1147 = EDGE_CURVE('',#1148,#1051,#1150,.T.);
#1148 = VERTEX_POINT('',#1149);
#1149 = CARTESIAN_POINT('',(30.916733694906,-69.5,116.9143206783));
#1150 = CIRCLE('',#1151,3.);
#1151 = AXIS2_PLACEMENT_3D('',#1152,#1153,#1154);
#1152 = CARTESIAN_POINT('',(33.915509954288,-69.5,117.));
#1153 = DIRECTION('',(-0.,-1.,0.));
#1154 = DIRECTION('',(0.,-0.,1.));
#1155 = ORIENTED_EDGE('',*,*,#1050,.T.);
#1156 = ORIENTED_EDGE('',*,*,#1157,.T.);
#1157 = EDGE_CURVE('',#1042,#1025,#1158,.T.);
#1158 = LINE('',#1159,#1160);
#1159 = CARTESIAN_POINT('',(33.915509954288,-69.5,114.));
#1160 = VECTOR('',#1161,1.);
#1161 = DIRECTION('',(0.,1.,0.));
#1162 = ORIENTED_EDGE('',*,*,#1024,.T.);
#1163 = ORIENTED_EDGE('',*,*,#284,.F.);
#1164 = ORIENTED_EDGE('',*,*,#1165,.F.);
#1165 = EDGE_CURVE('',#1148,#285,#1166,.T.);
#1166 = LINE('',#1167,#1168);
#1167 = CARTESIAN_POINT('',(30.916733694906,-69.5,116.9143206783));
#1168 = VECTOR('',#1169,1.);
#1169 = DIRECTION('',(0.,1.,0.));
#1170 = CYLINDRICAL_SURFACE('',#1171,3.);
#1171 = AXIS2_PLACEMENT_3D('',#1172,#1173,#1174);
#1172 = CARTESIAN_POINT('',(33.915509954288,-69.5,117.));
#1173 = DIRECTION('',(0.,1.,0.));
#1174 = DIRECTION('',(-0.999592086461,0.,-2.855977389888E-02));
#1175 = ADVANCED_FACE('',(#1176),#1210,.T.);
#1176 = FACE_BOUND('',#1177,.T.);
#1177 = EDGE_LOOP('',(#1178,#1184,#1185,#1186,#1187,#1195,#1203,#1209));
#1178 = ORIENTED_EDGE('',*,*,#1179,.F.);
#1179 = EDGE_CURVE('',#1148,#1089,#1180,.T.);
#1180 = LINE('',#1181,#1182);
#1181 = CARTESIAN_POINT('',(31.,-69.5,114.));
#1182 = VECTOR('',#1183,1.);
#1183 = DIRECTION('',(-2.855977389888E-02,0.,0.999592086461));
#1184 = ORIENTED_EDGE('',*,*,#1165,.T.);
#1185 = ORIENTED_EDGE('',*,*,#293,.T.);
#1186 = ORIENTED_EDGE('',*,*,#1107,.F.);
#1187 = ORIENTED_EDGE('',*,*,#1188,.T.);
#1188 = EDGE_CURVE('',#1108,#1189,#1191,.T.);
#1189 = VERTEX_POINT('',#1190);
#1190 = CARTESIAN_POINT('',(29.034942592493,-61.1,182.77700926275));
#1191 = LINE('',#1192,#1193);
#1192 = CARTESIAN_POINT('',(29.940049124466,-61.1,151.0982806437));
#1193 = VECTOR('',#1194,1.);
#1194 = DIRECTION('',(2.855977389888E-02,-2.181642947598E-16,
    -0.999592086461));
#1195 = ORIENTED_EDGE('',*,*,#1196,.T.);
#1196 = EDGE_CURVE('',#1189,#1197,#1199,.T.);
#1197 = VERTEX_POINT('',#1198);
#1198 = CARTESIAN_POINT('',(29.034942592493,-63.9,182.77700926275));
#1199 = LINE('',#1200,#1201);
#1200 = CARTESIAN_POINT('',(29.034942592493,-65.3,182.77700926275));
#1201 = VECTOR('',#1202,1.);
#1202 = DIRECTION('',(-7.448439526189E-18,-1.,2.606953834166E-16));
#1203 = ORIENTED_EDGE('',*,*,#1204,.F.);
#1204 = EDGE_CURVE('',#1091,#1197,#1205,.T.);
#1205 = LINE('',#1206,#1207);
#1206 = CARTESIAN_POINT('',(29.940049124466,-63.9,151.0982806437));
#1207 = VECTOR('',#1208,1.);
#1208 = DIRECTION('',(2.855977389888E-02,-2.181642947598E-16,
    -0.999592086461));
#1209 = ORIENTED_EDGE('',*,*,#1088,.F.);
#1210 = PLANE('',#1211);
#1211 = AXIS2_PLACEMENT_3D('',#1212,#1213,#1214);
#1212 = CARTESIAN_POINT('',(31.,-69.5,114.));
#1213 = DIRECTION('',(0.999592086461,-0.,2.855977389888E-02));
#1214 = DIRECTION('',(-2.855977389888E-02,0.,0.999592086461));
#1215 = ADVANCED_FACE('',(#1216),#1241,.F.);
#1216 = FACE_BOUND('',#1217,.F.);
#1217 = EDGE_LOOP('',(#1218,#1226,#1234,#1240));
#1218 = ORIENTED_EDGE('',*,*,#1219,.F.);
#1219 = EDGE_CURVE('',#1220,#398,#1222,.T.);
#1220 = VERTEX_POINT('',#1221);
#1221 = CARTESIAN_POINT('',(-58.2,-60.9,140.67703343773));
#1222 = LINE('',#1223,#1224);
#1223 = CARTESIAN_POINT('',(-58.2,-60.9,140.67703343773));
#1224 = VECTOR('',#1225,1.);
#1225 = DIRECTION('',(-0.,1.,0.));
#1226 = ORIENTED_EDGE('',*,*,#1227,.T.);
#1227 = EDGE_CURVE('',#1220,#1228,#1230,.T.);
#1228 = VERTEX_POINT('',#1229);
#1229 = CARTESIAN_POINT('',(-44.2,-60.9,140.67703343773));
#1230 = LINE('',#1231,#1232);
#1231 = CARTESIAN_POINT('',(-58.2,-60.9,140.67703343773));
#1232 = VECTOR('',#1233,1.);
#1233 = DIRECTION('',(1.,0.,-0.));
#1234 = ORIENTED_EDGE('',*,*,#1235,.T.);
#1235 = EDGE_CURVE('',#1228,#400,#1236,.T.);
#1236 = LINE('',#1237,#1238);
#1237 = CARTESIAN_POINT('',(-44.2,-60.9,140.67703343773));
#1238 = VECTOR('',#1239,1.);
#1239 = DIRECTION('',(-0.,1.,0.));
#1240 = ORIENTED_EDGE('',*,*,#397,.F.);
#1241 = PLANE('',#1242);
#1242 = AXIS2_PLACEMENT_3D('',#1243,#1244,#1245);
#1243 = CARTESIAN_POINT('',(-58.2,-60.9,140.67703343773));
#1244 = DIRECTION('',(0.,0.,1.));
#1245 = DIRECTION('',(1.,0.,-0.));
#1246 = ADVANCED_FACE('',(#1247),#1266,.F.);
#1247 = FACE_BOUND('',#1248,.F.);
#1248 = EDGE_LOOP('',(#1249,#1250,#1251,#1259));
#1249 = ORIENTED_EDGE('',*,*,#1219,.T.);
#1250 = ORIENTED_EDGE('',*,*,#424,.F.);
#1251 = ORIENTED_EDGE('',*,*,#1252,.F.);
#1252 = EDGE_CURVE('',#1253,#417,#1255,.T.);
#1253 = VERTEX_POINT('',#1254);
#1254 = CARTESIAN_POINT('',(-58.2,-60.9,134.47703343773));
#1255 = LINE('',#1256,#1257);
#1256 = CARTESIAN_POINT('',(-58.2,-60.9,134.47703343773));
#1257 = VECTOR('',#1258,1.);
#1258 = DIRECTION('',(-0.,1.,0.));
#1259 = ORIENTED_EDGE('',*,*,#1260,.T.);
#1260 = EDGE_CURVE('',#1253,#1220,#1261,.T.);
#1261 = CIRCLE('',#1262,3.1);
#1262 = AXIS2_PLACEMENT_3D('',#1263,#1264,#1265);
#1263 = CARTESIAN_POINT('',(-58.2,-60.9,137.57703343773));
#1264 = DIRECTION('',(0.,1.,0.));
#1265 = DIRECTION('',(0.,-0.,1.));
#1266 = CYLINDRICAL_SURFACE('',#1267,3.1);
#1267 = AXIS2_PLACEMENT_3D('',#1268,#1269,#1270);
#1268 = CARTESIAN_POINT('',(-58.2,-60.9,137.57703343773));
#1269 = DIRECTION('',(0.,1.,0.));
#1270 = DIRECTION('',(0.,-0.,1.));
#1271 = ADVANCED_FACE('',(#1272),#1291,.F.);
#1272 = FACE_BOUND('',#1273,.F.);
#1273 = EDGE_LOOP('',(#1274,#1275,#1276,#1285));
#1274 = ORIENTED_EDGE('',*,*,#407,.F.);
#1275 = ORIENTED_EDGE('',*,*,#1235,.F.);
#1276 = ORIENTED_EDGE('',*,*,#1277,.T.);
#1277 = EDGE_CURVE('',#1228,#1278,#1280,.T.);
#1278 = VERTEX_POINT('',#1279);
#1279 = CARTESIAN_POINT('',(-44.2,-60.9,134.47703343773));
#1280 = CIRCLE('',#1281,3.1);
#1281 = AXIS2_PLACEMENT_3D('',#1282,#1283,#1284);
#1282 = CARTESIAN_POINT('',(-44.2,-60.9,137.57703343773));
#1283 = DIRECTION('',(0.,1.,0.));
#1284 = DIRECTION('',(0.,-0.,1.));
#1285 = ORIENTED_EDGE('',*,*,#1286,.T.);
#1286 = EDGE_CURVE('',#1278,#408,#1287,.T.);
#1287 = LINE('',#1288,#1289);
#1288 = CARTESIAN_POINT('',(-44.2,-60.9,134.47703343773));
#1289 = VECTOR('',#1290,1.);
#1290 = DIRECTION('',(-0.,1.,0.));
#1291 = CYLINDRICAL_SURFACE('',#1292,3.1);
#1292 = AXIS2_PLACEMENT_3D('',#1293,#1294,#1295);
#1293 = CARTESIAN_POINT('',(-44.2,-60.9,137.57703343773));
#1294 = DIRECTION('',(0.,1.,0.));
#1295 = DIRECTION('',(0.,-0.,1.));
#1296 = ADVANCED_FACE('',(#1297),#1308,.T.);
#1297 = FACE_BOUND('',#1298,.T.);
#1298 = EDGE_LOOP('',(#1299,#1300,#1306,#1307));
#1299 = ORIENTED_EDGE('',*,*,#1252,.F.);
#1300 = ORIENTED_EDGE('',*,*,#1301,.T.);
#1301 = EDGE_CURVE('',#1253,#1278,#1302,.T.);
#1302 = LINE('',#1303,#1304);
#1303 = CARTESIAN_POINT('',(-58.2,-60.9,134.47703343773));
#1304 = VECTOR('',#1305,1.);
#1305 = DIRECTION('',(1.,0.,-0.));
#1306 = ORIENTED_EDGE('',*,*,#1286,.T.);
#1307 = ORIENTED_EDGE('',*,*,#416,.F.);
#1308 = PLANE('',#1309);
#1309 = AXIS2_PLACEMENT_3D('',#1310,#1311,#1312);
#1310 = CARTESIAN_POINT('',(-58.2,-60.9,134.47703343773));
#1311 = DIRECTION('',(0.,0.,1.));
#1312 = DIRECTION('',(1.,0.,-0.));
#1313 = ADVANCED_FACE('',(#1314),#1339,.F.);
#1314 = FACE_BOUND('',#1315,.F.);
#1315 = EDGE_LOOP('',(#1316,#1324,#1332,#1338));
#1316 = ORIENTED_EDGE('',*,*,#1317,.F.);
#1317 = EDGE_CURVE('',#1318,#434,#1320,.T.);
#1318 = VERTEX_POINT('',#1319);
#1319 = CARTESIAN_POINT('',(-27.2,-60.9,140.67703343773));
#1320 = LINE('',#1321,#1322);
#1321 = CARTESIAN_POINT('',(-27.2,-60.9,140.67703343773));
#1322 = VECTOR('',#1323,1.);
#1323 = DIRECTION('',(-0.,1.,0.));
#1324 = ORIENTED_EDGE('',*,*,#1325,.T.);
#1325 = EDGE_CURVE('',#1318,#1326,#1328,.T.);
#1326 = VERTEX_POINT('',#1327);
#1327 = CARTESIAN_POINT('',(-13.2,-60.9,140.67703343773));
#1328 = LINE('',#1329,#1330);
#1329 = CARTESIAN_POINT('',(-27.2,-60.9,140.67703343773));
#1330 = VECTOR('',#1331,1.);
#1331 = DIRECTION('',(1.,0.,-0.));
#1332 = ORIENTED_EDGE('',*,*,#1333,.T.);
#1333 = EDGE_CURVE('',#1326,#436,#1334,.T.);
#1334 = LINE('',#1335,#1336);
#1335 = CARTESIAN_POINT('',(-13.2,-60.9,140.67703343773));
#1336 = VECTOR('',#1337,1.);
#1337 = DIRECTION('',(-0.,1.,0.));
#1338 = ORIENTED_EDGE('',*,*,#433,.F.);
#1339 = PLANE('',#1340);
#1340 = AXIS2_PLACEMENT_3D('',#1341,#1342,#1343);
#1341 = CARTESIAN_POINT('',(-27.2,-60.9,140.67703343773));
#1342 = DIRECTION('',(0.,0.,1.));
#1343 = DIRECTION('',(1.,0.,-0.));
#1344 = ADVANCED_FACE('',(#1345),#1364,.F.);
#1345 = FACE_BOUND('',#1346,.F.);
#1346 = EDGE_LOOP('',(#1347,#1348,#1349,#1357));
#1347 = ORIENTED_EDGE('',*,*,#1317,.T.);
#1348 = ORIENTED_EDGE('',*,*,#460,.F.);
#1349 = ORIENTED_EDGE('',*,*,#1350,.F.);
#1350 = EDGE_CURVE('',#1351,#453,#1353,.T.);
#1351 = VERTEX_POINT('',#1352);
#1352 = CARTESIAN_POINT('',(-27.2,-60.9,134.47703343773));
#1353 = LINE('',#1354,#1355);
#1354 = CARTESIAN_POINT('',(-27.2,-60.9,134.47703343773));
#1355 = VECTOR('',#1356,1.);
#1356 = DIRECTION('',(-0.,1.,0.));
#1357 = ORIENTED_EDGE('',*,*,#1358,.T.);
#1358 = EDGE_CURVE('',#1351,#1318,#1359,.T.);
#1359 = CIRCLE('',#1360,3.1);
#1360 = AXIS2_PLACEMENT_3D('',#1361,#1362,#1363);
#1361 = CARTESIAN_POINT('',(-27.2,-60.9,137.57703343773));
#1362 = DIRECTION('',(0.,1.,0.));
#1363 = DIRECTION('',(0.,-0.,1.));
#1364 = CYLINDRICAL_SURFACE('',#1365,3.1);
#1365 = AXIS2_PLACEMENT_3D('',#1366,#1367,#1368);
#1366 = CARTESIAN_POINT('',(-27.2,-60.9,137.57703343773));
#1367 = DIRECTION('',(0.,1.,0.));
#1368 = DIRECTION('',(0.,-0.,1.));
#1369 = ADVANCED_FACE('',(#1370),#1388,.T.);
#1370 = FACE_BOUND('',#1371,.T.);
#1371 = EDGE_LOOP('',(#1372,#1373,#1381,#1387));
#1372 = ORIENTED_EDGE('',*,*,#1350,.F.);
#1373 = ORIENTED_EDGE('',*,*,#1374,.T.);
#1374 = EDGE_CURVE('',#1351,#1375,#1377,.T.);
#1375 = VERTEX_POINT('',#1376);
#1376 = CARTESIAN_POINT('',(-13.2,-60.9,134.47703343773));
#1377 = LINE('',#1378,#1379);
#1378 = CARTESIAN_POINT('',(-27.2,-60.9,134.47703343773));
#1379 = VECTOR('',#1380,1.);
#1380 = DIRECTION('',(1.,0.,-0.));
#1381 = ORIENTED_EDGE('',*,*,#1382,.T.);
#1382 = EDGE_CURVE('',#1375,#444,#1383,.T.);
#1383 = LINE('',#1384,#1385);
#1384 = CARTESIAN_POINT('',(-13.2,-60.9,134.47703343773));
#1385 = VECTOR('',#1386,1.);
#1386 = DIRECTION('',(-0.,1.,0.));
#1387 = ORIENTED_EDGE('',*,*,#452,.F.);
#1388 = PLANE('',#1389);
#1389 = AXIS2_PLACEMENT_3D('',#1390,#1391,#1392);
#1390 = CARTESIAN_POINT('',(-27.2,-60.9,134.47703343773));
#1391 = DIRECTION('',(0.,0.,1.));
#1392 = DIRECTION('',(1.,0.,-0.));
#1393 = ADVANCED_FACE('',(#1394),#1406,.F.);
#1394 = FACE_BOUND('',#1395,.F.);
#1395 = EDGE_LOOP('',(#1396,#1397,#1398,#1405));
#1396 = ORIENTED_EDGE('',*,*,#443,.F.);
#1397 = ORIENTED_EDGE('',*,*,#1333,.F.);
#1398 = ORIENTED_EDGE('',*,*,#1399,.T.);
#1399 = EDGE_CURVE('',#1326,#1375,#1400,.T.);
#1400 = CIRCLE('',#1401,3.1);
#1401 = AXIS2_PLACEMENT_3D('',#1402,#1403,#1404);
#1402 = CARTESIAN_POINT('',(-13.2,-60.9,137.57703343773));
#1403 = DIRECTION('',(0.,1.,0.));
#1404 = DIRECTION('',(0.,-0.,1.));
#1405 = ORIENTED_EDGE('',*,*,#1382,.T.);
#1406 = CYLINDRICAL_SURFACE('',#1407,3.1);
#1407 = AXIS2_PLACEMENT_3D('',#1408,#1409,#1410);
#1408 = CARTESIAN_POINT('',(-13.2,-60.9,137.57703343773));
#1409 = DIRECTION('',(0.,1.,0.));
#1410 = DIRECTION('',(0.,-0.,1.));
#1411 = ADVANCED_FACE('',(#1412,#1470,#1506,#1574,#1610,#1621,#1657,
    #1668,#1679,#1690,#1701,#1735),#1769,.T.);
#1412 = FACE_BOUND('',#1413,.T.);
#1413 = EDGE_LOOP('',(#1414,#1424,#1431,#1432,#1433,#1434,#1435,#1436,
    #1437,#1438,#1439,#1440,#1441,#1442,#1443,#1444,#1445,#1446,#1455,
    #1463));
#1414 = ORIENTED_EDGE('',*,*,#1415,.T.);
#1415 = EDGE_CURVE('',#1416,#1418,#1420,.T.);
#1416 = VERTEX_POINT('',#1417);
#1417 = CARTESIAN_POINT('',(52.,-69.5,103.));
#1418 = VERTEX_POINT('',#1419);
#1419 = CARTESIAN_POINT('',(52.,-69.5,111.));
#1420 = LINE('',#1421,#1422);
#1421 = CARTESIAN_POINT('',(52.,-69.5,100.));
#1422 = VECTOR('',#1423,1.);
#1423 = DIRECTION('',(0.,0.,1.));
#1424 = ORIENTED_EDGE('',*,*,#1425,.F.);
#1425 = EDGE_CURVE('',#1059,#1418,#1426,.T.);
#1426 = CIRCLE('',#1427,3.);
#1427 = AXIS2_PLACEMENT_3D('',#1428,#1429,#1430);
#1428 = CARTESIAN_POINT('',(49.,-69.5,111.));
#1429 = DIRECTION('',(-0.,1.,0.));
#1430 = DIRECTION('',(0.,0.,1.));
#1431 = ORIENTED_EDGE('',*,*,#1058,.F.);
#1432 = ORIENTED_EDGE('',*,*,#1147,.F.);
#1433 = ORIENTED_EDGE('',*,*,#1179,.T.);
#1434 = ORIENTED_EDGE('',*,*,#1098,.T.);
#1435 = ORIENTED_EDGE('',*,*,#912,.F.);
#1436 = ORIENTED_EDGE('',*,*,#801,.F.);
#1437 = ORIENTED_EDGE('',*,*,#753,.T.);
#1438 = ORIENTED_EDGE('',*,*,#703,.F.);
#1439 = ORIENTED_EDGE('',*,*,#645,.T.);
#1440 = ORIENTED_EDGE('',*,*,#580,.F.);
#1441 = ORIENTED_EDGE('',*,*,#531,.T.);
#1442 = ORIENTED_EDGE('',*,*,#475,.F.);
#1443 = ORIENTED_EDGE('',*,*,#507,.T.);
#1444 = ORIENTED_EDGE('',*,*,#555,.T.);
#1445 = ORIENTED_EDGE('',*,*,#605,.F.);
#1446 = ORIENTED_EDGE('',*,*,#1447,.T.);
#1447 = EDGE_CURVE('',#606,#1448,#1450,.T.);
#1448 = VERTEX_POINT('',#1449);
#1449 = CARTESIAN_POINT('',(-73.,-69.5,100.));
#1450 = CIRCLE('',#1451,3.);
#1451 = AXIS2_PLACEMENT_3D('',#1452,#1453,#1454);
#1452 = CARTESIAN_POINT('',(-73.,-69.5,103.));
#1453 = DIRECTION('',(0.,-1.,0.));
#1454 = DIRECTION('',(0.,0.,1.));
#1455 = ORIENTED_EDGE('',*,*,#1456,.T.);
#1456 = EDGE_CURVE('',#1448,#1457,#1459,.T.);
#1457 = VERTEX_POINT('',#1458);
#1458 = CARTESIAN_POINT('',(49.,-69.5,100.));
#1459 = LINE('',#1460,#1461);
#1460 = CARTESIAN_POINT('',(-76.,-69.5,100.));
#1461 = VECTOR('',#1462,1.);
#1462 = DIRECTION('',(1.,0.,-0.));
#1463 = ORIENTED_EDGE('',*,*,#1464,.T.);
#1464 = EDGE_CURVE('',#1457,#1416,#1465,.T.);
#1465 = CIRCLE('',#1466,3.);
#1466 = AXIS2_PLACEMENT_3D('',#1467,#1468,#1469);
#1467 = CARTESIAN_POINT('',(49.,-69.5,103.));
#1468 = DIRECTION('',(0.,-1.,0.));
#1469 = DIRECTION('',(0.,0.,1.));
#1470 = FACE_BOUND('',#1471,.T.);
#1471 = EDGE_LOOP('',(#1472,#1483,#1491,#1500));
#1472 = ORIENTED_EDGE('',*,*,#1473,.T.);
#1473 = EDGE_CURVE('',#1474,#1476,#1478,.T.);
#1474 = VERTEX_POINT('',#1475);
#1475 = CARTESIAN_POINT('',(-44.2,-69.5,139.32703343773));
#1476 = VERTEX_POINT('',#1477);
#1477 = CARTESIAN_POINT('',(-44.2,-69.5,135.82703343773));
#1478 = CIRCLE('',#1479,1.75);
#1479 = AXIS2_PLACEMENT_3D('',#1480,#1481,#1482);
#1480 = CARTESIAN_POINT('',(-44.2,-69.5,137.57703343773));
#1481 = DIRECTION('',(0.,1.,0.));
#1482 = DIRECTION('',(0.,-0.,1.));
#1483 = ORIENTED_EDGE('',*,*,#1484,.T.);
#1484 = EDGE_CURVE('',#1476,#1485,#1487,.T.);
#1485 = VERTEX_POINT('',#1486);
#1486 = CARTESIAN_POINT('',(-58.2,-69.5,135.82703343773));
#1487 = LINE('',#1488,#1489);
#1488 = CARTESIAN_POINT('',(-34.60657807805,-69.5,135.82703343773));
#1489 = VECTOR('',#1490,1.);
#1490 = DIRECTION('',(-1.,0.,0.));
#1491 = ORIENTED_EDGE('',*,*,#1492,.T.);
#1492 = EDGE_CURVE('',#1485,#1493,#1495,.T.);
#1493 = VERTEX_POINT('',#1494);
#1494 = CARTESIAN_POINT('',(-58.2,-69.5,139.32703343773));
#1495 = CIRCLE('',#1496,1.75);
#1496 = AXIS2_PLACEMENT_3D('',#1497,#1498,#1499);
#1497 = CARTESIAN_POINT('',(-58.2,-69.5,137.57703343773));
#1498 = DIRECTION('',(0.,1.,0.));
#1499 = DIRECTION('',(0.,-0.,1.));
#1500 = ORIENTED_EDGE('',*,*,#1501,.F.);
#1501 = EDGE_CURVE('',#1474,#1493,#1502,.T.);
#1502 = LINE('',#1503,#1504);
#1503 = CARTESIAN_POINT('',(-34.60657807805,-69.5,139.32703343773));
#1504 = VECTOR('',#1505,1.);
#1505 = DIRECTION('',(-1.,0.,0.));
#1506 = FACE_BOUND('',#1507,.T.);
#1507 = EDGE_LOOP('',(#1508,#1518,#1526,#1535,#1543,#1552,#1560,#1568));
#1508 = ORIENTED_EDGE('',*,*,#1509,.F.);
#1509 = EDGE_CURVE('',#1510,#1512,#1514,.T.);
#1510 = VERTEX_POINT('',#1511);
#1511 = CARTESIAN_POINT('',(-49.05,-69.5,108.32703343773));
#1512 = VERTEX_POINT('',#1513);
#1513 = CARTESIAN_POINT('',(-49.05,-69.5,109.4));
#1514 = LINE('',#1515,#1516);
#1515 = CARTESIAN_POINT('',(-49.05,-69.5,127.59127324177));
#1516 = VECTOR('',#1517,1.);
#1517 = DIRECTION('',(0.,0.,1.));
#1518 = ORIENTED_EDGE('',*,*,#1519,.F.);
#1519 = EDGE_CURVE('',#1520,#1510,#1522,.T.);
#1520 = VERTEX_POINT('',#1521);
#1521 = CARTESIAN_POINT('',(-44.2,-69.5,108.32703343773));
#1522 = LINE('',#1523,#1524);
#1523 = CARTESIAN_POINT('',(-34.60657807805,-69.5,108.32703343773));
#1524 = VECTOR('',#1525,1.);
#1525 = DIRECTION('',(-1.,0.,0.));
#1526 = ORIENTED_EDGE('',*,*,#1527,.T.);
#1527 = EDGE_CURVE('',#1520,#1528,#1530,.T.);
#1528 = VERTEX_POINT('',#1529);
#1529 = CARTESIAN_POINT('',(-44.2,-69.5,104.82703343773));
#1530 = CIRCLE('',#1531,1.75);
#1531 = AXIS2_PLACEMENT_3D('',#1532,#1533,#1534);
#1532 = CARTESIAN_POINT('',(-44.2,-69.5,106.57703343773));
#1533 = DIRECTION('',(0.,1.,0.));
#1534 = DIRECTION('',(0.,-0.,1.));
#1535 = ORIENTED_EDGE('',*,*,#1536,.T.);
#1536 = EDGE_CURVE('',#1528,#1537,#1539,.T.);
#1537 = VERTEX_POINT('',#1538);
#1538 = CARTESIAN_POINT('',(-58.2,-69.5,104.82703343773));
#1539 = LINE('',#1540,#1541);
#1540 = CARTESIAN_POINT('',(-34.60657807805,-69.5,104.82703343773));
#1541 = VECTOR('',#1542,1.);
#1542 = DIRECTION('',(-1.,0.,0.));
#1543 = ORIENTED_EDGE('',*,*,#1544,.T.);
#1544 = EDGE_CURVE('',#1537,#1545,#1547,.T.);
#1545 = VERTEX_POINT('',#1546);
#1546 = CARTESIAN_POINT('',(-58.2,-69.5,108.32703343773));
#1547 = CIRCLE('',#1548,1.75);
#1548 = AXIS2_PLACEMENT_3D('',#1549,#1550,#1551);
#1549 = CARTESIAN_POINT('',(-58.2,-69.5,106.57703343773));
#1550 = DIRECTION('',(0.,1.,0.));
#1551 = DIRECTION('',(0.,-0.,1.));
#1552 = ORIENTED_EDGE('',*,*,#1553,.F.);
#1553 = EDGE_CURVE('',#1554,#1545,#1556,.T.);
#1554 = VERTEX_POINT('',#1555);
#1555 = CARTESIAN_POINT('',(-54.95,-69.5,108.32703343773));
#1556 = LINE('',#1557,#1558);
#1557 = CARTESIAN_POINT('',(-34.60657807805,-69.5,108.32703343773));
#1558 = VECTOR('',#1559,1.);
#1559 = DIRECTION('',(-1.,0.,0.));
#1560 = ORIENTED_EDGE('',*,*,#1561,.T.);
#1561 = EDGE_CURVE('',#1554,#1562,#1564,.T.);
#1562 = VERTEX_POINT('',#1563);
#1563 = CARTESIAN_POINT('',(-54.95,-69.5,109.4));
#1564 = LINE('',#1565,#1566);
#1565 = CARTESIAN_POINT('',(-54.95,-69.5,127.59127324177));
#1566 = VECTOR('',#1567,1.);
#1567 = DIRECTION('',(0.,0.,1.));
#1568 = ORIENTED_EDGE('',*,*,#1569,.F.);
#1569 = EDGE_CURVE('',#1512,#1562,#1570,.T.);
#1570 = LINE('',#1571,#1572);
#1571 = CARTESIAN_POINT('',(-32.98157807805,-69.5,109.4));
#1572 = VECTOR('',#1573,1.);
#1573 = DIRECTION('',(-1.,0.,0.));
#1574 = FACE_BOUND('',#1575,.T.);
#1575 = EDGE_LOOP('',(#1576,#1587,#1595,#1604));
#1576 = ORIENTED_EDGE('',*,*,#1577,.T.);
#1577 = EDGE_CURVE('',#1578,#1580,#1582,.T.);
#1578 = VERTEX_POINT('',#1579);
#1579 = CARTESIAN_POINT('',(-13.2,-69.5,139.32703343773));
#1580 = VERTEX_POINT('',#1581);
#1581 = CARTESIAN_POINT('',(-13.2,-69.5,135.82703343773));
#1582 = CIRCLE('',#1583,1.75);
#1583 = AXIS2_PLACEMENT_3D('',#1584,#1585,#1586);
#1584 = CARTESIAN_POINT('',(-13.2,-69.5,137.57703343773));
#1585 = DIRECTION('',(0.,1.,0.));
#1586 = DIRECTION('',(0.,-0.,1.));
#1587 = ORIENTED_EDGE('',*,*,#1588,.T.);
#1588 = EDGE_CURVE('',#1580,#1589,#1591,.T.);
#1589 = VERTEX_POINT('',#1590);
#1590 = CARTESIAN_POINT('',(-27.2,-69.5,135.82703343773));
#1591 = LINE('',#1592,#1593);
#1592 = CARTESIAN_POINT('',(-19.10657807805,-69.5,135.82703343773));
#1593 = VECTOR('',#1594,1.);
#1594 = DIRECTION('',(-1.,0.,0.));
#1595 = ORIENTED_EDGE('',*,*,#1596,.T.);
#1596 = EDGE_CURVE('',#1589,#1597,#1599,.T.);
#1597 = VERTEX_POINT('',#1598);
#1598 = CARTESIAN_POINT('',(-27.2,-69.5,139.32703343773));
#1599 = CIRCLE('',#1600,1.75);
#1600 = AXIS2_PLACEMENT_3D('',#1601,#1602,#1603);
#1601 = CARTESIAN_POINT('',(-27.2,-69.5,137.57703343773));
#1602 = DIRECTION('',(0.,1.,0.));
#1603 = DIRECTION('',(0.,-0.,1.));
#1604 = ORIENTED_EDGE('',*,*,#1605,.F.);
#1605 = EDGE_CURVE('',#1578,#1597,#1606,.T.);
#1606 = LINE('',#1607,#1608);
#1607 = CARTESIAN_POINT('',(-19.10657807805,-69.5,139.32703343773));
#1608 = VECTOR('',#1609,1.);
#1609 = DIRECTION('',(-1.,0.,0.));
#1610 = FACE_BOUND('',#1611,.T.);
#1611 = EDGE_LOOP('',(#1612,#1618,#1619,#1620));
#1612 = ORIENTED_EDGE('',*,*,#1613,.T.);
#1613 = EDGE_CURVE('',#983,#827,#1614,.T.);
#1614 = LINE('',#1615,#1616);
#1615 = CARTESIAN_POINT('',(-26.85657807805,-69.5,110.77703343773));
#1616 = VECTOR('',#1617,1.);
#1617 = DIRECTION('',(-1.,0.,0.));
#1618 = ORIENTED_EDGE('',*,*,#826,.T.);
#1619 = ORIENTED_EDGE('',*,*,#957,.F.);
#1620 = ORIENTED_EDGE('',*,*,#982,.T.);
#1621 = FACE_BOUND('',#1622,.T.);
#1622 = EDGE_LOOP('',(#1623,#1634,#1642,#1651));
#1623 = ORIENTED_EDGE('',*,*,#1624,.T.);
#1624 = EDGE_CURVE('',#1625,#1627,#1629,.T.);
#1625 = VERTEX_POINT('',#1626);
#1626 = CARTESIAN_POINT('',(-13.2,-69.5,108.32703343773));
#1627 = VERTEX_POINT('',#1628);
#1628 = CARTESIAN_POINT('',(-13.2,-69.5,104.82703343773));
#1629 = CIRCLE('',#1630,1.75);
#1630 = AXIS2_PLACEMENT_3D('',#1631,#1632,#1633);
#1631 = CARTESIAN_POINT('',(-13.2,-69.5,106.57703343773));
#1632 = DIRECTION('',(0.,1.,0.));
#1633 = DIRECTION('',(0.,-0.,1.));
#1634 = ORIENTED_EDGE('',*,*,#1635,.T.);
#1635 = EDGE_CURVE('',#1627,#1636,#1638,.T.);
#1636 = VERTEX_POINT('',#1637);
#1637 = CARTESIAN_POINT('',(-27.2,-69.5,104.82703343773));
#1638 = LINE('',#1639,#1640);
#1639 = CARTESIAN_POINT('',(-19.10657807805,-69.5,104.82703343773));
#1640 = VECTOR('',#1641,1.);
#1641 = DIRECTION('',(-1.,0.,0.));
#1642 = ORIENTED_EDGE('',*,*,#1643,.T.);
#1643 = EDGE_CURVE('',#1636,#1644,#1646,.T.);
#1644 = VERTEX_POINT('',#1645);
#1645 = CARTESIAN_POINT('',(-27.2,-69.5,108.32703343773));
#1646 = CIRCLE('',#1647,1.75);
#1647 = AXIS2_PLACEMENT_3D('',#1648,#1649,#1650);
#1648 = CARTESIAN_POINT('',(-27.2,-69.5,106.57703343773));
#1649 = DIRECTION('',(0.,1.,0.));
#1650 = DIRECTION('',(0.,-0.,1.));
#1651 = ORIENTED_EDGE('',*,*,#1652,.F.);
#1652 = EDGE_CURVE('',#1625,#1644,#1653,.T.);
#1653 = LINE('',#1654,#1655);
#1654 = CARTESIAN_POINT('',(-19.10657807805,-69.5,108.32703343773));
#1655 = VECTOR('',#1656,1.);
#1656 = DIRECTION('',(-1.,0.,0.));
#1657 = FACE_BOUND('',#1658,.T.);
#1658 = EDGE_LOOP('',(#1659));
#1659 = ORIENTED_EDGE('',*,*,#1660,.T.);
#1660 = EDGE_CURVE('',#1661,#1661,#1663,.T.);
#1661 = VERTEX_POINT('',#1662);
#1662 = CARTESIAN_POINT('',(-3.989419162443,-69.5,190.5));
#1663 = CIRCLE('',#1664,1.75);
#1664 = AXIS2_PLACEMENT_3D('',#1665,#1666,#1667);
#1665 = CARTESIAN_POINT('',(-3.989419162443,-69.5,188.75));
#1666 = DIRECTION('',(0.,1.,0.));
#1667 = DIRECTION('',(0.,-0.,1.));
#1668 = FACE_BOUND('',#1669,.T.);
#1669 = EDGE_LOOP('',(#1670));
#1670 = ORIENTED_EDGE('',*,*,#1671,.T.);
#1671 = EDGE_CURVE('',#1672,#1672,#1674,.T.);
#1672 = VERTEX_POINT('',#1673);
#1673 = CARTESIAN_POINT('',(10.3,-69.5,215.25));
#1674 = CIRCLE('',#1675,1.75);
#1675 = AXIS2_PLACEMENT_3D('',#1676,#1677,#1678);
#1676 = CARTESIAN_POINT('',(10.3,-69.5,213.5));
#1677 = DIRECTION('',(0.,1.,0.));
#1678 = DIRECTION('',(0.,-0.,1.));
#1679 = FACE_BOUND('',#1680,.T.);
#1680 = EDGE_LOOP('',(#1681));
#1681 = ORIENTED_EDGE('',*,*,#1682,.T.);
#1682 = EDGE_CURVE('',#1683,#1683,#1685,.T.);
#1683 = VERTEX_POINT('',#1684);
#1684 = CARTESIAN_POINT('',(10.3,-69.5,208.15));
#1685 = CIRCLE('',#1686,11.15);
#1686 = AXIS2_PLACEMENT_3D('',#1687,#1688,#1689);
#1687 = CARTESIAN_POINT('',(10.3,-69.5,197.));
#1688 = DIRECTION('',(0.,1.,0.));
#1689 = DIRECTION('',(0.,-0.,1.));
#1690 = FACE_BOUND('',#1691,.T.);
#1691 = EDGE_LOOP('',(#1692));
#1692 = ORIENTED_EDGE('',*,*,#1693,.T.);
#1693 = EDGE_CURVE('',#1694,#1694,#1696,.T.);
#1694 = VERTEX_POINT('',#1695);
#1695 = CARTESIAN_POINT('',(24.589419162443,-69.5,190.5));
#1696 = CIRCLE('',#1697,1.75);
#1697 = AXIS2_PLACEMENT_3D('',#1698,#1699,#1700);
#1698 = CARTESIAN_POINT('',(24.589419162443,-69.5,188.75));
#1699 = DIRECTION('',(0.,1.,0.));
#1700 = DIRECTION('',(0.,-0.,1.));
#1701 = FACE_BOUND('',#1702,.T.);
#1702 = EDGE_LOOP('',(#1703,#1713,#1721,#1729));
#1703 = ORIENTED_EDGE('',*,*,#1704,.T.);
#1704 = EDGE_CURVE('',#1705,#1707,#1709,.T.);
#1705 = VERTEX_POINT('',#1706);
#1706 = CARTESIAN_POINT('',(2.95,-69.5,106.6));
#1707 = VERTEX_POINT('',#1708);
#1708 = CARTESIAN_POINT('',(-2.95,-69.5,106.6));
#1709 = LINE('',#1710,#1711);
#1710 = CARTESIAN_POINT('',(-6.981578078058,-69.5,106.6));
#1711 = VECTOR('',#1712,1.);
#1712 = DIRECTION('',(-1.,0.,0.));
#1713 = ORIENTED_EDGE('',*,*,#1714,.T.);
#1714 = EDGE_CURVE('',#1707,#1715,#1717,.T.);
#1715 = VERTEX_POINT('',#1716);
#1716 = CARTESIAN_POINT('',(-2.95,-69.5,109.4));
#1717 = LINE('',#1718,#1719);
#1718 = CARTESIAN_POINT('',(-2.95,-69.5,127.59127324177));
#1719 = VECTOR('',#1720,1.);
#1720 = DIRECTION('',(0.,0.,1.));
#1721 = ORIENTED_EDGE('',*,*,#1722,.F.);
#1722 = EDGE_CURVE('',#1723,#1715,#1725,.T.);
#1723 = VERTEX_POINT('',#1724);
#1724 = CARTESIAN_POINT('',(2.95,-69.5,109.4));
#1725 = LINE('',#1726,#1727);
#1726 = CARTESIAN_POINT('',(-6.981578078058,-69.5,109.4));
#1727 = VECTOR('',#1728,1.);
#1728 = DIRECTION('',(-1.,0.,0.));
#1729 = ORIENTED_EDGE('',*,*,#1730,.F.);
#1730 = EDGE_CURVE('',#1705,#1723,#1731,.T.);
#1731 = LINE('',#1732,#1733);
#1732 = CARTESIAN_POINT('',(2.95,-69.5,127.59127324177));
#1733 = VECTOR('',#1734,1.);
#1734 = DIRECTION('',(0.,0.,1.));
#1735 = FACE_BOUND('',#1736,.T.);
#1736 = EDGE_LOOP('',(#1737,#1747,#1755,#1763));
#1737 = ORIENTED_EDGE('',*,*,#1738,.T.);
#1738 = EDGE_CURVE('',#1739,#1741,#1743,.T.);
#1739 = VERTEX_POINT('',#1740);
#1740 = CARTESIAN_POINT('',(36.95,-69.5,106.6));
#1741 = VERTEX_POINT('',#1742);
#1742 = CARTESIAN_POINT('',(31.05,-69.5,106.6));
#1743 = LINE('',#1744,#1745);
#1744 = CARTESIAN_POINT('',(10.018421921942,-69.5,106.6));
#1745 = VECTOR('',#1746,1.);
#1746 = DIRECTION('',(-1.,0.,0.));
#1747 = ORIENTED_EDGE('',*,*,#1748,.T.);
#1748 = EDGE_CURVE('',#1741,#1749,#1751,.T.);
#1749 = VERTEX_POINT('',#1750);
#1750 = CARTESIAN_POINT('',(31.05,-69.5,109.4));
#1751 = LINE('',#1752,#1753);
#1752 = CARTESIAN_POINT('',(31.05,-69.5,127.59127324177));
#1753 = VECTOR('',#1754,1.);
#1754 = DIRECTION('',(0.,0.,1.));
#1755 = ORIENTED_EDGE('',*,*,#1756,.F.);
#1756 = EDGE_CURVE('',#1757,#1749,#1759,.T.);
#1757 = VERTEX_POINT('',#1758);
#1758 = CARTESIAN_POINT('',(36.95,-69.5,109.4));
#1759 = LINE('',#1760,#1761);
#1760 = CARTESIAN_POINT('',(10.018421921942,-69.5,109.4));
#1761 = VECTOR('',#1762,1.);
#1762 = DIRECTION('',(-1.,0.,0.));
#1763 = ORIENTED_EDGE('',*,*,#1764,.F.);
#1764 = EDGE_CURVE('',#1739,#1757,#1765,.T.);
#1765 = LINE('',#1766,#1767);
#1766 = CARTESIAN_POINT('',(36.95,-69.5,127.59127324177));
#1767 = VECTOR('',#1768,1.);
#1768 = DIRECTION('',(0.,0.,1.));
#1769 = PLANE('',#1770);
#1770 = AXIS2_PLACEMENT_3D('',#1771,#1772,#1773);
#1771 = CARTESIAN_POINT('',(-11.01315615611,-69.5,148.58254648355));
#1772 = DIRECTION('',(-0.,-1.,-0.));
#1773 = DIRECTION('',(0.,0.,-1.));
#1774 = ADVANCED_FACE('',(#1775),#1794,.T.);
#1775 = FACE_BOUND('',#1776,.F.);
#1776 = EDGE_LOOP('',(#1777,#1778,#1786,#1793));
#1777 = ORIENTED_EDGE('',*,*,#1447,.T.);
#1778 = ORIENTED_EDGE('',*,*,#1779,.T.);
#1779 = EDGE_CURVE('',#1448,#1780,#1782,.T.);
#1780 = VERTEX_POINT('',#1781);
#1781 = CARTESIAN_POINT('',(-73.,-52.5,100.));
#1782 = LINE('',#1783,#1784);
#1783 = CARTESIAN_POINT('',(-73.,-69.5,100.));
#1784 = VECTOR('',#1785,1.);
#1785 = DIRECTION('',(-0.,1.,0.));
#1786 = ORIENTED_EDGE('',*,*,#1787,.F.);
#1787 = EDGE_CURVE('',#624,#1780,#1788,.T.);
#1788 = CIRCLE('',#1789,3.);
#1789 = AXIS2_PLACEMENT_3D('',#1790,#1791,#1792);
#1790 = CARTESIAN_POINT('',(-73.,-52.5,103.));
#1791 = DIRECTION('',(0.,-1.,0.));
#1792 = DIRECTION('',(0.,0.,1.));
#1793 = ORIENTED_EDGE('',*,*,#631,.F.);
#1794 = CYLINDRICAL_SURFACE('',#1795,3.);
#1795 = AXIS2_PLACEMENT_3D('',#1796,#1797,#1798);
#1796 = CARTESIAN_POINT('',(-73.,-69.5,103.));
#1797 = DIRECTION('',(-0.,1.,0.));
#1798 = DIRECTION('',(-1.,0.,-0.));
#1799 = ADVANCED_FACE('',(#1800,#1847,#1883),#1919,.T.);
#1800 = FACE_BOUND('',#1801,.T.);
#1801 = EDGE_LOOP('',(#1802,#1810,#1811,#1812,#1813,#1814,#1815,#1821,
    #1822,#1823,#1832,#1840));
#1802 = ORIENTED_EDGE('',*,*,#1803,.F.);
#1803 = EDGE_CURVE('',#1780,#1804,#1806,.T.);
#1804 = VERTEX_POINT('',#1805);
#1805 = CARTESIAN_POINT('',(49.,-52.5,100.));
#1806 = LINE('',#1807,#1808);
#1807 = CARTESIAN_POINT('',(-76.,-52.5,100.));
#1808 = VECTOR('',#1809,1.);
#1809 = DIRECTION('',(1.,0.,-0.));
#1810 = ORIENTED_EDGE('',*,*,#1787,.F.);
#1811 = ORIENTED_EDGE('',*,*,#623,.T.);
#1812 = ORIENTED_EDGE('',*,*,#737,.T.);
#1813 = ORIENTED_EDGE('',*,*,#787,.T.);
#1814 = ORIENTED_EDGE('',*,*,#845,.F.);
#1815 = ORIENTED_EDGE('',*,*,#1816,.T.);
#1816 = EDGE_CURVE('',#846,#992,#1817,.T.);
#1817 = LINE('',#1818,#1819);
#1818 = CARTESIAN_POINT('',(-59.35,-52.5,110.77703343773));
#1819 = VECTOR('',#1820,1.);
#1820 = DIRECTION('',(1.,0.,-0.));
#1821 = ORIENTED_EDGE('',*,*,#999,.F.);
#1822 = ORIENTED_EDGE('',*,*,#1074,.T.);
#1823 = ORIENTED_EDGE('',*,*,#1824,.T.);
#1824 = EDGE_CURVE('',#1067,#1825,#1827,.T.);
#1825 = VERTEX_POINT('',#1826);
#1826 = CARTESIAN_POINT('',(52.,-52.5,111.));
#1827 = CIRCLE('',#1828,3.);
#1828 = AXIS2_PLACEMENT_3D('',#1829,#1830,#1831);
#1829 = CARTESIAN_POINT('',(49.,-52.5,111.));
#1830 = DIRECTION('',(-0.,1.,0.));
#1831 = DIRECTION('',(0.,0.,1.));
#1832 = ORIENTED_EDGE('',*,*,#1833,.F.);
#1833 = EDGE_CURVE('',#1834,#1825,#1836,.T.);
#1834 = VERTEX_POINT('',#1835);
#1835 = CARTESIAN_POINT('',(52.,-52.5,103.));
#1836 = LINE('',#1837,#1838);
#1837 = CARTESIAN_POINT('',(52.,-52.5,100.));
#1838 = VECTOR('',#1839,1.);
#1839 = DIRECTION('',(0.,0.,1.));
#1840 = ORIENTED_EDGE('',*,*,#1841,.F.);
#1841 = EDGE_CURVE('',#1804,#1834,#1842,.T.);
#1842 = CIRCLE('',#1843,3.);
#1843 = AXIS2_PLACEMENT_3D('',#1844,#1845,#1846);
#1844 = CARTESIAN_POINT('',(49.,-52.5,103.));
#1845 = DIRECTION('',(0.,-1.,0.));
#1846 = DIRECTION('',(0.,0.,1.));
#1847 = FACE_BOUND('',#1848,.T.);
#1848 = EDGE_LOOP('',(#1849,#1860,#1868,#1877));
#1849 = ORIENTED_EDGE('',*,*,#1850,.F.);
#1850 = EDGE_CURVE('',#1851,#1853,#1855,.T.);
#1851 = VERTEX_POINT('',#1852);
#1852 = CARTESIAN_POINT('',(-58.2,-52.5,104.82703343773));
#1853 = VERTEX_POINT('',#1854);
#1854 = CARTESIAN_POINT('',(-58.2,-52.5,108.32703343773));
#1855 = CIRCLE('',#1856,1.75);
#1856 = AXIS2_PLACEMENT_3D('',#1857,#1858,#1859);
#1857 = CARTESIAN_POINT('',(-58.2,-52.5,106.57703343773));
#1858 = DIRECTION('',(0.,1.,0.));
#1859 = DIRECTION('',(0.,-0.,1.));
#1860 = ORIENTED_EDGE('',*,*,#1861,.T.);
#1861 = EDGE_CURVE('',#1851,#1862,#1864,.T.);
#1862 = VERTEX_POINT('',#1863);
#1863 = CARTESIAN_POINT('',(-44.2,-52.5,104.82703343773));
#1864 = LINE('',#1865,#1866);
#1865 = CARTESIAN_POINT('',(-67.1,-52.5,104.82703343773));
#1866 = VECTOR('',#1867,1.);
#1867 = DIRECTION('',(1.,0.,-0.));
#1868 = ORIENTED_EDGE('',*,*,#1869,.F.);
#1869 = EDGE_CURVE('',#1870,#1862,#1872,.T.);
#1870 = VERTEX_POINT('',#1871);
#1871 = CARTESIAN_POINT('',(-44.2,-52.5,108.32703343773));
#1872 = CIRCLE('',#1873,1.75);
#1873 = AXIS2_PLACEMENT_3D('',#1874,#1875,#1876);
#1874 = CARTESIAN_POINT('',(-44.2,-52.5,106.57703343773));
#1875 = DIRECTION('',(0.,1.,0.));
#1876 = DIRECTION('',(0.,-0.,1.));
#1877 = ORIENTED_EDGE('',*,*,#1878,.F.);
#1878 = EDGE_CURVE('',#1853,#1870,#1879,.T.);
#1879 = LINE('',#1880,#1881);
#1880 = CARTESIAN_POINT('',(-67.1,-52.5,108.32703343773));
#1881 = VECTOR('',#1882,1.);
#1882 = DIRECTION('',(1.,0.,-0.));
#1883 = FACE_BOUND('',#1884,.T.);
#1884 = EDGE_LOOP('',(#1885,#1896,#1904,#1913));
#1885 = ORIENTED_EDGE('',*,*,#1886,.F.);
#1886 = EDGE_CURVE('',#1887,#1889,#1891,.T.);
#1887 = VERTEX_POINT('',#1888);
#1888 = CARTESIAN_POINT('',(-27.2,-52.5,104.82703343773));
#1889 = VERTEX_POINT('',#1890);
#1890 = CARTESIAN_POINT('',(-27.2,-52.5,108.32703343773));
#1891 = CIRCLE('',#1892,1.75);
#1892 = AXIS2_PLACEMENT_3D('',#1893,#1894,#1895);
#1893 = CARTESIAN_POINT('',(-27.2,-52.5,106.57703343773));
#1894 = DIRECTION('',(0.,1.,0.));
#1895 = DIRECTION('',(0.,-0.,1.));
#1896 = ORIENTED_EDGE('',*,*,#1897,.T.);
#1897 = EDGE_CURVE('',#1887,#1898,#1900,.T.);
#1898 = VERTEX_POINT('',#1899);
#1899 = CARTESIAN_POINT('',(-13.2,-52.5,104.82703343773));
#1900 = LINE('',#1901,#1902);
#1901 = CARTESIAN_POINT('',(-51.6,-52.5,104.82703343773));
#1902 = VECTOR('',#1903,1.);
#1903 = DIRECTION('',(1.,0.,-0.));
#1904 = ORIENTED_EDGE('',*,*,#1905,.F.);
#1905 = EDGE_CURVE('',#1906,#1898,#1908,.T.);
#1906 = VERTEX_POINT('',#1907);
#1907 = CARTESIAN_POINT('',(-13.2,-52.5,108.32703343773));
#1908 = CIRCLE('',#1909,1.75);
#1909 = AXIS2_PLACEMENT_3D('',#1910,#1911,#1912);
#1910 = CARTESIAN_POINT('',(-13.2,-52.5,106.57703343773));
#1911 = DIRECTION('',(0.,1.,0.));
#1912 = DIRECTION('',(0.,-0.,1.));
#1913 = ORIENTED_EDGE('',*,*,#1914,.F.);
#1914 = EDGE_CURVE('',#1889,#1906,#1915,.T.);
#1915 = LINE('',#1916,#1917);
#1916 = CARTESIAN_POINT('',(-51.6,-52.5,108.32703343773));
#1917 = VECTOR('',#1918,1.);
#1918 = DIRECTION('',(1.,0.,-0.));
#1919 = PLANE('',#1920);
#1920 = AXIS2_PLACEMENT_3D('',#1921,#1922,#1923);
#1921 = CARTESIAN_POINT('',(-76.,-52.5,100.));
#1922 = DIRECTION('',(-0.,1.,0.));
#1923 = DIRECTION('',(0.,0.,1.));
#1924 = ADVANCED_FACE('',(#1925,#1950),#1961,.T.);
#1925 = FACE_BOUND('',#1926,.T.);
#1926 = EDGE_LOOP('',(#1927,#1935,#1943,#1949));
#1927 = ORIENTED_EDGE('',*,*,#1928,.F.);
#1928 = EDGE_CURVE('',#1929,#664,#1931,.T.);
#1929 = VERTEX_POINT('',#1930);
#1930 = CARTESIAN_POINT('',(7.35,-61.1,210.));
#1931 = LINE('',#1932,#1933);
#1932 = CARTESIAN_POINT('',(7.35,-61.1,210.));
#1933 = VECTOR('',#1934,1.);
#1934 = DIRECTION('',(0.,0.,1.));
#1935 = ORIENTED_EDGE('',*,*,#1936,.F.);
#1936 = EDGE_CURVE('',#1937,#1929,#1939,.T.);
#1937 = VERTEX_POINT('',#1938);
#1938 = CARTESIAN_POINT('',(13.25,-61.1,210.));
#1939 = LINE('',#1940,#1941);
#1940 = CARTESIAN_POINT('',(13.25,-61.1,210.));
#1941 = VECTOR('',#1942,1.);
#1942 = DIRECTION('',(-1.,0.,0.));
#1943 = ORIENTED_EDGE('',*,*,#1944,.T.);
#1944 = EDGE_CURVE('',#1937,#666,#1945,.T.);
#1945 = LINE('',#1946,#1947);
#1946 = CARTESIAN_POINT('',(13.25,-61.1,210.));
#1947 = VECTOR('',#1948,1.);
#1948 = DIRECTION('',(0.,0.,1.));
#1949 = ORIENTED_EDGE('',*,*,#663,.F.);
#1950 = FACE_BOUND('',#1951,.T.);
#1951 = EDGE_LOOP('',(#1952));
#1952 = ORIENTED_EDGE('',*,*,#1953,.T.);
#1953 = EDGE_CURVE('',#1954,#1954,#1956,.T.);
#1954 = VERTEX_POINT('',#1955);
#1955 = CARTESIAN_POINT('',(10.3,-61.1,215.25));
#1956 = CIRCLE('',#1957,1.75);
#1957 = AXIS2_PLACEMENT_3D('',#1958,#1959,#1960);
#1958 = CARTESIAN_POINT('',(10.3,-61.1,213.5));
#1959 = DIRECTION('',(0.,1.,0.));
#1960 = DIRECTION('',(0.,-0.,1.));
#1961 = PLANE('',#1962);
#1962 = AXIS2_PLACEMENT_3D('',#1963,#1964,#1965);
#1963 = CARTESIAN_POINT('',(13.25,-61.1,210.));
#1964 = DIRECTION('',(0.,-1.,0.));
#1965 = DIRECTION('',(0.,0.,1.));
#1966 = ADVANCED_FACE('',(#1967),#1985,.F.);
#1967 = FACE_BOUND('',#1968,.F.);
#1968 = EDGE_LOOP('',(#1969,#1970,#1978,#1984));
#1969 = ORIENTED_EDGE('',*,*,#1928,.F.);
#1970 = ORIENTED_EDGE('',*,*,#1971,.T.);
#1971 = EDGE_CURVE('',#1929,#1972,#1974,.T.);
#1972 = VERTEX_POINT('',#1973);
#1973 = CARTESIAN_POINT('',(7.35,-63.9,210.));
#1974 = LINE('',#1975,#1976);
#1975 = CARTESIAN_POINT('',(7.35,-61.1,210.));
#1976 = VECTOR('',#1977,1.);
#1977 = DIRECTION('',(0.,-1.,0.));
#1978 = ORIENTED_EDGE('',*,*,#1979,.T.);
#1979 = EDGE_CURVE('',#1972,#682,#1980,.T.);
#1980 = LINE('',#1981,#1982);
#1981 = CARTESIAN_POINT('',(7.35,-63.9,210.));
#1982 = VECTOR('',#1983,1.);
#1983 = DIRECTION('',(0.,0.,1.));
#1984 = ORIENTED_EDGE('',*,*,#689,.F.);
#1985 = PLANE('',#1986);
#1986 = AXIS2_PLACEMENT_3D('',#1987,#1988,#1989);
#1987 = CARTESIAN_POINT('',(7.35,-61.1,210.));
#1988 = DIRECTION('',(-1.,0.,0.));
#1989 = DIRECTION('',(0.,-1.,0.));
#1990 = ADVANCED_FACE('',(#1991,#2009),#2020,.F.);
#1991 = FACE_BOUND('',#1992,.F.);
#1992 = EDGE_LOOP('',(#1993,#1994,#2002,#2008));
#1993 = ORIENTED_EDGE('',*,*,#1979,.F.);
#1994 = ORIENTED_EDGE('',*,*,#1995,.F.);
#1995 = EDGE_CURVE('',#1996,#1972,#1998,.T.);
#1996 = VERTEX_POINT('',#1997);
#1997 = CARTESIAN_POINT('',(13.25,-63.9,210.));
#1998 = LINE('',#1999,#2000);
#1999 = CARTESIAN_POINT('',(13.25,-63.9,210.));
#2000 = VECTOR('',#2001,1.);
#2001 = DIRECTION('',(-1.,0.,0.));
#2002 = ORIENTED_EDGE('',*,*,#2003,.T.);
#2003 = EDGE_CURVE('',#1996,#674,#2004,.T.);
#2004 = LINE('',#2005,#2006);
#2005 = CARTESIAN_POINT('',(13.25,-63.9,210.));
#2006 = VECTOR('',#2007,1.);
#2007 = DIRECTION('',(0.,0.,1.));
#2008 = ORIENTED_EDGE('',*,*,#681,.F.);
#2009 = FACE_BOUND('',#2010,.F.);
#2010 = EDGE_LOOP('',(#2011));
#2011 = ORIENTED_EDGE('',*,*,#2012,.T.);
#2012 = EDGE_CURVE('',#2013,#2013,#2015,.T.);
#2013 = VERTEX_POINT('',#2014);
#2014 = CARTESIAN_POINT('',(10.3,-63.9,215.25));
#2015 = CIRCLE('',#2016,1.75);
#2016 = AXIS2_PLACEMENT_3D('',#2017,#2018,#2019);
#2017 = CARTESIAN_POINT('',(10.3,-63.9,213.5));
#2018 = DIRECTION('',(0.,1.,0.));
#2019 = DIRECTION('',(0.,-0.,1.));
#2020 = PLANE('',#2021);
#2021 = AXIS2_PLACEMENT_3D('',#2022,#2023,#2024);
#2022 = CARTESIAN_POINT('',(13.25,-63.9,210.));
#2023 = DIRECTION('',(0.,-1.,0.));
#2024 = DIRECTION('',(0.,0.,1.));
#2025 = ADVANCED_FACE('',(#2026),#2037,.T.);
#2026 = FACE_BOUND('',#2027,.T.);
#2027 = EDGE_LOOP('',(#2028,#2029,#2035,#2036));
#2028 = ORIENTED_EDGE('',*,*,#1944,.F.);
#2029 = ORIENTED_EDGE('',*,*,#2030,.T.);
#2030 = EDGE_CURVE('',#1937,#1996,#2031,.T.);
#2031 = LINE('',#2032,#2033);
#2032 = CARTESIAN_POINT('',(13.25,-61.1,210.));
#2033 = VECTOR('',#2034,1.);
#2034 = DIRECTION('',(0.,-1.,0.));
#2035 = ORIENTED_EDGE('',*,*,#2003,.T.);
#2036 = ORIENTED_EDGE('',*,*,#673,.F.);
#2037 = PLANE('',#2038);
#2038 = AXIS2_PLACEMENT_3D('',#2039,#2040,#2041);
#2039 = CARTESIAN_POINT('',(13.25,-61.1,210.));
#2040 = DIRECTION('',(-1.,0.,0.));
#2041 = DIRECTION('',(0.,-1.,0.));
#2042 = ADVANCED_FACE('',(#2043),#2049,.T.);
#2043 = FACE_BOUND('',#2044,.T.);
#2044 = EDGE_LOOP('',(#2045,#2046,#2047,#2048));
#2045 = ORIENTED_EDGE('',*,*,#854,.F.);
#2046 = ORIENTED_EDGE('',*,*,#1613,.F.);
#2047 = ORIENTED_EDGE('',*,*,#991,.T.);
#2048 = ORIENTED_EDGE('',*,*,#1816,.F.);
#2049 = PLANE('',#2050);
#2050 = AXIS2_PLACEMENT_3D('',#2051,#2052,#2053);
#2051 = CARTESIAN_POINT('',(-42.7,-71.5,110.77703343773));
#2052 = DIRECTION('',(0.,0.,1.));
#2053 = DIRECTION('',(1.,0.,-0.));
#2054 = ADVANCED_FACE('',(#2055),#2065,.F.);
#2055 = FACE_BOUND('',#2056,.F.);
#2056 = EDGE_LOOP('',(#2057,#2058));
#2057 = ORIENTED_EDGE('',*,*,#862,.T.);
#2058 = ORIENTED_EDGE('',*,*,#2059,.T.);
#2059 = EDGE_CURVE('',#865,#863,#2060,.T.);
#2060 = CIRCLE('',#2061,1.75);
#2061 = AXIS2_PLACEMENT_3D('',#2062,#2063,#2064);
#2062 = CARTESIAN_POINT('',(-52.,-61.5,114.));
#2063 = DIRECTION('',(0.,0.,1.));
#2064 = DIRECTION('',(1.,0.,-0.));
#2065 = PLANE('',#2066);
#2066 = AXIS2_PLACEMENT_3D('',#2067,#2068,#2069);
#2067 = CARTESIAN_POINT('',(-52.,-61.5,114.));
#2068 = DIRECTION('',(0.,0.,1.));
#2069 = DIRECTION('',(1.,0.,-0.));
#2070 = ADVANCED_FACE('',(#2071),#2126,.F.);
#2071 = FACE_BOUND('',#2072,.F.);
#2072 = EDGE_LOOP('',(#2073,#2084,#2090,#2091,#2092,#2093,#2094,#2103,
    #2111,#2120));
#2073 = ORIENTED_EDGE('',*,*,#2074,.T.);
#2074 = EDGE_CURVE('',#2075,#2077,#2079,.T.);
#2075 = VERTEX_POINT('',#2076);
#2076 = CARTESIAN_POINT('',(-53.64392822227,-60.9,109.4));
#2077 = VERTEX_POINT('',#2078);
#2078 = CARTESIAN_POINT('',(-50.25,-61.5,109.4));
#2079 = CIRCLE('',#2080,1.75);
#2080 = AXIS2_PLACEMENT_3D('',#2081,#2082,#2083);
#2081 = CARTESIAN_POINT('',(-52.,-61.5,109.4));
#2082 = DIRECTION('',(0.,0.,1.));
#2083 = DIRECTION('',(1.,0.,-0.));
#2084 = ORIENTED_EDGE('',*,*,#2085,.T.);
#2085 = EDGE_CURVE('',#2077,#873,#2086,.T.);
#2086 = LINE('',#2087,#2088);
#2087 = CARTESIAN_POINT('',(-50.25,-61.5,97.));
#2088 = VECTOR('',#2089,1.);
#2089 = DIRECTION('',(0.,0.,1.));
#2090 = ORIENTED_EDGE('',*,*,#872,.F.);
#2091 = ORIENTED_EDGE('',*,*,#2059,.F.);
#2092 = ORIENTED_EDGE('',*,*,#889,.F.);
#2093 = ORIENTED_EDGE('',*,*,#2085,.F.);
#2094 = ORIENTED_EDGE('',*,*,#2095,.T.);
#2095 = EDGE_CURVE('',#2077,#2096,#2098,.T.);
#2096 = VERTEX_POINT('',#2097);
#2097 = CARTESIAN_POINT('',(-50.35607177772,-60.9,109.4));
#2098 = CIRCLE('',#2099,1.75);
#2099 = AXIS2_PLACEMENT_3D('',#2100,#2101,#2102);
#2100 = CARTESIAN_POINT('',(-52.,-61.5,109.4));
#2101 = DIRECTION('',(0.,0.,1.));
#2102 = DIRECTION('',(1.,0.,-0.));
#2103 = ORIENTED_EDGE('',*,*,#2104,.T.);
#2104 = EDGE_CURVE('',#2096,#2105,#2107,.T.);
#2105 = VERTEX_POINT('',#2106);
#2106 = CARTESIAN_POINT('',(-50.35607177772,-60.9,109.67703343773));
#2107 = LINE('',#2108,#2109);
#2108 = CARTESIAN_POINT('',(-50.35607177772,-60.9,97.));
#2109 = VECTOR('',#2110,1.);
#2110 = DIRECTION('',(0.,0.,1.));
#2111 = ORIENTED_EDGE('',*,*,#2112,.T.);
#2112 = EDGE_CURVE('',#2105,#2113,#2115,.T.);
#2113 = VERTEX_POINT('',#2114);
#2114 = CARTESIAN_POINT('',(-53.64392822227,-60.9,109.67703343773));
#2115 = CIRCLE('',#2116,1.75);
#2116 = AXIS2_PLACEMENT_3D('',#2117,#2118,#2119);
#2117 = CARTESIAN_POINT('',(-52.,-61.5,109.67703343773));
#2118 = DIRECTION('',(0.,0.,1.));
#2119 = DIRECTION('',(1.,0.,-0.));
#2120 = ORIENTED_EDGE('',*,*,#2121,.F.);
#2121 = EDGE_CURVE('',#2075,#2113,#2122,.T.);
#2122 = LINE('',#2123,#2124);
#2123 = CARTESIAN_POINT('',(-53.64392822227,-60.9,97.));
#2124 = VECTOR('',#2125,1.);
#2125 = DIRECTION('',(0.,0.,1.));
#2126 = CYLINDRICAL_SURFACE('',#2127,1.75);
#2127 = AXIS2_PLACEMENT_3D('',#2128,#2129,#2130);
#2128 = CARTESIAN_POINT('',(-52.,-61.5,97.));
#2129 = DIRECTION('',(0.,0.,1.));
#2130 = DIRECTION('',(1.,0.,-0.));
#2131 = ADVANCED_FACE('',(#2132,#2135,#2146,#2157,#2168),#2179,.T.);
#2132 = FACE_BOUND('',#2133,.T.);
#2133 = EDGE_LOOP('',(#2134));
#2134 = ORIENTED_EDGE('',*,*,#937,.T.);
#2135 = FACE_BOUND('',#2136,.T.);
#2136 = EDGE_LOOP('',(#2137));
#2137 = ORIENTED_EDGE('',*,*,#2138,.F.);
#2138 = EDGE_CURVE('',#2139,#2139,#2141,.T.);
#2139 = VERTEX_POINT('',#2140);
#2140 = CARTESIAN_POINT('',(-3.989419162443,-53.5,190.5));
#2141 = CIRCLE('',#2142,1.75);
#2142 = AXIS2_PLACEMENT_3D('',#2143,#2144,#2145);
#2143 = CARTESIAN_POINT('',(-3.989419162443,-53.5,188.75));
#2144 = DIRECTION('',(0.,1.,0.));
#2145 = DIRECTION('',(0.,-0.,1.));
#2146 = FACE_BOUND('',#2147,.T.);
#2147 = EDGE_LOOP('',(#2148));
#2148 = ORIENTED_EDGE('',*,*,#2149,.F.);
#2149 = EDGE_CURVE('',#2150,#2150,#2152,.T.);
#2150 = VERTEX_POINT('',#2151);
#2151 = CARTESIAN_POINT('',(10.3,-53.5,204.5));
#2152 = CIRCLE('',#2153,7.5);
#2153 = AXIS2_PLACEMENT_3D('',#2154,#2155,#2156);
#2154 = CARTESIAN_POINT('',(10.3,-53.5,197.));
#2155 = DIRECTION('',(0.,1.,0.));
#2156 = DIRECTION('',(0.,-0.,1.));
#2157 = FACE_BOUND('',#2158,.T.);
#2158 = EDGE_LOOP('',(#2159));
#2159 = ORIENTED_EDGE('',*,*,#2160,.F.);
#2160 = EDGE_CURVE('',#2161,#2161,#2163,.T.);
#2161 = VERTEX_POINT('',#2162);
#2162 = CARTESIAN_POINT('',(24.589419162443,-53.5,190.5));
#2163 = CIRCLE('',#2164,1.75);
#2164 = AXIS2_PLACEMENT_3D('',#2165,#2166,#2167);
#2165 = CARTESIAN_POINT('',(24.589419162443,-53.5,188.75));
#2166 = DIRECTION('',(0.,1.,0.));
#2167 = DIRECTION('',(0.,-0.,1.));
#2168 = FACE_BOUND('',#2169,.T.);
#2169 = EDGE_LOOP('',(#2170));
#2170 = ORIENTED_EDGE('',*,*,#2171,.F.);
#2171 = EDGE_CURVE('',#2172,#2172,#2174,.T.);
#2172 = VERTEX_POINT('',#2173);
#2173 = CARTESIAN_POINT('',(10.3,-53.5,215.25));
#2174 = CIRCLE('',#2175,1.75);
#2175 = AXIS2_PLACEMENT_3D('',#2176,#2177,#2178);
#2176 = CARTESIAN_POINT('',(10.3,-53.5,213.5));
#2177 = DIRECTION('',(0.,1.,0.));
#2178 = DIRECTION('',(0.,-0.,1.));
#2179 = PLANE('',#2180);
#2180 = AXIS2_PLACEMENT_3D('',#2181,#2182,#2183);
#2181 = CARTESIAN_POINT('',(10.3,-53.5,197.));
#2182 = DIRECTION('',(0.,1.,0.));
#2183 = DIRECTION('',(0.,-0.,1.));
#2184 = ADVANCED_FACE('',(#2185),#2196,.T.);
#2185 = FACE_BOUND('',#2186,.T.);
#2186 = EDGE_LOOP('',(#2187,#2188,#2194,#2195));
#2187 = ORIENTED_EDGE('',*,*,#1425,.T.);
#2188 = ORIENTED_EDGE('',*,*,#2189,.T.);
#2189 = EDGE_CURVE('',#1418,#1825,#2190,.T.);
#2190 = LINE('',#2191,#2192);
#2191 = CARTESIAN_POINT('',(52.,-69.5,111.));
#2192 = VECTOR('',#2193,1.);
#2193 = DIRECTION('',(-0.,1.,0.));
#2194 = ORIENTED_EDGE('',*,*,#1824,.F.);
#2195 = ORIENTED_EDGE('',*,*,#1066,.F.);
#2196 = CYLINDRICAL_SURFACE('',#2197,3.);
#2197 = AXIS2_PLACEMENT_3D('',#2198,#2199,#2200);
#2198 = CARTESIAN_POINT('',(49.,-69.5,111.));
#2199 = DIRECTION('',(-0.,1.,0.));
#2200 = DIRECTION('',(0.,0.,1.));
#2201 = ADVANCED_FACE('',(#2202),#2229,.F.);
#2202 = FACE_BOUND('',#2203,.F.);
#2203 = EDGE_LOOP('',(#2204,#2213,#2219,#2220,#2227,#2228));
#2204 = ORIENTED_EDGE('',*,*,#2205,.T.);
#2205 = EDGE_CURVE('',#2206,#2206,#2208,.T.);
#2206 = VERTEX_POINT('',#2207);
#2207 = CARTESIAN_POINT('',(35.75,-61.5,109.4));
#2208 = CIRCLE('',#2209,1.75);
#2209 = AXIS2_PLACEMENT_3D('',#2210,#2211,#2212);
#2210 = CARTESIAN_POINT('',(34.,-61.5,109.4));
#2211 = DIRECTION('',(0.,0.,1.));
#2212 = DIRECTION('',(1.,0.,-0.));
#2213 = ORIENTED_EDGE('',*,*,#2214,.T.);
#2214 = EDGE_CURVE('',#2206,#1033,#2215,.T.);
#2215 = LINE('',#2216,#2217);
#2216 = CARTESIAN_POINT('',(35.75,-61.5,97.));
#2217 = VECTOR('',#2218,1.);
#2218 = DIRECTION('',(0.,0.,1.));
#2219 = ORIENTED_EDGE('',*,*,#1041,.F.);
#2220 = ORIENTED_EDGE('',*,*,#2221,.F.);
#2221 = EDGE_CURVE('',#1025,#1042,#2222,.T.);
#2222 = CIRCLE('',#2223,1.75);
#2223 = AXIS2_PLACEMENT_3D('',#2224,#2225,#2226);
#2224 = CARTESIAN_POINT('',(34.,-61.5,114.));
#2225 = DIRECTION('',(0.,0.,1.));
#2226 = DIRECTION('',(1.,0.,-0.));
#2227 = ORIENTED_EDGE('',*,*,#1032,.F.);
#2228 = ORIENTED_EDGE('',*,*,#2214,.F.);
#2229 = CYLINDRICAL_SURFACE('',#2230,1.75);
#2230 = AXIS2_PLACEMENT_3D('',#2231,#2232,#2233);
#2231 = CARTESIAN_POINT('',(34.,-61.5,97.));
#2232 = DIRECTION('',(0.,0.,1.));
#2233 = DIRECTION('',(1.,0.,-0.));
#2234 = ADVANCED_FACE('',(#2235,#2261),#2272,.F.);
#2235 = FACE_BOUND('',#2236,.F.);
#2236 = EDGE_LOOP('',(#2237,#2245,#2253,#2259,#2260));
#2237 = ORIENTED_EDGE('',*,*,#2238,.F.);
#2238 = EDGE_CURVE('',#2239,#1125,#2241,.T.);
#2239 = VERTEX_POINT('',#2240);
#2240 = CARTESIAN_POINT('',(23.033330249198,-63.9,193.05477494116));
#2241 = LINE('',#2242,#2243);
#2242 = CARTESIAN_POINT('',(23.033330249198,-63.9,193.05477494116));
#2243 = VECTOR('',#2244,1.);
#2244 = DIRECTION('',(0.866025403784,-5.551115123126E-17,-0.5));
#2245 = ORIENTED_EDGE('',*,*,#2246,.F.);
#2246 = EDGE_CURVE('',#2247,#2239,#2249,.T.);
#2247 = VERTEX_POINT('',#2248);
#2248 = CARTESIAN_POINT('',(20.083330249198,-63.9,187.94522505883));
#2249 = LINE('',#2250,#2251);
#2250 = CARTESIAN_POINT('',(20.083330249198,-63.9,187.94522505883));
#2251 = VECTOR('',#2252,1.);
#2252 = DIRECTION('',(0.5,2.22044604925E-16,0.866025403784));
#2253 = ORIENTED_EDGE('',*,*,#2254,.T.);
#2254 = EDGE_CURVE('',#2247,#1197,#2255,.T.);
#2255 = LINE('',#2256,#2257);
#2256 = CARTESIAN_POINT('',(20.083330249198,-63.9,187.94522505883));
#2257 = VECTOR('',#2258,1.);
#2258 = DIRECTION('',(0.866025403784,-5.551115123126E-17,-0.5));
#2259 = ORIENTED_EDGE('',*,*,#1204,.F.);
#2260 = ORIENTED_EDGE('',*,*,#1132,.T.);
#2261 = FACE_BOUND('',#2262,.F.);
#2262 = EDGE_LOOP('',(#2263));
#2263 = ORIENTED_EDGE('',*,*,#2264,.T.);
#2264 = EDGE_CURVE('',#2265,#2265,#2267,.T.);
#2265 = VERTEX_POINT('',#2266);
#2266 = CARTESIAN_POINT('',(24.589419162443,-63.9,190.5));
#2267 = CIRCLE('',#2268,1.75);
#2268 = AXIS2_PLACEMENT_3D('',#2269,#2270,#2271);
#2269 = CARTESIAN_POINT('',(24.589419162443,-63.9,188.75));
#2270 = DIRECTION('',(0.,1.,0.));
#2271 = DIRECTION('',(0.,-0.,1.));
#2272 = PLANE('',#2273);
#2273 = AXIS2_PLACEMENT_3D('',#2274,#2275,#2276);
#2274 = CARTESIAN_POINT('',(20.083330249198,-63.9,187.94522505883));
#2275 = DIRECTION('',(6.294823530293E-17,-1.,2.20051844254E-16));
#2276 = DIRECTION('',(0.866025403784,-5.551115123126E-17,-0.5));
#2277 = ADVANCED_FACE('',(#2278),#2296,.F.);
#2278 = FACE_BOUND('',#2279,.F.);
#2279 = EDGE_LOOP('',(#2280,#2288,#2294,#2295));
#2280 = ORIENTED_EDGE('',*,*,#2281,.F.);
#2281 = EDGE_CURVE('',#2282,#1116,#2284,.T.);
#2282 = VERTEX_POINT('',#2283);
#2283 = CARTESIAN_POINT('',(23.033330249198,-61.1,193.05477494116));
#2284 = LINE('',#2285,#2286);
#2285 = CARTESIAN_POINT('',(23.033330249198,-61.1,193.05477494116));
#2286 = VECTOR('',#2287,1.);
#2287 = DIRECTION('',(0.866025403784,-5.551115123126E-17,-0.5));
#2288 = ORIENTED_EDGE('',*,*,#2289,.T.);
#2289 = EDGE_CURVE('',#2282,#2239,#2290,.T.);
#2290 = LINE('',#2291,#2292);
#2291 = CARTESIAN_POINT('',(23.033330249198,-61.1,193.05477494116));
#2292 = VECTOR('',#2293,1.);
#2293 = DIRECTION('',(6.294823530293E-17,-1.,2.20051844254E-16));
#2294 = ORIENTED_EDGE('',*,*,#2238,.T.);
#2295 = ORIENTED_EDGE('',*,*,#1124,.T.);
#2296 = PLANE('',#2297);
#2297 = AXIS2_PLACEMENT_3D('',#2298,#2299,#2300);
#2298 = CARTESIAN_POINT('',(23.033330249198,-61.1,193.05477494116));
#2299 = DIRECTION('',(0.5,2.22044604925E-16,0.866025403784));
#2300 = DIRECTION('',(6.294823530293E-17,-1.,2.20051844254E-16));
#2301 = ADVANCED_FACE('',(#2302,#2321),#2332,.T.);
#2302 = FACE_BOUND('',#2303,.T.);
#2303 = EDGE_LOOP('',(#2304,#2305,#2313,#2319,#2320));
#2304 = ORIENTED_EDGE('',*,*,#2281,.F.);
#2305 = ORIENTED_EDGE('',*,*,#2306,.F.);
#2306 = EDGE_CURVE('',#2307,#2282,#2309,.T.);
#2307 = VERTEX_POINT('',#2308);
#2308 = CARTESIAN_POINT('',(20.083330249198,-61.1,187.94522505883));
#2309 = LINE('',#2310,#2311);
#2310 = CARTESIAN_POINT('',(20.083330249198,-61.1,187.94522505883));
#2311 = VECTOR('',#2312,1.);
#2312 = DIRECTION('',(0.5,2.22044604925E-16,0.866025403784));
#2313 = ORIENTED_EDGE('',*,*,#2314,.T.);
#2314 = EDGE_CURVE('',#2307,#1189,#2315,.T.);
#2315 = LINE('',#2316,#2317);
#2316 = CARTESIAN_POINT('',(20.083330249198,-61.1,187.94522505883));
#2317 = VECTOR('',#2318,1.);
#2318 = DIRECTION('',(0.866025403784,-5.551115123126E-17,-0.5));
#2319 = ORIENTED_EDGE('',*,*,#1188,.F.);
#2320 = ORIENTED_EDGE('',*,*,#1115,.T.);
#2321 = FACE_BOUND('',#2322,.T.);
#2322 = EDGE_LOOP('',(#2323));
#2323 = ORIENTED_EDGE('',*,*,#2324,.T.);
#2324 = EDGE_CURVE('',#2325,#2325,#2327,.T.);
#2325 = VERTEX_POINT('',#2326);
#2326 = CARTESIAN_POINT('',(24.589419162443,-61.1,190.5));
#2327 = CIRCLE('',#2328,1.75);
#2328 = AXIS2_PLACEMENT_3D('',#2329,#2330,#2331);
#2329 = CARTESIAN_POINT('',(24.589419162443,-61.1,188.75));
#2330 = DIRECTION('',(0.,1.,0.));
#2331 = DIRECTION('',(0.,-0.,1.));
#2332 = PLANE('',#2333);
#2333 = AXIS2_PLACEMENT_3D('',#2334,#2335,#2336);
#2334 = CARTESIAN_POINT('',(20.083330249198,-61.1,187.94522505883));
#2335 = DIRECTION('',(6.294823530293E-17,-1.,2.20051844254E-16));
#2336 = DIRECTION('',(0.866025403784,-5.551115123126E-17,-0.5));
#2337 = ADVANCED_FACE('',(#2338),#2342,.F.);
#2338 = FACE_BOUND('',#2339,.F.);
#2339 = EDGE_LOOP('',(#2340,#2341));
#2340 = ORIENTED_EDGE('',*,*,#1157,.T.);
#2341 = ORIENTED_EDGE('',*,*,#2221,.T.);
#2342 = PLANE('',#2343);
#2343 = AXIS2_PLACEMENT_3D('',#2344,#2345,#2346);
#2344 = CARTESIAN_POINT('',(34.,-61.5,114.));
#2345 = DIRECTION('',(0.,0.,1.));
#2346 = DIRECTION('',(1.,0.,-0.));
#2347 = ADVANCED_FACE('',(#2348),#2359,.T.);
#2348 = FACE_BOUND('',#2349,.T.);
#2349 = EDGE_LOOP('',(#2350,#2351,#2357,#2358));
#2350 = ORIENTED_EDGE('',*,*,#2314,.F.);
#2351 = ORIENTED_EDGE('',*,*,#2352,.T.);
#2352 = EDGE_CURVE('',#2307,#2247,#2353,.T.);
#2353 = LINE('',#2354,#2355);
#2354 = CARTESIAN_POINT('',(20.083330249198,-61.1,187.94522505883));
#2355 = VECTOR('',#2356,1.);
#2356 = DIRECTION('',(6.294823530293E-17,-1.,2.20051844254E-16));
#2357 = ORIENTED_EDGE('',*,*,#2254,.T.);
#2358 = ORIENTED_EDGE('',*,*,#1196,.F.);
#2359 = PLANE('',#2360);
#2360 = AXIS2_PLACEMENT_3D('',#2361,#2362,#2363);
#2361 = CARTESIAN_POINT('',(20.083330249198,-61.1,187.94522505883));
#2362 = DIRECTION('',(0.5,2.22044604925E-16,0.866025403784));
#2363 = DIRECTION('',(6.294823530293E-17,-1.,2.20051844254E-16));
#2364 = ADVANCED_FACE('',(#2365),#2376,.T.);
#2365 = FACE_BOUND('',#2366,.T.);
#2366 = EDGE_LOOP('',(#2367,#2368,#2374,#2375));
#2367 = ORIENTED_EDGE('',*,*,#1415,.F.);
#2368 = ORIENTED_EDGE('',*,*,#2369,.T.);
#2369 = EDGE_CURVE('',#1416,#1834,#2370,.T.);
#2370 = LINE('',#2371,#2372);
#2371 = CARTESIAN_POINT('',(52.,-69.5,103.));
#2372 = VECTOR('',#2373,1.);
#2373 = DIRECTION('',(-0.,1.,0.));
#2374 = ORIENTED_EDGE('',*,*,#1833,.T.);
#2375 = ORIENTED_EDGE('',*,*,#2189,.F.);
#2376 = PLANE('',#2377);
#2377 = AXIS2_PLACEMENT_3D('',#2378,#2379,#2380);
#2378 = CARTESIAN_POINT('',(52.,-69.5,100.));
#2379 = DIRECTION('',(1.,0.,-0.));
#2380 = DIRECTION('',(0.,0.,1.));
#2381 = ADVANCED_FACE('',(#2382),#2393,.T.);
#2382 = FACE_BOUND('',#2383,.F.);
#2383 = EDGE_LOOP('',(#2384,#2385,#2386,#2387));
#2384 = ORIENTED_EDGE('',*,*,#1464,.T.);
#2385 = ORIENTED_EDGE('',*,*,#2369,.T.);
#2386 = ORIENTED_EDGE('',*,*,#1841,.F.);
#2387 = ORIENTED_EDGE('',*,*,#2388,.F.);
#2388 = EDGE_CURVE('',#1457,#1804,#2389,.T.);
#2389 = LINE('',#2390,#2391);
#2390 = CARTESIAN_POINT('',(49.,-69.5,100.));
#2391 = VECTOR('',#2392,1.);
#2392 = DIRECTION('',(-0.,1.,0.));
#2393 = CYLINDRICAL_SURFACE('',#2394,3.);
#2394 = AXIS2_PLACEMENT_3D('',#2395,#2396,#2397);
#2395 = CARTESIAN_POINT('',(49.,-69.5,103.));
#2396 = DIRECTION('',(-0.,1.,0.));
#2397 = DIRECTION('',(-0.,0.,-1.));
#2398 = ADVANCED_FACE('',(#2399,#2405,#2439),#2450,.F.);
#2399 = FACE_BOUND('',#2400,.F.);
#2400 = EDGE_LOOP('',(#2401,#2402,#2403,#2404));
#2401 = ORIENTED_EDGE('',*,*,#1803,.F.);
#2402 = ORIENTED_EDGE('',*,*,#1779,.F.);
#2403 = ORIENTED_EDGE('',*,*,#1456,.T.);
#2404 = ORIENTED_EDGE('',*,*,#2388,.T.);
#2405 = FACE_BOUND('',#2406,.F.);
#2406 = EDGE_LOOP('',(#2407,#2417,#2425,#2433));
#2407 = ORIENTED_EDGE('',*,*,#2408,.F.);
#2408 = EDGE_CURVE('',#2409,#2411,#2413,.T.);
#2409 = VERTEX_POINT('',#2410);
#2410 = CARTESIAN_POINT('',(-56.,-65.5,100.));
#2411 = VERTEX_POINT('',#2412);
#2412 = CARTESIAN_POINT('',(32.,-65.5,100.));
#2413 = LINE('',#2414,#2415);
#2414 = CARTESIAN_POINT('',(-56.,-65.5,100.));
#2415 = VECTOR('',#2416,1.);
#2416 = DIRECTION('',(1.,0.,-0.));
#2417 = ORIENTED_EDGE('',*,*,#2418,.T.);
#2418 = EDGE_CURVE('',#2409,#2419,#2421,.T.);
#2419 = VERTEX_POINT('',#2420);
#2420 = CARTESIAN_POINT('',(-56.,-57.5,100.));
#2421 = LINE('',#2422,#2423);
#2422 = CARTESIAN_POINT('',(-56.,-65.5,100.));
#2423 = VECTOR('',#2424,1.);
#2424 = DIRECTION('',(-0.,1.,0.));
#2425 = ORIENTED_EDGE('',*,*,#2426,.T.);
#2426 = EDGE_CURVE('',#2419,#2427,#2429,.T.);
#2427 = VERTEX_POINT('',#2428);
#2428 = CARTESIAN_POINT('',(32.,-57.5,100.));
#2429 = LINE('',#2430,#2431);
#2430 = CARTESIAN_POINT('',(-56.,-57.5,100.));
#2431 = VECTOR('',#2432,1.);
#2432 = DIRECTION('',(1.,0.,-0.));
#2433 = ORIENTED_EDGE('',*,*,#2434,.F.);
#2434 = EDGE_CURVE('',#2411,#2427,#2435,.T.);
#2435 = LINE('',#2436,#2437);
#2436 = CARTESIAN_POINT('',(32.,-65.5,100.));
#2437 = VECTOR('',#2438,1.);
#2438 = DIRECTION('',(-0.,1.,0.));
#2439 = FACE_BOUND('',#2440,.F.);
#2440 = EDGE_LOOP('',(#2441));
#2441 = ORIENTED_EDGE('',*,*,#2442,.F.);
#2442 = EDGE_CURVE('',#2443,#2443,#2445,.T.);
#2443 = VERTEX_POINT('',#2444);
#2444 = CARTESIAN_POINT('',(35.75,-61.5,100.));
#2445 = CIRCLE('',#2446,1.75);
#2446 = AXIS2_PLACEMENT_3D('',#2447,#2448,#2449);
#2447 = CARTESIAN_POINT('',(34.,-61.5,100.));
#2448 = DIRECTION('',(0.,0.,1.));
#2449 = DIRECTION('',(1.,0.,-0.));
#2450 = PLANE('',#2451);
#2451 = AXIS2_PLACEMENT_3D('',#2452,#2453,#2454);
#2452 = CARTESIAN_POINT('',(-76.,-69.5,100.));
#2453 = DIRECTION('',(0.,0.,1.));
#2454 = DIRECTION('',(1.,0.,-0.));
#2455 = ADVANCED_FACE('',(#2456),#2482,.F.);
#2456 = FACE_BOUND('',#2457,.F.);
#2457 = EDGE_LOOP('',(#2458,#2469,#2475,#2476));
#2458 = ORIENTED_EDGE('',*,*,#2459,.F.);
#2459 = EDGE_CURVE('',#2460,#2462,#2464,.T.);
#2460 = VERTEX_POINT('',#2461);
#2461 = CARTESIAN_POINT('',(-44.2,-60.9,139.32703343773));
#2462 = VERTEX_POINT('',#2463);
#2463 = CARTESIAN_POINT('',(-44.2,-60.9,135.82703343773));
#2464 = CIRCLE('',#2465,1.75);
#2465 = AXIS2_PLACEMENT_3D('',#2466,#2467,#2468);
#2466 = CARTESIAN_POINT('',(-44.2,-60.9,137.57703343773));
#2467 = DIRECTION('',(0.,1.,0.));
#2468 = DIRECTION('',(0.,-0.,1.));
#2469 = ORIENTED_EDGE('',*,*,#2470,.F.);
#2470 = EDGE_CURVE('',#1474,#2460,#2471,.T.);
#2471 = LINE('',#2472,#2473);
#2472 = CARTESIAN_POINT('',(-44.2,-71.5,139.32703343773));
#2473 = VECTOR('',#2474,1.);
#2474 = DIRECTION('',(-0.,1.,0.));
#2475 = ORIENTED_EDGE('',*,*,#1473,.T.);
#2476 = ORIENTED_EDGE('',*,*,#2477,.T.);
#2477 = EDGE_CURVE('',#1476,#2462,#2478,.T.);
#2478 = LINE('',#2479,#2480);
#2479 = CARTESIAN_POINT('',(-44.2,-71.5,135.82703343773));
#2480 = VECTOR('',#2481,1.);
#2481 = DIRECTION('',(-0.,1.,0.));
#2482 = CYLINDRICAL_SURFACE('',#2483,1.75);
#2483 = AXIS2_PLACEMENT_3D('',#2484,#2485,#2486);
#2484 = CARTESIAN_POINT('',(-44.2,-71.5,137.57703343773));
#2485 = DIRECTION('',(0.,1.,0.));
#2486 = DIRECTION('',(0.,-0.,1.));
#2487 = ADVANCED_FACE('',(#2488),#2506,.F.);
#2488 = FACE_BOUND('',#2489,.F.);
#2489 = EDGE_LOOP('',(#2490,#2498,#2499,#2500));
#2490 = ORIENTED_EDGE('',*,*,#2491,.F.);
#2491 = EDGE_CURVE('',#1493,#2492,#2494,.T.);
#2492 = VERTEX_POINT('',#2493);
#2493 = CARTESIAN_POINT('',(-58.2,-60.9,139.32703343773));
#2494 = LINE('',#2495,#2496);
#2495 = CARTESIAN_POINT('',(-58.2,-71.5,139.32703343773));
#2496 = VECTOR('',#2497,1.);
#2497 = DIRECTION('',(-0.,1.,0.));
#2498 = ORIENTED_EDGE('',*,*,#1501,.F.);
#2499 = ORIENTED_EDGE('',*,*,#2470,.T.);
#2500 = ORIENTED_EDGE('',*,*,#2501,.T.);
#2501 = EDGE_CURVE('',#2460,#2492,#2502,.T.);
#2502 = LINE('',#2503,#2504);
#2503 = CARTESIAN_POINT('',(-58.2,-60.9,139.32703343773));
#2504 = VECTOR('',#2505,1.);
#2505 = DIRECTION('',(-1.,-0.,0.));
#2506 = PLANE('',#2507);
#2507 = AXIS2_PLACEMENT_3D('',#2508,#2509,#2510);
#2508 = CARTESIAN_POINT('',(-58.2,-71.5,139.32703343773));
#2509 = DIRECTION('',(0.,0.,1.));
#2510 = DIRECTION('',(1.,0.,-0.));
#2511 = ADVANCED_FACE('',(#2512),#2530,.T.);
#2512 = FACE_BOUND('',#2513,.T.);
#2513 = EDGE_LOOP('',(#2514,#2522,#2523,#2524));
#2514 = ORIENTED_EDGE('',*,*,#2515,.F.);
#2515 = EDGE_CURVE('',#1485,#2516,#2518,.T.);
#2516 = VERTEX_POINT('',#2517);
#2517 = CARTESIAN_POINT('',(-58.2,-60.9,135.82703343773));
#2518 = LINE('',#2519,#2520);
#2519 = CARTESIAN_POINT('',(-58.2,-71.5,135.82703343773));
#2520 = VECTOR('',#2521,1.);
#2521 = DIRECTION('',(-0.,1.,0.));
#2522 = ORIENTED_EDGE('',*,*,#1484,.F.);
#2523 = ORIENTED_EDGE('',*,*,#2477,.T.);
#2524 = ORIENTED_EDGE('',*,*,#2525,.T.);
#2525 = EDGE_CURVE('',#2462,#2516,#2526,.T.);
#2526 = LINE('',#2527,#2528);
#2527 = CARTESIAN_POINT('',(-58.2,-60.9,135.82703343773));
#2528 = VECTOR('',#2529,1.);
#2529 = DIRECTION('',(-1.,-0.,0.));
#2530 = PLANE('',#2531);
#2531 = AXIS2_PLACEMENT_3D('',#2532,#2533,#2534);
#2532 = CARTESIAN_POINT('',(-58.2,-71.5,135.82703343773));
#2533 = DIRECTION('',(0.,0.,1.));
#2534 = DIRECTION('',(1.,0.,-0.));
#2535 = ADVANCED_FACE('',(#2536),#2548,.F.);
#2536 = FACE_BOUND('',#2537,.F.);
#2537 = EDGE_LOOP('',(#2538,#2539,#2540,#2541));
#2538 = ORIENTED_EDGE('',*,*,#2515,.F.);
#2539 = ORIENTED_EDGE('',*,*,#1492,.T.);
#2540 = ORIENTED_EDGE('',*,*,#2491,.T.);
#2541 = ORIENTED_EDGE('',*,*,#2542,.F.);
#2542 = EDGE_CURVE('',#2516,#2492,#2543,.T.);
#2543 = CIRCLE('',#2544,1.75);
#2544 = AXIS2_PLACEMENT_3D('',#2545,#2546,#2547);
#2545 = CARTESIAN_POINT('',(-58.2,-60.9,137.57703343773));
#2546 = DIRECTION('',(0.,1.,0.));
#2547 = DIRECTION('',(0.,-0.,1.));
#2548 = CYLINDRICAL_SURFACE('',#2549,1.75);
#2549 = AXIS2_PLACEMENT_3D('',#2550,#2551,#2552);
#2550 = CARTESIAN_POINT('',(-58.2,-71.5,137.57703343773));
#2551 = DIRECTION('',(0.,1.,0.));
#2552 = DIRECTION('',(0.,-0.,1.));
#2553 = ADVANCED_FACE('',(#2554),#2579,.F.);
#2554 = FACE_BOUND('',#2555,.F.);
#2555 = EDGE_LOOP('',(#2556,#2564,#2572,#2578));
#2556 = ORIENTED_EDGE('',*,*,#2557,.F.);
#2557 = EDGE_CURVE('',#2558,#1510,#2560,.T.);
#2558 = VERTEX_POINT('',#2559);
#2559 = CARTESIAN_POINT('',(-49.05,-60.9,108.32703343773));
#2560 = LINE('',#2561,#2562);
#2561 = CARTESIAN_POINT('',(-49.05,-64.75,108.32703343773));
#2562 = VECTOR('',#2563,1.);
#2563 = DIRECTION('',(2.22044604925E-16,-1.,0.));
#2564 = ORIENTED_EDGE('',*,*,#2565,.T.);
#2565 = EDGE_CURVE('',#2558,#2566,#2568,.T.);
#2566 = VERTEX_POINT('',#2567);
#2567 = CARTESIAN_POINT('',(-49.05,-60.9,109.4));
#2568 = LINE('',#2569,#2570);
#2569 = CARTESIAN_POINT('',(-49.05,-60.9,105.03851671886));
#2570 = VECTOR('',#2571,1.);
#2571 = DIRECTION('',(0.,-0.,1.));
#2572 = ORIENTED_EDGE('',*,*,#2573,.T.);
#2573 = EDGE_CURVE('',#2566,#1512,#2574,.T.);
#2574 = LINE('',#2575,#2576);
#2575 = CARTESIAN_POINT('',(-49.05,-58.,109.4));
#2576 = VECTOR('',#2577,1.);
#2577 = DIRECTION('',(2.22044604925E-16,-1.,0.));
#2578 = ORIENTED_EDGE('',*,*,#1509,.F.);
#2579 = PLANE('',#2580);
#2580 = AXIS2_PLACEMENT_3D('',#2581,#2582,#2583);
#2581 = CARTESIAN_POINT('',(-49.05,-58.,106.6));
#2582 = DIRECTION('',(1.,2.22044604925E-16,0.));
#2583 = DIRECTION('',(0.,0.,1.));
#2584 = ADVANCED_FACE('',(#2585),#2603,.F.);
#2585 = FACE_BOUND('',#2586,.F.);
#2586 = EDGE_LOOP('',(#2587,#2595,#2596,#2597));
#2587 = ORIENTED_EDGE('',*,*,#2588,.T.);
#2588 = EDGE_CURVE('',#2589,#2558,#2591,.T.);
#2589 = VERTEX_POINT('',#2590);
#2590 = CARTESIAN_POINT('',(-44.2,-60.9,108.32703343773));
#2591 = LINE('',#2592,#2593);
#2592 = CARTESIAN_POINT('',(-58.2,-60.9,108.32703343773));
#2593 = VECTOR('',#2594,1.);
#2594 = DIRECTION('',(-1.,-0.,0.));
#2595 = ORIENTED_EDGE('',*,*,#2557,.T.);
#2596 = ORIENTED_EDGE('',*,*,#1519,.F.);
#2597 = ORIENTED_EDGE('',*,*,#2598,.T.);
#2598 = EDGE_CURVE('',#1520,#2589,#2599,.T.);
#2599 = LINE('',#2600,#2601);
#2600 = CARTESIAN_POINT('',(-44.2,-71.5,108.32703343773));
#2601 = VECTOR('',#2602,1.);
#2602 = DIRECTION('',(-0.,1.,0.));
#2603 = PLANE('',#2604);
#2604 = AXIS2_PLACEMENT_3D('',#2605,#2606,#2607);
#2605 = CARTESIAN_POINT('',(-58.2,-71.5,108.32703343773));
#2606 = DIRECTION('',(0.,0.,1.));
#2607 = DIRECTION('',(1.,0.,-0.));
#2608 = ADVANCED_FACE('',(#2609),#2635,.F.);
#2609 = FACE_BOUND('',#2610,.F.);
#2610 = EDGE_LOOP('',(#2611,#2612,#2618,#2619,#2620,#2628,#2634));
#2611 = ORIENTED_EDGE('',*,*,#2573,.F.);
#2612 = ORIENTED_EDGE('',*,*,#2613,.T.);
#2613 = EDGE_CURVE('',#2566,#2096,#2614,.T.);
#2614 = LINE('',#2615,#2616);
#2615 = CARTESIAN_POINT('',(-56.575,-60.9,109.4));
#2616 = VECTOR('',#2617,1.);
#2617 = DIRECTION('',(-1.,-0.,0.));
#2618 = ORIENTED_EDGE('',*,*,#2095,.F.);
#2619 = ORIENTED_EDGE('',*,*,#2074,.F.);
#2620 = ORIENTED_EDGE('',*,*,#2621,.T.);
#2621 = EDGE_CURVE('',#2075,#2622,#2624,.T.);
#2622 = VERTEX_POINT('',#2623);
#2623 = CARTESIAN_POINT('',(-54.95,-60.9,109.4));
#2624 = LINE('',#2625,#2626);
#2625 = CARTESIAN_POINT('',(-56.575,-60.9,109.4));
#2626 = VECTOR('',#2627,1.);
#2627 = DIRECTION('',(-1.,-0.,0.));
#2628 = ORIENTED_EDGE('',*,*,#2629,.T.);
#2629 = EDGE_CURVE('',#2622,#1562,#2630,.T.);
#2630 = LINE('',#2631,#2632);
#2631 = CARTESIAN_POINT('',(-54.95,-58.,109.4));
#2632 = VECTOR('',#2633,1.);
#2633 = DIRECTION('',(2.22044604925E-16,-1.,0.));
#2634 = ORIENTED_EDGE('',*,*,#1569,.F.);
#2635 = PLANE('',#2636);
#2636 = AXIS2_PLACEMENT_3D('',#2637,#2638,#2639);
#2637 = CARTESIAN_POINT('',(-54.95,-58.,109.4));
#2638 = DIRECTION('',(0.,0.,1.));
#2639 = DIRECTION('',(2.22044604925E-16,-1.,0.));
#2640 = ADVANCED_FACE('',(#2641),#2660,.F.);
#2641 = FACE_BOUND('',#2642,.F.);
#2642 = EDGE_LOOP('',(#2643,#2652,#2653,#2654));
#2643 = ORIENTED_EDGE('',*,*,#2644,.F.);
#2644 = EDGE_CURVE('',#2589,#2645,#2647,.T.);
#2645 = VERTEX_POINT('',#2646);
#2646 = CARTESIAN_POINT('',(-44.2,-60.9,104.82703343773));
#2647 = CIRCLE('',#2648,1.75);
#2648 = AXIS2_PLACEMENT_3D('',#2649,#2650,#2651);
#2649 = CARTESIAN_POINT('',(-44.2,-60.9,106.57703343773));
#2650 = DIRECTION('',(0.,1.,0.));
#2651 = DIRECTION('',(0.,-0.,1.));
#2652 = ORIENTED_EDGE('',*,*,#2598,.F.);
#2653 = ORIENTED_EDGE('',*,*,#1527,.T.);
#2654 = ORIENTED_EDGE('',*,*,#2655,.T.);
#2655 = EDGE_CURVE('',#1528,#2645,#2656,.T.);
#2656 = LINE('',#2657,#2658);
#2657 = CARTESIAN_POINT('',(-44.2,-71.5,104.82703343773));
#2658 = VECTOR('',#2659,1.);
#2659 = DIRECTION('',(-0.,1.,0.));
#2660 = CYLINDRICAL_SURFACE('',#2661,1.75);
#2661 = AXIS2_PLACEMENT_3D('',#2662,#2663,#2664);
#2662 = CARTESIAN_POINT('',(-44.2,-71.5,106.57703343773));
#2663 = DIRECTION('',(0.,1.,0.));
#2664 = DIRECTION('',(0.,-0.,1.));
#2665 = ADVANCED_FACE('',(#2666),#2684,.T.);
#2666 = FACE_BOUND('',#2667,.T.);
#2667 = EDGE_LOOP('',(#2668,#2676,#2682,#2683));
#2668 = ORIENTED_EDGE('',*,*,#2669,.F.);
#2669 = EDGE_CURVE('',#2670,#1554,#2672,.T.);
#2670 = VERTEX_POINT('',#2671);
#2671 = CARTESIAN_POINT('',(-54.95,-60.9,108.32703343773));
#2672 = LINE('',#2673,#2674);
#2673 = CARTESIAN_POINT('',(-54.95,-64.75,108.32703343773));
#2674 = VECTOR('',#2675,1.);
#2675 = DIRECTION('',(2.22044604925E-16,-1.,0.));
#2676 = ORIENTED_EDGE('',*,*,#2677,.T.);
#2677 = EDGE_CURVE('',#2670,#2622,#2678,.T.);
#2678 = LINE('',#2679,#2680);
#2679 = CARTESIAN_POINT('',(-54.95,-60.9,105.03851671886));
#2680 = VECTOR('',#2681,1.);
#2681 = DIRECTION('',(0.,-0.,1.));
#2682 = ORIENTED_EDGE('',*,*,#2629,.T.);
#2683 = ORIENTED_EDGE('',*,*,#1561,.F.);
#2684 = PLANE('',#2685);
#2685 = AXIS2_PLACEMENT_3D('',#2686,#2687,#2688);
#2686 = CARTESIAN_POINT('',(-54.95,-58.,106.6));
#2687 = DIRECTION('',(1.,2.22044604925E-16,0.));
#2688 = DIRECTION('',(0.,0.,1.));
#2689 = ADVANCED_FACE('',(#2690),#2734,.T.);
#2690 = FACE_BOUND('',#2691,.T.);
#2691 = EDGE_LOOP('',(#2692,#2700,#2701,#2702,#2710,#2719,#2728));
#2692 = ORIENTED_EDGE('',*,*,#2693,.F.);
#2693 = EDGE_CURVE('',#1537,#2694,#2696,.T.);
#2694 = VERTEX_POINT('',#2695);
#2695 = CARTESIAN_POINT('',(-58.2,-60.9,104.82703343773));
#2696 = LINE('',#2697,#2698);
#2697 = CARTESIAN_POINT('',(-58.2,-71.5,104.82703343773));
#2698 = VECTOR('',#2699,1.);
#2699 = DIRECTION('',(-0.,1.,0.));
#2700 = ORIENTED_EDGE('',*,*,#1536,.F.);
#2701 = ORIENTED_EDGE('',*,*,#2655,.T.);
#2702 = ORIENTED_EDGE('',*,*,#2703,.T.);
#2703 = EDGE_CURVE('',#2645,#2704,#2706,.T.);
#2704 = VERTEX_POINT('',#2705);
#2705 = CARTESIAN_POINT('',(-50.35607177772,-60.9,104.82703343773));
#2706 = LINE('',#2707,#2708);
#2707 = CARTESIAN_POINT('',(-58.2,-60.9,104.82703343773));
#2708 = VECTOR('',#2709,1.);
#2709 = DIRECTION('',(-1.,-0.,0.));
#2710 = ORIENTED_EDGE('',*,*,#2711,.F.);
#2711 = EDGE_CURVE('',#2712,#2704,#2714,.T.);
#2712 = VERTEX_POINT('',#2713);
#2713 = CARTESIAN_POINT('',(-50.25,-61.5,104.82703343773));
#2714 = CIRCLE('',#2715,1.75);
#2715 = AXIS2_PLACEMENT_3D('',#2716,#2717,#2718);
#2716 = CARTESIAN_POINT('',(-52.,-61.5,104.82703343773));
#2717 = DIRECTION('',(0.,0.,1.));
#2718 = DIRECTION('',(1.,0.,-0.));
#2719 = ORIENTED_EDGE('',*,*,#2720,.F.);
#2720 = EDGE_CURVE('',#2721,#2712,#2723,.T.);
#2721 = VERTEX_POINT('',#2722);
#2722 = CARTESIAN_POINT('',(-53.64392822227,-60.9,104.82703343773));
#2723 = CIRCLE('',#2724,1.75);
#2724 = AXIS2_PLACEMENT_3D('',#2725,#2726,#2727);
#2725 = CARTESIAN_POINT('',(-52.,-61.5,104.82703343773));
#2726 = DIRECTION('',(0.,0.,1.));
#2727 = DIRECTION('',(1.,0.,-0.));
#2728 = ORIENTED_EDGE('',*,*,#2729,.T.);
#2729 = EDGE_CURVE('',#2721,#2694,#2730,.T.);
#2730 = LINE('',#2731,#2732);
#2731 = CARTESIAN_POINT('',(-58.2,-60.9,104.82703343773));
#2732 = VECTOR('',#2733,1.);
#2733 = DIRECTION('',(-1.,-0.,0.));
#2734 = PLANE('',#2735);
#2735 = AXIS2_PLACEMENT_3D('',#2736,#2737,#2738);
#2736 = CARTESIAN_POINT('',(-58.2,-71.5,104.82703343773));
#2737 = DIRECTION('',(0.,0.,1.));
#2738 = DIRECTION('',(1.,0.,-0.));
#2739 = ADVANCED_FACE('',(#2740),#2758,.F.);
#2740 = FACE_BOUND('',#2741,.F.);
#2741 = EDGE_LOOP('',(#2742,#2750,#2751,#2752));
#2742 = ORIENTED_EDGE('',*,*,#2743,.F.);
#2743 = EDGE_CURVE('',#1545,#2744,#2746,.T.);
#2744 = VERTEX_POINT('',#2745);
#2745 = CARTESIAN_POINT('',(-58.2,-60.9,108.32703343773));
#2746 = LINE('',#2747,#2748);
#2747 = CARTESIAN_POINT('',(-58.2,-71.5,108.32703343773));
#2748 = VECTOR('',#2749,1.);
#2749 = DIRECTION('',(-0.,1.,0.));
#2750 = ORIENTED_EDGE('',*,*,#1553,.F.);
#2751 = ORIENTED_EDGE('',*,*,#2669,.F.);
#2752 = ORIENTED_EDGE('',*,*,#2753,.T.);
#2753 = EDGE_CURVE('',#2670,#2744,#2754,.T.);
#2754 = LINE('',#2755,#2756);
#2755 = CARTESIAN_POINT('',(-58.2,-60.9,108.32703343773));
#2756 = VECTOR('',#2757,1.);
#2757 = DIRECTION('',(-1.,-0.,0.));
#2758 = PLANE('',#2759);
#2759 = AXIS2_PLACEMENT_3D('',#2760,#2761,#2762);
#2760 = CARTESIAN_POINT('',(-58.2,-71.5,108.32703343773));
#2761 = DIRECTION('',(0.,0.,1.));
#2762 = DIRECTION('',(1.,0.,-0.));
#2763 = ADVANCED_FACE('',(#2764),#2776,.F.);
#2764 = FACE_BOUND('',#2765,.F.);
#2765 = EDGE_LOOP('',(#2766,#2767,#2768,#2769));
#2766 = ORIENTED_EDGE('',*,*,#2693,.F.);
#2767 = ORIENTED_EDGE('',*,*,#1544,.T.);
#2768 = ORIENTED_EDGE('',*,*,#2743,.T.);
#2769 = ORIENTED_EDGE('',*,*,#2770,.F.);
#2770 = EDGE_CURVE('',#2694,#2744,#2771,.T.);
#2771 = CIRCLE('',#2772,1.75);
#2772 = AXIS2_PLACEMENT_3D('',#2773,#2774,#2775);
#2773 = CARTESIAN_POINT('',(-58.2,-60.9,106.57703343773));
#2774 = DIRECTION('',(0.,1.,0.));
#2775 = DIRECTION('',(0.,-0.,1.));
#2776 = CYLINDRICAL_SURFACE('',#2777,1.75);
#2777 = AXIS2_PLACEMENT_3D('',#2778,#2779,#2780);
#2778 = CARTESIAN_POINT('',(-58.2,-71.5,106.57703343773));
#2779 = DIRECTION('',(0.,1.,0.));
#2780 = DIRECTION('',(0.,-0.,1.));
#2781 = ADVANCED_FACE('',(#2782),#2808,.F.);
#2782 = FACE_BOUND('',#2783,.F.);
#2783 = EDGE_LOOP('',(#2784,#2795,#2801,#2802));
#2784 = ORIENTED_EDGE('',*,*,#2785,.F.);
#2785 = EDGE_CURVE('',#2786,#2788,#2790,.T.);
#2786 = VERTEX_POINT('',#2787);
#2787 = CARTESIAN_POINT('',(-13.2,-60.9,139.32703343773));
#2788 = VERTEX_POINT('',#2789);
#2789 = CARTESIAN_POINT('',(-13.2,-60.9,135.82703343773));
#2790 = CIRCLE('',#2791,1.75);
#2791 = AXIS2_PLACEMENT_3D('',#2792,#2793,#2794);
#2792 = CARTESIAN_POINT('',(-13.2,-60.9,137.57703343773));
#2793 = DIRECTION('',(0.,1.,0.));
#2794 = DIRECTION('',(0.,-0.,1.));
#2795 = ORIENTED_EDGE('',*,*,#2796,.F.);
#2796 = EDGE_CURVE('',#1578,#2786,#2797,.T.);
#2797 = LINE('',#2798,#2799);
#2798 = CARTESIAN_POINT('',(-13.2,-71.5,139.32703343773));
#2799 = VECTOR('',#2800,1.);
#2800 = DIRECTION('',(-0.,1.,0.));
#2801 = ORIENTED_EDGE('',*,*,#1577,.T.);
#2802 = ORIENTED_EDGE('',*,*,#2803,.T.);
#2803 = EDGE_CURVE('',#1580,#2788,#2804,.T.);
#2804 = LINE('',#2805,#2806);
#2805 = CARTESIAN_POINT('',(-13.2,-71.5,135.82703343773));
#2806 = VECTOR('',#2807,1.);
#2807 = DIRECTION('',(-0.,1.,0.));
#2808 = CYLINDRICAL_SURFACE('',#2809,1.75);
#2809 = AXIS2_PLACEMENT_3D('',#2810,#2811,#2812);
#2810 = CARTESIAN_POINT('',(-13.2,-71.5,137.57703343773));
#2811 = DIRECTION('',(0.,1.,0.));
#2812 = DIRECTION('',(0.,-0.,1.));
#2813 = ADVANCED_FACE('',(#2814),#2832,.F.);
#2814 = FACE_BOUND('',#2815,.F.);
#2815 = EDGE_LOOP('',(#2816,#2824,#2825,#2826));
#2816 = ORIENTED_EDGE('',*,*,#2817,.F.);
#2817 = EDGE_CURVE('',#1597,#2818,#2820,.T.);
#2818 = VERTEX_POINT('',#2819);
#2819 = CARTESIAN_POINT('',(-27.2,-60.9,139.32703343773));
#2820 = LINE('',#2821,#2822);
#2821 = CARTESIAN_POINT('',(-27.2,-71.5,139.32703343773));
#2822 = VECTOR('',#2823,1.);
#2823 = DIRECTION('',(-0.,1.,0.));
#2824 = ORIENTED_EDGE('',*,*,#1605,.F.);
#2825 = ORIENTED_EDGE('',*,*,#2796,.T.);
#2826 = ORIENTED_EDGE('',*,*,#2827,.T.);
#2827 = EDGE_CURVE('',#2786,#2818,#2828,.T.);
#2828 = LINE('',#2829,#2830);
#2829 = CARTESIAN_POINT('',(-27.2,-60.9,139.32703343773));
#2830 = VECTOR('',#2831,1.);
#2831 = DIRECTION('',(-1.,-0.,0.));
#2832 = PLANE('',#2833);
#2833 = AXIS2_PLACEMENT_3D('',#2834,#2835,#2836);
#2834 = CARTESIAN_POINT('',(-27.2,-71.5,139.32703343773));
#2835 = DIRECTION('',(0.,0.,1.));
#2836 = DIRECTION('',(1.,0.,-0.));
#2837 = ADVANCED_FACE('',(#2838),#2856,.T.);
#2838 = FACE_BOUND('',#2839,.T.);
#2839 = EDGE_LOOP('',(#2840,#2848,#2849,#2850));
#2840 = ORIENTED_EDGE('',*,*,#2841,.F.);
#2841 = EDGE_CURVE('',#1589,#2842,#2844,.T.);
#2842 = VERTEX_POINT('',#2843);
#2843 = CARTESIAN_POINT('',(-27.2,-60.9,135.82703343773));
#2844 = LINE('',#2845,#2846);
#2845 = CARTESIAN_POINT('',(-27.2,-71.5,135.82703343773));
#2846 = VECTOR('',#2847,1.);
#2847 = DIRECTION('',(-0.,1.,0.));
#2848 = ORIENTED_EDGE('',*,*,#1588,.F.);
#2849 = ORIENTED_EDGE('',*,*,#2803,.T.);
#2850 = ORIENTED_EDGE('',*,*,#2851,.T.);
#2851 = EDGE_CURVE('',#2788,#2842,#2852,.T.);
#2852 = LINE('',#2853,#2854);
#2853 = CARTESIAN_POINT('',(-27.2,-60.9,135.82703343773));
#2854 = VECTOR('',#2855,1.);
#2855 = DIRECTION('',(-1.,-0.,0.));
#2856 = PLANE('',#2857);
#2857 = AXIS2_PLACEMENT_3D('',#2858,#2859,#2860);
#2858 = CARTESIAN_POINT('',(-27.2,-71.5,135.82703343773));
#2859 = DIRECTION('',(0.,0.,1.));
#2860 = DIRECTION('',(1.,0.,-0.));
#2861 = ADVANCED_FACE('',(#2862),#2874,.F.);
#2862 = FACE_BOUND('',#2863,.F.);
#2863 = EDGE_LOOP('',(#2864,#2865,#2866,#2867));
#2864 = ORIENTED_EDGE('',*,*,#2841,.F.);
#2865 = ORIENTED_EDGE('',*,*,#1596,.T.);
#2866 = ORIENTED_EDGE('',*,*,#2817,.T.);
#2867 = ORIENTED_EDGE('',*,*,#2868,.F.);
#2868 = EDGE_CURVE('',#2842,#2818,#2869,.T.);
#2869 = CIRCLE('',#2870,1.75);
#2870 = AXIS2_PLACEMENT_3D('',#2871,#2872,#2873);
#2871 = CARTESIAN_POINT('',(-27.2,-60.9,137.57703343773));
#2872 = DIRECTION('',(0.,1.,0.));
#2873 = DIRECTION('',(0.,-0.,1.));
#2874 = CYLINDRICAL_SURFACE('',#2875,1.75);
#2875 = AXIS2_PLACEMENT_3D('',#2876,#2877,#2878);
#2876 = CARTESIAN_POINT('',(-27.2,-71.5,137.57703343773));
#2877 = DIRECTION('',(0.,1.,0.));
#2878 = DIRECTION('',(0.,-0.,1.));
#2879 = ADVANCED_FACE('',(#2880),#2906,.F.);
#2880 = FACE_BOUND('',#2881,.F.);
#2881 = EDGE_LOOP('',(#2882,#2893,#2899,#2900));
#2882 = ORIENTED_EDGE('',*,*,#2883,.F.);
#2883 = EDGE_CURVE('',#2884,#2886,#2888,.T.);
#2884 = VERTEX_POINT('',#2885);
#2885 = CARTESIAN_POINT('',(-13.2,-60.9,108.32703343773));
#2886 = VERTEX_POINT('',#2887);
#2887 = CARTESIAN_POINT('',(-13.2,-60.9,104.82703343773));
#2888 = CIRCLE('',#2889,1.75);
#2889 = AXIS2_PLACEMENT_3D('',#2890,#2891,#2892);
#2890 = CARTESIAN_POINT('',(-13.2,-60.9,106.57703343773));
#2891 = DIRECTION('',(0.,1.,0.));
#2892 = DIRECTION('',(0.,-0.,1.));
#2893 = ORIENTED_EDGE('',*,*,#2894,.F.);
#2894 = EDGE_CURVE('',#1625,#2884,#2895,.T.);
#2895 = LINE('',#2896,#2897);
#2896 = CARTESIAN_POINT('',(-13.2,-71.5,108.32703343773));
#2897 = VECTOR('',#2898,1.);
#2898 = DIRECTION('',(-0.,1.,0.));
#2899 = ORIENTED_EDGE('',*,*,#1624,.T.);
#2900 = ORIENTED_EDGE('',*,*,#2901,.T.);
#2901 = EDGE_CURVE('',#1627,#2886,#2902,.T.);
#2902 = LINE('',#2903,#2904);
#2903 = CARTESIAN_POINT('',(-13.2,-71.5,104.82703343773));
#2904 = VECTOR('',#2905,1.);
#2905 = DIRECTION('',(-0.,1.,0.));
#2906 = CYLINDRICAL_SURFACE('',#2907,1.75);
#2907 = AXIS2_PLACEMENT_3D('',#2908,#2909,#2910);
#2908 = CARTESIAN_POINT('',(-13.2,-71.5,106.57703343773));
#2909 = DIRECTION('',(0.,1.,0.));
#2910 = DIRECTION('',(0.,-0.,1.));
#2911 = ADVANCED_FACE('',(#2912),#2930,.F.);
#2912 = FACE_BOUND('',#2913,.F.);
#2913 = EDGE_LOOP('',(#2914,#2922,#2923,#2924));
#2914 = ORIENTED_EDGE('',*,*,#2915,.F.);
#2915 = EDGE_CURVE('',#1644,#2916,#2918,.T.);
#2916 = VERTEX_POINT('',#2917);
#2917 = CARTESIAN_POINT('',(-27.2,-60.9,108.32703343773));
#2918 = LINE('',#2919,#2920);
#2919 = CARTESIAN_POINT('',(-27.2,-71.5,108.32703343773));
#2920 = VECTOR('',#2921,1.);
#2921 = DIRECTION('',(-0.,1.,0.));
#2922 = ORIENTED_EDGE('',*,*,#1652,.F.);
#2923 = ORIENTED_EDGE('',*,*,#2894,.T.);
#2924 = ORIENTED_EDGE('',*,*,#2925,.T.);
#2925 = EDGE_CURVE('',#2884,#2916,#2926,.T.);
#2926 = LINE('',#2927,#2928);
#2927 = CARTESIAN_POINT('',(-27.2,-60.9,108.32703343773));
#2928 = VECTOR('',#2929,1.);
#2929 = DIRECTION('',(-1.,-0.,0.));
#2930 = PLANE('',#2931);
#2931 = AXIS2_PLACEMENT_3D('',#2932,#2933,#2934);
#2932 = CARTESIAN_POINT('',(-27.2,-71.5,108.32703343773));
#2933 = DIRECTION('',(0.,0.,1.));
#2934 = DIRECTION('',(1.,0.,-0.));
#2935 = ADVANCED_FACE('',(#2936),#2954,.T.);
#2936 = FACE_BOUND('',#2937,.T.);
#2937 = EDGE_LOOP('',(#2938,#2946,#2947,#2948));
#2938 = ORIENTED_EDGE('',*,*,#2939,.F.);
#2939 = EDGE_CURVE('',#1636,#2940,#2942,.T.);
#2940 = VERTEX_POINT('',#2941);
#2941 = CARTESIAN_POINT('',(-27.2,-60.9,104.82703343773));
#2942 = LINE('',#2943,#2944);
#2943 = CARTESIAN_POINT('',(-27.2,-71.5,104.82703343773));
#2944 = VECTOR('',#2945,1.);
#2945 = DIRECTION('',(-0.,1.,0.));
#2946 = ORIENTED_EDGE('',*,*,#1635,.F.);
#2947 = ORIENTED_EDGE('',*,*,#2901,.T.);
#2948 = ORIENTED_EDGE('',*,*,#2949,.T.);
#2949 = EDGE_CURVE('',#2886,#2940,#2950,.T.);
#2950 = LINE('',#2951,#2952);
#2951 = CARTESIAN_POINT('',(-27.2,-60.9,104.82703343773));
#2952 = VECTOR('',#2953,1.);
#2953 = DIRECTION('',(-1.,-0.,0.));
#2954 = PLANE('',#2955);
#2955 = AXIS2_PLACEMENT_3D('',#2956,#2957,#2958);
#2956 = CARTESIAN_POINT('',(-27.2,-71.5,104.82703343773));
#2957 = DIRECTION('',(0.,0.,1.));
#2958 = DIRECTION('',(1.,0.,-0.));
#2959 = ADVANCED_FACE('',(#2960),#2972,.F.);
#2960 = FACE_BOUND('',#2961,.F.);
#2961 = EDGE_LOOP('',(#2962,#2963,#2964,#2965));
#2962 = ORIENTED_EDGE('',*,*,#2939,.F.);
#2963 = ORIENTED_EDGE('',*,*,#1643,.T.);
#2964 = ORIENTED_EDGE('',*,*,#2915,.T.);
#2965 = ORIENTED_EDGE('',*,*,#2966,.F.);
#2966 = EDGE_CURVE('',#2940,#2916,#2967,.T.);
#2967 = CIRCLE('',#2968,1.75);
#2968 = AXIS2_PLACEMENT_3D('',#2969,#2970,#2971);
#2969 = CARTESIAN_POINT('',(-27.2,-60.9,106.57703343773));
#2970 = DIRECTION('',(0.,1.,0.));
#2971 = DIRECTION('',(0.,-0.,1.));
#2972 = CYLINDRICAL_SURFACE('',#2973,1.75);
#2973 = AXIS2_PLACEMENT_3D('',#2974,#2975,#2976);
#2974 = CARTESIAN_POINT('',(-27.2,-71.5,106.57703343773));
#2975 = DIRECTION('',(0.,1.,0.));
#2976 = DIRECTION('',(0.,-0.,1.));
#2977 = ADVANCED_FACE('',(#2978),#2997,.F.);
#2978 = FACE_BOUND('',#2979,.F.);
#2979 = EDGE_LOOP('',(#2980,#2989,#2995,#2996));
#2980 = ORIENTED_EDGE('',*,*,#2981,.F.);
#2981 = EDGE_CURVE('',#2982,#2982,#2984,.T.);
#2982 = VERTEX_POINT('',#2983);
#2983 = CARTESIAN_POINT('',(-3.989419162443,-63.9,190.5));
#2984 = CIRCLE('',#2985,1.75);
#2985 = AXIS2_PLACEMENT_3D('',#2986,#2987,#2988);
#2986 = CARTESIAN_POINT('',(-3.989419162443,-63.9,188.75));
#2987 = DIRECTION('',(0.,1.,0.));
#2988 = DIRECTION('',(0.,-0.,1.));
#2989 = ORIENTED_EDGE('',*,*,#2990,.F.);
#2990 = EDGE_CURVE('',#1661,#2982,#2991,.T.);
#2991 = LINE('',#2992,#2993);
#2992 = CARTESIAN_POINT('',(-3.989419162443,-73.5,190.5));
#2993 = VECTOR('',#2994,1.);
#2994 = DIRECTION('',(0.,1.,0.));
#2995 = ORIENTED_EDGE('',*,*,#1660,.T.);
#2996 = ORIENTED_EDGE('',*,*,#2990,.T.);
#2997 = CYLINDRICAL_SURFACE('',#2998,1.75);
#2998 = AXIS2_PLACEMENT_3D('',#2999,#3000,#3001);
#2999 = CARTESIAN_POINT('',(-3.989419162443,-73.5,188.75));
#3000 = DIRECTION('',(0.,1.,0.));
#3001 = DIRECTION('',(0.,-0.,1.));
#3002 = ADVANCED_FACE('',(#3003),#3014,.F.);
#3003 = FACE_BOUND('',#3004,.F.);
#3004 = EDGE_LOOP('',(#3005,#3006,#3012,#3013));
#3005 = ORIENTED_EDGE('',*,*,#2012,.F.);
#3006 = ORIENTED_EDGE('',*,*,#3007,.F.);
#3007 = EDGE_CURVE('',#1672,#2013,#3008,.T.);
#3008 = LINE('',#3009,#3010);
#3009 = CARTESIAN_POINT('',(10.3,-73.5,215.25));
#3010 = VECTOR('',#3011,1.);
#3011 = DIRECTION('',(0.,1.,0.));
#3012 = ORIENTED_EDGE('',*,*,#1671,.T.);
#3013 = ORIENTED_EDGE('',*,*,#3007,.T.);
#3014 = CYLINDRICAL_SURFACE('',#3015,1.75);
#3015 = AXIS2_PLACEMENT_3D('',#3016,#3017,#3018);
#3016 = CARTESIAN_POINT('',(10.3,-73.5,213.5));
#3017 = DIRECTION('',(0.,1.,0.));
#3018 = DIRECTION('',(0.,-0.,1.));
#3019 = ADVANCED_FACE('',(#3020),#3039,.F.);
#3020 = FACE_BOUND('',#3021,.F.);
#3021 = EDGE_LOOP('',(#3022,#3030,#3037,#3038));
#3022 = ORIENTED_EDGE('',*,*,#3023,.T.);
#3023 = EDGE_CURVE('',#1683,#3024,#3026,.T.);
#3024 = VERTEX_POINT('',#3025);
#3025 = CARTESIAN_POINT('',(10.3,-62.2,208.15));
#3026 = LINE('',#3027,#3028);
#3027 = CARTESIAN_POINT('',(10.3,-69.6,208.15));
#3028 = VECTOR('',#3029,1.);
#3029 = DIRECTION('',(0.,1.,0.));
#3030 = ORIENTED_EDGE('',*,*,#3031,.F.);
#3031 = EDGE_CURVE('',#3024,#3024,#3032,.T.);
#3032 = CIRCLE('',#3033,11.15);
#3033 = AXIS2_PLACEMENT_3D('',#3034,#3035,#3036);
#3034 = CARTESIAN_POINT('',(10.3,-62.2,197.));
#3035 = DIRECTION('',(0.,1.,0.));
#3036 = DIRECTION('',(0.,-0.,1.));
#3037 = ORIENTED_EDGE('',*,*,#3023,.F.);
#3038 = ORIENTED_EDGE('',*,*,#1682,.T.);
#3039 = CYLINDRICAL_SURFACE('',#3040,11.15);
#3040 = AXIS2_PLACEMENT_3D('',#3041,#3042,#3043);
#3041 = CARTESIAN_POINT('',(10.3,-69.6,197.));
#3042 = DIRECTION('',(0.,1.,0.));
#3043 = DIRECTION('',(0.,-0.,1.));
#3044 = ADVANCED_FACE('',(#3045),#3056,.F.);
#3045 = FACE_BOUND('',#3046,.F.);
#3046 = EDGE_LOOP('',(#3047,#3048,#3054,#3055));
#3047 = ORIENTED_EDGE('',*,*,#2264,.F.);
#3048 = ORIENTED_EDGE('',*,*,#3049,.F.);
#3049 = EDGE_CURVE('',#1694,#2265,#3050,.T.);
#3050 = LINE('',#3051,#3052);
#3051 = CARTESIAN_POINT('',(24.589419162443,-73.5,190.5));
#3052 = VECTOR('',#3053,1.);
#3053 = DIRECTION('',(0.,1.,0.));
#3054 = ORIENTED_EDGE('',*,*,#1693,.T.);
#3055 = ORIENTED_EDGE('',*,*,#3049,.T.);
#3056 = CYLINDRICAL_SURFACE('',#3057,1.75);
#3057 = AXIS2_PLACEMENT_3D('',#3058,#3059,#3060);
#3058 = CARTESIAN_POINT('',(24.589419162443,-73.5,188.75));
#3059 = DIRECTION('',(0.,1.,0.));
#3060 = DIRECTION('',(0.,-0.,1.));
#3061 = ADVANCED_FACE('',(#3062,#3087),#3098,.T.);
#3062 = FACE_BOUND('',#3063,.T.);
#3063 = EDGE_LOOP('',(#3064,#3072,#3080,#3086));
#3064 = ORIENTED_EDGE('',*,*,#3065,.F.);
#3065 = EDGE_CURVE('',#3066,#1705,#3068,.T.);
#3066 = VERTEX_POINT('',#3067);
#3067 = CARTESIAN_POINT('',(2.95,-58.,106.6));
#3068 = LINE('',#3069,#3070);
#3069 = CARTESIAN_POINT('',(2.95,-58.,106.6));
#3070 = VECTOR('',#3071,1.);
#3071 = DIRECTION('',(2.22044604925E-16,-1.,0.));
#3072 = ORIENTED_EDGE('',*,*,#3073,.F.);
#3073 = EDGE_CURVE('',#3074,#3066,#3076,.T.);
#3074 = VERTEX_POINT('',#3075);
#3075 = CARTESIAN_POINT('',(-2.95,-58.,106.6));
#3076 = LINE('',#3077,#3078);
#3077 = CARTESIAN_POINT('',(-2.95,-58.,106.6));
#3078 = VECTOR('',#3079,1.);
#3079 = DIRECTION('',(1.,2.22044604925E-16,0.));
#3080 = ORIENTED_EDGE('',*,*,#3081,.T.);
#3081 = EDGE_CURVE('',#3074,#1707,#3082,.T.);
#3082 = LINE('',#3083,#3084);
#3083 = CARTESIAN_POINT('',(-2.95,-58.,106.6));
#3084 = VECTOR('',#3085,1.);
#3085 = DIRECTION('',(2.22044604925E-16,-1.,0.));
#3086 = ORIENTED_EDGE('',*,*,#1704,.F.);
#3087 = FACE_BOUND('',#3088,.T.);
#3088 = EDGE_LOOP('',(#3089));
#3089 = ORIENTED_EDGE('',*,*,#3090,.F.);
#3090 = EDGE_CURVE('',#3091,#3091,#3093,.T.);
#3091 = VERTEX_POINT('',#3092);
#3092 = CARTESIAN_POINT('',(1.75,-61.5,106.6));
#3093 = CIRCLE('',#3094,1.75);
#3094 = AXIS2_PLACEMENT_3D('',#3095,#3096,#3097);
#3095 = CARTESIAN_POINT('',(0.,-61.5,106.6));
#3096 = DIRECTION('',(0.,0.,1.));
#3097 = DIRECTION('',(1.,0.,-0.));
#3098 = PLANE('',#3099);
#3099 = AXIS2_PLACEMENT_3D('',#3100,#3101,#3102);
#3100 = CARTESIAN_POINT('',(-2.95,-58.,106.6));
#3101 = DIRECTION('',(0.,0.,1.));
#3102 = DIRECTION('',(2.22044604925E-16,-1.,0.));
#3103 = ADVANCED_FACE('',(#3104),#3122,.F.);
#3104 = FACE_BOUND('',#3105,.F.);
#3105 = EDGE_LOOP('',(#3106,#3107,#3115,#3121));
#3106 = ORIENTED_EDGE('',*,*,#3065,.F.);
#3107 = ORIENTED_EDGE('',*,*,#3108,.T.);
#3108 = EDGE_CURVE('',#3066,#3109,#3111,.T.);
#3109 = VERTEX_POINT('',#3110);
#3110 = CARTESIAN_POINT('',(2.95,-58.,109.4));
#3111 = LINE('',#3112,#3113);
#3112 = CARTESIAN_POINT('',(2.95,-58.,106.6));
#3113 = VECTOR('',#3114,1.);
#3114 = DIRECTION('',(0.,0.,1.));
#3115 = ORIENTED_EDGE('',*,*,#3116,.T.);
#3116 = EDGE_CURVE('',#3109,#1723,#3117,.T.);
#3117 = LINE('',#3118,#3119);
#3118 = CARTESIAN_POINT('',(2.95,-58.,109.4));
#3119 = VECTOR('',#3120,1.);
#3120 = DIRECTION('',(2.22044604925E-16,-1.,0.));
#3121 = ORIENTED_EDGE('',*,*,#1730,.F.);
#3122 = PLANE('',#3123);
#3123 = AXIS2_PLACEMENT_3D('',#3124,#3125,#3126);
#3124 = CARTESIAN_POINT('',(2.95,-58.,106.6));
#3125 = DIRECTION('',(1.,2.22044604925E-16,0.));
#3126 = DIRECTION('',(0.,0.,1.));
#3127 = ADVANCED_FACE('',(#3128),#3146,.T.);
#3128 = FACE_BOUND('',#3129,.T.);
#3129 = EDGE_LOOP('',(#3130,#3131,#3139,#3145));
#3130 = ORIENTED_EDGE('',*,*,#3081,.F.);
#3131 = ORIENTED_EDGE('',*,*,#3132,.T.);
#3132 = EDGE_CURVE('',#3074,#3133,#3135,.T.);
#3133 = VERTEX_POINT('',#3134);
#3134 = CARTESIAN_POINT('',(-2.95,-58.,109.4));
#3135 = LINE('',#3136,#3137);
#3136 = CARTESIAN_POINT('',(-2.95,-58.,106.6));
#3137 = VECTOR('',#3138,1.);
#3138 = DIRECTION('',(0.,0.,1.));
#3139 = ORIENTED_EDGE('',*,*,#3140,.T.);
#3140 = EDGE_CURVE('',#3133,#1715,#3141,.T.);
#3141 = LINE('',#3142,#3143);
#3142 = CARTESIAN_POINT('',(-2.95,-58.,109.4));
#3143 = VECTOR('',#3144,1.);
#3144 = DIRECTION('',(2.22044604925E-16,-1.,0.));
#3145 = ORIENTED_EDGE('',*,*,#1714,.F.);
#3146 = PLANE('',#3147);
#3147 = AXIS2_PLACEMENT_3D('',#3148,#3149,#3150);
#3148 = CARTESIAN_POINT('',(-2.95,-58.,106.6));
#3149 = DIRECTION('',(1.,2.22044604925E-16,0.));
#3150 = DIRECTION('',(0.,0.,1.));
#3151 = ADVANCED_FACE('',(#3152,#3163),#3174,.F.);
#3152 = FACE_BOUND('',#3153,.F.);
#3153 = EDGE_LOOP('',(#3154,#3155,#3161,#3162));
#3154 = ORIENTED_EDGE('',*,*,#3116,.F.);
#3155 = ORIENTED_EDGE('',*,*,#3156,.F.);
#3156 = EDGE_CURVE('',#3133,#3109,#3157,.T.);
#3157 = LINE('',#3158,#3159);
#3158 = CARTESIAN_POINT('',(-2.95,-58.,109.4));
#3159 = VECTOR('',#3160,1.);
#3160 = DIRECTION('',(1.,2.22044604925E-16,0.));
#3161 = ORIENTED_EDGE('',*,*,#3140,.T.);
#3162 = ORIENTED_EDGE('',*,*,#1722,.F.);
#3163 = FACE_BOUND('',#3164,.F.);
#3164 = EDGE_LOOP('',(#3165));
#3165 = ORIENTED_EDGE('',*,*,#3166,.F.);
#3166 = EDGE_CURVE('',#3167,#3167,#3169,.T.);
#3167 = VERTEX_POINT('',#3168);
#3168 = CARTESIAN_POINT('',(1.75,-61.5,109.4));
#3169 = CIRCLE('',#3170,1.75);
#3170 = AXIS2_PLACEMENT_3D('',#3171,#3172,#3173);
#3171 = CARTESIAN_POINT('',(0.,-61.5,109.4));
#3172 = DIRECTION('',(0.,0.,1.));
#3173 = DIRECTION('',(1.,0.,-0.));
#3174 = PLANE('',#3175);
#3175 = AXIS2_PLACEMENT_3D('',#3176,#3177,#3178);
#3176 = CARTESIAN_POINT('',(-2.95,-58.,109.4));
#3177 = DIRECTION('',(0.,0.,1.));
#3178 = DIRECTION('',(2.22044604925E-16,-1.,0.));
#3179 = ADVANCED_FACE('',(#3180,#3205),#3216,.T.);
#3180 = FACE_BOUND('',#3181,.T.);
#3181 = EDGE_LOOP('',(#3182,#3190,#3198,#3204));
#3182 = ORIENTED_EDGE('',*,*,#3183,.F.);
#3183 = EDGE_CURVE('',#3184,#1739,#3186,.T.);
#3184 = VERTEX_POINT('',#3185);
#3185 = CARTESIAN_POINT('',(36.95,-58.,106.6));
#3186 = LINE('',#3187,#3188);
#3187 = CARTESIAN_POINT('',(36.95,-58.,106.6));
#3188 = VECTOR('',#3189,1.);
#3189 = DIRECTION('',(2.22044604925E-16,-1.,0.));
#3190 = ORIENTED_EDGE('',*,*,#3191,.F.);
#3191 = EDGE_CURVE('',#3192,#3184,#3194,.T.);
#3192 = VERTEX_POINT('',#3193);
#3193 = CARTESIAN_POINT('',(31.05,-58.,106.6));
#3194 = LINE('',#3195,#3196);
#3195 = CARTESIAN_POINT('',(31.05,-58.,106.6));
#3196 = VECTOR('',#3197,1.);
#3197 = DIRECTION('',(1.,2.22044604925E-16,0.));
#3198 = ORIENTED_EDGE('',*,*,#3199,.T.);
#3199 = EDGE_CURVE('',#3192,#1741,#3200,.T.);
#3200 = LINE('',#3201,#3202);
#3201 = CARTESIAN_POINT('',(31.05,-58.,106.6));
#3202 = VECTOR('',#3203,1.);
#3203 = DIRECTION('',(2.22044604925E-16,-1.,0.));
#3204 = ORIENTED_EDGE('',*,*,#1738,.F.);
#3205 = FACE_BOUND('',#3206,.T.);
#3206 = EDGE_LOOP('',(#3207));
#3207 = ORIENTED_EDGE('',*,*,#3208,.F.);
#3208 = EDGE_CURVE('',#3209,#3209,#3211,.T.);
#3209 = VERTEX_POINT('',#3210);
#3210 = CARTESIAN_POINT('',(35.75,-61.5,106.6));
#3211 = CIRCLE('',#3212,1.75);
#3212 = AXIS2_PLACEMENT_3D('',#3213,#3214,#3215);
#3213 = CARTESIAN_POINT('',(34.,-61.5,106.6));
#3214 = DIRECTION('',(0.,0.,1.));
#3215 = DIRECTION('',(1.,0.,-0.));
#3216 = PLANE('',#3217);
#3217 = AXIS2_PLACEMENT_3D('',#3218,#3219,#3220);
#3218 = CARTESIAN_POINT('',(31.05,-58.,106.6));
#3219 = DIRECTION('',(0.,0.,1.));
#3220 = DIRECTION('',(2.22044604925E-16,-1.,0.));
#3221 = ADVANCED_FACE('',(#3222),#3240,.F.);
#3222 = FACE_BOUND('',#3223,.F.);
#3223 = EDGE_LOOP('',(#3224,#3225,#3233,#3239));
#3224 = ORIENTED_EDGE('',*,*,#3183,.F.);
#3225 = ORIENTED_EDGE('',*,*,#3226,.T.);
#3226 = EDGE_CURVE('',#3184,#3227,#3229,.T.);
#3227 = VERTEX_POINT('',#3228);
#3228 = CARTESIAN_POINT('',(36.95,-58.,109.4));
#3229 = LINE('',#3230,#3231);
#3230 = CARTESIAN_POINT('',(36.95,-58.,106.6));
#3231 = VECTOR('',#3232,1.);
#3232 = DIRECTION('',(0.,0.,1.));
#3233 = ORIENTED_EDGE('',*,*,#3234,.T.);
#3234 = EDGE_CURVE('',#3227,#1757,#3235,.T.);
#3235 = LINE('',#3236,#3237);
#3236 = CARTESIAN_POINT('',(36.95,-58.,109.4));
#3237 = VECTOR('',#3238,1.);
#3238 = DIRECTION('',(2.22044604925E-16,-1.,0.));
#3239 = ORIENTED_EDGE('',*,*,#1764,.F.);
#3240 = PLANE('',#3241);
#3241 = AXIS2_PLACEMENT_3D('',#3242,#3243,#3244);
#3242 = CARTESIAN_POINT('',(36.95,-58.,106.6));
#3243 = DIRECTION('',(1.,2.22044604925E-16,0.));
#3244 = DIRECTION('',(0.,0.,1.));
#3245 = ADVANCED_FACE('',(#3246),#3264,.T.);
#3246 = FACE_BOUND('',#3247,.T.);
#3247 = EDGE_LOOP('',(#3248,#3249,#3257,#3263));
#3248 = ORIENTED_EDGE('',*,*,#3199,.F.);
#3249 = ORIENTED_EDGE('',*,*,#3250,.T.);
#3250 = EDGE_CURVE('',#3192,#3251,#3253,.T.);
#3251 = VERTEX_POINT('',#3252);
#3252 = CARTESIAN_POINT('',(31.05,-58.,109.4));
#3253 = LINE('',#3254,#3255);
#3254 = CARTESIAN_POINT('',(31.05,-58.,106.6));
#3255 = VECTOR('',#3256,1.);
#3256 = DIRECTION('',(0.,0.,1.));
#3257 = ORIENTED_EDGE('',*,*,#3258,.T.);
#3258 = EDGE_CURVE('',#3251,#1749,#3259,.T.);
#3259 = LINE('',#3260,#3261);
#3260 = CARTESIAN_POINT('',(31.05,-58.,109.4));
#3261 = VECTOR('',#3262,1.);
#3262 = DIRECTION('',(2.22044604925E-16,-1.,0.));
#3263 = ORIENTED_EDGE('',*,*,#1748,.F.);
#3264 = PLANE('',#3265);
#3265 = AXIS2_PLACEMENT_3D('',#3266,#3267,#3268);
#3266 = CARTESIAN_POINT('',(31.05,-58.,106.6));
#3267 = DIRECTION('',(1.,2.22044604925E-16,0.));
#3268 = DIRECTION('',(0.,0.,1.));
#3269 = ADVANCED_FACE('',(#3270,#3281),#3284,.F.);
#3270 = FACE_BOUND('',#3271,.F.);
#3271 = EDGE_LOOP('',(#3272,#3273,#3279,#3280));
#3272 = ORIENTED_EDGE('',*,*,#3234,.F.);
#3273 = ORIENTED_EDGE('',*,*,#3274,.F.);
#3274 = EDGE_CURVE('',#3251,#3227,#3275,.T.);
#3275 = LINE('',#3276,#3277);
#3276 = CARTESIAN_POINT('',(31.05,-58.,109.4));
#3277 = VECTOR('',#3278,1.);
#3278 = DIRECTION('',(1.,2.22044604925E-16,0.));
#3279 = ORIENTED_EDGE('',*,*,#3258,.T.);
#3280 = ORIENTED_EDGE('',*,*,#1756,.F.);
#3281 = FACE_BOUND('',#3282,.F.);
#3282 = EDGE_LOOP('',(#3283));
#3283 = ORIENTED_EDGE('',*,*,#2205,.F.);
#3284 = PLANE('',#3285);
#3285 = AXIS2_PLACEMENT_3D('',#3286,#3287,#3288);
#3286 = CARTESIAN_POINT('',(31.05,-58.,109.4));
#3287 = DIRECTION('',(0.,0.,1.));
#3288 = DIRECTION('',(2.22044604925E-16,-1.,0.));
#3289 = ADVANCED_FACE('',(#3290),#3316,.F.);
#3290 = FACE_BOUND('',#3291,.F.);
#3291 = EDGE_LOOP('',(#3292,#3300,#3309,#3315));
#3292 = ORIENTED_EDGE('',*,*,#3293,.F.);
#3293 = EDGE_CURVE('',#3294,#1851,#3296,.T.);
#3294 = VERTEX_POINT('',#3295);
#3295 = CARTESIAN_POINT('',(-58.2,-56.5,104.82703343773));
#3296 = LINE('',#3297,#3298);
#3297 = CARTESIAN_POINT('',(-58.2,-71.5,104.82703343773));
#3298 = VECTOR('',#3299,1.);
#3299 = DIRECTION('',(-0.,1.,0.));
#3300 = ORIENTED_EDGE('',*,*,#3301,.T.);
#3301 = EDGE_CURVE('',#3294,#3302,#3304,.T.);
#3302 = VERTEX_POINT('',#3303);
#3303 = CARTESIAN_POINT('',(-58.2,-56.5,108.32703343773));
#3304 = CIRCLE('',#3305,1.75);
#3305 = AXIS2_PLACEMENT_3D('',#3306,#3307,#3308);
#3306 = CARTESIAN_POINT('',(-58.2,-56.5,106.57703343773));
#3307 = DIRECTION('',(0.,1.,0.));
#3308 = DIRECTION('',(0.,-0.,1.));
#3309 = ORIENTED_EDGE('',*,*,#3310,.T.);
#3310 = EDGE_CURVE('',#3302,#1853,#3311,.T.);
#3311 = LINE('',#3312,#3313);
#3312 = CARTESIAN_POINT('',(-58.2,-71.5,108.32703343773));
#3313 = VECTOR('',#3314,1.);
#3314 = DIRECTION('',(-0.,1.,0.));
#3315 = ORIENTED_EDGE('',*,*,#1850,.F.);
#3316 = CYLINDRICAL_SURFACE('',#3317,1.75);
#3317 = AXIS2_PLACEMENT_3D('',#3318,#3319,#3320);
#3318 = CARTESIAN_POINT('',(-58.2,-71.5,106.57703343773));
#3319 = DIRECTION('',(0.,1.,0.));
#3320 = DIRECTION('',(0.,-0.,1.));
#3321 = ADVANCED_FACE('',(#3322),#3340,.T.);
#3322 = FACE_BOUND('',#3323,.T.);
#3323 = EDGE_LOOP('',(#3324,#3325,#3333,#3339));
#3324 = ORIENTED_EDGE('',*,*,#3293,.F.);
#3325 = ORIENTED_EDGE('',*,*,#3326,.F.);
#3326 = EDGE_CURVE('',#3327,#3294,#3329,.T.);
#3327 = VERTEX_POINT('',#3328);
#3328 = CARTESIAN_POINT('',(-44.2,-56.5,104.82703343773));
#3329 = LINE('',#3330,#3331);
#3330 = CARTESIAN_POINT('',(-58.2,-56.5,104.82703343773));
#3331 = VECTOR('',#3332,1.);
#3332 = DIRECTION('',(-1.,-0.,0.));
#3333 = ORIENTED_EDGE('',*,*,#3334,.T.);
#3334 = EDGE_CURVE('',#3327,#1862,#3335,.T.);
#3335 = LINE('',#3336,#3337);
#3336 = CARTESIAN_POINT('',(-44.2,-71.5,104.82703343773));
#3337 = VECTOR('',#3338,1.);
#3338 = DIRECTION('',(-0.,1.,0.));
#3339 = ORIENTED_EDGE('',*,*,#1861,.F.);
#3340 = PLANE('',#3341);
#3341 = AXIS2_PLACEMENT_3D('',#3342,#3343,#3344);
#3342 = CARTESIAN_POINT('',(-58.2,-71.5,104.82703343773));
#3343 = DIRECTION('',(0.,0.,1.));
#3344 = DIRECTION('',(1.,0.,-0.));
#3345 = ADVANCED_FACE('',(#3346),#3364,.F.);
#3346 = FACE_BOUND('',#3347,.F.);
#3347 = EDGE_LOOP('',(#3348,#3349,#3357,#3363));
#3348 = ORIENTED_EDGE('',*,*,#3310,.F.);
#3349 = ORIENTED_EDGE('',*,*,#3350,.F.);
#3350 = EDGE_CURVE('',#3351,#3302,#3353,.T.);
#3351 = VERTEX_POINT('',#3352);
#3352 = CARTESIAN_POINT('',(-44.2,-56.5,108.32703343773));
#3353 = LINE('',#3354,#3355);
#3354 = CARTESIAN_POINT('',(-58.2,-56.5,108.32703343773));
#3355 = VECTOR('',#3356,1.);
#3356 = DIRECTION('',(-1.,-0.,0.));
#3357 = ORIENTED_EDGE('',*,*,#3358,.T.);
#3358 = EDGE_CURVE('',#3351,#1870,#3359,.T.);
#3359 = LINE('',#3360,#3361);
#3360 = CARTESIAN_POINT('',(-44.2,-71.5,108.32703343773));
#3361 = VECTOR('',#3362,1.);
#3362 = DIRECTION('',(-0.,1.,0.));
#3363 = ORIENTED_EDGE('',*,*,#1878,.F.);
#3364 = PLANE('',#3365);
#3365 = AXIS2_PLACEMENT_3D('',#3366,#3367,#3368);
#3366 = CARTESIAN_POINT('',(-58.2,-71.5,108.32703343773));
#3367 = DIRECTION('',(0.,0.,1.));
#3368 = DIRECTION('',(1.,0.,-0.));
#3369 = ADVANCED_FACE('',(#3370),#3382,.F.);
#3370 = FACE_BOUND('',#3371,.F.);
#3371 = EDGE_LOOP('',(#3372,#3373,#3374,#3381));
#3372 = ORIENTED_EDGE('',*,*,#1869,.F.);
#3373 = ORIENTED_EDGE('',*,*,#3358,.F.);
#3374 = ORIENTED_EDGE('',*,*,#3375,.T.);
#3375 = EDGE_CURVE('',#3351,#3327,#3376,.T.);
#3376 = CIRCLE('',#3377,1.75);
#3377 = AXIS2_PLACEMENT_3D('',#3378,#3379,#3380);
#3378 = CARTESIAN_POINT('',(-44.2,-56.5,106.57703343773));
#3379 = DIRECTION('',(0.,1.,0.));
#3380 = DIRECTION('',(0.,-0.,1.));
#3381 = ORIENTED_EDGE('',*,*,#3334,.T.);
#3382 = CYLINDRICAL_SURFACE('',#3383,1.75);
#3383 = AXIS2_PLACEMENT_3D('',#3384,#3385,#3386);
#3384 = CARTESIAN_POINT('',(-44.2,-71.5,106.57703343773));
#3385 = DIRECTION('',(0.,1.,0.));
#3386 = DIRECTION('',(0.,-0.,1.));
#3387 = ADVANCED_FACE('',(#3388),#3404,.F.);
#3388 = FACE_BOUND('',#3389,.F.);
#3389 = EDGE_LOOP('',(#3390,#3396,#3397,#3403));
#3390 = ORIENTED_EDGE('',*,*,#3391,.F.);
#3391 = EDGE_CURVE('',#156,#1887,#3392,.T.);
#3392 = LINE('',#3393,#3394);
#3393 = CARTESIAN_POINT('',(-27.2,-71.5,104.82703343773));
#3394 = VECTOR('',#3395,1.);
#3395 = DIRECTION('',(-0.,1.,0.));
#3396 = ORIENTED_EDGE('',*,*,#155,.T.);
#3397 = ORIENTED_EDGE('',*,*,#3398,.T.);
#3398 = EDGE_CURVE('',#158,#1889,#3399,.T.);
#3399 = LINE('',#3400,#3401);
#3400 = CARTESIAN_POINT('',(-27.2,-71.5,108.32703343773));
#3401 = VECTOR('',#3402,1.);
#3402 = DIRECTION('',(-0.,1.,0.));
#3403 = ORIENTED_EDGE('',*,*,#1886,.F.);
#3404 = CYLINDRICAL_SURFACE('',#3405,1.75);
#3405 = AXIS2_PLACEMENT_3D('',#3406,#3407,#3408);
#3406 = CARTESIAN_POINT('',(-27.2,-71.5,106.57703343773));
#3407 = DIRECTION('',(0.,1.,0.));
#3408 = DIRECTION('',(0.,-0.,1.));
#3409 = ADVANCED_FACE('',(#3410),#3421,.F.);
#3410 = FACE_BOUND('',#3411,.F.);
#3411 = EDGE_LOOP('',(#3412,#3413,#3414,#3420));
#3412 = ORIENTED_EDGE('',*,*,#3398,.F.);
#3413 = ORIENTED_EDGE('',*,*,#166,.F.);
#3414 = ORIENTED_EDGE('',*,*,#3415,.T.);
#3415 = EDGE_CURVE('',#167,#1906,#3416,.T.);
#3416 = LINE('',#3417,#3418);
#3417 = CARTESIAN_POINT('',(-13.2,-71.5,108.32703343773));
#3418 = VECTOR('',#3419,1.);
#3419 = DIRECTION('',(-0.,1.,0.));
#3420 = ORIENTED_EDGE('',*,*,#1914,.F.);
#3421 = PLANE('',#3422);
#3422 = AXIS2_PLACEMENT_3D('',#3423,#3424,#3425);
#3423 = CARTESIAN_POINT('',(-27.2,-71.5,108.32703343773));
#3424 = DIRECTION('',(0.,0.,1.));
#3425 = DIRECTION('',(1.,0.,-0.));
#3426 = ADVANCED_FACE('',(#3427),#3438,.F.);
#3427 = FACE_BOUND('',#3428,.F.);
#3428 = EDGE_LOOP('',(#3429,#3430,#3431,#3432));
#3429 = ORIENTED_EDGE('',*,*,#1905,.F.);
#3430 = ORIENTED_EDGE('',*,*,#3415,.F.);
#3431 = ORIENTED_EDGE('',*,*,#174,.T.);
#3432 = ORIENTED_EDGE('',*,*,#3433,.T.);
#3433 = EDGE_CURVE('',#175,#1898,#3434,.T.);
#3434 = LINE('',#3435,#3436);
#3435 = CARTESIAN_POINT('',(-13.2,-71.5,104.82703343773));
#3436 = VECTOR('',#3437,1.);
#3437 = DIRECTION('',(-0.,1.,0.));
#3438 = CYLINDRICAL_SURFACE('',#3439,1.75);
#3439 = AXIS2_PLACEMENT_3D('',#3440,#3441,#3442);
#3440 = CARTESIAN_POINT('',(-13.2,-71.5,106.57703343773));
#3441 = DIRECTION('',(0.,1.,0.));
#3442 = DIRECTION('',(0.,-0.,1.));
#3443 = ADVANCED_FACE('',(#3444),#3450,.T.);
#3444 = FACE_BOUND('',#3445,.T.);
#3445 = EDGE_LOOP('',(#3446,#3447,#3448,#3449));
#3446 = ORIENTED_EDGE('',*,*,#3391,.F.);
#3447 = ORIENTED_EDGE('',*,*,#183,.F.);
#3448 = ORIENTED_EDGE('',*,*,#3433,.T.);
#3449 = ORIENTED_EDGE('',*,*,#1897,.F.);
#3450 = PLANE('',#3451);
#3451 = AXIS2_PLACEMENT_3D('',#3452,#3453,#3454);
#3452 = CARTESIAN_POINT('',(-27.2,-71.5,104.82703343773));
#3453 = DIRECTION('',(0.,0.,1.));
#3454 = DIRECTION('',(1.,0.,-0.));
#3455 = ADVANCED_FACE('',(#3456),#3462,.T.);
#3456 = FACE_BOUND('',#3457,.T.);
#3457 = EDGE_LOOP('',(#3458,#3459,#3460,#3461));
#3458 = ORIENTED_EDGE('',*,*,#2030,.F.);
#3459 = ORIENTED_EDGE('',*,*,#1936,.T.);
#3460 = ORIENTED_EDGE('',*,*,#1971,.T.);
#3461 = ORIENTED_EDGE('',*,*,#1995,.F.);
#3462 = PLANE('',#3463);
#3463 = AXIS2_PLACEMENT_3D('',#3464,#3465,#3466);
#3464 = CARTESIAN_POINT('',(13.25,-61.1,210.));
#3465 = DIRECTION('',(0.,0.,1.));
#3466 = DIRECTION('',(0.,-1.,0.));
#3467 = ADVANCED_FACE('',(#3468),#3479,.F.);
#3468 = FACE_BOUND('',#3469,.F.);
#3469 = EDGE_LOOP('',(#3470,#3476,#3477,#3478));
#3470 = ORIENTED_EDGE('',*,*,#3471,.T.);
#3471 = EDGE_CURVE('',#1954,#2172,#3472,.T.);
#3472 = LINE('',#3473,#3474);
#3473 = CARTESIAN_POINT('',(10.3,-73.5,215.25));
#3474 = VECTOR('',#3475,1.);
#3475 = DIRECTION('',(0.,1.,0.));
#3476 = ORIENTED_EDGE('',*,*,#2171,.F.);
#3477 = ORIENTED_EDGE('',*,*,#3471,.F.);
#3478 = ORIENTED_EDGE('',*,*,#1953,.T.);
#3479 = CYLINDRICAL_SURFACE('',#3480,1.75);
#3480 = AXIS2_PLACEMENT_3D('',#3481,#3482,#3483);
#3481 = CARTESIAN_POINT('',(10.3,-73.5,213.5));
#3482 = DIRECTION('',(0.,1.,0.));
#3483 = DIRECTION('',(0.,-0.,1.));
#3484 = ADVANCED_FACE('',(#3485),#3526,.F.);
#3485 = FACE_BOUND('',#3486,.F.);
#3486 = EDGE_LOOP('',(#3487,#3497,#3503,#3504,#3512,#3520));
#3487 = ORIENTED_EDGE('',*,*,#3488,.F.);
#3488 = EDGE_CURVE('',#3489,#3491,#3493,.T.);
#3489 = VERTEX_POINT('',#3490);
#3490 = CARTESIAN_POINT('',(-58.2,-60.9,109.67703343773));
#3491 = VERTEX_POINT('',#3492);
#3492 = CARTESIAN_POINT('',(-58.2,-56.5,109.67703343773));
#3493 = LINE('',#3494,#3495);
#3494 = CARTESIAN_POINT('',(-58.2,-60.9,109.67703343773));
#3495 = VECTOR('',#3496,1.);
#3496 = DIRECTION('',(-0.,1.,0.));
#3497 = ORIENTED_EDGE('',*,*,#3498,.T.);
#3498 = EDGE_CURVE('',#3489,#2113,#3499,.T.);
#3499 = LINE('',#3500,#3501);
#3500 = CARTESIAN_POINT('',(-58.2,-60.9,109.67703343773));
#3501 = VECTOR('',#3502,1.);
#3502 = DIRECTION('',(1.,0.,-0.));
#3503 = ORIENTED_EDGE('',*,*,#2112,.F.);
#3504 = ORIENTED_EDGE('',*,*,#3505,.T.);
#3505 = EDGE_CURVE('',#2105,#3506,#3508,.T.);
#3506 = VERTEX_POINT('',#3507);
#3507 = CARTESIAN_POINT('',(-44.2,-60.9,109.67703343773));
#3508 = LINE('',#3509,#3510);
#3509 = CARTESIAN_POINT('',(-58.2,-60.9,109.67703343773));
#3510 = VECTOR('',#3511,1.);
#3511 = DIRECTION('',(1.,0.,-0.));
#3512 = ORIENTED_EDGE('',*,*,#3513,.T.);
#3513 = EDGE_CURVE('',#3506,#3514,#3516,.T.);
#3514 = VERTEX_POINT('',#3515);
#3515 = CARTESIAN_POINT('',(-44.2,-56.5,109.67703343773));
#3516 = LINE('',#3517,#3518);
#3517 = CARTESIAN_POINT('',(-44.2,-60.9,109.67703343773));
#3518 = VECTOR('',#3519,1.);
#3519 = DIRECTION('',(-0.,1.,0.));
#3520 = ORIENTED_EDGE('',*,*,#3521,.F.);
#3521 = EDGE_CURVE('',#3491,#3514,#3522,.T.);
#3522 = LINE('',#3523,#3524);
#3523 = CARTESIAN_POINT('',(-58.2,-56.5,109.67703343773));
#3524 = VECTOR('',#3525,1.);
#3525 = DIRECTION('',(1.,0.,-0.));
#3526 = PLANE('',#3527);
#3527 = AXIS2_PLACEMENT_3D('',#3528,#3529,#3530);
#3528 = CARTESIAN_POINT('',(-58.2,-60.9,109.67703343773));
#3529 = DIRECTION('',(0.,0.,1.));
#3530 = DIRECTION('',(1.,0.,-0.));
#3531 = ADVANCED_FACE('',(#3532),#3551,.F.);
#3532 = FACE_BOUND('',#3533,.F.);
#3533 = EDGE_LOOP('',(#3534,#3542,#3543,#3544));
#3534 = ORIENTED_EDGE('',*,*,#3535,.T.);
#3535 = EDGE_CURVE('',#3536,#2139,#3538,.T.);
#3536 = VERTEX_POINT('',#3537);
#3537 = CARTESIAN_POINT('',(-3.989419162443,-61.1,190.5));
#3538 = LINE('',#3539,#3540);
#3539 = CARTESIAN_POINT('',(-3.989419162443,-73.5,190.5));
#3540 = VECTOR('',#3541,1.);
#3541 = DIRECTION('',(0.,1.,0.));
#3542 = ORIENTED_EDGE('',*,*,#2138,.F.);
#3543 = ORIENTED_EDGE('',*,*,#3535,.F.);
#3544 = ORIENTED_EDGE('',*,*,#3545,.T.);
#3545 = EDGE_CURVE('',#3536,#3536,#3546,.T.);
#3546 = CIRCLE('',#3547,1.75);
#3547 = AXIS2_PLACEMENT_3D('',#3548,#3549,#3550);
#3548 = CARTESIAN_POINT('',(-3.989419162443,-61.1,188.75));
#3549 = DIRECTION('',(0.,1.,0.));
#3550 = DIRECTION('',(0.,-0.,1.));
#3551 = CYLINDRICAL_SURFACE('',#3552,1.75);
#3552 = AXIS2_PLACEMENT_3D('',#3553,#3554,#3555);
#3553 = CARTESIAN_POINT('',(-3.989419162443,-73.5,188.75));
#3554 = DIRECTION('',(0.,1.,0.));
#3555 = DIRECTION('',(0.,-0.,1.));
#3556 = ADVANCED_FACE('',(#3557),#3576,.F.);
#3557 = FACE_BOUND('',#3558,.F.);
#3558 = EDGE_LOOP('',(#3559,#3560,#3568,#3575));
#3559 = ORIENTED_EDGE('',*,*,#2149,.F.);
#3560 = ORIENTED_EDGE('',*,*,#3561,.F.);
#3561 = EDGE_CURVE('',#3562,#2150,#3564,.T.);
#3562 = VERTEX_POINT('',#3563);
#3563 = CARTESIAN_POINT('',(10.3,-62.2,204.5));
#3564 = LINE('',#3565,#3566);
#3565 = CARTESIAN_POINT('',(10.3,-76.5,204.5));
#3566 = VECTOR('',#3567,1.);
#3567 = DIRECTION('',(0.,1.,0.));
#3568 = ORIENTED_EDGE('',*,*,#3569,.T.);
#3569 = EDGE_CURVE('',#3562,#3562,#3570,.T.);
#3570 = CIRCLE('',#3571,7.5);
#3571 = AXIS2_PLACEMENT_3D('',#3572,#3573,#3574);
#3572 = CARTESIAN_POINT('',(10.3,-62.2,197.));
#3573 = DIRECTION('',(0.,1.,0.));
#3574 = DIRECTION('',(0.,-0.,1.));
#3575 = ORIENTED_EDGE('',*,*,#3561,.T.);
#3576 = CYLINDRICAL_SURFACE('',#3577,7.5);
#3577 = AXIS2_PLACEMENT_3D('',#3578,#3579,#3580);
#3578 = CARTESIAN_POINT('',(10.3,-76.5,197.));
#3579 = DIRECTION('',(0.,1.,0.));
#3580 = DIRECTION('',(0.,-0.,1.));
#3581 = ADVANCED_FACE('',(#3582),#3593,.F.);
#3582 = FACE_BOUND('',#3583,.F.);
#3583 = EDGE_LOOP('',(#3584,#3590,#3591,#3592));
#3584 = ORIENTED_EDGE('',*,*,#3585,.T.);
#3585 = EDGE_CURVE('',#2325,#2161,#3586,.T.);
#3586 = LINE('',#3587,#3588);
#3587 = CARTESIAN_POINT('',(24.589419162443,-73.5,190.5));
#3588 = VECTOR('',#3589,1.);
#3589 = DIRECTION('',(0.,1.,0.));
#3590 = ORIENTED_EDGE('',*,*,#2160,.F.);
#3591 = ORIENTED_EDGE('',*,*,#3585,.F.);
#3592 = ORIENTED_EDGE('',*,*,#2324,.T.);
#3593 = CYLINDRICAL_SURFACE('',#3594,1.75);
#3594 = AXIS2_PLACEMENT_3D('',#3595,#3596,#3597);
#3595 = CARTESIAN_POINT('',(24.589419162443,-73.5,188.75));
#3596 = DIRECTION('',(0.,1.,0.));
#3597 = DIRECTION('',(0.,-0.,1.));
#3598 = ADVANCED_FACE('',(#3599),#3605,.T.);
#3599 = FACE_BOUND('',#3600,.T.);
#3600 = EDGE_LOOP('',(#3601,#3602,#3603,#3604));
#3601 = ORIENTED_EDGE('',*,*,#2352,.F.);
#3602 = ORIENTED_EDGE('',*,*,#2306,.T.);
#3603 = ORIENTED_EDGE('',*,*,#2289,.T.);
#3604 = ORIENTED_EDGE('',*,*,#2246,.F.);
#3605 = PLANE('',#3606);
#3606 = AXIS2_PLACEMENT_3D('',#3607,#3608,#3609);
#3607 = CARTESIAN_POINT('',(20.083330249198,-61.1,187.94522505883));
#3608 = DIRECTION('',(0.866025403784,-5.551115123126E-17,-0.5));
#3609 = DIRECTION('',(6.294823530293E-17,-1.,2.20051844254E-16));
#3610 = ADVANCED_FACE('',(#3611),#3636,.F.);
#3611 = FACE_BOUND('',#3612,.F.);
#3612 = EDGE_LOOP('',(#3613,#3623,#3629,#3630));
#3613 = ORIENTED_EDGE('',*,*,#3614,.F.);
#3614 = EDGE_CURVE('',#3615,#3617,#3619,.T.);
#3615 = VERTEX_POINT('',#3616);
#3616 = CARTESIAN_POINT('',(-56.,-65.5,98.));
#3617 = VERTEX_POINT('',#3618);
#3618 = CARTESIAN_POINT('',(32.,-65.5,98.));
#3619 = LINE('',#3620,#3621);
#3620 = CARTESIAN_POINT('',(-56.,-65.5,98.));
#3621 = VECTOR('',#3622,1.);
#3622 = DIRECTION('',(1.,0.,-0.));
#3623 = ORIENTED_EDGE('',*,*,#3624,.T.);
#3624 = EDGE_CURVE('',#3615,#2409,#3625,.T.);
#3625 = LINE('',#3626,#3627);
#3626 = CARTESIAN_POINT('',(-56.,-65.5,98.));
#3627 = VECTOR('',#3628,1.);
#3628 = DIRECTION('',(0.,0.,1.));
#3629 = ORIENTED_EDGE('',*,*,#2408,.T.);
#3630 = ORIENTED_EDGE('',*,*,#3631,.F.);
#3631 = EDGE_CURVE('',#3617,#2411,#3632,.T.);
#3632 = LINE('',#3633,#3634);
#3633 = CARTESIAN_POINT('',(32.,-65.5,98.));
#3634 = VECTOR('',#3635,1.);
#3635 = DIRECTION('',(0.,0.,1.));
#3636 = PLANE('',#3637);
#3637 = AXIS2_PLACEMENT_3D('',#3638,#3639,#3640);
#3638 = CARTESIAN_POINT('',(-56.,-65.5,98.));
#3639 = DIRECTION('',(-0.,1.,0.));
#3640 = DIRECTION('',(0.,0.,1.));
#3641 = ADVANCED_FACE('',(#3642),#3660,.F.);
#3642 = FACE_BOUND('',#3643,.F.);
#3643 = EDGE_LOOP('',(#3644,#3645,#3653,#3659));
#3644 = ORIENTED_EDGE('',*,*,#3624,.F.);
#3645 = ORIENTED_EDGE('',*,*,#3646,.T.);
#3646 = EDGE_CURVE('',#3615,#3647,#3649,.T.);
#3647 = VERTEX_POINT('',#3648);
#3648 = CARTESIAN_POINT('',(-56.,-57.5,98.));
#3649 = LINE('',#3650,#3651);
#3650 = CARTESIAN_POINT('',(-56.,-65.5,98.));
#3651 = VECTOR('',#3652,1.);
#3652 = DIRECTION('',(-0.,1.,0.));
#3653 = ORIENTED_EDGE('',*,*,#3654,.T.);
#3654 = EDGE_CURVE('',#3647,#2419,#3655,.T.);
#3655 = LINE('',#3656,#3657);
#3656 = CARTESIAN_POINT('',(-56.,-57.5,98.));
#3657 = VECTOR('',#3658,1.);
#3658 = DIRECTION('',(0.,0.,1.));
#3659 = ORIENTED_EDGE('',*,*,#2418,.F.);
#3660 = PLANE('',#3661);
#3661 = AXIS2_PLACEMENT_3D('',#3662,#3663,#3664);
#3662 = CARTESIAN_POINT('',(-56.,-65.5,98.));
#3663 = DIRECTION('',(1.,0.,-0.));
#3664 = DIRECTION('',(0.,0.,1.));
#3665 = ADVANCED_FACE('',(#3666),#3684,.T.);
#3666 = FACE_BOUND('',#3667,.T.);
#3667 = EDGE_LOOP('',(#3668,#3669,#3677,#3683));
#3668 = ORIENTED_EDGE('',*,*,#3631,.F.);
#3669 = ORIENTED_EDGE('',*,*,#3670,.T.);
#3670 = EDGE_CURVE('',#3617,#3671,#3673,.T.);
#3671 = VERTEX_POINT('',#3672);
#3672 = CARTESIAN_POINT('',(32.,-57.5,98.));
#3673 = LINE('',#3674,#3675);
#3674 = CARTESIAN_POINT('',(32.,-65.5,98.));
#3675 = VECTOR('',#3676,1.);
#3676 = DIRECTION('',(-0.,1.,0.));
#3677 = ORIENTED_EDGE('',*,*,#3678,.T.);
#3678 = EDGE_CURVE('',#3671,#2427,#3679,.T.);
#3679 = LINE('',#3680,#3681);
#3680 = CARTESIAN_POINT('',(32.,-57.5,98.));
#3681 = VECTOR('',#3682,1.);
#3682 = DIRECTION('',(0.,0.,1.));
#3683 = ORIENTED_EDGE('',*,*,#2434,.F.);
#3684 = PLANE('',#3685);
#3685 = AXIS2_PLACEMENT_3D('',#3686,#3687,#3688);
#3686 = CARTESIAN_POINT('',(32.,-65.5,98.));
#3687 = DIRECTION('',(1.,0.,-0.));
#3688 = DIRECTION('',(0.,0.,1.));
#3689 = ADVANCED_FACE('',(#3690),#3701,.T.);
#3690 = FACE_BOUND('',#3691,.T.);
#3691 = EDGE_LOOP('',(#3692,#3698,#3699,#3700));
#3692 = ORIENTED_EDGE('',*,*,#3693,.F.);
#3693 = EDGE_CURVE('',#3647,#3671,#3694,.T.);
#3694 = LINE('',#3695,#3696);
#3695 = CARTESIAN_POINT('',(-56.,-57.5,98.));
#3696 = VECTOR('',#3697,1.);
#3697 = DIRECTION('',(1.,0.,-0.));
#3698 = ORIENTED_EDGE('',*,*,#3654,.T.);
#3699 = ORIENTED_EDGE('',*,*,#2426,.T.);
#3700 = ORIENTED_EDGE('',*,*,#3678,.F.);
#3701 = PLANE('',#3702);
#3702 = AXIS2_PLACEMENT_3D('',#3703,#3704,#3705);
#3703 = CARTESIAN_POINT('',(-56.,-57.5,98.));
#3704 = DIRECTION('',(-0.,1.,0.));
#3705 = DIRECTION('',(0.,0.,1.));
#3706 = ADVANCED_FACE('',(#3707),#3718,.F.);
#3707 = FACE_BOUND('',#3708,.F.);
#3708 = EDGE_LOOP('',(#3709,#3710,#3716,#3717));
#3709 = ORIENTED_EDGE('',*,*,#2442,.T.);
#3710 = ORIENTED_EDGE('',*,*,#3711,.T.);
#3711 = EDGE_CURVE('',#2443,#3209,#3712,.T.);
#3712 = LINE('',#3713,#3714);
#3713 = CARTESIAN_POINT('',(35.75,-61.5,97.));
#3714 = VECTOR('',#3715,1.);
#3715 = DIRECTION('',(0.,0.,1.));
#3716 = ORIENTED_EDGE('',*,*,#3208,.F.);
#3717 = ORIENTED_EDGE('',*,*,#3711,.F.);
#3718 = CYLINDRICAL_SURFACE('',#3719,1.75);
#3719 = AXIS2_PLACEMENT_3D('',#3720,#3721,#3722);
#3720 = CARTESIAN_POINT('',(34.,-61.5,97.));
#3721 = DIRECTION('',(0.,0.,1.));
#3722 = DIRECTION('',(1.,0.,-0.));
#3723 = ADVANCED_FACE('',(#3724),#3767,.F.);
#3724 = FACE_BOUND('',#3725,.F.);
#3725 = EDGE_LOOP('',(#3726,#3735,#3741,#3742,#3750,#3759,#3765,#3766));
#3726 = ORIENTED_EDGE('',*,*,#3727,.T.);
#3727 = EDGE_CURVE('',#3728,#3728,#3730,.T.);
#3728 = VERTEX_POINT('',#3729);
#3729 = CARTESIAN_POINT('',(-50.25,-61.5,98.));
#3730 = CIRCLE('',#3731,1.75);
#3731 = AXIS2_PLACEMENT_3D('',#3732,#3733,#3734);
#3732 = CARTESIAN_POINT('',(-52.,-61.5,98.));
#3733 = DIRECTION('',(0.,0.,1.));
#3734 = DIRECTION('',(1.,0.,-0.));
#3735 = ORIENTED_EDGE('',*,*,#3736,.T.);
#3736 = EDGE_CURVE('',#3728,#2712,#3737,.T.);
#3737 = LINE('',#3738,#3739);
#3738 = CARTESIAN_POINT('',(-50.25,-61.5,97.));
#3739 = VECTOR('',#3740,1.);
#3740 = DIRECTION('',(0.,0.,1.));
#3741 = ORIENTED_EDGE('',*,*,#2720,.F.);
#3742 = ORIENTED_EDGE('',*,*,#3743,.F.);
#3743 = EDGE_CURVE('',#3744,#2721,#3746,.T.);
#3744 = VERTEX_POINT('',#3745);
#3745 = CARTESIAN_POINT('',(-53.64392822227,-60.9,103.47703343773));
#3746 = LINE('',#3747,#3748);
#3747 = CARTESIAN_POINT('',(-53.64392822227,-60.9,97.));
#3748 = VECTOR('',#3749,1.);
#3749 = DIRECTION('',(0.,0.,1.));
#3750 = ORIENTED_EDGE('',*,*,#3751,.F.);
#3751 = EDGE_CURVE('',#3752,#3744,#3754,.T.);
#3752 = VERTEX_POINT('',#3753);
#3753 = CARTESIAN_POINT('',(-50.35607177772,-60.9,103.47703343773));
#3754 = CIRCLE('',#3755,1.75);
#3755 = AXIS2_PLACEMENT_3D('',#3756,#3757,#3758);
#3756 = CARTESIAN_POINT('',(-52.,-61.5,103.47703343773));
#3757 = DIRECTION('',(0.,0.,1.));
#3758 = DIRECTION('',(1.,0.,-0.));
#3759 = ORIENTED_EDGE('',*,*,#3760,.T.);
#3760 = EDGE_CURVE('',#3752,#2704,#3761,.T.);
#3761 = LINE('',#3762,#3763);
#3762 = CARTESIAN_POINT('',(-50.35607177772,-60.9,97.));
#3763 = VECTOR('',#3764,1.);
#3764 = DIRECTION('',(0.,0.,1.));
#3765 = ORIENTED_EDGE('',*,*,#2711,.F.);
#3766 = ORIENTED_EDGE('',*,*,#3736,.F.);
#3767 = CYLINDRICAL_SURFACE('',#3768,1.75);
#3768 = AXIS2_PLACEMENT_3D('',#3769,#3770,#3771);
#3769 = CARTESIAN_POINT('',(-52.,-61.5,97.));
#3770 = DIRECTION('',(0.,0.,1.));
#3771 = DIRECTION('',(1.,0.,-0.));
#3772 = ADVANCED_FACE('',(#3773,#3807),#3810,.F.);
#3773 = FACE_BOUND('',#3774,.F.);
#3774 = EDGE_LOOP('',(#3775,#3785,#3793,#3801));
#3775 = ORIENTED_EDGE('',*,*,#3776,.F.);
#3776 = EDGE_CURVE('',#3777,#3779,#3781,.T.);
#3777 = VERTEX_POINT('',#3778);
#3778 = CARTESIAN_POINT('',(-2.433330249198,-63.9,193.05477494116));
#3779 = VERTEX_POINT('',#3780);
#3780 = CARTESIAN_POINT('',(0.516669750802,-63.9,187.94522505883));
#3781 = LINE('',#3782,#3783);
#3782 = CARTESIAN_POINT('',(-2.433330249198,-63.9,193.05477494116));
#3783 = VECTOR('',#3784,1.);
#3784 = DIRECTION('',(0.5,3.330669073875E-16,-0.866025403784));
#3785 = ORIENTED_EDGE('',*,*,#3786,.T.);
#3786 = EDGE_CURVE('',#3777,#3787,#3789,.T.);
#3787 = VERTEX_POINT('',#3788);
#3788 = CARTESIAN_POINT('',(-12.39262239271,-63.9,187.30477494116));
#3789 = LINE('',#3790,#3791);
#3790 = CARTESIAN_POINT('',(-2.433330249198,-63.9,193.05477494116));
#3791 = VECTOR('',#3792,1.);
#3792 = DIRECTION('',(-0.866025403784,5.551115123126E-17,-0.5));
#3793 = ORIENTED_EDGE('',*,*,#3794,.T.);
#3794 = EDGE_CURVE('',#3787,#3795,#3797,.T.);
#3795 = VERTEX_POINT('',#3796);
#3796 = CARTESIAN_POINT('',(-9.442622392719,-63.9,182.19522505883));
#3797 = LINE('',#3798,#3799);
#3798 = CARTESIAN_POINT('',(-12.39262239271,-63.9,187.30477494116));
#3799 = VECTOR('',#3800,1.);
#3800 = DIRECTION('',(0.5,3.330669073875E-16,-0.866025403784));
#3801 = ORIENTED_EDGE('',*,*,#3802,.F.);
#3802 = EDGE_CURVE('',#3779,#3795,#3803,.T.);
#3803 = LINE('',#3804,#3805);
#3804 = CARTESIAN_POINT('',(0.516669750802,-63.9,187.94522505883));
#3805 = VECTOR('',#3806,1.);
#3806 = DIRECTION('',(-0.866025403784,5.551115123126E-17,-0.5));
#3807 = FACE_BOUND('',#3808,.F.);
#3808 = EDGE_LOOP('',(#3809));
#3809 = ORIENTED_EDGE('',*,*,#2981,.T.);
#3810 = PLANE('',#3811);
#3811 = AXIS2_PLACEMENT_3D('',#3812,#3813,#3814);
#3812 = CARTESIAN_POINT('',(-2.433330249198,-63.9,193.05477494116));
#3813 = DIRECTION('',(1.184593865342E-16,-1.,-3.161999785732E-16));
#3814 = DIRECTION('',(-0.866025403784,5.551115123126E-17,-0.5));
#3815 = ADVANCED_FACE('',(#3816,#3819),#3822,.F.);
#3816 = FACE_BOUND('',#3817,.F.);
#3817 = EDGE_LOOP('',(#3818));
#3818 = ORIENTED_EDGE('',*,*,#3031,.T.);
#3819 = FACE_BOUND('',#3820,.F.);
#3820 = EDGE_LOOP('',(#3821));
#3821 = ORIENTED_EDGE('',*,*,#3569,.F.);
#3822 = PLANE('',#3823);
#3823 = AXIS2_PLACEMENT_3D('',#3824,#3825,#3826);
#3824 = CARTESIAN_POINT('',(10.3,-62.2,197.));
#3825 = DIRECTION('',(0.,1.,0.));
#3826 = DIRECTION('',(0.,-0.,1.));
#3827 = ADVANCED_FACE('',(#3828),#3834,.T.);
#3828 = FACE_BOUND('',#3829,.T.);
#3829 = EDGE_LOOP('',(#3830,#3831,#3832,#3833));
#3830 = ORIENTED_EDGE('',*,*,#3132,.F.);
#3831 = ORIENTED_EDGE('',*,*,#3073,.T.);
#3832 = ORIENTED_EDGE('',*,*,#3108,.T.);
#3833 = ORIENTED_EDGE('',*,*,#3156,.F.);
#3834 = PLANE('',#3835);
#3835 = AXIS2_PLACEMENT_3D('',#3836,#3837,#3838);
#3836 = CARTESIAN_POINT('',(-2.95,-58.,106.6));
#3837 = DIRECTION('',(2.22044604925E-16,-1.,0.));
#3838 = DIRECTION('',(0.,0.,1.));
#3839 = ADVANCED_FACE('',(#3840),#3859,.F.);
#3840 = FACE_BOUND('',#3841,.F.);
#3841 = EDGE_LOOP('',(#3842,#3851,#3857,#3858));
#3842 = ORIENTED_EDGE('',*,*,#3843,.T.);
#3843 = EDGE_CURVE('',#3844,#3844,#3846,.T.);
#3844 = VERTEX_POINT('',#3845);
#3845 = CARTESIAN_POINT('',(1.75,-61.5,98.));
#3846 = CIRCLE('',#3847,1.75);
#3847 = AXIS2_PLACEMENT_3D('',#3848,#3849,#3850);
#3848 = CARTESIAN_POINT('',(0.,-61.5,98.));
#3849 = DIRECTION('',(0.,0.,1.));
#3850 = DIRECTION('',(1.,0.,-0.));
#3851 = ORIENTED_EDGE('',*,*,#3852,.T.);
#3852 = EDGE_CURVE('',#3844,#3091,#3853,.T.);
#3853 = LINE('',#3854,#3855);
#3854 = CARTESIAN_POINT('',(1.75,-61.5,97.));
#3855 = VECTOR('',#3856,1.);
#3856 = DIRECTION('',(0.,0.,1.));
#3857 = ORIENTED_EDGE('',*,*,#3090,.F.);
#3858 = ORIENTED_EDGE('',*,*,#3852,.F.);
#3859 = CYLINDRICAL_SURFACE('',#3860,1.75);
#3860 = AXIS2_PLACEMENT_3D('',#3861,#3862,#3863);
#3861 = CARTESIAN_POINT('',(0.,-61.5,97.));
#3862 = DIRECTION('',(0.,0.,1.));
#3863 = DIRECTION('',(1.,0.,-0.));
#3864 = ADVANCED_FACE('',(#3865),#3884,.F.);
#3865 = FACE_BOUND('',#3866,.F.);
#3866 = EDGE_LOOP('',(#3867,#3868,#3876,#3883));
#3867 = ORIENTED_EDGE('',*,*,#3166,.T.);
#3868 = ORIENTED_EDGE('',*,*,#3869,.T.);
#3869 = EDGE_CURVE('',#3167,#3870,#3872,.T.);
#3870 = VERTEX_POINT('',#3871);
#3871 = CARTESIAN_POINT('',(1.75,-61.5,114.));
#3872 = LINE('',#3873,#3874);
#3873 = CARTESIAN_POINT('',(1.75,-61.5,97.));
#3874 = VECTOR('',#3875,1.);
#3875 = DIRECTION('',(0.,0.,1.));
#3876 = ORIENTED_EDGE('',*,*,#3877,.F.);
#3877 = EDGE_CURVE('',#3870,#3870,#3878,.T.);
#3878 = CIRCLE('',#3879,1.75);
#3879 = AXIS2_PLACEMENT_3D('',#3880,#3881,#3882);
#3880 = CARTESIAN_POINT('',(0.,-61.5,114.));
#3881 = DIRECTION('',(0.,0.,1.));
#3882 = DIRECTION('',(1.,0.,-0.));
#3883 = ORIENTED_EDGE('',*,*,#3869,.F.);
#3884 = CYLINDRICAL_SURFACE('',#3885,1.75);
#3885 = AXIS2_PLACEMENT_3D('',#3886,#3887,#3888);
#3886 = CARTESIAN_POINT('',(0.,-61.5,97.));
#3887 = DIRECTION('',(0.,0.,1.));
#3888 = DIRECTION('',(1.,0.,-0.));
#3889 = ADVANCED_FACE('',(#3890),#3896,.T.);
#3890 = FACE_BOUND('',#3891,.T.);
#3891 = EDGE_LOOP('',(#3892,#3893,#3894,#3895));
#3892 = ORIENTED_EDGE('',*,*,#3250,.F.);
#3893 = ORIENTED_EDGE('',*,*,#3191,.T.);
#3894 = ORIENTED_EDGE('',*,*,#3226,.T.);
#3895 = ORIENTED_EDGE('',*,*,#3274,.F.);
#3896 = PLANE('',#3897);
#3897 = AXIS2_PLACEMENT_3D('',#3898,#3899,#3900);
#3898 = CARTESIAN_POINT('',(31.05,-58.,106.6));
#3899 = DIRECTION('',(2.22044604925E-16,-1.,0.));
#3900 = DIRECTION('',(0.,0.,1.));
#3901 = ADVANCED_FACE('',(#3902),#3929,.F.);
#3902 = FACE_BOUND('',#3903,.F.);
#3903 = EDGE_LOOP('',(#3904,#3905,#3914,#3922));
#3904 = ORIENTED_EDGE('',*,*,#3488,.T.);
#3905 = ORIENTED_EDGE('',*,*,#3906,.F.);
#3906 = EDGE_CURVE('',#3907,#3491,#3909,.T.);
#3907 = VERTEX_POINT('',#3908);
#3908 = CARTESIAN_POINT('',(-58.2,-56.5,103.47703343773));
#3909 = CIRCLE('',#3910,3.1);
#3910 = AXIS2_PLACEMENT_3D('',#3911,#3912,#3913);
#3911 = CARTESIAN_POINT('',(-58.2,-56.5,106.57703343773));
#3912 = DIRECTION('',(0.,1.,0.));
#3913 = DIRECTION('',(0.,-0.,1.));
#3914 = ORIENTED_EDGE('',*,*,#3915,.F.);
#3915 = EDGE_CURVE('',#3916,#3907,#3918,.T.);
#3916 = VERTEX_POINT('',#3917);
#3917 = CARTESIAN_POINT('',(-58.2,-60.9,103.47703343773));
#3918 = LINE('',#3919,#3920);
#3919 = CARTESIAN_POINT('',(-58.2,-60.9,103.47703343773));
#3920 = VECTOR('',#3921,1.);
#3921 = DIRECTION('',(-0.,1.,0.));
#3922 = ORIENTED_EDGE('',*,*,#3923,.T.);
#3923 = EDGE_CURVE('',#3916,#3489,#3924,.T.);
#3924 = CIRCLE('',#3925,3.1);
#3925 = AXIS2_PLACEMENT_3D('',#3926,#3927,#3928);
#3926 = CARTESIAN_POINT('',(-58.2,-60.9,106.57703343773));
#3927 = DIRECTION('',(0.,1.,0.));
#3928 = DIRECTION('',(0.,-0.,1.));
#3929 = CYLINDRICAL_SURFACE('',#3930,3.1);
#3930 = AXIS2_PLACEMENT_3D('',#3931,#3932,#3933);
#3931 = CARTESIAN_POINT('',(-58.2,-60.9,106.57703343773));
#3932 = DIRECTION('',(0.,1.,0.));
#3933 = DIRECTION('',(0.,-0.,1.));
#3934 = ADVANCED_FACE('',(#3935),#3962,.F.);
#3935 = FACE_BOUND('',#3936,.F.);
#3936 = EDGE_LOOP('',(#3937,#3946,#3947,#3956));
#3937 = ORIENTED_EDGE('',*,*,#3938,.F.);
#3938 = EDGE_CURVE('',#3514,#3939,#3941,.T.);
#3939 = VERTEX_POINT('',#3940);
#3940 = CARTESIAN_POINT('',(-44.2,-56.5,103.47703343773));
#3941 = CIRCLE('',#3942,3.1);
#3942 = AXIS2_PLACEMENT_3D('',#3943,#3944,#3945);
#3943 = CARTESIAN_POINT('',(-44.2,-56.5,106.57703343773));
#3944 = DIRECTION('',(0.,1.,0.));
#3945 = DIRECTION('',(0.,-0.,1.));
#3946 = ORIENTED_EDGE('',*,*,#3513,.F.);
#3947 = ORIENTED_EDGE('',*,*,#3948,.T.);
#3948 = EDGE_CURVE('',#3506,#3949,#3951,.T.);
#3949 = VERTEX_POINT('',#3950);
#3950 = CARTESIAN_POINT('',(-44.2,-60.9,103.47703343773));
#3951 = CIRCLE('',#3952,3.1);
#3952 = AXIS2_PLACEMENT_3D('',#3953,#3954,#3955);
#3953 = CARTESIAN_POINT('',(-44.2,-60.9,106.57703343773));
#3954 = DIRECTION('',(0.,1.,0.));
#3955 = DIRECTION('',(0.,-0.,1.));
#3956 = ORIENTED_EDGE('',*,*,#3957,.T.);
#3957 = EDGE_CURVE('',#3949,#3939,#3958,.T.);
#3958 = LINE('',#3959,#3960);
#3959 = CARTESIAN_POINT('',(-44.2,-60.9,103.47703343773));
#3960 = VECTOR('',#3961,1.);
#3961 = DIRECTION('',(-0.,1.,0.));
#3962 = CYLINDRICAL_SURFACE('',#3963,3.1);
#3963 = AXIS2_PLACEMENT_3D('',#3964,#3965,#3966);
#3964 = CARTESIAN_POINT('',(-44.2,-60.9,106.57703343773));
#3965 = DIRECTION('',(0.,1.,0.));
#3966 = DIRECTION('',(0.,-0.,1.));
#3967 = ADVANCED_FACE('',(#3968,#4002),#4005,.T.);
#3968 = FACE_BOUND('',#3969,.T.);
#3969 = EDGE_LOOP('',(#3970,#3980,#3988,#3996));
#3970 = ORIENTED_EDGE('',*,*,#3971,.F.);
#3971 = EDGE_CURVE('',#3972,#3974,#3976,.T.);
#3972 = VERTEX_POINT('',#3973);
#3973 = CARTESIAN_POINT('',(-2.433330249198,-61.1,193.05477494116));
#3974 = VERTEX_POINT('',#3975);
#3975 = CARTESIAN_POINT('',(0.516669750802,-61.1,187.94522505883));
#3976 = LINE('',#3977,#3978);
#3977 = CARTESIAN_POINT('',(-2.433330249198,-61.1,193.05477494116));
#3978 = VECTOR('',#3979,1.);
#3979 = DIRECTION('',(0.5,3.330669073875E-16,-0.866025403784));
#3980 = ORIENTED_EDGE('',*,*,#3981,.T.);
#3981 = EDGE_CURVE('',#3972,#3982,#3984,.T.);
#3982 = VERTEX_POINT('',#3983);
#3983 = CARTESIAN_POINT('',(-12.39262239271,-61.1,187.30477494116));
#3984 = LINE('',#3985,#3986);
#3985 = CARTESIAN_POINT('',(-2.433330249198,-61.1,193.05477494116));
#3986 = VECTOR('',#3987,1.);
#3987 = DIRECTION('',(-0.866025403784,5.551115123126E-17,-0.5));
#3988 = ORIENTED_EDGE('',*,*,#3989,.T.);
#3989 = EDGE_CURVE('',#3982,#3990,#3992,.T.);
#3990 = VERTEX_POINT('',#3991);
#3991 = CARTESIAN_POINT('',(-9.442622392719,-61.1,182.19522505883));
#3992 = LINE('',#3993,#3994);
#3993 = CARTESIAN_POINT('',(-12.39262239271,-61.1,187.30477494116));
#3994 = VECTOR('',#3995,1.);
#3995 = DIRECTION('',(0.5,3.330669073875E-16,-0.866025403784));
#3996 = ORIENTED_EDGE('',*,*,#3997,.F.);
#3997 = EDGE_CURVE('',#3974,#3990,#3998,.T.);
#3998 = LINE('',#3999,#4000);
#3999 = CARTESIAN_POINT('',(0.516669750802,-61.1,187.94522505883));
#4000 = VECTOR('',#4001,1.);
#4001 = DIRECTION('',(-0.866025403784,5.551115123126E-17,-0.5));
#4002 = FACE_BOUND('',#4003,.T.);
#4003 = EDGE_LOOP('',(#4004));
#4004 = ORIENTED_EDGE('',*,*,#3545,.T.);
#4005 = PLANE('',#4006);
#4006 = AXIS2_PLACEMENT_3D('',#4007,#4008,#4009);
#4007 = CARTESIAN_POINT('',(-2.433330249198,-61.1,193.05477494116));
#4008 = DIRECTION('',(1.184593865342E-16,-1.,-3.161999785732E-16));
#4009 = DIRECTION('',(-0.866025403784,5.551115123126E-17,-0.5));
#4010 = ADVANCED_FACE('',(#4011,#4017,#4020),#4023,.F.);
#4011 = FACE_BOUND('',#4012,.F.);
#4012 = EDGE_LOOP('',(#4013,#4014,#4015,#4016));
#4013 = ORIENTED_EDGE('',*,*,#3646,.F.);
#4014 = ORIENTED_EDGE('',*,*,#3614,.T.);
#4015 = ORIENTED_EDGE('',*,*,#3670,.T.);
#4016 = ORIENTED_EDGE('',*,*,#3693,.F.);
#4017 = FACE_BOUND('',#4018,.F.);
#4018 = EDGE_LOOP('',(#4019));
#4019 = ORIENTED_EDGE('',*,*,#3727,.F.);
#4020 = FACE_BOUND('',#4021,.F.);
#4021 = EDGE_LOOP('',(#4022));
#4022 = ORIENTED_EDGE('',*,*,#3843,.F.);
#4023 = PLANE('',#4024);
#4024 = AXIS2_PLACEMENT_3D('',#4025,#4026,#4027);
#4025 = CARTESIAN_POINT('',(-56.,-65.5,98.));
#4026 = DIRECTION('',(0.,0.,1.));
#4027 = DIRECTION('',(1.,0.,-0.));
#4028 = ADVANCED_FACE('',(#4029),#4052,.T.);
#4029 = FACE_BOUND('',#4030,.T.);
#4030 = EDGE_LOOP('',(#4031,#4032,#4038,#4039,#4045,#4046));
#4031 = ORIENTED_EDGE('',*,*,#3915,.F.);
#4032 = ORIENTED_EDGE('',*,*,#4033,.T.);
#4033 = EDGE_CURVE('',#3916,#3744,#4034,.T.);
#4034 = LINE('',#4035,#4036);
#4035 = CARTESIAN_POINT('',(-58.2,-60.9,103.47703343773));
#4036 = VECTOR('',#4037,1.);
#4037 = DIRECTION('',(1.,0.,-0.));
#4038 = ORIENTED_EDGE('',*,*,#3751,.F.);
#4039 = ORIENTED_EDGE('',*,*,#4040,.T.);
#4040 = EDGE_CURVE('',#3752,#3949,#4041,.T.);
#4041 = LINE('',#4042,#4043);
#4042 = CARTESIAN_POINT('',(-58.2,-60.9,103.47703343773));
#4043 = VECTOR('',#4044,1.);
#4044 = DIRECTION('',(1.,0.,-0.));
#4045 = ORIENTED_EDGE('',*,*,#3957,.T.);
#4046 = ORIENTED_EDGE('',*,*,#4047,.F.);
#4047 = EDGE_CURVE('',#3907,#3939,#4048,.T.);
#4048 = LINE('',#4049,#4050);
#4049 = CARTESIAN_POINT('',(-58.2,-56.5,103.47703343773));
#4050 = VECTOR('',#4051,1.);
#4051 = DIRECTION('',(1.,0.,-0.));
#4052 = PLANE('',#4053);
#4053 = AXIS2_PLACEMENT_3D('',#4054,#4055,#4056);
#4054 = CARTESIAN_POINT('',(-58.2,-60.9,103.47703343773));
#4055 = DIRECTION('',(0.,0.,1.));
#4056 = DIRECTION('',(1.,0.,-0.));
#4057 = ADVANCED_FACE('',(#4058),#4074,.T.);
#4058 = FACE_BOUND('',#4059,.T.);
#4059 = EDGE_LOOP('',(#4060,#4066,#4067,#4073));
#4060 = ORIENTED_EDGE('',*,*,#4061,.F.);
#4061 = EDGE_CURVE('',#3972,#3777,#4062,.T.);
#4062 = LINE('',#4063,#4064);
#4063 = CARTESIAN_POINT('',(-2.433330249198,-61.1,193.05477494116));
#4064 = VECTOR('',#4065,1.);
#4065 = DIRECTION('',(1.184593865342E-16,-1.,-3.161999785732E-16));
#4066 = ORIENTED_EDGE('',*,*,#3971,.T.);
#4067 = ORIENTED_EDGE('',*,*,#4068,.T.);
#4068 = EDGE_CURVE('',#3974,#3779,#4069,.T.);
#4069 = LINE('',#4070,#4071);
#4070 = CARTESIAN_POINT('',(0.516669750802,-61.1,187.94522505883));
#4071 = VECTOR('',#4072,1.);
#4072 = DIRECTION('',(1.184593865342E-16,-1.,-3.161999785732E-16));
#4073 = ORIENTED_EDGE('',*,*,#3776,.F.);
#4074 = PLANE('',#4075);
#4075 = AXIS2_PLACEMENT_3D('',#4076,#4077,#4078);
#4076 = CARTESIAN_POINT('',(-2.433330249198,-61.1,193.05477494116));
#4077 = DIRECTION('',(-0.866025403784,5.551115123126E-17,-0.5));
#4078 = DIRECTION('',(1.184593865342E-16,-1.,-3.161999785732E-16));
#4079 = ADVANCED_FACE('',(#4080),#4091,.F.);
#4080 = FACE_BOUND('',#4081,.F.);
#4081 = EDGE_LOOP('',(#4082,#4083,#4084,#4085));
#4082 = ORIENTED_EDGE('',*,*,#3997,.F.);
#4083 = ORIENTED_EDGE('',*,*,#4068,.T.);
#4084 = ORIENTED_EDGE('',*,*,#3802,.T.);
#4085 = ORIENTED_EDGE('',*,*,#4086,.F.);
#4086 = EDGE_CURVE('',#3990,#3795,#4087,.T.);
#4087 = LINE('',#4088,#4089);
#4088 = CARTESIAN_POINT('',(-9.442622392719,-61.1,182.19522505883));
#4089 = VECTOR('',#4090,1.);
#4090 = DIRECTION('',(1.184593865342E-16,-1.,-3.161999785732E-16));
#4091 = PLANE('',#4092);
#4092 = AXIS2_PLACEMENT_3D('',#4093,#4094,#4095);
#4093 = CARTESIAN_POINT('',(0.516669750802,-61.1,187.94522505883));
#4094 = DIRECTION('',(0.5,3.330669073875E-16,-0.866025403784));
#4095 = DIRECTION('',(1.184593865342E-16,-1.,-3.161999785732E-16));
#4096 = ADVANCED_FACE('',(#4097),#4108,.T.);
#4097 = FACE_BOUND('',#4098,.T.);
#4098 = EDGE_LOOP('',(#4099,#4100,#4101,#4102));
#4099 = ORIENTED_EDGE('',*,*,#3981,.F.);
#4100 = ORIENTED_EDGE('',*,*,#4061,.T.);
#4101 = ORIENTED_EDGE('',*,*,#3786,.T.);
#4102 = ORIENTED_EDGE('',*,*,#4103,.F.);
#4103 = EDGE_CURVE('',#3982,#3787,#4104,.T.);
#4104 = LINE('',#4105,#4106);
#4105 = CARTESIAN_POINT('',(-12.39262239271,-61.1,187.30477494116));
#4106 = VECTOR('',#4107,1.);
#4107 = DIRECTION('',(1.184593865342E-16,-1.,-3.161999785732E-16));
#4108 = PLANE('',#4109);
#4109 = AXIS2_PLACEMENT_3D('',#4110,#4111,#4112);
#4110 = CARTESIAN_POINT('',(-2.433330249198,-61.1,193.05477494116));
#4111 = DIRECTION('',(0.5,3.330669073875E-16,-0.866025403784));
#4112 = DIRECTION('',(1.184593865342E-16,-1.,-3.161999785732E-16));
#4113 = ADVANCED_FACE('',(#4114),#4120,.F.);
#4114 = FACE_BOUND('',#4115,.F.);
#4115 = EDGE_LOOP('',(#4116,#4117,#4118,#4119));
#4116 = ORIENTED_EDGE('',*,*,#4103,.F.);
#4117 = ORIENTED_EDGE('',*,*,#3989,.T.);
#4118 = ORIENTED_EDGE('',*,*,#4086,.T.);
#4119 = ORIENTED_EDGE('',*,*,#3794,.F.);
#4120 = PLANE('',#4121);
#4121 = AXIS2_PLACEMENT_3D('',#4122,#4123,#4124);
#4122 = CARTESIAN_POINT('',(-12.39262239271,-61.1,187.30477494116));
#4123 = DIRECTION('',(-0.866025403784,5.551115123126E-17,-0.5));
#4124 = DIRECTION('',(1.184593865342E-16,-1.,-3.161999785732E-16));
#4125 = ADVANCED_FACE('',(#4126),#4129,.F.);
#4126 = FACE_BOUND('',#4127,.F.);
#4127 = EDGE_LOOP('',(#4128));
#4128 = ORIENTED_EDGE('',*,*,#3877,.T.);
#4129 = PLANE('',#4130);
#4130 = AXIS2_PLACEMENT_3D('',#4131,#4132,#4133);
#4131 = CARTESIAN_POINT('',(0.,-61.5,114.));
#4132 = DIRECTION('',(0.,0.,1.));
#4133 = DIRECTION('',(1.,0.,-0.));
#4134 = ADVANCED_FACE('',(#4135,#4141),#4147,.T.);
#4135 = FACE_BOUND('',#4136,.T.);
#4136 = EDGE_LOOP('',(#4137,#4138,#4139,#4140));
#4137 = ORIENTED_EDGE('',*,*,#3906,.F.);
#4138 = ORIENTED_EDGE('',*,*,#4047,.T.);
#4139 = ORIENTED_EDGE('',*,*,#3938,.F.);
#4140 = ORIENTED_EDGE('',*,*,#3521,.F.);
#4141 = FACE_BOUND('',#4142,.T.);
#4142 = EDGE_LOOP('',(#4143,#4144,#4145,#4146));
#4143 = ORIENTED_EDGE('',*,*,#3301,.T.);
#4144 = ORIENTED_EDGE('',*,*,#3350,.F.);
#4145 = ORIENTED_EDGE('',*,*,#3375,.T.);
#4146 = ORIENTED_EDGE('',*,*,#3326,.T.);
#4147 = PLANE('',#4148);
#4148 = AXIS2_PLACEMENT_3D('',#4149,#4150,#4151);
#4149 = CARTESIAN_POINT('',(-51.2,-56.5,106.57703343773));
#4150 = DIRECTION('',(-0.,-1.,-0.));
#4151 = DIRECTION('',(0.,0.,-1.));
#4152 = ADVANCED_FACE('',(#4153,#4159),#4165,.T.);
#4153 = FACE_BOUND('',#4154,.T.);
#4154 = EDGE_LOOP('',(#4155,#4156,#4157,#4158));
#4155 = ORIENTED_EDGE('',*,*,#1227,.T.);
#4156 = ORIENTED_EDGE('',*,*,#1277,.T.);
#4157 = ORIENTED_EDGE('',*,*,#1301,.F.);
#4158 = ORIENTED_EDGE('',*,*,#1260,.T.);
#4159 = FACE_BOUND('',#4160,.T.);
#4160 = EDGE_LOOP('',(#4161,#4162,#4163,#4164));
#4161 = ORIENTED_EDGE('',*,*,#2501,.T.);
#4162 = ORIENTED_EDGE('',*,*,#2542,.F.);
#4163 = ORIENTED_EDGE('',*,*,#2525,.F.);
#4164 = ORIENTED_EDGE('',*,*,#2459,.F.);
#4165 = PLANE('',#4166);
#4166 = AXIS2_PLACEMENT_3D('',#4167,#4168,#4169);
#4167 = CARTESIAN_POINT('',(-51.2,-60.9,137.57703343773));
#4168 = DIRECTION('',(0.,1.,0.));
#4169 = DIRECTION('',(0.,-0.,1.));
#4170 = ADVANCED_FACE('',(#4171,#4177),#4183,.T.);
#4171 = FACE_BOUND('',#4172,.T.);
#4172 = EDGE_LOOP('',(#4173,#4174,#4175,#4176));
#4173 = ORIENTED_EDGE('',*,*,#1325,.T.);
#4174 = ORIENTED_EDGE('',*,*,#1399,.T.);
#4175 = ORIENTED_EDGE('',*,*,#1374,.F.);
#4176 = ORIENTED_EDGE('',*,*,#1358,.T.);
#4177 = FACE_BOUND('',#4178,.T.);
#4178 = EDGE_LOOP('',(#4179,#4180,#4181,#4182));
#4179 = ORIENTED_EDGE('',*,*,#2827,.T.);
#4180 = ORIENTED_EDGE('',*,*,#2868,.F.);
#4181 = ORIENTED_EDGE('',*,*,#2851,.F.);
#4182 = ORIENTED_EDGE('',*,*,#2785,.F.);
#4183 = PLANE('',#4184);
#4184 = AXIS2_PLACEMENT_3D('',#4185,#4186,#4187);
#4185 = CARTESIAN_POINT('',(-20.2,-60.9,137.57703343773));
#4186 = DIRECTION('',(0.,1.,0.));
#4187 = DIRECTION('',(0.,-0.,1.));
#4188 = ADVANCED_FACE('',(#4189),#4201,.T.);
#4189 = FACE_BOUND('',#4190,.T.);
#4190 = EDGE_LOOP('',(#4191,#4192,#4193,#4194,#4195,#4196,#4197,#4198,
    #4199,#4200));
#4191 = ORIENTED_EDGE('',*,*,#2753,.T.);
#4192 = ORIENTED_EDGE('',*,*,#2770,.F.);
#4193 = ORIENTED_EDGE('',*,*,#2729,.F.);
#4194 = ORIENTED_EDGE('',*,*,#3743,.F.);
#4195 = ORIENTED_EDGE('',*,*,#4033,.F.);
#4196 = ORIENTED_EDGE('',*,*,#3923,.T.);
#4197 = ORIENTED_EDGE('',*,*,#3498,.T.);
#4198 = ORIENTED_EDGE('',*,*,#2121,.F.);
#4199 = ORIENTED_EDGE('',*,*,#2621,.T.);
#4200 = ORIENTED_EDGE('',*,*,#2677,.F.);
#4201 = PLANE('',#4202);
#4202 = AXIS2_PLACEMENT_3D('',#4203,#4204,#4205);
#4203 = CARTESIAN_POINT('',(-57.34117544948,-60.9,106.61653729981));
#4204 = DIRECTION('',(0.,1.,0.));
#4205 = DIRECTION('',(0.,-0.,1.));
#4206 = ADVANCED_FACE('',(#4207),#4219,.T.);
#4207 = FACE_BOUND('',#4208,.T.);
#4208 = EDGE_LOOP('',(#4209,#4210,#4211,#4212,#4213,#4214,#4215,#4216,
    #4217,#4218));
#4209 = ORIENTED_EDGE('',*,*,#3505,.T.);
#4210 = ORIENTED_EDGE('',*,*,#3948,.T.);
#4211 = ORIENTED_EDGE('',*,*,#4040,.F.);
#4212 = ORIENTED_EDGE('',*,*,#3760,.T.);
#4213 = ORIENTED_EDGE('',*,*,#2703,.F.);
#4214 = ORIENTED_EDGE('',*,*,#2644,.F.);
#4215 = ORIENTED_EDGE('',*,*,#2588,.T.);
#4216 = ORIENTED_EDGE('',*,*,#2565,.T.);
#4217 = ORIENTED_EDGE('',*,*,#2613,.T.);
#4218 = ORIENTED_EDGE('',*,*,#2104,.T.);
#4219 = PLANE('',#4220);
#4220 = AXIS2_PLACEMENT_3D('',#4221,#4222,#4223);
#4221 = CARTESIAN_POINT('',(-45.84934265931,-60.9,106.61049959183));
#4222 = DIRECTION('',(0.,1.,0.));
#4223 = DIRECTION('',(0.,-0.,1.));
#4224 = ADVANCED_FACE('',(#4225,#4231),#4237,.T.);
#4225 = FACE_BOUND('',#4226,.T.);
#4226 = EDGE_LOOP('',(#4227,#4228,#4229,#4230));
#4227 = ORIENTED_EDGE('',*,*,#40,.T.);
#4228 = ORIENTED_EDGE('',*,*,#104,.F.);
#4229 = ORIENTED_EDGE('',*,*,#134,.T.);
#4230 = ORIENTED_EDGE('',*,*,#73,.T.);
#4231 = FACE_BOUND('',#4232,.T.);
#4232 = EDGE_LOOP('',(#4233,#4234,#4235,#4236));
#4233 = ORIENTED_EDGE('',*,*,#2883,.F.);
#4234 = ORIENTED_EDGE('',*,*,#2925,.T.);
#4235 = ORIENTED_EDGE('',*,*,#2966,.F.);
#4236 = ORIENTED_EDGE('',*,*,#2949,.F.);
#4237 = PLANE('',#4238);
#4238 = AXIS2_PLACEMENT_3D('',#4239,#4240,#4241);
#4239 = CARTESIAN_POINT('',(-20.2,-60.9,106.57703343773));
#4240 = DIRECTION('',(0.,1.,0.));
#4241 = DIRECTION('',(0.,-0.,1.));
#4242 = ( GEOMETRIC_REPRESENTATION_CONTEXT(3) 
GLOBAL_UNCERTAINTY_ASSIGNED_CONTEXT((#4246)) 
GLOBAL_UNIT_ASSIGNED_CONTEXT((#4243,#4244,#4245)) REPRESENTATION_CONTEXT
('Context #1','3D Context with UNIT and UNCERTAINTY') );
#4243 = ( LENGTH_UNIT() NAMED_UNIT(*) SI_UNIT(.MILLI.,.METRE.) );
#4244 = ( NAMED_UNIT(*) PLANE_ANGLE_UNIT() SI_UNIT($,.RADIAN.) );
#4245 = ( NAMED_UNIT(*) SI_UNIT($,.STERADIAN.) SOLID_ANGLE_UNIT() );
#4246 = UNCERTAINTY_MEASURE_WITH_UNIT(LENGTH_MEASURE(1.E-07),#4243,
  'distance_accuracy_value','confusion accuracy');
#4247 = PRODUCT_RELATED_PRODUCT_CATEGORY('part',$,(#7));
ENDSEC;
END-ISO-10303-21;
