ISO-10303-21;
HEADER;
FILE_DESCRIPTION(('FreeCAD Model'),'2;1');
FILE_NAME('Open CASCADE Shape Model','2026-08-27T21:39:23',('Author'),(
    ''),'Open CASCADE STEP processor 7.8','FreeCAD','Unknown');
FILE_SCHEMA(('AUTOMOTIVE_DESIGN { 1 0 10303 214 1 1 1 1 }'));
ENDSEC;
DATA;
#1 = APPLICATION_PROTOCOL_DEFINITION('international standard',
  'automotive_design',2000,#2);
#2 = APPLICATION_CONTEXT(
  'core data for automotive mechanical design processes');
#3 = SHAPE_DEFINITION_REPRESENTATION(#4,#10);
#4 = PRODUCT_DEFINITION_SHAPE('','',#5);
#5 = PRODUCT_DEFINITION('design','',#6,#9);
#6 = PRODUCT_DEFINITION_FORMATION('','',#7);
#7 = PRODUCT('TILT_ROTATING_one_piece_cradle_trunnions_80T',
  'TILT_ROTATING_one_piece_cradle_trunnions_80T','',(#8));
#8 = PRODUCT_CONTEXT('',#2,'mechanical');
#9 = PRODUCT_DEFINITION_CONTEXT('part definition',#2,'design');
#10 = ADVANCED_BREP_SHAPE_REPRESENTATION('',(#11,#15),#18465);
#11 = AXIS2_PLACEMENT_3D('',#12,#13,#14);
#12 = CARTESIAN_POINT('',(0.,0.,0.));
#13 = DIRECTION('',(0.,0.,1.));
#14 = DIRECTION('',(1.,0.,-0.));
#15 = MANIFOLD_SOLID_BREP('',#16);
#16 = CLOSED_SHELL('',(#17,#57,#120,#424,#471,#713,#725,#765,#789,#822,
    #862,#903,#936,#970,#992,#1009,#1026,#1048,#1065,#1082,#1104,#1121,
    #1138,#1160,#1177,#1194,#1216,#1233,#1250,#1267,#1307,#1334,#1367,
    #1391,#1418,#1435,#1474,#1517,#1560,#1574,#1583,#1603,#1612,#5863,
    #5888,#5920,#5945,#5970,#5995,#6020,#6044,#6069,#6094,#6119,#6144,
    #6169,#6193,#6218,#6243,#6268,#6293,#6318,#6342,#6367,#6392,#6417,
    #6442,#6467,#6491,#6516,#6541,#6566,#6591,#6616,#6640,#6665,#6690,
    #6715,#6740,#6765,#6789,#6814,#6839,#6864,#6889,#6914,#6938,#6963,
    #6988,#7013,#7038,#7063,#7087,#7112,#7137,#7162,#7187,#7212,#7236,
    #7261,#7286,#7311,#7336,#7361,#7385,#7410,#7435,#7460,#7485,#7510,
    #7534,#7559,#7584,#7609,#7634,#7659,#7683,#7708,#7733,#7758,#7783,
    #7808,#7832,#7857,#7882,#7907,#7932,#7957,#7981,#8006,#8031,#8056,
    #8081,#8106,#8130,#8155,#8180,#8205,#8230,#8255,#8279,#8304,#8329,
    #8354,#8379,#8404,#8428,#8453,#8478,#8503,#8528,#8553,#8577,#8602,
    #8627,#8652,#8677,#8702,#8726,#8751,#8776,#8801,#8826,#8851,#8875,
    #8900,#8925,#8950,#8975,#9000,#9024,#9049,#9074,#9099,#9124,#9149,
    #9173,#9198,#9223,#9248,#9273,#9298,#9322,#9347,#9372,#9397,#9422,
    #9447,#9471,#9496,#9521,#9546,#9571,#9596,#9620,#9645,#9670,#9695,
    #9720,#9745,#9769,#9794,#9819,#9844,#9869,#9894,#9918,#9943,#9968,
    #9993,#10018,#10043,#10067,#10092,#10117,#10142,#10167,#10192,#10216
    ,#10241,#10266,#10291,#10316,#10341,#10365,#10390,#10415,#10440,
    #10465,#10490,#10514,#10539,#10564,#10589,#10614,#10639,#10663,
    #10688,#10713,#10738,#10763,#10788,#10812,#10837,#10862,#10887,
    #10912,#10937,#10961,#10986,#11011,#11036,#11061,#11086,#11110,
    #11135,#11160,#11185,#11210,#11235,#11259,#11284,#11309,#11334,
    #11359,#11384,#11408,#11433,#11458,#11483,#11508,#11533,#11557,
    #11582,#11607,#11632,#11657,#11682,#11706,#11731,#11756,#11781,
    #11806,#11831,#11855,#11880,#11905,#11930,#11955,#11980,#12004,
    #12029,#12054,#12079,#12104,#12129,#12153,#12178,#12203,#12228,
    #12253,#12278,#12302,#12327,#12352,#12377,#12402,#12427,#12451,
    #12476,#12501,#12526,#12551,#12576,#12600,#12625,#12650,#12675,
    #12700,#12725,#12749,#12774,#12799,#12824,#12849,#12874,#12898,
    #12923,#12948,#12973,#12998,#13023,#13047,#13072,#13097,#13122,
    #13147,#13172,#13196,#13221,#13246,#13271,#13296,#13321,#13345,
    #13370,#13395,#13420,#13445,#13470,#13494,#13519,#13544,#13569,
    #13594,#13619,#13643,#13668,#13693,#13718,#13743,#13768,#13792,
    #13817,#13842,#13867,#13892,#13917,#13941,#13966,#13991,#14016,
    #14041,#14066,#14090,#14115,#14140,#14165,#14190,#14215,#14239,
    #14264,#14289,#14314,#14339,#14364,#14388,#14413,#14438,#14463,
    #14488,#14513,#14537,#14562,#14587,#14612,#14637,#14662,#14686,
    #14711,#14736,#14761,#14786,#14811,#14835,#14860,#14885,#14910,
    #14935,#14960,#14984,#15009,#15034,#15059,#15084,#15109,#15133,
    #15158,#15183,#15208,#15233,#15258,#15282,#15307,#15332,#15357,
    #15382,#15407,#15431,#15456,#15481,#15506,#15531,#15556,#15580,
    #15605,#15630,#15655,#15680,#15705,#15729,#15754,#15779,#15804,
    #15829,#15854,#15878,#15903,#15928,#15953,#15978,#16003,#16027,
    #16052,#16077,#16102,#16127,#16152,#16176,#16201,#16226,#16251,
    #16276,#16301,#16325,#16350,#16375,#16400,#16425,#16450,#16474,
    #16499,#16524,#16549,#16574,#16599,#16623,#16648,#16673,#16698,
    #16723,#16748,#16772,#16797,#16822,#16847,#16872,#16897,#16921,
    #16946,#16971,#16996,#17021,#17046,#17070,#17095,#17120,#17145,
    #17170,#17195,#17219,#17244,#17269,#17294,#17319,#17344,#17368,
    #17393,#17418,#17443,#17468,#17493,#17517,#17542,#17567,#17592,
    #17617,#17642,#17666,#17691,#17716,#17741,#17766,#17791,#17808,
    #17817,#18316,#18341,#18361,#18386,#18395,#18409,#18423,#18437,
    #18451));
#17 = ADVANCED_FACE('',(#18),#52,.F.);
#18 = FACE_BOUND('',#19,.F.);
#19 = EDGE_LOOP('',(#20,#30,#38,#46));
#20 = ORIENTED_EDGE('',*,*,#21,.F.);
#21 = EDGE_CURVE('',#22,#24,#26,.T.);
#22 = VERTEX_POINT('',#23);
#23 = CARTESIAN_POINT('',(-80.,-39.,137.5));
#24 = VERTEX_POINT('',#25);
#25 = CARTESIAN_POINT('',(-80.,-39.,142.5));
#26 = LINE('',#27,#28);
#27 = CARTESIAN_POINT('',(-80.,-39.,137.5));
#28 = VECTOR('',#29,1.);
#29 = DIRECTION('',(0.,0.,1.));
#30 = ORIENTED_EDGE('',*,*,#31,.T.);
#31 = EDGE_CURVE('',#22,#32,#34,.T.);
#32 = VERTEX_POINT('',#33);
#33 = CARTESIAN_POINT('',(-80.,39.,137.5));
#34 = LINE('',#35,#36);
#35 = CARTESIAN_POINT('',(-80.,-39.,137.5));
#36 = VECTOR('',#37,1.);
#37 = DIRECTION('',(-0.,1.,0.));
#38 = ORIENTED_EDGE('',*,*,#39,.T.);
#39 = EDGE_CURVE('',#32,#40,#42,.T.);
#40 = VERTEX_POINT('',#41);
#41 = CARTESIAN_POINT('',(-80.,39.,142.5));
#42 = LINE('',#43,#44);
#43 = CARTESIAN_POINT('',(-80.,39.,137.5));
#44 = VECTOR('',#45,1.);
#45 = DIRECTION('',(0.,0.,1.));
#46 = ORIENTED_EDGE('',*,*,#47,.F.);
#47 = EDGE_CURVE('',#24,#40,#48,.T.);
#48 = LINE('',#49,#50);
#49 = CARTESIAN_POINT('',(-80.,-39.,142.5));
#50 = VECTOR('',#51,1.);
#51 = DIRECTION('',(-0.,1.,0.));
#52 = PLANE('',#53);
#53 = AXIS2_PLACEMENT_3D('',#54,#55,#56);
#54 = CARTESIAN_POINT('',(-80.,-39.,137.5));
#55 = DIRECTION('',(1.,0.,-0.));
#56 = DIRECTION('',(0.,0.,1.));
#57 = ADVANCED_FACE('',(#58),#115,.F.);
#58 = FACE_BOUND('',#59,.F.);
#59 = EDGE_LOOP('',(#60,#70,#76,#77,#85,#93,#101,#109));
#60 = ORIENTED_EDGE('',*,*,#61,.F.);
#61 = EDGE_CURVE('',#62,#64,#66,.T.);
#62 = VERTEX_POINT('',#63);
#63 = CARTESIAN_POINT('',(80.,-39.,137.5));
#64 = VERTEX_POINT('',#65);
#65 = CARTESIAN_POINT('',(80.,-39.,142.5));
#66 = LINE('',#67,#68);
#67 = CARTESIAN_POINT('',(80.,-39.,137.5));
#68 = VECTOR('',#69,1.);
#69 = DIRECTION('',(0.,0.,1.));
#70 = ORIENTED_EDGE('',*,*,#71,.F.);
#71 = EDGE_CURVE('',#22,#62,#72,.T.);
#72 = LINE('',#73,#74);
#73 = CARTESIAN_POINT('',(-80.,-39.,137.5));
#74 = VECTOR('',#75,1.);
#75 = DIRECTION('',(1.,0.,-0.));
#76 = ORIENTED_EDGE('',*,*,#21,.T.);
#77 = ORIENTED_EDGE('',*,*,#78,.T.);
#78 = EDGE_CURVE('',#24,#79,#81,.T.);
#79 = VERTEX_POINT('',#80);
#80 = CARTESIAN_POINT('',(-66.,-39.,142.5));
#81 = LINE('',#82,#83);
#82 = CARTESIAN_POINT('',(-80.,-39.,142.5));
#83 = VECTOR('',#84,1.);
#84 = DIRECTION('',(1.,0.,-0.));
#85 = ORIENTED_EDGE('',*,*,#86,.T.);
#86 = EDGE_CURVE('',#79,#87,#89,.T.);
#87 = VERTEX_POINT('',#88);
#88 = CARTESIAN_POINT('',(-66.,-39.,139.));
#89 = LINE('',#90,#91);
#90 = CARTESIAN_POINT('',(-66.,-39.,138.25));
#91 = VECTOR('',#92,1.);
#92 = DIRECTION('',(-0.,0.,-1.));
#93 = ORIENTED_EDGE('',*,*,#94,.T.);
#94 = EDGE_CURVE('',#87,#95,#97,.T.);
#95 = VERTEX_POINT('',#96);
#96 = CARTESIAN_POINT('',(66.,-39.,139.));
#97 = LINE('',#98,#99);
#98 = CARTESIAN_POINT('',(-73.,-39.,139.));
#99 = VECTOR('',#100,1.);
#100 = DIRECTION('',(1.,0.,-0.));
#101 = ORIENTED_EDGE('',*,*,#102,.F.);
#102 = EDGE_CURVE('',#103,#95,#105,.T.);
#103 = VERTEX_POINT('',#104);
#104 = CARTESIAN_POINT('',(66.,-39.,142.5));
#105 = LINE('',#106,#107);
#106 = CARTESIAN_POINT('',(66.,-39.,138.25));
#107 = VECTOR('',#108,1.);
#108 = DIRECTION('',(-0.,0.,-1.));
#109 = ORIENTED_EDGE('',*,*,#110,.T.);
#110 = EDGE_CURVE('',#103,#64,#111,.T.);
#111 = LINE('',#112,#113);
#112 = CARTESIAN_POINT('',(-80.,-39.,142.5));
#113 = VECTOR('',#114,1.);
#114 = DIRECTION('',(1.,0.,-0.));
#115 = PLANE('',#116);
#116 = AXIS2_PLACEMENT_3D('',#117,#118,#119);
#117 = CARTESIAN_POINT('',(-80.,-39.,137.5));
#118 = DIRECTION('',(-0.,1.,0.));
#119 = DIRECTION('',(0.,0.,1.));
#120 = ADVANCED_FACE('',(#121,#194,#239,#284,#329,#374),#419,.T.);
#121 = FACE_BOUND('',#122,.T.);
#122 = EDGE_LOOP('',(#123,#131,#132,#133,#141,#149,#155,#156,#164,#172,
    #180,#188));
#123 = ORIENTED_EDGE('',*,*,#124,.F.);
#124 = EDGE_CURVE('',#40,#125,#127,.T.);
#125 = VERTEX_POINT('',#126);
#126 = CARTESIAN_POINT('',(-66.,39.,142.5));
#127 = LINE('',#128,#129);
#128 = CARTESIAN_POINT('',(-80.,39.,142.5));
#129 = VECTOR('',#130,1.);
#130 = DIRECTION('',(1.,0.,-0.));
#131 = ORIENTED_EDGE('',*,*,#47,.F.);
#132 = ORIENTED_EDGE('',*,*,#78,.T.);
#133 = ORIENTED_EDGE('',*,*,#134,.T.);
#134 = EDGE_CURVE('',#79,#135,#137,.T.);
#135 = VERTEX_POINT('',#136);
#136 = CARTESIAN_POINT('',(-66.,-34.,142.5));
#137 = LINE('',#138,#139);
#138 = CARTESIAN_POINT('',(-66.,-39.5,142.5));
#139 = VECTOR('',#140,1.);
#140 = DIRECTION('',(-0.,1.,0.));
#141 = ORIENTED_EDGE('',*,*,#142,.F.);
#142 = EDGE_CURVE('',#143,#135,#145,.T.);
#143 = VERTEX_POINT('',#144);
#144 = CARTESIAN_POINT('',(66.,-34.,142.5));
#145 = LINE('',#146,#147);
#146 = CARTESIAN_POINT('',(-73.,-34.,142.5));
#147 = VECTOR('',#148,1.);
#148 = DIRECTION('',(-1.,-0.,0.));
#149 = ORIENTED_EDGE('',*,*,#150,.F.);
#150 = EDGE_CURVE('',#103,#143,#151,.T.);
#151 = LINE('',#152,#153);
#152 = CARTESIAN_POINT('',(66.,-39.5,142.5));
#153 = VECTOR('',#154,1.);
#154 = DIRECTION('',(-0.,1.,0.));
#155 = ORIENTED_EDGE('',*,*,#110,.T.);
#156 = ORIENTED_EDGE('',*,*,#157,.T.);
#157 = EDGE_CURVE('',#64,#158,#160,.T.);
#158 = VERTEX_POINT('',#159);
#159 = CARTESIAN_POINT('',(80.,39.,142.5));
#160 = LINE('',#161,#162);
#161 = CARTESIAN_POINT('',(80.,-39.,142.5));
#162 = VECTOR('',#163,1.);
#163 = DIRECTION('',(-0.,1.,0.));
#164 = ORIENTED_EDGE('',*,*,#165,.F.);
#165 = EDGE_CURVE('',#166,#158,#168,.T.);
#166 = VERTEX_POINT('',#167);
#167 = CARTESIAN_POINT('',(66.,39.,142.5));
#168 = LINE('',#169,#170);
#169 = CARTESIAN_POINT('',(-80.,39.,142.5));
#170 = VECTOR('',#171,1.);
#171 = DIRECTION('',(1.,0.,-0.));
#172 = ORIENTED_EDGE('',*,*,#173,.F.);
#173 = EDGE_CURVE('',#174,#166,#176,.T.);
#174 = VERTEX_POINT('',#175);
#175 = CARTESIAN_POINT('',(66.,34.,142.5));
#176 = LINE('',#177,#178);
#177 = CARTESIAN_POINT('',(66.,-2.5,142.5));
#178 = VECTOR('',#179,1.);
#179 = DIRECTION('',(-0.,1.,0.));
#180 = ORIENTED_EDGE('',*,*,#181,.T.);
#181 = EDGE_CURVE('',#174,#182,#184,.T.);
#182 = VERTEX_POINT('',#183);
#183 = CARTESIAN_POINT('',(-66.,34.,142.5));
#184 = LINE('',#185,#186);
#185 = CARTESIAN_POINT('',(-73.,34.,142.5));
#186 = VECTOR('',#187,1.);
#187 = DIRECTION('',(-1.,-0.,0.));
#188 = ORIENTED_EDGE('',*,*,#189,.T.);
#189 = EDGE_CURVE('',#182,#125,#190,.T.);
#190 = LINE('',#191,#192);
#191 = CARTESIAN_POINT('',(-66.,-2.5,142.5));
#192 = VECTOR('',#193,1.);
#193 = DIRECTION('',(-0.,1.,0.));
#194 = FACE_BOUND('',#195,.T.);
#195 = EDGE_LOOP('',(#196,#207,#215,#224,#233));
#196 = ORIENTED_EDGE('',*,*,#197,.F.);
#197 = EDGE_CURVE('',#198,#200,#202,.T.);
#198 = VERTEX_POINT('',#199);
#199 = CARTESIAN_POINT('',(-56.5,-25.5,142.5));
#200 = VERTEX_POINT('',#201);
#201 = CARTESIAN_POINT('',(-56.5,-30.5,142.5));
#202 = CIRCLE('',#203,2.5);
#203 = AXIS2_PLACEMENT_3D('',#204,#205,#206);
#204 = CARTESIAN_POINT('',(-56.5,-28.,142.5));
#205 = DIRECTION('',(0.,0.,1.));
#206 = DIRECTION('',(1.,0.,-0.));
#207 = ORIENTED_EDGE('',*,*,#208,.F.);
#208 = EDGE_CURVE('',#209,#198,#211,.T.);
#209 = VERTEX_POINT('',#210);
#210 = CARTESIAN_POINT('',(-39.5,-25.5,142.5));
#211 = LINE('',#212,#213);
#212 = CARTESIAN_POINT('',(-68.25,-25.5,142.5));
#213 = VECTOR('',#214,1.);
#214 = DIRECTION('',(-1.,-0.,0.));
#215 = ORIENTED_EDGE('',*,*,#216,.F.);
#216 = EDGE_CURVE('',#217,#209,#219,.T.);
#217 = VERTEX_POINT('',#218);
#218 = CARTESIAN_POINT('',(-37.,-28.,142.5));
#219 = CIRCLE('',#220,2.5);
#220 = AXIS2_PLACEMENT_3D('',#221,#222,#223);
#221 = CARTESIAN_POINT('',(-39.5,-28.,142.5));
#222 = DIRECTION('',(0.,0.,1.));
#223 = DIRECTION('',(1.,0.,-0.));
#224 = ORIENTED_EDGE('',*,*,#225,.F.);
#225 = EDGE_CURVE('',#226,#217,#228,.T.);
#226 = VERTEX_POINT('',#227);
#227 = CARTESIAN_POINT('',(-39.5,-30.5,142.5));
#228 = CIRCLE('',#229,2.5);
#229 = AXIS2_PLACEMENT_3D('',#230,#231,#232);
#230 = CARTESIAN_POINT('',(-39.5,-28.,142.5));
#231 = DIRECTION('',(0.,0.,1.));
#232 = DIRECTION('',(1.,0.,-0.));
#233 = ORIENTED_EDGE('',*,*,#234,.T.);
#234 = EDGE_CURVE('',#226,#200,#235,.T.);
#235 = LINE('',#236,#237);
#236 = CARTESIAN_POINT('',(-68.25,-30.5,142.5));
#237 = VECTOR('',#238,1.);
#238 = DIRECTION('',(-1.,-0.,0.));
#239 = FACE_BOUND('',#240,.T.);
#240 = EDGE_LOOP('',(#241,#252,#260,#269,#278));
#241 = ORIENTED_EDGE('',*,*,#242,.F.);
#242 = EDGE_CURVE('',#243,#245,#247,.T.);
#243 = VERTEX_POINT('',#244);
#244 = CARTESIAN_POINT('',(39.5,-25.5,142.5));
#245 = VERTEX_POINT('',#246);
#246 = CARTESIAN_POINT('',(39.5,-30.5,142.5));
#247 = CIRCLE('',#248,2.5);
#248 = AXIS2_PLACEMENT_3D('',#249,#250,#251);
#249 = CARTESIAN_POINT('',(39.5,-28.,142.5));
#250 = DIRECTION('',(0.,0.,1.));
#251 = DIRECTION('',(1.,0.,-0.));
#252 = ORIENTED_EDGE('',*,*,#253,.F.);
#253 = EDGE_CURVE('',#254,#243,#256,.T.);
#254 = VERTEX_POINT('',#255);
#255 = CARTESIAN_POINT('',(56.5,-25.5,142.5));
#256 = LINE('',#257,#258);
#257 = CARTESIAN_POINT('',(-20.25,-25.5,142.5));
#258 = VECTOR('',#259,1.);
#259 = DIRECTION('',(-1.,-0.,0.));
#260 = ORIENTED_EDGE('',*,*,#261,.F.);
#261 = EDGE_CURVE('',#262,#254,#264,.T.);
#262 = VERTEX_POINT('',#263);
#263 = CARTESIAN_POINT('',(59.,-28.,142.5));
#264 = CIRCLE('',#265,2.5);
#265 = AXIS2_PLACEMENT_3D('',#266,#267,#268);
#266 = CARTESIAN_POINT('',(56.5,-28.,142.5));
#267 = DIRECTION('',(0.,0.,1.));
#268 = DIRECTION('',(1.,0.,-0.));
#269 = ORIENTED_EDGE('',*,*,#270,.F.);
#270 = EDGE_CURVE('',#271,#262,#273,.T.);
#271 = VERTEX_POINT('',#272);
#272 = CARTESIAN_POINT('',(56.5,-30.5,142.5));
#273 = CIRCLE('',#274,2.5);
#274 = AXIS2_PLACEMENT_3D('',#275,#276,#277);
#275 = CARTESIAN_POINT('',(56.5,-28.,142.5));
#276 = DIRECTION('',(0.,0.,1.));
#277 = DIRECTION('',(1.,0.,-0.));
#278 = ORIENTED_EDGE('',*,*,#279,.T.);
#279 = EDGE_CURVE('',#271,#245,#280,.T.);
#280 = LINE('',#281,#282);
#281 = CARTESIAN_POINT('',(-20.25,-30.5,142.5));
#282 = VECTOR('',#283,1.);
#283 = DIRECTION('',(-1.,-0.,0.));
#284 = FACE_BOUND('',#285,.T.);
#285 = EDGE_LOOP('',(#286,#297,#305,#314,#323));
#286 = ORIENTED_EDGE('',*,*,#287,.F.);
#287 = EDGE_CURVE('',#288,#290,#292,.T.);
#288 = VERTEX_POINT('',#289);
#289 = CARTESIAN_POINT('',(-56.5,30.5,142.5));
#290 = VERTEX_POINT('',#291);
#291 = CARTESIAN_POINT('',(-56.5,25.5,142.5));
#292 = CIRCLE('',#293,2.5);
#293 = AXIS2_PLACEMENT_3D('',#294,#295,#296);
#294 = CARTESIAN_POINT('',(-56.5,28.,142.5));
#295 = DIRECTION('',(0.,0.,1.));
#296 = DIRECTION('',(1.,0.,-0.));
#297 = ORIENTED_EDGE('',*,*,#298,.F.);
#298 = EDGE_CURVE('',#299,#288,#301,.T.);
#299 = VERTEX_POINT('',#300);
#300 = CARTESIAN_POINT('',(-39.5,30.5,142.5));
#301 = LINE('',#302,#303);
#302 = CARTESIAN_POINT('',(-68.25,30.5,142.5));
#303 = VECTOR('',#304,1.);
#304 = DIRECTION('',(-1.,-0.,0.));
#305 = ORIENTED_EDGE('',*,*,#306,.F.);
#306 = EDGE_CURVE('',#307,#299,#309,.T.);
#307 = VERTEX_POINT('',#308);
#308 = CARTESIAN_POINT('',(-37.,28.,142.5));
#309 = CIRCLE('',#310,2.5);
#310 = AXIS2_PLACEMENT_3D('',#311,#312,#313);
#311 = CARTESIAN_POINT('',(-39.5,28.,142.5));
#312 = DIRECTION('',(0.,0.,1.));
#313 = DIRECTION('',(1.,0.,-0.));
#314 = ORIENTED_EDGE('',*,*,#315,.F.);
#315 = EDGE_CURVE('',#316,#307,#318,.T.);
#316 = VERTEX_POINT('',#317);
#317 = CARTESIAN_POINT('',(-39.5,25.5,142.5));
#318 = CIRCLE('',#319,2.5);
#319 = AXIS2_PLACEMENT_3D('',#320,#321,#322);
#320 = CARTESIAN_POINT('',(-39.5,28.,142.5));
#321 = DIRECTION('',(0.,0.,1.));
#322 = DIRECTION('',(1.,0.,-0.));
#323 = ORIENTED_EDGE('',*,*,#324,.T.);
#324 = EDGE_CURVE('',#316,#290,#325,.T.);
#325 = LINE('',#326,#327);
#326 = CARTESIAN_POINT('',(-68.25,25.5,142.5));
#327 = VECTOR('',#328,1.);
#328 = DIRECTION('',(-1.,-0.,0.));
#329 = FACE_BOUND('',#330,.T.);
#330 = EDGE_LOOP('',(#331,#342,#350,#359,#368));
#331 = ORIENTED_EDGE('',*,*,#332,.F.);
#332 = EDGE_CURVE('',#333,#335,#337,.T.);
#333 = VERTEX_POINT('',#334);
#334 = CARTESIAN_POINT('',(-25.5,3.5,142.5));
#335 = VERTEX_POINT('',#336);
#336 = CARTESIAN_POINT('',(-25.5,-3.5,142.5));
#337 = CIRCLE('',#338,3.5);
#338 = AXIS2_PLACEMENT_3D('',#339,#340,#341);
#339 = CARTESIAN_POINT('',(-25.5,0.,142.5));
#340 = DIRECTION('',(0.,0.,1.));
#341 = DIRECTION('',(1.,0.,-0.));
#342 = ORIENTED_EDGE('',*,*,#343,.F.);
#343 = EDGE_CURVE('',#344,#333,#346,.T.);
#344 = VERTEX_POINT('',#345);
#345 = CARTESIAN_POINT('',(25.5,3.5,142.5));
#346 = LINE('',#347,#348);
#347 = CARTESIAN_POINT('',(-52.75,3.5,142.5));
#348 = VECTOR('',#349,1.);
#349 = DIRECTION('',(-1.,-0.,0.));
#350 = ORIENTED_EDGE('',*,*,#351,.F.);
#351 = EDGE_CURVE('',#352,#344,#354,.T.);
#352 = VERTEX_POINT('',#353);
#353 = CARTESIAN_POINT('',(29.,-8.572527594031E-16,142.5));
#354 = CIRCLE('',#355,3.5);
#355 = AXIS2_PLACEMENT_3D('',#356,#357,#358);
#356 = CARTESIAN_POINT('',(25.5,0.,142.5));
#357 = DIRECTION('',(0.,0.,1.));
#358 = DIRECTION('',(1.,0.,-0.));
#359 = ORIENTED_EDGE('',*,*,#360,.F.);
#360 = EDGE_CURVE('',#361,#352,#363,.T.);
#361 = VERTEX_POINT('',#362);
#362 = CARTESIAN_POINT('',(25.5,-3.5,142.5));
#363 = CIRCLE('',#364,3.5);
#364 = AXIS2_PLACEMENT_3D('',#365,#366,#367);
#365 = CARTESIAN_POINT('',(25.5,0.,142.5));
#366 = DIRECTION('',(0.,0.,1.));
#367 = DIRECTION('',(1.,0.,-0.));
#368 = ORIENTED_EDGE('',*,*,#369,.T.);
#369 = EDGE_CURVE('',#361,#335,#370,.T.);
#370 = LINE('',#371,#372);
#371 = CARTESIAN_POINT('',(-52.75,-3.5,142.5));
#372 = VECTOR('',#373,1.);
#373 = DIRECTION('',(-1.,-0.,0.));
#374 = FACE_BOUND('',#375,.T.);
#375 = EDGE_LOOP('',(#376,#387,#395,#404,#413));
#376 = ORIENTED_EDGE('',*,*,#377,.F.);
#377 = EDGE_CURVE('',#378,#380,#382,.T.);
#378 = VERTEX_POINT('',#379);
#379 = CARTESIAN_POINT('',(39.5,30.5,142.5));
#380 = VERTEX_POINT('',#381);
#381 = CARTESIAN_POINT('',(39.5,25.5,142.5));
#382 = CIRCLE('',#383,2.5);
#383 = AXIS2_PLACEMENT_3D('',#384,#385,#386);
#384 = CARTESIAN_POINT('',(39.5,28.,142.5));
#385 = DIRECTION('',(0.,0.,1.));
#386 = DIRECTION('',(1.,0.,-0.));
#387 = ORIENTED_EDGE('',*,*,#388,.F.);
#388 = EDGE_CURVE('',#389,#378,#391,.T.);
#389 = VERTEX_POINT('',#390);
#390 = CARTESIAN_POINT('',(56.5,30.5,142.5));
#391 = LINE('',#392,#393);
#392 = CARTESIAN_POINT('',(-20.25,30.5,142.5));
#393 = VECTOR('',#394,1.);
#394 = DIRECTION('',(-1.,-0.,0.));
#395 = ORIENTED_EDGE('',*,*,#396,.F.);
#396 = EDGE_CURVE('',#397,#389,#399,.T.);
#397 = VERTEX_POINT('',#398);
#398 = CARTESIAN_POINT('',(59.,28.,142.5));
#399 = CIRCLE('',#400,2.5);
#400 = AXIS2_PLACEMENT_3D('',#401,#402,#403);
#401 = CARTESIAN_POINT('',(56.5,28.,142.5));
#402 = DIRECTION('',(0.,0.,1.));
#403 = DIRECTION('',(1.,0.,-0.));
#404 = ORIENTED_EDGE('',*,*,#405,.F.);
#405 = EDGE_CURVE('',#406,#397,#408,.T.);
#406 = VERTEX_POINT('',#407);
#407 = CARTESIAN_POINT('',(56.5,25.5,142.5));
#408 = CIRCLE('',#409,2.5);
#409 = AXIS2_PLACEMENT_3D('',#410,#411,#412);
#410 = CARTESIAN_POINT('',(56.5,28.,142.5));
#411 = DIRECTION('',(0.,0.,1.));
#412 = DIRECTION('',(1.,0.,-0.));
#413 = ORIENTED_EDGE('',*,*,#414,.T.);
#414 = EDGE_CURVE('',#406,#380,#415,.T.);
#415 = LINE('',#416,#417);
#416 = CARTESIAN_POINT('',(-20.25,25.5,142.5));
#417 = VECTOR('',#418,1.);
#418 = DIRECTION('',(-1.,-0.,0.));
#419 = PLANE('',#420);
#420 = AXIS2_PLACEMENT_3D('',#421,#422,#423);
#421 = CARTESIAN_POINT('',(-80.,-39.,142.5));
#422 = DIRECTION('',(0.,0.,1.));
#423 = DIRECTION('',(1.,0.,-0.));
#424 = ADVANCED_FACE('',(#425),#466,.T.);
#425 = FACE_BOUND('',#426,.T.);
#426 = EDGE_LOOP('',(#427,#435,#441,#442,#443,#451,#459,#465));
#427 = ORIENTED_EDGE('',*,*,#428,.F.);
#428 = EDGE_CURVE('',#429,#158,#431,.T.);
#429 = VERTEX_POINT('',#430);
#430 = CARTESIAN_POINT('',(80.,39.,137.5));
#431 = LINE('',#432,#433);
#432 = CARTESIAN_POINT('',(80.,39.,137.5));
#433 = VECTOR('',#434,1.);
#434 = DIRECTION('',(0.,0.,1.));
#435 = ORIENTED_EDGE('',*,*,#436,.F.);
#436 = EDGE_CURVE('',#32,#429,#437,.T.);
#437 = LINE('',#438,#439);
#438 = CARTESIAN_POINT('',(-80.,39.,137.5));
#439 = VECTOR('',#440,1.);
#440 = DIRECTION('',(1.,0.,-0.));
#441 = ORIENTED_EDGE('',*,*,#39,.T.);
#442 = ORIENTED_EDGE('',*,*,#124,.T.);
#443 = ORIENTED_EDGE('',*,*,#444,.T.);
#444 = EDGE_CURVE('',#125,#445,#447,.T.);
#445 = VERTEX_POINT('',#446);
#446 = CARTESIAN_POINT('',(-66.,39.,139.));
#447 = LINE('',#448,#449);
#448 = CARTESIAN_POINT('',(-66.,39.,138.25));
#449 = VECTOR('',#450,1.);
#450 = DIRECTION('',(-0.,0.,-1.));
#451 = ORIENTED_EDGE('',*,*,#452,.T.);
#452 = EDGE_CURVE('',#445,#453,#455,.T.);
#453 = VERTEX_POINT('',#454);
#454 = CARTESIAN_POINT('',(66.,39.,139.));
#455 = LINE('',#456,#457);
#456 = CARTESIAN_POINT('',(-73.,39.,139.));
#457 = VECTOR('',#458,1.);
#458 = DIRECTION('',(1.,0.,-0.));
#459 = ORIENTED_EDGE('',*,*,#460,.F.);
#460 = EDGE_CURVE('',#166,#453,#461,.T.);
#461 = LINE('',#462,#463);
#462 = CARTESIAN_POINT('',(66.,39.,138.25));
#463 = VECTOR('',#464,1.);
#464 = DIRECTION('',(-0.,0.,-1.));
#465 = ORIENTED_EDGE('',*,*,#165,.T.);
#466 = PLANE('',#467);
#467 = AXIS2_PLACEMENT_3D('',#468,#469,#470);
#468 = CARTESIAN_POINT('',(-80.,39.,137.5));
#469 = DIRECTION('',(-0.,1.,0.));
#470 = DIRECTION('',(0.,0.,1.));
#471 = ADVANCED_FACE('',(#472,#483,#528,#573,#618,#663),#708,.F.);
#472 = FACE_BOUND('',#473,.F.);
#473 = EDGE_LOOP('',(#474,#475,#476,#482));
#474 = ORIENTED_EDGE('',*,*,#31,.F.);
#475 = ORIENTED_EDGE('',*,*,#71,.T.);
#476 = ORIENTED_EDGE('',*,*,#477,.T.);
#477 = EDGE_CURVE('',#62,#429,#478,.T.);
#478 = LINE('',#479,#480);
#479 = CARTESIAN_POINT('',(80.,-39.,137.5));
#480 = VECTOR('',#481,1.);
#481 = DIRECTION('',(-0.,1.,0.));
#482 = ORIENTED_EDGE('',*,*,#436,.F.);
#483 = FACE_BOUND('',#484,.F.);
#484 = EDGE_LOOP('',(#485,#496,#504,#513,#522));
#485 = ORIENTED_EDGE('',*,*,#486,.F.);
#486 = EDGE_CURVE('',#487,#489,#491,.T.);
#487 = VERTEX_POINT('',#488);
#488 = CARTESIAN_POINT('',(-56.5,-25.5,137.5));
#489 = VERTEX_POINT('',#490);
#490 = CARTESIAN_POINT('',(-56.5,-30.5,137.5));
#491 = CIRCLE('',#492,2.5);
#492 = AXIS2_PLACEMENT_3D('',#493,#494,#495);
#493 = CARTESIAN_POINT('',(-56.5,-28.,137.5));
#494 = DIRECTION('',(0.,0.,1.));
#495 = DIRECTION('',(1.,0.,-0.));
#496 = ORIENTED_EDGE('',*,*,#497,.F.);
#497 = EDGE_CURVE('',#498,#487,#500,.T.);
#498 = VERTEX_POINT('',#499);
#499 = CARTESIAN_POINT('',(-39.5,-25.5,137.5));
#500 = LINE('',#501,#502);
#501 = CARTESIAN_POINT('',(-68.25,-25.5,137.5));
#502 = VECTOR('',#503,1.);
#503 = DIRECTION('',(-1.,-0.,0.));
#504 = ORIENTED_EDGE('',*,*,#505,.F.);
#505 = EDGE_CURVE('',#506,#498,#508,.T.);
#506 = VERTEX_POINT('',#507);
#507 = CARTESIAN_POINT('',(-37.,-28.,137.5));
#508 = CIRCLE('',#509,2.5);
#509 = AXIS2_PLACEMENT_3D('',#510,#511,#512);
#510 = CARTESIAN_POINT('',(-39.5,-28.,137.5));
#511 = DIRECTION('',(0.,0.,1.));
#512 = DIRECTION('',(1.,0.,-0.));
#513 = ORIENTED_EDGE('',*,*,#514,.F.);
#514 = EDGE_CURVE('',#515,#506,#517,.T.);
#515 = VERTEX_POINT('',#516);
#516 = CARTESIAN_POINT('',(-39.5,-30.5,137.5));
#517 = CIRCLE('',#518,2.5);
#518 = AXIS2_PLACEMENT_3D('',#519,#520,#521);
#519 = CARTESIAN_POINT('',(-39.5,-28.,137.5));
#520 = DIRECTION('',(0.,0.,1.));
#521 = DIRECTION('',(1.,0.,-0.));
#522 = ORIENTED_EDGE('',*,*,#523,.T.);
#523 = EDGE_CURVE('',#515,#489,#524,.T.);
#524 = LINE('',#525,#526);
#525 = CARTESIAN_POINT('',(-68.25,-30.5,137.5));
#526 = VECTOR('',#527,1.);
#527 = DIRECTION('',(-1.,-0.,0.));
#528 = FACE_BOUND('',#529,.F.);
#529 = EDGE_LOOP('',(#530,#541,#549,#558,#567));
#530 = ORIENTED_EDGE('',*,*,#531,.F.);
#531 = EDGE_CURVE('',#532,#534,#536,.T.);
#532 = VERTEX_POINT('',#533);
#533 = CARTESIAN_POINT('',(39.5,-25.5,137.5));
#534 = VERTEX_POINT('',#535);
#535 = CARTESIAN_POINT('',(39.5,-30.5,137.5));
#536 = CIRCLE('',#537,2.5);
#537 = AXIS2_PLACEMENT_3D('',#538,#539,#540);
#538 = CARTESIAN_POINT('',(39.5,-28.,137.5));
#539 = DIRECTION('',(0.,0.,1.));
#540 = DIRECTION('',(1.,0.,-0.));
#541 = ORIENTED_EDGE('',*,*,#542,.F.);
#542 = EDGE_CURVE('',#543,#532,#545,.T.);
#543 = VERTEX_POINT('',#544);
#544 = CARTESIAN_POINT('',(56.5,-25.5,137.5));
#545 = LINE('',#546,#547);
#546 = CARTESIAN_POINT('',(-20.25,-25.5,137.5));
#547 = VECTOR('',#548,1.);
#548 = DIRECTION('',(-1.,-0.,0.));
#549 = ORIENTED_EDGE('',*,*,#550,.F.);
#550 = EDGE_CURVE('',#551,#543,#553,.T.);
#551 = VERTEX_POINT('',#552);
#552 = CARTESIAN_POINT('',(59.,-28.,137.5));
#553 = CIRCLE('',#554,2.5);
#554 = AXIS2_PLACEMENT_3D('',#555,#556,#557);
#555 = CARTESIAN_POINT('',(56.5,-28.,137.5));
#556 = DIRECTION('',(0.,0.,1.));
#557 = DIRECTION('',(1.,0.,-0.));
#558 = ORIENTED_EDGE('',*,*,#559,.F.);
#559 = EDGE_CURVE('',#560,#551,#562,.T.);
#560 = VERTEX_POINT('',#561);
#561 = CARTESIAN_POINT('',(56.5,-30.5,137.5));
#562 = CIRCLE('',#563,2.5);
#563 = AXIS2_PLACEMENT_3D('',#564,#565,#566);
#564 = CARTESIAN_POINT('',(56.5,-28.,137.5));
#565 = DIRECTION('',(0.,0.,1.));
#566 = DIRECTION('',(1.,0.,-0.));
#567 = ORIENTED_EDGE('',*,*,#568,.T.);
#568 = EDGE_CURVE('',#560,#534,#569,.T.);
#569 = LINE('',#570,#571);
#570 = CARTESIAN_POINT('',(-20.25,-30.5,137.5));
#571 = VECTOR('',#572,1.);
#572 = DIRECTION('',(-1.,-0.,0.));
#573 = FACE_BOUND('',#574,.F.);
#574 = EDGE_LOOP('',(#575,#586,#594,#603,#612));
#575 = ORIENTED_EDGE('',*,*,#576,.F.);
#576 = EDGE_CURVE('',#577,#579,#581,.T.);
#577 = VERTEX_POINT('',#578);
#578 = CARTESIAN_POINT('',(-56.5,30.5,137.5));
#579 = VERTEX_POINT('',#580);
#580 = CARTESIAN_POINT('',(-56.5,25.5,137.5));
#581 = CIRCLE('',#582,2.5);
#582 = AXIS2_PLACEMENT_3D('',#583,#584,#585);
#583 = CARTESIAN_POINT('',(-56.5,28.,137.5));
#584 = DIRECTION('',(0.,0.,1.));
#585 = DIRECTION('',(1.,0.,-0.));
#586 = ORIENTED_EDGE('',*,*,#587,.F.);
#587 = EDGE_CURVE('',#588,#577,#590,.T.);
#588 = VERTEX_POINT('',#589);
#589 = CARTESIAN_POINT('',(-39.5,30.5,137.5));
#590 = LINE('',#591,#592);
#591 = CARTESIAN_POINT('',(-68.25,30.5,137.5));
#592 = VECTOR('',#593,1.);
#593 = DIRECTION('',(-1.,-0.,0.));
#594 = ORIENTED_EDGE('',*,*,#595,.F.);
#595 = EDGE_CURVE('',#596,#588,#598,.T.);
#596 = VERTEX_POINT('',#597);
#597 = CARTESIAN_POINT('',(-37.,28.,137.5));
#598 = CIRCLE('',#599,2.5);
#599 = AXIS2_PLACEMENT_3D('',#600,#601,#602);
#600 = CARTESIAN_POINT('',(-39.5,28.,137.5));
#601 = DIRECTION('',(0.,0.,1.));
#602 = DIRECTION('',(1.,0.,-0.));
#603 = ORIENTED_EDGE('',*,*,#604,.F.);
#604 = EDGE_CURVE('',#605,#596,#607,.T.);
#605 = VERTEX_POINT('',#606);
#606 = CARTESIAN_POINT('',(-39.5,25.5,137.5));
#607 = CIRCLE('',#608,2.5);
#608 = AXIS2_PLACEMENT_3D('',#609,#610,#611);
#609 = CARTESIAN_POINT('',(-39.5,28.,137.5));
#610 = DIRECTION('',(0.,0.,1.));
#611 = DIRECTION('',(1.,0.,-0.));
#612 = ORIENTED_EDGE('',*,*,#613,.T.);
#613 = EDGE_CURVE('',#605,#579,#614,.T.);
#614 = LINE('',#615,#616);
#615 = CARTESIAN_POINT('',(-68.25,25.5,137.5));
#616 = VECTOR('',#617,1.);
#617 = DIRECTION('',(-1.,-0.,0.));
#618 = FACE_BOUND('',#619,.F.);
#619 = EDGE_LOOP('',(#620,#631,#639,#648,#657));
#620 = ORIENTED_EDGE('',*,*,#621,.F.);
#621 = EDGE_CURVE('',#622,#624,#626,.T.);
#622 = VERTEX_POINT('',#623);
#623 = CARTESIAN_POINT('',(-25.5,3.5,137.5));
#624 = VERTEX_POINT('',#625);
#625 = CARTESIAN_POINT('',(-25.5,-3.5,137.5));
#626 = CIRCLE('',#627,3.5);
#627 = AXIS2_PLACEMENT_3D('',#628,#629,#630);
#628 = CARTESIAN_POINT('',(-25.5,0.,137.5));
#629 = DIRECTION('',(0.,0.,1.));
#630 = DIRECTION('',(1.,0.,-0.));
#631 = ORIENTED_EDGE('',*,*,#632,.F.);
#632 = EDGE_CURVE('',#633,#622,#635,.T.);
#633 = VERTEX_POINT('',#634);
#634 = CARTESIAN_POINT('',(25.5,3.5,137.5));
#635 = LINE('',#636,#637);
#636 = CARTESIAN_POINT('',(-52.75,3.5,137.5));
#637 = VECTOR('',#638,1.);
#638 = DIRECTION('',(-1.,-0.,0.));
#639 = ORIENTED_EDGE('',*,*,#640,.F.);
#640 = EDGE_CURVE('',#641,#633,#643,.T.);
#641 = VERTEX_POINT('',#642);
#642 = CARTESIAN_POINT('',(29.,-8.572527594031E-16,137.5));
#643 = CIRCLE('',#644,3.5);
#644 = AXIS2_PLACEMENT_3D('',#645,#646,#647);
#645 = CARTESIAN_POINT('',(25.5,0.,137.5));
#646 = DIRECTION('',(0.,0.,1.));
#647 = DIRECTION('',(1.,0.,-0.));
#648 = ORIENTED_EDGE('',*,*,#649,.F.);
#649 = EDGE_CURVE('',#650,#641,#652,.T.);
#650 = VERTEX_POINT('',#651);
#651 = CARTESIAN_POINT('',(25.5,-3.5,137.5));
#652 = CIRCLE('',#653,3.5);
#653 = AXIS2_PLACEMENT_3D('',#654,#655,#656);
#654 = CARTESIAN_POINT('',(25.5,0.,137.5));
#655 = DIRECTION('',(0.,0.,1.));
#656 = DIRECTION('',(1.,0.,-0.));
#657 = ORIENTED_EDGE('',*,*,#658,.T.);
#658 = EDGE_CURVE('',#650,#624,#659,.T.);
#659 = LINE('',#660,#661);
#660 = CARTESIAN_POINT('',(-52.75,-3.5,137.5));
#661 = VECTOR('',#662,1.);
#662 = DIRECTION('',(-1.,-0.,0.));
#663 = FACE_BOUND('',#664,.F.);
#664 = EDGE_LOOP('',(#665,#676,#684,#693,#702));
#665 = ORIENTED_EDGE('',*,*,#666,.F.);
#666 = EDGE_CURVE('',#667,#669,#671,.T.);
#667 = VERTEX_POINT('',#668);
#668 = CARTESIAN_POINT('',(39.5,30.5,137.5));
#669 = VERTEX_POINT('',#670);
#670 = CARTESIAN_POINT('',(39.5,25.5,137.5));
#671 = CIRCLE('',#672,2.5);
#672 = AXIS2_PLACEMENT_3D('',#673,#674,#675);
#673 = CARTESIAN_POINT('',(39.5,28.,137.5));
#674 = DIRECTION('',(0.,0.,1.));
#675 = DIRECTION('',(1.,0.,-0.));
#676 = ORIENTED_EDGE('',*,*,#677,.F.);
#677 = EDGE_CURVE('',#678,#667,#680,.T.);
#678 = VERTEX_POINT('',#679);
#679 = CARTESIAN_POINT('',(56.5,30.5,137.5));
#680 = LINE('',#681,#682);
#681 = CARTESIAN_POINT('',(-20.25,30.5,137.5));
#682 = VECTOR('',#683,1.);
#683 = DIRECTION('',(-1.,-0.,0.));
#684 = ORIENTED_EDGE('',*,*,#685,.F.);
#685 = EDGE_CURVE('',#686,#678,#688,.T.);
#686 = VERTEX_POINT('',#687);
#687 = CARTESIAN_POINT('',(59.,28.,137.5));
#688 = CIRCLE('',#689,2.5);
#689 = AXIS2_PLACEMENT_3D('',#690,#691,#692);
#690 = CARTESIAN_POINT('',(56.5,28.,137.5));
#691 = DIRECTION('',(0.,0.,1.));
#692 = DIRECTION('',(1.,0.,-0.));
#693 = ORIENTED_EDGE('',*,*,#694,.F.);
#694 = EDGE_CURVE('',#695,#686,#697,.T.);
#695 = VERTEX_POINT('',#696);
#696 = CARTESIAN_POINT('',(56.5,25.5,137.5));
#697 = CIRCLE('',#698,2.5);
#698 = AXIS2_PLACEMENT_3D('',#699,#700,#701);
#699 = CARTESIAN_POINT('',(56.5,28.,137.5));
#700 = DIRECTION('',(0.,0.,1.));
#701 = DIRECTION('',(1.,0.,-0.));
#702 = ORIENTED_EDGE('',*,*,#703,.T.);
#703 = EDGE_CURVE('',#695,#669,#704,.T.);
#704 = LINE('',#705,#706);
#705 = CARTESIAN_POINT('',(-20.25,25.5,137.5));
#706 = VECTOR('',#707,1.);
#707 = DIRECTION('',(-1.,-0.,0.));
#708 = PLANE('',#709);
#709 = AXIS2_PLACEMENT_3D('',#710,#711,#712);
#710 = CARTESIAN_POINT('',(-80.,-39.,137.5));
#711 = DIRECTION('',(0.,0.,1.));
#712 = DIRECTION('',(1.,0.,-0.));
#713 = ADVANCED_FACE('',(#714),#720,.T.);
#714 = FACE_BOUND('',#715,.T.);
#715 = EDGE_LOOP('',(#716,#717,#718,#719));
#716 = ORIENTED_EDGE('',*,*,#61,.F.);
#717 = ORIENTED_EDGE('',*,*,#477,.T.);
#718 = ORIENTED_EDGE('',*,*,#428,.T.);
#719 = ORIENTED_EDGE('',*,*,#157,.F.);
#720 = PLANE('',#721);
#721 = AXIS2_PLACEMENT_3D('',#722,#723,#724);
#722 = CARTESIAN_POINT('',(80.,-39.,137.5));
#723 = DIRECTION('',(1.,0.,-0.));
#724 = DIRECTION('',(0.,0.,1.));
#725 = ADVANCED_FACE('',(#726),#760,.T.);
#726 = FACE_BOUND('',#727,.T.);
#727 = EDGE_LOOP('',(#728,#738,#746,#752,#753,#754));
#728 = ORIENTED_EDGE('',*,*,#729,.F.);
#729 = EDGE_CURVE('',#730,#732,#734,.T.);
#730 = VERTEX_POINT('',#731);
#731 = CARTESIAN_POINT('',(66.,-40.,183.));
#732 = VERTEX_POINT('',#733);
#733 = CARTESIAN_POINT('',(66.,-34.,183.));
#734 = LINE('',#735,#736);
#735 = CARTESIAN_POINT('',(66.,-40.,183.));
#736 = VECTOR('',#737,1.);
#737 = DIRECTION('',(-0.,1.,0.));
#738 = ORIENTED_EDGE('',*,*,#739,.F.);
#739 = EDGE_CURVE('',#740,#730,#742,.T.);
#740 = VERTEX_POINT('',#741);
#741 = CARTESIAN_POINT('',(66.,-40.,139.));
#742 = LINE('',#743,#744);
#743 = CARTESIAN_POINT('',(66.,-40.,139.));
#744 = VECTOR('',#745,1.);
#745 = DIRECTION('',(0.,0.,1.));
#746 = ORIENTED_EDGE('',*,*,#747,.T.);
#747 = EDGE_CURVE('',#740,#95,#748,.T.);
#748 = LINE('',#749,#750);
#749 = CARTESIAN_POINT('',(66.,-40.,139.));
#750 = VECTOR('',#751,1.);
#751 = DIRECTION('',(-0.,1.,0.));
#752 = ORIENTED_EDGE('',*,*,#102,.F.);
#753 = ORIENTED_EDGE('',*,*,#150,.T.);
#754 = ORIENTED_EDGE('',*,*,#755,.T.);
#755 = EDGE_CURVE('',#143,#732,#756,.T.);
#756 = LINE('',#757,#758);
#757 = CARTESIAN_POINT('',(66.,-34.,139.));
#758 = VECTOR('',#759,1.);
#759 = DIRECTION('',(0.,0.,1.));
#760 = PLANE('',#761);
#761 = AXIS2_PLACEMENT_3D('',#762,#763,#764);
#762 = CARTESIAN_POINT('',(66.,-40.,139.));
#763 = DIRECTION('',(1.,0.,-0.));
#764 = DIRECTION('',(0.,0.,1.));
#765 = ADVANCED_FACE('',(#766),#784,.F.);
#766 = FACE_BOUND('',#767,.F.);
#767 = EDGE_LOOP('',(#768,#776,#782,#783));
#768 = ORIENTED_EDGE('',*,*,#769,.F.);
#769 = EDGE_CURVE('',#770,#87,#772,.T.);
#770 = VERTEX_POINT('',#771);
#771 = CARTESIAN_POINT('',(-66.,-40.,139.));
#772 = LINE('',#773,#774);
#773 = CARTESIAN_POINT('',(-66.,-40.,139.));
#774 = VECTOR('',#775,1.);
#775 = DIRECTION('',(-0.,1.,0.));
#776 = ORIENTED_EDGE('',*,*,#777,.T.);
#777 = EDGE_CURVE('',#770,#740,#778,.T.);
#778 = LINE('',#779,#780);
#779 = CARTESIAN_POINT('',(-66.,-40.,139.));
#780 = VECTOR('',#781,1.);
#781 = DIRECTION('',(1.,0.,-0.));
#782 = ORIENTED_EDGE('',*,*,#747,.T.);
#783 = ORIENTED_EDGE('',*,*,#94,.F.);
#784 = PLANE('',#785);
#785 = AXIS2_PLACEMENT_3D('',#786,#787,#788);
#786 = CARTESIAN_POINT('',(-66.,-40.,139.));
#787 = DIRECTION('',(0.,0.,1.));
#788 = DIRECTION('',(1.,0.,-0.));
#789 = ADVANCED_FACE('',(#790),#817,.F.);
#790 = FACE_BOUND('',#791,.F.);
#791 = EDGE_LOOP('',(#792,#802,#808,#809,#810,#811));
#792 = ORIENTED_EDGE('',*,*,#793,.F.);
#793 = EDGE_CURVE('',#794,#796,#798,.T.);
#794 = VERTEX_POINT('',#795);
#795 = CARTESIAN_POINT('',(-66.,-40.,183.));
#796 = VERTEX_POINT('',#797);
#797 = CARTESIAN_POINT('',(-66.,-34.,183.));
#798 = LINE('',#799,#800);
#799 = CARTESIAN_POINT('',(-66.,-40.,183.));
#800 = VECTOR('',#801,1.);
#801 = DIRECTION('',(-0.,1.,0.));
#802 = ORIENTED_EDGE('',*,*,#803,.F.);
#803 = EDGE_CURVE('',#770,#794,#804,.T.);
#804 = LINE('',#805,#806);
#805 = CARTESIAN_POINT('',(-66.,-40.,139.));
#806 = VECTOR('',#807,1.);
#807 = DIRECTION('',(0.,0.,1.));
#808 = ORIENTED_EDGE('',*,*,#769,.T.);
#809 = ORIENTED_EDGE('',*,*,#86,.F.);
#810 = ORIENTED_EDGE('',*,*,#134,.T.);
#811 = ORIENTED_EDGE('',*,*,#812,.T.);
#812 = EDGE_CURVE('',#135,#796,#813,.T.);
#813 = LINE('',#814,#815);
#814 = CARTESIAN_POINT('',(-66.,-34.,139.));
#815 = VECTOR('',#816,1.);
#816 = DIRECTION('',(0.,0.,1.));
#817 = PLANE('',#818);
#818 = AXIS2_PLACEMENT_3D('',#819,#820,#821);
#819 = CARTESIAN_POINT('',(-66.,-40.,139.));
#820 = DIRECTION('',(1.,0.,-0.));
#821 = DIRECTION('',(0.,0.,1.));
#822 = ADVANCED_FACE('',(#823),#857,.F.);
#823 = FACE_BOUND('',#824,.F.);
#824 = EDGE_LOOP('',(#825,#833,#834,#835,#843,#851));
#825 = ORIENTED_EDGE('',*,*,#826,.F.);
#826 = EDGE_CURVE('',#182,#827,#829,.T.);
#827 = VERTEX_POINT('',#828);
#828 = CARTESIAN_POINT('',(-66.,34.,183.));
#829 = LINE('',#830,#831);
#830 = CARTESIAN_POINT('',(-66.,34.,139.));
#831 = VECTOR('',#832,1.);
#832 = DIRECTION('',(0.,0.,1.));
#833 = ORIENTED_EDGE('',*,*,#189,.T.);
#834 = ORIENTED_EDGE('',*,*,#444,.T.);
#835 = ORIENTED_EDGE('',*,*,#836,.T.);
#836 = EDGE_CURVE('',#445,#837,#839,.T.);
#837 = VERTEX_POINT('',#838);
#838 = CARTESIAN_POINT('',(-66.,40.,139.));
#839 = LINE('',#840,#841);
#840 = CARTESIAN_POINT('',(-66.,34.,139.));
#841 = VECTOR('',#842,1.);
#842 = DIRECTION('',(-0.,1.,0.));
#843 = ORIENTED_EDGE('',*,*,#844,.T.);
#844 = EDGE_CURVE('',#837,#845,#847,.T.);
#845 = VERTEX_POINT('',#846);
#846 = CARTESIAN_POINT('',(-66.,40.,183.));
#847 = LINE('',#848,#849);
#848 = CARTESIAN_POINT('',(-66.,40.,139.));
#849 = VECTOR('',#850,1.);
#850 = DIRECTION('',(0.,0.,1.));
#851 = ORIENTED_EDGE('',*,*,#852,.F.);
#852 = EDGE_CURVE('',#827,#845,#853,.T.);
#853 = LINE('',#854,#855);
#854 = CARTESIAN_POINT('',(-66.,34.,183.));
#855 = VECTOR('',#856,1.);
#856 = DIRECTION('',(-0.,1.,0.));
#857 = PLANE('',#858);
#858 = AXIS2_PLACEMENT_3D('',#859,#860,#861);
#859 = CARTESIAN_POINT('',(-66.,34.,139.));
#860 = DIRECTION('',(1.,0.,-0.));
#861 = DIRECTION('',(0.,0.,1.));
#862 = ADVANCED_FACE('',(#863),#898,.F.);
#863 = FACE_BOUND('',#864,.F.);
#864 = EDGE_LOOP('',(#865,#873,#874,#875,#883,#892));
#865 = ORIENTED_EDGE('',*,*,#866,.F.);
#866 = EDGE_CURVE('',#174,#867,#869,.T.);
#867 = VERTEX_POINT('',#868);
#868 = CARTESIAN_POINT('',(66.,34.,183.));
#869 = LINE('',#870,#871);
#870 = CARTESIAN_POINT('',(66.,34.,139.));
#871 = VECTOR('',#872,1.);
#872 = DIRECTION('',(0.,0.,1.));
#873 = ORIENTED_EDGE('',*,*,#181,.T.);
#874 = ORIENTED_EDGE('',*,*,#826,.T.);
#875 = ORIENTED_EDGE('',*,*,#876,.T.);
#876 = EDGE_CURVE('',#827,#877,#879,.T.);
#877 = VERTEX_POINT('',#878);
#878 = CARTESIAN_POINT('',(-12.64911064067,34.,183.));
#879 = LINE('',#880,#881);
#880 = CARTESIAN_POINT('',(-66.,34.,183.));
#881 = VECTOR('',#882,1.);
#882 = DIRECTION('',(1.,0.,-0.));
#883 = ORIENTED_EDGE('',*,*,#884,.F.);
#884 = EDGE_CURVE('',#885,#877,#887,.T.);
#885 = VERTEX_POINT('',#886);
#886 = CARTESIAN_POINT('',(12.649110640674,34.,183.));
#887 = CIRCLE('',#888,13.);
#888 = AXIS2_PLACEMENT_3D('',#889,#890,#891);
#889 = CARTESIAN_POINT('',(0.,34.,180.));
#890 = DIRECTION('',(0.,1.,0.));
#891 = DIRECTION('',(0.,-0.,1.));
#892 = ORIENTED_EDGE('',*,*,#893,.T.);
#893 = EDGE_CURVE('',#885,#867,#894,.T.);
#894 = LINE('',#895,#896);
#895 = CARTESIAN_POINT('',(-66.,34.,183.));
#896 = VECTOR('',#897,1.);
#897 = DIRECTION('',(1.,0.,-0.));
#898 = PLANE('',#899);
#899 = AXIS2_PLACEMENT_3D('',#900,#901,#902);
#900 = CARTESIAN_POINT('',(-66.,34.,139.));
#901 = DIRECTION('',(-0.,1.,0.));
#902 = DIRECTION('',(0.,0.,1.));
#903 = ADVANCED_FACE('',(#904),#931,.T.);
#904 = FACE_BOUND('',#905,.T.);
#905 = EDGE_LOOP('',(#906,#907,#908,#909,#917,#925));
#906 = ORIENTED_EDGE('',*,*,#866,.F.);
#907 = ORIENTED_EDGE('',*,*,#173,.T.);
#908 = ORIENTED_EDGE('',*,*,#460,.T.);
#909 = ORIENTED_EDGE('',*,*,#910,.T.);
#910 = EDGE_CURVE('',#453,#911,#913,.T.);
#911 = VERTEX_POINT('',#912);
#912 = CARTESIAN_POINT('',(66.,40.,139.));
#913 = LINE('',#914,#915);
#914 = CARTESIAN_POINT('',(66.,34.,139.));
#915 = VECTOR('',#916,1.);
#916 = DIRECTION('',(-0.,1.,0.));
#917 = ORIENTED_EDGE('',*,*,#918,.T.);
#918 = EDGE_CURVE('',#911,#919,#921,.T.);
#919 = VERTEX_POINT('',#920);
#920 = CARTESIAN_POINT('',(66.,40.,183.));
#921 = LINE('',#922,#923);
#922 = CARTESIAN_POINT('',(66.,40.,139.));
#923 = VECTOR('',#924,1.);
#924 = DIRECTION('',(0.,0.,1.));
#925 = ORIENTED_EDGE('',*,*,#926,.F.);
#926 = EDGE_CURVE('',#867,#919,#927,.T.);
#927 = LINE('',#928,#929);
#928 = CARTESIAN_POINT('',(66.,34.,183.));
#929 = VECTOR('',#930,1.);
#930 = DIRECTION('',(-0.,1.,0.));
#931 = PLANE('',#932);
#932 = AXIS2_PLACEMENT_3D('',#933,#934,#935);
#933 = CARTESIAN_POINT('',(66.,34.,139.));
#934 = DIRECTION('',(1.,0.,-0.));
#935 = DIRECTION('',(0.,0.,1.));
#936 = ADVANCED_FACE('',(#937),#965,.T.);
#937 = FACE_BOUND('',#938,.T.);
#938 = EDGE_LOOP('',(#939,#940,#941,#942,#950,#959));
#939 = ORIENTED_EDGE('',*,*,#755,.F.);
#940 = ORIENTED_EDGE('',*,*,#142,.T.);
#941 = ORIENTED_EDGE('',*,*,#812,.T.);
#942 = ORIENTED_EDGE('',*,*,#943,.T.);
#943 = EDGE_CURVE('',#796,#944,#946,.T.);
#944 = VERTEX_POINT('',#945);
#945 = CARTESIAN_POINT('',(-12.64911064067,-34.,183.));
#946 = LINE('',#947,#948);
#947 = CARTESIAN_POINT('',(-66.,-34.,183.));
#948 = VECTOR('',#949,1.);
#949 = DIRECTION('',(1.,0.,-0.));
#950 = ORIENTED_EDGE('',*,*,#951,.F.);
#951 = EDGE_CURVE('',#952,#944,#954,.T.);
#952 = VERTEX_POINT('',#953);
#953 = CARTESIAN_POINT('',(12.649110640674,-34.,183.));
#954 = CIRCLE('',#955,13.);
#955 = AXIS2_PLACEMENT_3D('',#956,#957,#958);
#956 = CARTESIAN_POINT('',(0.,-34.,180.));
#957 = DIRECTION('',(0.,1.,0.));
#958 = DIRECTION('',(0.,-0.,1.));
#959 = ORIENTED_EDGE('',*,*,#960,.T.);
#960 = EDGE_CURVE('',#952,#732,#961,.T.);
#961 = LINE('',#962,#963);
#962 = CARTESIAN_POINT('',(-66.,-34.,183.));
#963 = VECTOR('',#964,1.);
#964 = DIRECTION('',(1.,0.,-0.));
#965 = PLANE('',#966);
#966 = AXIS2_PLACEMENT_3D('',#967,#968,#969);
#967 = CARTESIAN_POINT('',(-66.,-34.,139.));
#968 = DIRECTION('',(-0.,1.,0.));
#969 = DIRECTION('',(0.,0.,1.));
#970 = ADVANCED_FACE('',(#971),#987,.F.);
#971 = FACE_BOUND('',#972,.F.);
#972 = EDGE_LOOP('',(#973,#974,#980,#981));
#973 = ORIENTED_EDGE('',*,*,#197,.F.);
#974 = ORIENTED_EDGE('',*,*,#975,.F.);
#975 = EDGE_CURVE('',#487,#198,#976,.T.);
#976 = LINE('',#977,#978);
#977 = CARTESIAN_POINT('',(-56.5,-25.5,136.5));
#978 = VECTOR('',#979,1.);
#979 = DIRECTION('',(0.,0.,1.));
#980 = ORIENTED_EDGE('',*,*,#486,.T.);
#981 = ORIENTED_EDGE('',*,*,#982,.T.);
#982 = EDGE_CURVE('',#489,#200,#983,.T.);
#983 = LINE('',#984,#985);
#984 = CARTESIAN_POINT('',(-56.5,-30.5,136.5));
#985 = VECTOR('',#986,1.);
#986 = DIRECTION('',(0.,0.,1.));
#987 = CYLINDRICAL_SURFACE('',#988,2.5);
#988 = AXIS2_PLACEMENT_3D('',#989,#990,#991);
#989 = CARTESIAN_POINT('',(-56.5,-28.,136.5));
#990 = DIRECTION('',(0.,0.,1.));
#991 = DIRECTION('',(1.,0.,-0.));
#992 = ADVANCED_FACE('',(#993),#1004,.F.);
#993 = FACE_BOUND('',#994,.F.);
#994 = EDGE_LOOP('',(#995,#996,#997,#998));
#995 = ORIENTED_EDGE('',*,*,#497,.T.);
#996 = ORIENTED_EDGE('',*,*,#975,.T.);
#997 = ORIENTED_EDGE('',*,*,#208,.F.);
#998 = ORIENTED_EDGE('',*,*,#999,.F.);
#999 = EDGE_CURVE('',#498,#209,#1000,.T.);
#1000 = LINE('',#1001,#1002);
#1001 = CARTESIAN_POINT('',(-39.5,-25.5,136.5));
#1002 = VECTOR('',#1003,1.);
#1003 = DIRECTION('',(0.,0.,1.));
#1004 = PLANE('',#1005);
#1005 = AXIS2_PLACEMENT_3D('',#1006,#1007,#1008);
#1006 = CARTESIAN_POINT('',(-56.5,-25.5,136.5));
#1007 = DIRECTION('',(-0.,1.,0.));
#1008 = DIRECTION('',(0.,0.,1.));
#1009 = ADVANCED_FACE('',(#1010),#1021,.T.);
#1010 = FACE_BOUND('',#1011,.T.);
#1011 = EDGE_LOOP('',(#1012,#1013,#1014,#1015));
#1012 = ORIENTED_EDGE('',*,*,#523,.T.);
#1013 = ORIENTED_EDGE('',*,*,#982,.T.);
#1014 = ORIENTED_EDGE('',*,*,#234,.F.);
#1015 = ORIENTED_EDGE('',*,*,#1016,.F.);
#1016 = EDGE_CURVE('',#515,#226,#1017,.T.);
#1017 = LINE('',#1018,#1019);
#1018 = CARTESIAN_POINT('',(-39.5,-30.5,136.5));
#1019 = VECTOR('',#1020,1.);
#1020 = DIRECTION('',(0.,0.,1.));
#1021 = PLANE('',#1022);
#1022 = AXIS2_PLACEMENT_3D('',#1023,#1024,#1025);
#1023 = CARTESIAN_POINT('',(-56.5,-30.5,136.5));
#1024 = DIRECTION('',(-0.,1.,0.));
#1025 = DIRECTION('',(0.,0.,1.));
#1026 = ADVANCED_FACE('',(#1027),#1043,.F.);
#1027 = FACE_BOUND('',#1028,.F.);
#1028 = EDGE_LOOP('',(#1029,#1030,#1036,#1037));
#1029 = ORIENTED_EDGE('',*,*,#242,.F.);
#1030 = ORIENTED_EDGE('',*,*,#1031,.F.);
#1031 = EDGE_CURVE('',#532,#243,#1032,.T.);
#1032 = LINE('',#1033,#1034);
#1033 = CARTESIAN_POINT('',(39.5,-25.5,136.5));
#1034 = VECTOR('',#1035,1.);
#1035 = DIRECTION('',(0.,0.,1.));
#1036 = ORIENTED_EDGE('',*,*,#531,.T.);
#1037 = ORIENTED_EDGE('',*,*,#1038,.T.);
#1038 = EDGE_CURVE('',#534,#245,#1039,.T.);
#1039 = LINE('',#1040,#1041);
#1040 = CARTESIAN_POINT('',(39.5,-30.5,136.5));
#1041 = VECTOR('',#1042,1.);
#1042 = DIRECTION('',(0.,0.,1.));
#1043 = CYLINDRICAL_SURFACE('',#1044,2.5);
#1044 = AXIS2_PLACEMENT_3D('',#1045,#1046,#1047);
#1045 = CARTESIAN_POINT('',(39.5,-28.,136.5));
#1046 = DIRECTION('',(0.,0.,1.));
#1047 = DIRECTION('',(1.,0.,-0.));
#1048 = ADVANCED_FACE('',(#1049),#1060,.F.);
#1049 = FACE_BOUND('',#1050,.F.);
#1050 = EDGE_LOOP('',(#1051,#1052,#1053,#1054));
#1051 = ORIENTED_EDGE('',*,*,#542,.T.);
#1052 = ORIENTED_EDGE('',*,*,#1031,.T.);
#1053 = ORIENTED_EDGE('',*,*,#253,.F.);
#1054 = ORIENTED_EDGE('',*,*,#1055,.F.);
#1055 = EDGE_CURVE('',#543,#254,#1056,.T.);
#1056 = LINE('',#1057,#1058);
#1057 = CARTESIAN_POINT('',(56.5,-25.5,136.5));
#1058 = VECTOR('',#1059,1.);
#1059 = DIRECTION('',(0.,0.,1.));
#1060 = PLANE('',#1061);
#1061 = AXIS2_PLACEMENT_3D('',#1062,#1063,#1064);
#1062 = CARTESIAN_POINT('',(39.5,-25.5,136.5));
#1063 = DIRECTION('',(-0.,1.,0.));
#1064 = DIRECTION('',(0.,0.,1.));
#1065 = ADVANCED_FACE('',(#1066),#1077,.T.);
#1066 = FACE_BOUND('',#1067,.T.);
#1067 = EDGE_LOOP('',(#1068,#1069,#1070,#1071));
#1068 = ORIENTED_EDGE('',*,*,#568,.T.);
#1069 = ORIENTED_EDGE('',*,*,#1038,.T.);
#1070 = ORIENTED_EDGE('',*,*,#279,.F.);
#1071 = ORIENTED_EDGE('',*,*,#1072,.F.);
#1072 = EDGE_CURVE('',#560,#271,#1073,.T.);
#1073 = LINE('',#1074,#1075);
#1074 = CARTESIAN_POINT('',(56.5,-30.5,136.5));
#1075 = VECTOR('',#1076,1.);
#1076 = DIRECTION('',(0.,0.,1.));
#1077 = PLANE('',#1078);
#1078 = AXIS2_PLACEMENT_3D('',#1079,#1080,#1081);
#1079 = CARTESIAN_POINT('',(39.5,-30.5,136.5));
#1080 = DIRECTION('',(-0.,1.,0.));
#1081 = DIRECTION('',(0.,0.,1.));
#1082 = ADVANCED_FACE('',(#1083),#1099,.F.);
#1083 = FACE_BOUND('',#1084,.F.);
#1084 = EDGE_LOOP('',(#1085,#1086,#1092,#1093));
#1085 = ORIENTED_EDGE('',*,*,#287,.F.);
#1086 = ORIENTED_EDGE('',*,*,#1087,.F.);
#1087 = EDGE_CURVE('',#577,#288,#1088,.T.);
#1088 = LINE('',#1089,#1090);
#1089 = CARTESIAN_POINT('',(-56.5,30.5,136.5));
#1090 = VECTOR('',#1091,1.);
#1091 = DIRECTION('',(0.,0.,1.));
#1092 = ORIENTED_EDGE('',*,*,#576,.T.);
#1093 = ORIENTED_EDGE('',*,*,#1094,.T.);
#1094 = EDGE_CURVE('',#579,#290,#1095,.T.);
#1095 = LINE('',#1096,#1097);
#1096 = CARTESIAN_POINT('',(-56.5,25.5,136.5));
#1097 = VECTOR('',#1098,1.);
#1098 = DIRECTION('',(0.,0.,1.));
#1099 = CYLINDRICAL_SURFACE('',#1100,2.5);
#1100 = AXIS2_PLACEMENT_3D('',#1101,#1102,#1103);
#1101 = CARTESIAN_POINT('',(-56.5,28.,136.5));
#1102 = DIRECTION('',(0.,0.,1.));
#1103 = DIRECTION('',(1.,0.,-0.));
#1104 = ADVANCED_FACE('',(#1105),#1116,.F.);
#1105 = FACE_BOUND('',#1106,.F.);
#1106 = EDGE_LOOP('',(#1107,#1108,#1109,#1110));
#1107 = ORIENTED_EDGE('',*,*,#587,.T.);
#1108 = ORIENTED_EDGE('',*,*,#1087,.T.);
#1109 = ORIENTED_EDGE('',*,*,#298,.F.);
#1110 = ORIENTED_EDGE('',*,*,#1111,.F.);
#1111 = EDGE_CURVE('',#588,#299,#1112,.T.);
#1112 = LINE('',#1113,#1114);
#1113 = CARTESIAN_POINT('',(-39.5,30.5,136.5));
#1114 = VECTOR('',#1115,1.);
#1115 = DIRECTION('',(0.,0.,1.));
#1116 = PLANE('',#1117);
#1117 = AXIS2_PLACEMENT_3D('',#1118,#1119,#1120);
#1118 = CARTESIAN_POINT('',(-56.5,30.5,136.5));
#1119 = DIRECTION('',(-0.,1.,0.));
#1120 = DIRECTION('',(0.,0.,1.));
#1121 = ADVANCED_FACE('',(#1122),#1133,.T.);
#1122 = FACE_BOUND('',#1123,.T.);
#1123 = EDGE_LOOP('',(#1124,#1125,#1126,#1127));
#1124 = ORIENTED_EDGE('',*,*,#613,.T.);
#1125 = ORIENTED_EDGE('',*,*,#1094,.T.);
#1126 = ORIENTED_EDGE('',*,*,#324,.F.);
#1127 = ORIENTED_EDGE('',*,*,#1128,.F.);
#1128 = EDGE_CURVE('',#605,#316,#1129,.T.);
#1129 = LINE('',#1130,#1131);
#1130 = CARTESIAN_POINT('',(-39.5,25.5,136.5));
#1131 = VECTOR('',#1132,1.);
#1132 = DIRECTION('',(0.,0.,1.));
#1133 = PLANE('',#1134);
#1134 = AXIS2_PLACEMENT_3D('',#1135,#1136,#1137);
#1135 = CARTESIAN_POINT('',(-56.5,25.5,136.5));
#1136 = DIRECTION('',(-0.,1.,0.));
#1137 = DIRECTION('',(0.,0.,1.));
#1138 = ADVANCED_FACE('',(#1139),#1155,.F.);
#1139 = FACE_BOUND('',#1140,.F.);
#1140 = EDGE_LOOP('',(#1141,#1142,#1148,#1149));
#1141 = ORIENTED_EDGE('',*,*,#332,.F.);
#1142 = ORIENTED_EDGE('',*,*,#1143,.F.);
#1143 = EDGE_CURVE('',#622,#333,#1144,.T.);
#1144 = LINE('',#1145,#1146);
#1145 = CARTESIAN_POINT('',(-25.5,3.5,136.5));
#1146 = VECTOR('',#1147,1.);
#1147 = DIRECTION('',(0.,0.,1.));
#1148 = ORIENTED_EDGE('',*,*,#621,.T.);
#1149 = ORIENTED_EDGE('',*,*,#1150,.T.);
#1150 = EDGE_CURVE('',#624,#335,#1151,.T.);
#1151 = LINE('',#1152,#1153);
#1152 = CARTESIAN_POINT('',(-25.5,-3.5,136.5));
#1153 = VECTOR('',#1154,1.);
#1154 = DIRECTION('',(0.,0.,1.));
#1155 = CYLINDRICAL_SURFACE('',#1156,3.5);
#1156 = AXIS2_PLACEMENT_3D('',#1157,#1158,#1159);
#1157 = CARTESIAN_POINT('',(-25.5,0.,136.5));
#1158 = DIRECTION('',(0.,0.,1.));
#1159 = DIRECTION('',(1.,0.,-0.));
#1160 = ADVANCED_FACE('',(#1161),#1172,.F.);
#1161 = FACE_BOUND('',#1162,.F.);
#1162 = EDGE_LOOP('',(#1163,#1164,#1165,#1166));
#1163 = ORIENTED_EDGE('',*,*,#632,.T.);
#1164 = ORIENTED_EDGE('',*,*,#1143,.T.);
#1165 = ORIENTED_EDGE('',*,*,#343,.F.);
#1166 = ORIENTED_EDGE('',*,*,#1167,.F.);
#1167 = EDGE_CURVE('',#633,#344,#1168,.T.);
#1168 = LINE('',#1169,#1170);
#1169 = CARTESIAN_POINT('',(25.5,3.5,136.5));
#1170 = VECTOR('',#1171,1.);
#1171 = DIRECTION('',(0.,0.,1.));
#1172 = PLANE('',#1173);
#1173 = AXIS2_PLACEMENT_3D('',#1174,#1175,#1176);
#1174 = CARTESIAN_POINT('',(-25.5,3.5,136.5));
#1175 = DIRECTION('',(-0.,1.,0.));
#1176 = DIRECTION('',(0.,0.,1.));
#1177 = ADVANCED_FACE('',(#1178),#1189,.T.);
#1178 = FACE_BOUND('',#1179,.T.);
#1179 = EDGE_LOOP('',(#1180,#1181,#1182,#1183));
#1180 = ORIENTED_EDGE('',*,*,#658,.T.);
#1181 = ORIENTED_EDGE('',*,*,#1150,.T.);
#1182 = ORIENTED_EDGE('',*,*,#369,.F.);
#1183 = ORIENTED_EDGE('',*,*,#1184,.F.);
#1184 = EDGE_CURVE('',#650,#361,#1185,.T.);
#1185 = LINE('',#1186,#1187);
#1186 = CARTESIAN_POINT('',(25.5,-3.5,136.5));
#1187 = VECTOR('',#1188,1.);
#1188 = DIRECTION('',(0.,0.,1.));
#1189 = PLANE('',#1190);
#1190 = AXIS2_PLACEMENT_3D('',#1191,#1192,#1193);
#1191 = CARTESIAN_POINT('',(-25.5,-3.5,136.5));
#1192 = DIRECTION('',(-0.,1.,0.));
#1193 = DIRECTION('',(0.,0.,1.));
#1194 = ADVANCED_FACE('',(#1195),#1211,.F.);
#1195 = FACE_BOUND('',#1196,.F.);
#1196 = EDGE_LOOP('',(#1197,#1198,#1204,#1205));
#1197 = ORIENTED_EDGE('',*,*,#377,.F.);
#1198 = ORIENTED_EDGE('',*,*,#1199,.F.);
#1199 = EDGE_CURVE('',#667,#378,#1200,.T.);
#1200 = LINE('',#1201,#1202);
#1201 = CARTESIAN_POINT('',(39.5,30.5,136.5));
#1202 = VECTOR('',#1203,1.);
#1203 = DIRECTION('',(0.,0.,1.));
#1204 = ORIENTED_EDGE('',*,*,#666,.T.);
#1205 = ORIENTED_EDGE('',*,*,#1206,.T.);
#1206 = EDGE_CURVE('',#669,#380,#1207,.T.);
#1207 = LINE('',#1208,#1209);
#1208 = CARTESIAN_POINT('',(39.5,25.5,136.5));
#1209 = VECTOR('',#1210,1.);
#1210 = DIRECTION('',(0.,0.,1.));
#1211 = CYLINDRICAL_SURFACE('',#1212,2.5);
#1212 = AXIS2_PLACEMENT_3D('',#1213,#1214,#1215);
#1213 = CARTESIAN_POINT('',(39.5,28.,136.5));
#1214 = DIRECTION('',(0.,0.,1.));
#1215 = DIRECTION('',(1.,0.,-0.));
#1216 = ADVANCED_FACE('',(#1217),#1228,.F.);
#1217 = FACE_BOUND('',#1218,.F.);
#1218 = EDGE_LOOP('',(#1219,#1220,#1221,#1222));
#1219 = ORIENTED_EDGE('',*,*,#677,.T.);
#1220 = ORIENTED_EDGE('',*,*,#1199,.T.);
#1221 = ORIENTED_EDGE('',*,*,#388,.F.);
#1222 = ORIENTED_EDGE('',*,*,#1223,.F.);
#1223 = EDGE_CURVE('',#678,#389,#1224,.T.);
#1224 = LINE('',#1225,#1226);
#1225 = CARTESIAN_POINT('',(56.5,30.5,136.5));
#1226 = VECTOR('',#1227,1.);
#1227 = DIRECTION('',(0.,0.,1.));
#1228 = PLANE('',#1229);
#1229 = AXIS2_PLACEMENT_3D('',#1230,#1231,#1232);
#1230 = CARTESIAN_POINT('',(39.5,30.5,136.5));
#1231 = DIRECTION('',(-0.,1.,0.));
#1232 = DIRECTION('',(0.,0.,1.));
#1233 = ADVANCED_FACE('',(#1234),#1245,.T.);
#1234 = FACE_BOUND('',#1235,.T.);
#1235 = EDGE_LOOP('',(#1236,#1237,#1238,#1239));
#1236 = ORIENTED_EDGE('',*,*,#703,.T.);
#1237 = ORIENTED_EDGE('',*,*,#1206,.T.);
#1238 = ORIENTED_EDGE('',*,*,#414,.F.);
#1239 = ORIENTED_EDGE('',*,*,#1240,.F.);
#1240 = EDGE_CURVE('',#695,#406,#1241,.T.);
#1241 = LINE('',#1242,#1243);
#1242 = CARTESIAN_POINT('',(56.5,25.5,136.5));
#1243 = VECTOR('',#1244,1.);
#1244 = DIRECTION('',(0.,0.,1.));
#1245 = PLANE('',#1246);
#1246 = AXIS2_PLACEMENT_3D('',#1247,#1248,#1249);
#1247 = CARTESIAN_POINT('',(39.5,25.5,136.5));
#1248 = DIRECTION('',(-0.,1.,0.));
#1249 = DIRECTION('',(0.,0.,1.));
#1250 = ADVANCED_FACE('',(#1251),#1262,.F.);
#1251 = FACE_BOUND('',#1252,.F.);
#1252 = EDGE_LOOP('',(#1253,#1254,#1255,#1256));
#1253 = ORIENTED_EDGE('',*,*,#836,.F.);
#1254 = ORIENTED_EDGE('',*,*,#452,.T.);
#1255 = ORIENTED_EDGE('',*,*,#910,.T.);
#1256 = ORIENTED_EDGE('',*,*,#1257,.F.);
#1257 = EDGE_CURVE('',#837,#911,#1258,.T.);
#1258 = LINE('',#1259,#1260);
#1259 = CARTESIAN_POINT('',(-66.,40.,139.));
#1260 = VECTOR('',#1261,1.);
#1261 = DIRECTION('',(1.,0.,-0.));
#1262 = PLANE('',#1263);
#1263 = AXIS2_PLACEMENT_3D('',#1264,#1265,#1266);
#1264 = CARTESIAN_POINT('',(-66.,34.,139.));
#1265 = DIRECTION('',(0.,0.,1.));
#1266 = DIRECTION('',(1.,0.,-0.));
#1267 = ADVANCED_FACE('',(#1268),#1302,.T.);
#1268 = FACE_BOUND('',#1269,.T.);
#1269 = EDGE_LOOP('',(#1270,#1271,#1279,#1287,#1295,#1301));
#1270 = ORIENTED_EDGE('',*,*,#960,.F.);
#1271 = ORIENTED_EDGE('',*,*,#1272,.F.);
#1272 = EDGE_CURVE('',#1273,#952,#1275,.T.);
#1273 = VERTEX_POINT('',#1274);
#1274 = CARTESIAN_POINT('',(12.649110640674,-39.7,183.));
#1275 = LINE('',#1276,#1277);
#1276 = CARTESIAN_POINT('',(12.649110640674,-41.,183.));
#1277 = VECTOR('',#1278,1.);
#1278 = DIRECTION('',(0.,1.,0.));
#1279 = ORIENTED_EDGE('',*,*,#1280,.F.);
#1280 = EDGE_CURVE('',#1281,#1273,#1283,.T.);
#1281 = VERTEX_POINT('',#1282);
#1282 = CARTESIAN_POINT('',(27.547920647664,-39.7,183.));
#1283 = LINE('',#1284,#1285);
#1284 = CARTESIAN_POINT('',(-33.,-39.7,183.));
#1285 = VECTOR('',#1286,1.);
#1286 = DIRECTION('',(-1.,0.,0.));
#1287 = ORIENTED_EDGE('',*,*,#1288,.F.);
#1288 = EDGE_CURVE('',#1289,#1281,#1291,.T.);
#1289 = VERTEX_POINT('',#1290);
#1290 = CARTESIAN_POINT('',(27.547920647664,-40.,183.));
#1291 = LINE('',#1292,#1293);
#1292 = CARTESIAN_POINT('',(27.547920647664,-40.9,183.));
#1293 = VECTOR('',#1294,1.);
#1294 = DIRECTION('',(0.,1.,0.));
#1295 = ORIENTED_EDGE('',*,*,#1296,.T.);
#1296 = EDGE_CURVE('',#1289,#730,#1297,.T.);
#1297 = LINE('',#1298,#1299);
#1298 = CARTESIAN_POINT('',(-66.,-40.,183.));
#1299 = VECTOR('',#1300,1.);
#1300 = DIRECTION('',(1.,0.,-0.));
#1301 = ORIENTED_EDGE('',*,*,#729,.T.);
#1302 = PLANE('',#1303);
#1303 = AXIS2_PLACEMENT_3D('',#1304,#1305,#1306);
#1304 = CARTESIAN_POINT('',(-66.,-40.,183.));
#1305 = DIRECTION('',(0.,0.,1.));
#1306 = DIRECTION('',(1.,0.,-0.));
#1307 = ADVANCED_FACE('',(#1308),#1329,.F.);
#1308 = FACE_BOUND('',#1309,.F.);
#1309 = EDGE_LOOP('',(#1310,#1311,#1312,#1313,#1314,#1322));
#1310 = ORIENTED_EDGE('',*,*,#1296,.T.);
#1311 = ORIENTED_EDGE('',*,*,#739,.F.);
#1312 = ORIENTED_EDGE('',*,*,#777,.F.);
#1313 = ORIENTED_EDGE('',*,*,#803,.T.);
#1314 = ORIENTED_EDGE('',*,*,#1315,.T.);
#1315 = EDGE_CURVE('',#794,#1316,#1318,.T.);
#1316 = VERTEX_POINT('',#1317);
#1317 = CARTESIAN_POINT('',(-27.54792064766,-40.,183.));
#1318 = LINE('',#1319,#1320);
#1319 = CARTESIAN_POINT('',(-66.,-40.,183.));
#1320 = VECTOR('',#1321,1.);
#1321 = DIRECTION('',(1.,0.,-0.));
#1322 = ORIENTED_EDGE('',*,*,#1323,.F.);
#1323 = EDGE_CURVE('',#1289,#1316,#1324,.T.);
#1324 = CIRCLE('',#1325,27.710790894703);
#1325 = AXIS2_PLACEMENT_3D('',#1326,#1327,#1328);
#1326 = CARTESIAN_POINT('',(0.,-40.,180.));
#1327 = DIRECTION('',(0.,1.,0.));
#1328 = DIRECTION('',(0.,-0.,1.));
#1329 = PLANE('',#1330);
#1330 = AXIS2_PLACEMENT_3D('',#1331,#1332,#1333);
#1331 = CARTESIAN_POINT('',(-66.,-40.,139.));
#1332 = DIRECTION('',(-0.,1.,0.));
#1333 = DIRECTION('',(0.,0.,1.));
#1334 = ADVANCED_FACE('',(#1335),#1362,.T.);
#1335 = FACE_BOUND('',#1336,.T.);
#1336 = EDGE_LOOP('',(#1337,#1338,#1339,#1340,#1348,#1356));
#1337 = ORIENTED_EDGE('',*,*,#943,.F.);
#1338 = ORIENTED_EDGE('',*,*,#793,.F.);
#1339 = ORIENTED_EDGE('',*,*,#1315,.T.);
#1340 = ORIENTED_EDGE('',*,*,#1341,.T.);
#1341 = EDGE_CURVE('',#1316,#1342,#1344,.T.);
#1342 = VERTEX_POINT('',#1343);
#1343 = CARTESIAN_POINT('',(-27.54792064766,-39.7,183.));
#1344 = LINE('',#1345,#1346);
#1345 = CARTESIAN_POINT('',(-27.54792064766,-40.9,183.));
#1346 = VECTOR('',#1347,1.);
#1347 = DIRECTION('',(0.,1.,0.));
#1348 = ORIENTED_EDGE('',*,*,#1349,.F.);
#1349 = EDGE_CURVE('',#1350,#1342,#1352,.T.);
#1350 = VERTEX_POINT('',#1351);
#1351 = CARTESIAN_POINT('',(-12.64911064067,-39.7,183.));
#1352 = LINE('',#1353,#1354);
#1353 = CARTESIAN_POINT('',(-33.,-39.7,183.));
#1354 = VECTOR('',#1355,1.);
#1355 = DIRECTION('',(-1.,0.,0.));
#1356 = ORIENTED_EDGE('',*,*,#1357,.T.);
#1357 = EDGE_CURVE('',#1350,#944,#1358,.T.);
#1358 = LINE('',#1359,#1360);
#1359 = CARTESIAN_POINT('',(-12.64911064067,-41.,183.));
#1360 = VECTOR('',#1361,1.);
#1361 = DIRECTION('',(0.,1.,0.));
#1362 = PLANE('',#1363);
#1363 = AXIS2_PLACEMENT_3D('',#1364,#1365,#1366);
#1364 = CARTESIAN_POINT('',(-66.,-40.,183.));
#1365 = DIRECTION('',(0.,0.,1.));
#1366 = DIRECTION('',(1.,0.,-0.));
#1367 = ADVANCED_FACE('',(#1368),#1386,.T.);
#1368 = FACE_BOUND('',#1369,.T.);
#1369 = EDGE_LOOP('',(#1370,#1378,#1379,#1380));
#1370 = ORIENTED_EDGE('',*,*,#1371,.F.);
#1371 = EDGE_CURVE('',#845,#1372,#1374,.T.);
#1372 = VERTEX_POINT('',#1373);
#1373 = CARTESIAN_POINT('',(-12.64911064067,40.,183.));
#1374 = LINE('',#1375,#1376);
#1375 = CARTESIAN_POINT('',(-66.,40.,183.));
#1376 = VECTOR('',#1377,1.);
#1377 = DIRECTION('',(1.,0.,-0.));
#1378 = ORIENTED_EDGE('',*,*,#852,.F.);
#1379 = ORIENTED_EDGE('',*,*,#876,.T.);
#1380 = ORIENTED_EDGE('',*,*,#1381,.T.);
#1381 = EDGE_CURVE('',#877,#1372,#1382,.T.);
#1382 = LINE('',#1383,#1384);
#1383 = CARTESIAN_POINT('',(-12.64911064067,33.,183.));
#1384 = VECTOR('',#1385,1.);
#1385 = DIRECTION('',(0.,1.,0.));
#1386 = PLANE('',#1387);
#1387 = AXIS2_PLACEMENT_3D('',#1388,#1389,#1390);
#1388 = CARTESIAN_POINT('',(-66.,34.,183.));
#1389 = DIRECTION('',(0.,0.,1.));
#1390 = DIRECTION('',(1.,0.,-0.));
#1391 = ADVANCED_FACE('',(#1392),#1413,.T.);
#1392 = FACE_BOUND('',#1393,.T.);
#1393 = EDGE_LOOP('',(#1394,#1395,#1396,#1397,#1398,#1407));
#1394 = ORIENTED_EDGE('',*,*,#918,.F.);
#1395 = ORIENTED_EDGE('',*,*,#1257,.F.);
#1396 = ORIENTED_EDGE('',*,*,#844,.T.);
#1397 = ORIENTED_EDGE('',*,*,#1371,.T.);
#1398 = ORIENTED_EDGE('',*,*,#1399,.F.);
#1399 = EDGE_CURVE('',#1400,#1372,#1402,.T.);
#1400 = VERTEX_POINT('',#1401);
#1401 = CARTESIAN_POINT('',(12.649110640674,40.,183.));
#1402 = CIRCLE('',#1403,13.);
#1403 = AXIS2_PLACEMENT_3D('',#1404,#1405,#1406);
#1404 = CARTESIAN_POINT('',(0.,40.,180.));
#1405 = DIRECTION('',(0.,1.,0.));
#1406 = DIRECTION('',(0.,-0.,1.));
#1407 = ORIENTED_EDGE('',*,*,#1408,.T.);
#1408 = EDGE_CURVE('',#1400,#919,#1409,.T.);
#1409 = LINE('',#1410,#1411);
#1410 = CARTESIAN_POINT('',(-66.,40.,183.));
#1411 = VECTOR('',#1412,1.);
#1412 = DIRECTION('',(1.,0.,-0.));
#1413 = PLANE('',#1414);
#1414 = AXIS2_PLACEMENT_3D('',#1415,#1416,#1417);
#1415 = CARTESIAN_POINT('',(-66.,40.,139.));
#1416 = DIRECTION('',(-0.,1.,0.));
#1417 = DIRECTION('',(0.,0.,1.));
#1418 = ADVANCED_FACE('',(#1419),#1430,.T.);
#1419 = FACE_BOUND('',#1420,.T.);
#1420 = EDGE_LOOP('',(#1421,#1422,#1428,#1429));
#1421 = ORIENTED_EDGE('',*,*,#1408,.F.);
#1422 = ORIENTED_EDGE('',*,*,#1423,.F.);
#1423 = EDGE_CURVE('',#885,#1400,#1424,.T.);
#1424 = LINE('',#1425,#1426);
#1425 = CARTESIAN_POINT('',(12.649110640674,33.,183.));
#1426 = VECTOR('',#1427,1.);
#1427 = DIRECTION('',(0.,1.,0.));
#1428 = ORIENTED_EDGE('',*,*,#893,.T.);
#1429 = ORIENTED_EDGE('',*,*,#926,.T.);
#1430 = PLANE('',#1431);
#1431 = AXIS2_PLACEMENT_3D('',#1432,#1433,#1434);
#1432 = CARTESIAN_POINT('',(-66.,34.,183.));
#1433 = DIRECTION('',(0.,0.,1.));
#1434 = DIRECTION('',(1.,0.,-0.));
#1435 = ADVANCED_FACE('',(#1436,#1463),#1469,.T.);
#1436 = FACE_BOUND('',#1437,.T.);
#1437 = EDGE_LOOP('',(#1438,#1448,#1455,#1456));
#1438 = ORIENTED_EDGE('',*,*,#1439,.T.);
#1439 = EDGE_CURVE('',#1440,#1442,#1444,.T.);
#1440 = VERTEX_POINT('',#1441);
#1441 = CARTESIAN_POINT('',(-3.184081677783E-15,33.,193.));
#1442 = VERTEX_POINT('',#1443);
#1443 = CARTESIAN_POINT('',(-3.184081677783E-15,41.,193.));
#1444 = LINE('',#1445,#1446);
#1445 = CARTESIAN_POINT('',(-3.184081677783E-15,33.,193.));
#1446 = VECTOR('',#1447,1.);
#1447 = DIRECTION('',(0.,1.,0.));
#1448 = ORIENTED_EDGE('',*,*,#1449,.F.);
#1449 = EDGE_CURVE('',#1442,#1442,#1450,.T.);
#1450 = CIRCLE('',#1451,13.);
#1451 = AXIS2_PLACEMENT_3D('',#1452,#1453,#1454);
#1452 = CARTESIAN_POINT('',(0.,41.,180.));
#1453 = DIRECTION('',(0.,1.,0.));
#1454 = DIRECTION('',(0.,-0.,1.));
#1455 = ORIENTED_EDGE('',*,*,#1439,.F.);
#1456 = ORIENTED_EDGE('',*,*,#1457,.T.);
#1457 = EDGE_CURVE('',#1440,#1440,#1458,.T.);
#1458 = CIRCLE('',#1459,13.);
#1459 = AXIS2_PLACEMENT_3D('',#1460,#1461,#1462);
#1460 = CARTESIAN_POINT('',(0.,33.,180.));
#1461 = DIRECTION('',(0.,1.,0.));
#1462 = DIRECTION('',(0.,-0.,1.));
#1463 = FACE_BOUND('',#1464,.T.);
#1464 = EDGE_LOOP('',(#1465,#1466,#1467,#1468));
#1465 = ORIENTED_EDGE('',*,*,#884,.F.);
#1466 = ORIENTED_EDGE('',*,*,#1423,.T.);
#1467 = ORIENTED_EDGE('',*,*,#1399,.T.);
#1468 = ORIENTED_EDGE('',*,*,#1381,.F.);
#1469 = CYLINDRICAL_SURFACE('',#1470,13.);
#1470 = AXIS2_PLACEMENT_3D('',#1471,#1472,#1473);
#1471 = CARTESIAN_POINT('',(0.,33.,180.));
#1472 = DIRECTION('',(0.,1.,0.));
#1473 = DIRECTION('',(0.,-0.,1.));
#1474 = ADVANCED_FACE('',(#1475),#1512,.T.);
#1475 = FACE_BOUND('',#1476,.T.);
#1476 = EDGE_LOOP('',(#1477,#1486,#1494,#1501,#1502,#1509,#1510,#1511));
#1477 = ORIENTED_EDGE('',*,*,#1478,.T.);
#1478 = EDGE_CURVE('',#1350,#1479,#1481,.T.);
#1479 = VERTEX_POINT('',#1480);
#1480 = CARTESIAN_POINT('',(-3.184081677783E-15,-39.7,193.));
#1481 = CIRCLE('',#1482,13.);
#1482 = AXIS2_PLACEMENT_3D('',#1483,#1484,#1485);
#1483 = CARTESIAN_POINT('',(0.,-39.7,180.));
#1484 = DIRECTION('',(0.,1.,0.));
#1485 = DIRECTION('',(0.,-0.,1.));
#1486 = ORIENTED_EDGE('',*,*,#1487,.T.);
#1487 = EDGE_CURVE('',#1479,#1488,#1490,.T.);
#1488 = VERTEX_POINT('',#1489);
#1489 = CARTESIAN_POINT('',(-3.184081677783E-15,-33.,193.));
#1490 = LINE('',#1491,#1492);
#1491 = CARTESIAN_POINT('',(-3.184081677783E-15,-41.,193.));
#1492 = VECTOR('',#1493,1.);
#1493 = DIRECTION('',(0.,1.,0.));
#1494 = ORIENTED_EDGE('',*,*,#1495,.F.);
#1495 = EDGE_CURVE('',#1488,#1488,#1496,.T.);
#1496 = CIRCLE('',#1497,13.);
#1497 = AXIS2_PLACEMENT_3D('',#1498,#1499,#1500);
#1498 = CARTESIAN_POINT('',(0.,-33.,180.));
#1499 = DIRECTION('',(0.,1.,0.));
#1500 = DIRECTION('',(0.,-0.,1.));
#1501 = ORIENTED_EDGE('',*,*,#1487,.F.);
#1502 = ORIENTED_EDGE('',*,*,#1503,.T.);
#1503 = EDGE_CURVE('',#1479,#1273,#1504,.T.);
#1504 = CIRCLE('',#1505,13.);
#1505 = AXIS2_PLACEMENT_3D('',#1506,#1507,#1508);
#1506 = CARTESIAN_POINT('',(0.,-39.7,180.));
#1507 = DIRECTION('',(0.,1.,0.));
#1508 = DIRECTION('',(0.,-0.,1.));
#1509 = ORIENTED_EDGE('',*,*,#1272,.T.);
#1510 = ORIENTED_EDGE('',*,*,#951,.T.);
#1511 = ORIENTED_EDGE('',*,*,#1357,.F.);
#1512 = CYLINDRICAL_SURFACE('',#1513,13.);
#1513 = AXIS2_PLACEMENT_3D('',#1514,#1515,#1516);
#1514 = CARTESIAN_POINT('',(0.,-41.,180.));
#1515 = DIRECTION('',(0.,1.,0.));
#1516 = DIRECTION('',(0.,-0.,1.));
#1517 = ADVANCED_FACE('',(#1518),#1555,.T.);
#1518 = FACE_BOUND('',#1519,.T.);
#1519 = EDGE_LOOP('',(#1520,#1530,#1537,#1538,#1539,#1540,#1547,#1548));
#1520 = ORIENTED_EDGE('',*,*,#1521,.T.);
#1521 = EDGE_CURVE('',#1522,#1524,#1526,.T.);
#1522 = VERTEX_POINT('',#1523);
#1523 = CARTESIAN_POINT('',(-6.787186274208E-15,-40.9,207.7107908947));
#1524 = VERTEX_POINT('',#1525);
#1525 = CARTESIAN_POINT('',(-6.787186274208E-15,-39.7,207.7107908947));
#1526 = LINE('',#1527,#1528);
#1527 = CARTESIAN_POINT('',(-6.787186274208E-15,-40.9,207.7107908947));
#1528 = VECTOR('',#1529,1.);
#1529 = DIRECTION('',(0.,1.,0.));
#1530 = ORIENTED_EDGE('',*,*,#1531,.F.);
#1531 = EDGE_CURVE('',#1342,#1524,#1532,.T.);
#1532 = CIRCLE('',#1533,27.710790894703);
#1533 = AXIS2_PLACEMENT_3D('',#1534,#1535,#1536);
#1534 = CARTESIAN_POINT('',(0.,-39.7,180.));
#1535 = DIRECTION('',(0.,1.,0.));
#1536 = DIRECTION('',(0.,-0.,1.));
#1537 = ORIENTED_EDGE('',*,*,#1341,.F.);
#1538 = ORIENTED_EDGE('',*,*,#1323,.F.);
#1539 = ORIENTED_EDGE('',*,*,#1288,.T.);
#1540 = ORIENTED_EDGE('',*,*,#1541,.F.);
#1541 = EDGE_CURVE('',#1524,#1281,#1542,.T.);
#1542 = CIRCLE('',#1543,27.710790894703);
#1543 = AXIS2_PLACEMENT_3D('',#1544,#1545,#1546);
#1544 = CARTESIAN_POINT('',(0.,-39.7,180.));
#1545 = DIRECTION('',(0.,1.,0.));
#1546 = DIRECTION('',(0.,-0.,1.));
#1547 = ORIENTED_EDGE('',*,*,#1521,.F.);
#1548 = ORIENTED_EDGE('',*,*,#1549,.T.);
#1549 = EDGE_CURVE('',#1522,#1522,#1550,.T.);
#1550 = CIRCLE('',#1551,27.710790894703);
#1551 = AXIS2_PLACEMENT_3D('',#1552,#1553,#1554);
#1552 = CARTESIAN_POINT('',(0.,-40.9,180.));
#1553 = DIRECTION('',(0.,1.,0.));
#1554 = DIRECTION('',(0.,-0.,1.));
#1555 = CYLINDRICAL_SURFACE('',#1556,27.710790894703);
#1556 = AXIS2_PLACEMENT_3D('',#1557,#1558,#1559);
#1557 = CARTESIAN_POINT('',(0.,-40.9,180.));
#1558 = DIRECTION('',(0.,1.,0.));
#1559 = DIRECTION('',(0.,-0.,1.));
#1560 = ADVANCED_FACE('',(#1561),#1569,.T.);
#1561 = FACE_BOUND('',#1562,.T.);
#1562 = EDGE_LOOP('',(#1563,#1564,#1565,#1566,#1567,#1568));
#1563 = ORIENTED_EDGE('',*,*,#1531,.T.);
#1564 = ORIENTED_EDGE('',*,*,#1541,.T.);
#1565 = ORIENTED_EDGE('',*,*,#1280,.T.);
#1566 = ORIENTED_EDGE('',*,*,#1503,.F.);
#1567 = ORIENTED_EDGE('',*,*,#1478,.F.);
#1568 = ORIENTED_EDGE('',*,*,#1349,.T.);
#1569 = PLANE('',#1570);
#1570 = AXIS2_PLACEMENT_3D('',#1571,#1572,#1573);
#1571 = CARTESIAN_POINT('',(0.,-39.7,180.));
#1572 = DIRECTION('',(0.,1.,0.));
#1573 = DIRECTION('',(0.,-0.,1.));
#1574 = ADVANCED_FACE('',(#1575),#1578,.F.);
#1575 = FACE_BOUND('',#1576,.T.);
#1576 = EDGE_LOOP('',(#1577));
#1577 = ORIENTED_EDGE('',*,*,#1457,.F.);
#1578 = PLANE('',#1579);
#1579 = AXIS2_PLACEMENT_3D('',#1580,#1581,#1582);
#1580 = CARTESIAN_POINT('',(0.,33.,180.));
#1581 = DIRECTION('',(0.,1.,0.));
#1582 = DIRECTION('',(0.,-0.,1.));
#1583 = ADVANCED_FACE('',(#1584,#1587),#1598,.T.);
#1584 = FACE_BOUND('',#1585,.T.);
#1585 = EDGE_LOOP('',(#1586));
#1586 = ORIENTED_EDGE('',*,*,#1449,.T.);
#1587 = FACE_BOUND('',#1588,.T.);
#1588 = EDGE_LOOP('',(#1589));
#1589 = ORIENTED_EDGE('',*,*,#1590,.F.);
#1590 = EDGE_CURVE('',#1591,#1591,#1593,.T.);
#1591 = VERTEX_POINT('',#1592);
#1592 = CARTESIAN_POINT('',(-9.674709713264E-16,41.,183.95));
#1593 = CIRCLE('',#1594,3.95);
#1594 = AXIS2_PLACEMENT_3D('',#1595,#1596,#1597);
#1595 = CARTESIAN_POINT('',(0.,41.,180.));
#1596 = DIRECTION('',(0.,1.,0.));
#1597 = DIRECTION('',(0.,-0.,1.));
#1598 = PLANE('',#1599);
#1599 = AXIS2_PLACEMENT_3D('',#1600,#1601,#1602);
#1600 = CARTESIAN_POINT('',(0.,41.,180.));
#1601 = DIRECTION('',(0.,1.,0.));
#1602 = DIRECTION('',(0.,-0.,1.));
#1603 = ADVANCED_FACE('',(#1604),#1607,.T.);
#1604 = FACE_BOUND('',#1605,.T.);
#1605 = EDGE_LOOP('',(#1606));
#1606 = ORIENTED_EDGE('',*,*,#1495,.T.);
#1607 = PLANE('',#1608);
#1608 = AXIS2_PLACEMENT_3D('',#1609,#1610,#1611);
#1609 = CARTESIAN_POINT('',(0.,-33.,180.));
#1610 = DIRECTION('',(0.,1.,0.));
#1611 = DIRECTION('',(0.,-0.,1.));
#1612 = ADVANCED_FACE('',(#1613,#1616),#5858,.F.);
#1613 = FACE_BOUND('',#1614,.F.);
#1614 = EDGE_LOOP('',(#1615));
#1615 = ORIENTED_EDGE('',*,*,#1549,.T.);
#1616 = FACE_BOUND('',#1617,.F.);
#1617 = EDGE_LOOP('',(#1618,#1629,#1637,#1646,#1655,#1664,#1673,#1682,
    #1690,#1699,#1708,#1717,#1726,#1735,#1743,#1752,#1761,#1770,#1779,
    #1788,#1796,#1805,#1814,#1823,#1832,#1841,#1849,#1858,#1867,#1876,
    #1885,#1894,#1902,#1911,#1920,#1929,#1938,#1947,#1955,#1964,#1973,
    #1982,#1991,#2000,#2008,#2017,#2026,#2035,#2044,#2053,#2061,#2070,
    #2079,#2088,#2097,#2106,#2114,#2123,#2132,#2141,#2150,#2159,#2167,
    #2176,#2185,#2194,#2203,#2212,#2220,#2229,#2238,#2247,#2256,#2265,
    #2273,#2282,#2291,#2300,#2309,#2318,#2326,#2335,#2344,#2353,#2362,
    #2371,#2379,#2388,#2397,#2406,#2415,#2424,#2432,#2441,#2450,#2459,
    #2468,#2477,#2485,#2494,#2503,#2512,#2521,#2530,#2538,#2547,#2556,
    #2565,#2574,#2583,#2591,#2600,#2609,#2618,#2627,#2636,#2644,#2653,
    #2662,#2671,#2680,#2689,#2697,#2706,#2715,#2724,#2733,#2742,#2750,
    #2759,#2768,#2777,#2786,#2795,#2803,#2812,#2821,#2830,#2839,#2848,
    #2856,#2865,#2874,#2883,#2892,#2901,#2909,#2918,#2927,#2936,#2945,
    #2954,#2962,#2971,#2980,#2989,#2998,#3007,#3015,#3024,#3033,#3042,
    #3051,#3060,#3068,#3077,#3086,#3095,#3104,#3113,#3121,#3130,#3139,
    #3148,#3157,#3166,#3174,#3183,#3192,#3201,#3210,#3219,#3227,#3236,
    #3245,#3254,#3263,#3272,#3280,#3289,#3298,#3307,#3316,#3325,#3333,
    #3342,#3351,#3360,#3369,#3378,#3386,#3395,#3404,#3413,#3422,#3431,
    #3439,#3448,#3457,#3466,#3475,#3484,#3492,#3501,#3510,#3519,#3528,
    #3537,#3545,#3554,#3563,#3572,#3581,#3590,#3598,#3607,#3616,#3625,
    #3634,#3643,#3651,#3660,#3669,#3678,#3687,#3696,#3704,#3713,#3722,
    #3731,#3740,#3749,#3757,#3766,#3775,#3784,#3793,#3802,#3810,#3819,
    #3828,#3837,#3846,#3855,#3863,#3872,#3881,#3890,#3899,#3908,#3916,
    #3925,#3934,#3943,#3952,#3961,#3969,#3978,#3987,#3996,#4005,#4014,
    #4022,#4031,#4040,#4049,#4058,#4067,#4075,#4084,#4093,#4102,#4111,
    #4120,#4128,#4137,#4146,#4155,#4164,#4173,#4181,#4190,#4199,#4208,
    #4217,#4226,#4234,#4243,#4252,#4261,#4270,#4279,#4287,#4296,#4305,
    #4314,#4323,#4332,#4340,#4349,#4358,#4367,#4376,#4385,#4393,#4402,
    #4411,#4420,#4429,#4438,#4446,#4455,#4464,#4473,#4482,#4491,#4499,
    #4508,#4517,#4526,#4535,#4544,#4552,#4561,#4570,#4579,#4588,#4597,
    #4605,#4614,#4623,#4632,#4641,#4650,#4658,#4667,#4676,#4685,#4694,
    #4703,#4711,#4720,#4729,#4738,#4747,#4756,#4764,#4773,#4782,#4791,
    #4800,#4809,#4817,#4826,#4835,#4844,#4853,#4862,#4870,#4879,#4888,
    #4897,#4906,#4915,#4923,#4932,#4941,#4950,#4959,#4968,#4976,#4985,
    #4994,#5003,#5012,#5021,#5029,#5038,#5047,#5056,#5065,#5074,#5082,
    #5091,#5100,#5109,#5118,#5127,#5135,#5144,#5153,#5162,#5171,#5180,
    #5188,#5197,#5206,#5215,#5224,#5233,#5241,#5250,#5259,#5268,#5277,
    #5286,#5294,#5303,#5312,#5321,#5330,#5339,#5347,#5356,#5365,#5374,
    #5383,#5392,#5400,#5409,#5418,#5427,#5436,#5445,#5453,#5462,#5471,
    #5480,#5489,#5498,#5506,#5515,#5524,#5533,#5542,#5551,#5559,#5568,
    #5577,#5586,#5595,#5604,#5612,#5621,#5630,#5639,#5648,#5657,#5665,
    #5674,#5683,#5692,#5701,#5710,#5718,#5727,#5736,#5745,#5754,#5763,
    #5771,#5780,#5789,#5798,#5807,#5816,#5824,#5833,#5842,#5851));
#1618 = ORIENTED_EDGE('',*,*,#1619,.T.);
#1619 = EDGE_CURVE('',#1620,#1622,#1624,.T.);
#1620 = VERTEX_POINT('',#1621);
#1621 = CARTESIAN_POINT('',(24.926997609268,-40.9,178.5899034513));
#1622 = VERTEX_POINT('',#1623);
#1623 = CARTESIAN_POINT('',(25.088304073687,-40.9,178.727672187));
#1624 = CIRCLE('',#1625,0.15);
#1625 = AXIS2_PLACEMENT_3D('',#1626,#1627,#1628);
#1626 = CARTESIAN_POINT('',(24.938766473627,-40.9,178.73944105136));
#1627 = DIRECTION('',(0.,-1.,0.));
#1628 = DIRECTION('',(-7.845909572782E-02,-0.,-0.996917333733));
#1629 = ORIENTED_EDGE('',*,*,#1630,.T.);
#1630 = EDGE_CURVE('',#1622,#1631,#1633,.T.);
#1631 = VERTEX_POINT('',#1632);
#1632 = CARTESIAN_POINT('',(25.110790894703,-40.9,179.3));
#1633 = LINE('',#1634,#1635);
#1634 = CARTESIAN_POINT('',(25.093925778941,-40.9,178.87075414025));
#1635 = VECTOR('',#1636,1.);
#1636 = DIRECTION('',(3.925981575907E-02,-0.,0.999229036241));
#1637 = ORIENTED_EDGE('',*,*,#1638,.T.);
#1638 = EDGE_CURVE('',#1631,#1639,#1641,.T.);
#1639 = VERTEX_POINT('',#1640);
#1640 = CARTESIAN_POINT('',(24.960790894703,-40.9,179.45));
#1641 = CIRCLE('',#1642,0.15);
#1642 = AXIS2_PLACEMENT_3D('',#1643,#1644,#1645);
#1643 = CARTESIAN_POINT('',(24.960790894703,-40.9,179.3));
#1644 = DIRECTION('',(0.,-1.,0.));
#1645 = DIRECTION('',(1.,0.,0.));
#1646 = ORIENTED_EDGE('',*,*,#1647,.F.);
#1647 = EDGE_CURVE('',#1648,#1639,#1650,.T.);
#1648 = VERTEX_POINT('',#1649);
#1649 = CARTESIAN_POINT('',(24.610790894703,-40.9,179.58397459621));
#1650 = CIRCLE('',#1651,1.469292842573);
#1651 = AXIS2_PLACEMENT_3D('',#1652,#1653,#1654);
#1652 = CARTESIAN_POINT('',(25.306758061817,-40.9,180.87798045382));
#1653 = DIRECTION('',(0.,-1.,-0.));
#1654 = DIRECTION('',(-0.235465087074,0.,-0.971882808146));
#1655 = ORIENTED_EDGE('',*,*,#1656,.F.);
#1656 = EDGE_CURVE('',#1657,#1648,#1659,.T.);
#1657 = VERTEX_POINT('',#1658);
#1658 = CARTESIAN_POINT('',(24.610790894703,-40.9,180.41602540378));
#1659 = CIRCLE('',#1660,0.471154273188);
#1660 = AXIS2_PLACEMENT_3D('',#1661,#1662,#1663);
#1661 = CARTESIAN_POINT('',(24.831945167891,-40.9,180.));
#1662 = DIRECTION('',(0.,-1.,-0.));
#1663 = DIRECTION('',(-0.469388236026,0.,-0.88299189344));
#1664 = ORIENTED_EDGE('',*,*,#1665,.F.);
#1665 = EDGE_CURVE('',#1666,#1657,#1668,.T.);
#1666 = VERTEX_POINT('',#1667);
#1667 = CARTESIAN_POINT('',(24.960790894703,-40.9,180.55));
#1668 = CIRCLE('',#1669,1.469292842573);
#1669 = AXIS2_PLACEMENT_3D('',#1670,#1671,#1672);
#1670 = CARTESIAN_POINT('',(25.306758061817,-40.9,179.12201954617));
#1671 = DIRECTION('',(-0.,-1.,0.));
#1672 = DIRECTION('',(-0.473674918265,0.,0.880699762579));
#1673 = ORIENTED_EDGE('',*,*,#1674,.T.);
#1674 = EDGE_CURVE('',#1666,#1675,#1677,.T.);
#1675 = VERTEX_POINT('',#1676);
#1676 = CARTESIAN_POINT('',(25.110790894703,-40.9,180.7));
#1677 = CIRCLE('',#1678,0.15);
#1678 = AXIS2_PLACEMENT_3D('',#1679,#1680,#1681);
#1679 = CARTESIAN_POINT('',(24.960790894703,-40.9,180.7));
#1680 = DIRECTION('',(0.,-1.,0.));
#1681 = DIRECTION('',(-4.736951571735E-14,-0.,-1.));
#1682 = ORIENTED_EDGE('',*,*,#1683,.T.);
#1683 = EDGE_CURVE('',#1675,#1684,#1686,.T.);
#1684 = VERTEX_POINT('',#1685);
#1685 = CARTESIAN_POINT('',(25.088304073687,-40.9,181.27232781299));
#1686 = LINE('',#1687,#1688);
#1687 = CARTESIAN_POINT('',(25.105169189449,-40.9,180.84308195324));
#1688 = VECTOR('',#1689,1.);
#1689 = DIRECTION('',(-3.925981575907E-02,0.,0.999229036241));
#1690 = ORIENTED_EDGE('',*,*,#1691,.T.);
#1691 = EDGE_CURVE('',#1684,#1692,#1694,.T.);
#1692 = VERTEX_POINT('',#1693);
#1693 = CARTESIAN_POINT('',(24.926997609268,-40.9,181.41009654869));
#1694 = CIRCLE('',#1695,0.15);
#1695 = AXIS2_PLACEMENT_3D('',#1696,#1697,#1698);
#1696 = CARTESIAN_POINT('',(24.938766473627,-40.9,181.26055894863));
#1697 = DIRECTION('',(0.,-1.,0.));
#1698 = DIRECTION('',(0.996917333733,0.,7.845909572779E-02));
#1699 = ORIENTED_EDGE('',*,*,#1700,.F.);
#1700 = EDGE_CURVE('',#1701,#1692,#1703,.T.);
#1701 = VERTEX_POINT('',#1702);
#1702 = CARTESIAN_POINT('',(24.567565016792,-40.9,181.51619746243));
#1703 = CIRCLE('',#1704,1.469292842573);
#1704 = AXIS2_PLACEMENT_3D('',#1705,#1706,#1707);
#1705 = CARTESIAN_POINT('',(25.159860219942,-40.9,182.86081928643));
#1706 = DIRECTION('',(0.,-1.,-0.));
#1707 = DIRECTION('',(-0.158486180513,0.,-0.987361195605));
#1708 = ORIENTED_EDGE('',*,*,#1709,.F.);
#1709 = EDGE_CURVE('',#1710,#1701,#1712,.T.);
#1710 = VERTEX_POINT('',#1711);
#1711 = CARTESIAN_POINT('',(24.50228306283,-40.9,182.34568333505));
#1712 = CIRCLE('',#1713,0.471154273188);
#1713 = AXIS2_PLACEMENT_3D('',#1714,#1715,#1716);
#1714 = CARTESIAN_POINT('',(24.755396568181,-40.9,181.94829196303));
#1715 = DIRECTION('',(0.,-1.,-0.));
#1716 = DIRECTION('',(-0.398662523251,0.,-0.91709770066));
#1717 = ORIENTED_EDGE('',*,*,#1718,.F.);
#1718 = EDGE_CURVE('',#1719,#1710,#1721,.T.);
#1719 = VERTEX_POINT('',#1720);
#1720 = CARTESIAN_POINT('',(24.840692603967,-40.9,182.5067056158));
#1721 = CIRCLE('',#1722,1.469292842574);
#1722 = AXIS2_PLACEMENT_3D('',#1723,#1724,#1725);
#1723 = CARTESIAN_POINT('',(25.29763132489,-40.9,181.11027142023));
#1724 = DIRECTION('',(-0.,-1.,0.));
#1725 = DIRECTION('',(-0.541313643553,0.,0.840820753373));
#1726 = ORIENTED_EDGE('',*,*,#1727,.T.);
#1727 = EDGE_CURVE('',#1719,#1728,#1730,.T.);
#1728 = VERTEX_POINT('',#1729);
#1729 = CARTESIAN_POINT('',(24.978461339668,-40.9,182.66801208022));
#1730 = CIRCLE('',#1731,0.15);
#1731 = AXIS2_PLACEMENT_3D('',#1732,#1733,#1734);
#1732 = CARTESIAN_POINT('',(24.828923739608,-40.9,182.65624321586));
#1733 = DIRECTION('',(0.,-1.,0.));
#1734 = DIRECTION('',(7.845909572771E-02,0.,-0.996917333733));
#1735 = ORIENTED_EDGE('',*,*,#1736,.T.);
#1736 = EDGE_CURVE('',#1728,#1737,#1739,.T.);
#1737 = VERTEX_POINT('',#1738);
#1738 = CARTESIAN_POINT('',(24.911139515349,-40.9,183.23681130193));
#1739 = LINE('',#1740,#1741);
#1740 = CARTESIAN_POINT('',(24.961630883588,-40.9,182.81021188565));
#1741 = VECTOR('',#1742,1.);
#1742 = DIRECTION('',(-0.117537397458,0.,0.993068456955));
#1743 = ORIENTED_EDGE('',*,*,#1744,.T.);
#1744 = EDGE_CURVE('',#1737,#1745,#1747,.T.);
#1745 = VERTEX_POINT('',#1746);
#1746 = CARTESIAN_POINT('',(24.739521094504,-40.9,183.36149938326));
#1747 = CIRCLE('',#1748,0.15);
#1748 = AXIS2_PLACEMENT_3D('',#1749,#1750,#1751);
#1749 = CARTESIAN_POINT('',(24.76298626426,-40.9,183.21334613217));
#1750 = DIRECTION('',(0.,-1.,0.));
#1751 = DIRECTION('',(0.987688340595,0.,0.156434465041));
#1752 = ORIENTED_EDGE('',*,*,#1753,.F.);
#1753 = EDGE_CURVE('',#1754,#1745,#1756,.T.);
#1754 = VERTEX_POINT('',#1755);
#1755 = CARTESIAN_POINT('',(24.372871931008,-40.9,183.43907246712));
#1756 = CIRCLE('',#1757,1.469292842571);
#1757 = AXIS2_PLACEMENT_3D('',#1758,#1759,#1760);
#1758 = CARTESIAN_POINT('',(24.857843473308,-40.9,184.82602021681));
#1759 = DIRECTION('',(0.,-1.,-0.));
#1760 = DIRECTION('',(-8.053015394598E-02,0.,-0.996752172962));
#1761 = ORIENTED_EDGE('',*,*,#1762,.F.);
#1762 = EDGE_CURVE('',#1763,#1754,#1765,.T.);
#1763 = VERTEX_POINT('',#1764);
#1764 = CARTESIAN_POINT('',(24.242710508039,-40.9,184.26087934853));
#1765 = CIRCLE('',#1766,0.471154273188);
#1766 = AXIS2_PLACEMENT_3D('',#1767,#1768,#1769);
#1767 = CARTESIAN_POINT('',(24.526222716624,-40.9,183.88457205824));
#1768 = DIRECTION('',(0.,-1.,-0.));
#1769 = DIRECTION('',(-0.325478923451,0.,-0.945549295589));
#1770 = ORIENTED_EDGE('',*,*,#1771,.F.);
#1771 = EDGE_CURVE('',#1772,#1763,#1774,.T.);
#1772 = VERTEX_POINT('',#1773);
#1773 = CARTESIAN_POINT('',(24.56744318296,-40.9,184.44795655792));
#1774 = CIRCLE('',#1775,1.469292842573);
#1775 = AXIS2_PLACEMENT_3D('',#1776,#1777,#1778);
#1776 = CARTESIAN_POINT('',(25.132536278529,-40.9,183.09167810178));
#1777 = DIRECTION('',(-0.,-1.,0.));
#1778 = DIRECTION('',(-0.605614990223,0.,0.795757804622));
#1779 = ORIENTED_EDGE('',*,*,#1780,.T.);
#1780 = EDGE_CURVE('',#1772,#1781,#1783,.T.);
#1781 = VERTEX_POINT('',#1782);
#1782 = CARTESIAN_POINT('',(24.692131264293,-40.9,184.61957497876));
#1783 = CIRCLE('',#1784,0.15);
#1784 = AXIS2_PLACEMENT_3D('',#1785,#1786,#1787);
#1785 = CARTESIAN_POINT('',(24.543978013204,-40.9,184.59610980901));
#1786 = DIRECTION('',(0.,-1.,0.));
#1787 = DIRECTION('',(0.15643446504,0.,-0.987688340595));
#1788 = ORIENTED_EDGE('',*,*,#1789,.T.);
#1789 = EDGE_CURVE('',#1781,#1790,#1792,.T.);
#1790 = VERTEX_POINT('',#1791);
#1791 = CARTESIAN_POINT('',(24.580389498104,-40.9,185.18133877284));
#1792 = LINE('',#1793,#1794);
#1793 = CARTESIAN_POINT('',(24.664195822746,-40.9,184.76001592728));
#1794 = VECTOR('',#1795,1.);
#1795 = DIRECTION('',(-0.195090322016,0.,0.980785280403));
#1796 = ORIENTED_EDGE('',*,*,#1797,.T.);
#1797 = EDGE_CURVE('',#1790,#1798,#1800,.T.);
#1798 = VERTEX_POINT('',#1799);
#1799 = CARTESIAN_POINT('',(24.399517205466,-40.9,185.29217745632));
#1800 = CIRCLE('',#1801,0.15);
#1801 = AXIS2_PLACEMENT_3D('',#1802,#1803,#1804);
#1802 = CARTESIAN_POINT('',(24.434534010045,-40.9,185.14632196826));
#1803 = DIRECTION('',(0.,-1.,0.));
#1804 = DIRECTION('',(0.972369920398,0.,0.233445363856));
#1805 = ORIENTED_EDGE('',*,*,#1806,.F.);
#1806 = EDGE_CURVE('',#1807,#1798,#1809,.T.);
#1807 = VERTEX_POINT('',#1808);
#1808 = CARTESIAN_POINT('',(24.027911984966,-40.9,185.34074444643));
#1809 = CIRCLE('',#1810,1.469292842574);
#1810 = AXIS2_PLACEMENT_3D('',#1811,#1812,#1813);
#1811 = CARTESIAN_POINT('',(24.40256985559,-40.9,186.76146712775));
#1812 = DIRECTION('',(0.,-1.,-0.));
#1813 = DIRECTION('',(-2.077632201815E-03,0.,-0.99999784172));
#1814 = ORIENTED_EDGE('',*,*,#1815,.F.);
#1815 = EDGE_CURVE('',#1816,#1807,#1818,.T.);
#1816 = VERTEX_POINT('',#1817);
#1817 = CARTESIAN_POINT('',(23.833673581447,-40.9,186.14980562395));
#1818 = CIRCLE('',#1819,0.471154273188);
#1819 = AXIS2_PLACEMENT_3D('',#1820,#1821,#1822);
#1820 = CARTESIAN_POINT('',(24.145836546222,-40.9,185.79690247496));
#1821 = DIRECTION('',(0.,-1.,-0.));
#1822 = DIRECTION('',(-0.250288637855,0.,-0.968171264685));
#1823 = ORIENTED_EDGE('',*,*,#1824,.F.);
#1824 = EDGE_CURVE('',#1825,#1816,#1827,.T.);
#1825 = VERTEX_POINT('',#1826);
#1826 = CARTESIAN_POINT('',(24.142727305225,-40.9,186.36178436876));
#1827 = CIRCLE('',#1828,1.469292842571);
#1828 = AXIS2_PLACEMENT_3D('',#1829,#1830,#1831);
#1829 = CARTESIAN_POINT('',(24.812490788594,-40.9,185.05402355975));
#1830 = DIRECTION('',(-0.,-1.,0.));
#1831 = DIRECTION('',(-0.666182519091,0.,0.745788744389));
#1832 = ORIENTED_EDGE('',*,*,#1833,.T.);
#1833 = EDGE_CURVE('',#1825,#1834,#1836,.T.);
#1834 = VERTEX_POINT('',#1835);
#1835 = CARTESIAN_POINT('',(24.253565988706,-40.9,186.5426566614));
#1836 = CIRCLE('',#1837,0.15);
#1837 = AXIS2_PLACEMENT_3D('',#1838,#1839,#1840);
#1838 = CARTESIAN_POINT('',(24.107710500647,-40.9,186.50763985682));
#1839 = DIRECTION('',(0.,-1.,0.));
#1840 = DIRECTION('',(0.233445363856,0.,-0.972369920398));
#1841 = ORIENTED_EDGE('',*,*,#1842,.T.);
#1842 = EDGE_CURVE('',#1834,#1843,#1845,.T.);
#1843 = VERTEX_POINT('',#1844);
#1844 = CARTESIAN_POINT('',(24.098093205795,-40.9,187.09392156725));
#1845 = LINE('',#1846,#1847);
#1846 = CARTESIAN_POINT('',(24.214697792978,-40.9,186.68047288786));
#1847 = VECTOR('',#1848,1.);
#1848 = DIRECTION('',(-0.271440449865,0.,0.962455236454));
#1849 = ORIENTED_EDGE('',*,*,#1850,.T.);
#1850 = EDGE_CURVE('',#1843,#1851,#1853,.T.);
#1851 = VERTEX_POINT('',#1852);
#1852 = CARTESIAN_POINT('',(23.909082179194,-40.9,187.19022749554));
#1853 = CIRCLE('',#1854,0.15);
#1854 = AXIS2_PLACEMENT_3D('',#1855,#1856,#1857);
#1855 = CARTESIAN_POINT('',(23.955434728351,-40.9,187.04756901809));
#1856 = DIRECTION('',(0.,-1.,0.));
#1857 = DIRECTION('',(0.951056516295,0.,0.309016994375));
#1858 = ORIENTED_EDGE('',*,*,#1859,.F.);
#1859 = EDGE_CURVE('',#1860,#1851,#1862,.T.);
#1860 = VERTEX_POINT('',#1861);
#1861 = CARTESIAN_POINT('',(23.534811971446,-40.9,187.20948896025));
#1862 = CIRCLE('',#1863,1.469292842571);
#1863 = AXIS2_PLACEMENT_3D('',#1864,#1865,#1866);
#1864 = CARTESIAN_POINT('',(23.796846280034,-40.9,188.65522734542));
#1865 = DIRECTION('',(0.,-1.,-0.));
#1866 = DIRECTION('',(7.638769883635E-02,0.,-0.99707819125));
#1867 = ORIENTED_EDGE('',*,*,#1868,.F.);
#1868 = EDGE_CURVE('',#1869,#1860,#1871,.T.);
#1869 = VERTEX_POINT('',#1870);
#1870 = CARTESIAN_POINT('',(23.277694131724,-40.9,188.00081630268));
#1871 = CIRCLE('',#1872,0.471154273188);
#1872 = AXIS2_PLACEMENT_3D('',#1873,#1874,#1875);
#1873 = CARTESIAN_POINT('',(23.616583264207,-40.9,187.67349306026));
#1874 = DIRECTION('',(0.,-1.,-0.));
#1875 = DIRECTION('',(-0.173555239577,0.,-0.984824135983));
#1876 = ORIENTED_EDGE('',*,*,#1877,.F.);
#1877 = EDGE_CURVE('',#1878,#1869,#1880,.T.);
#1878 = VERTEX_POINT('',#1879);
#1879 = CARTESIAN_POINT('',(23.569163485382,-40.9,188.23638966346));
#1880 = CIRCLE('',#1881,1.469292842572);
#1881 = AXIS2_PLACEMENT_3D('',#1882,#1883,#1884);
#1882 = CARTESIAN_POINT('',(24.339468041957,-40.9,186.98520928184));
#1883 = DIRECTION('',(-0.,-1.,0.));
#1884 = DIRECTION('',(-0.722642811201,0.,0.691221648547));
#1885 = ORIENTED_EDGE('',*,*,#1886,.T.);
#1886 = EDGE_CURVE('',#1878,#1887,#1889,.T.);
#1887 = VERTEX_POINT('',#1888);
#1888 = CARTESIAN_POINT('',(23.66546941367,-40.9,188.42540069006));
#1889 = CIRCLE('',#1890,0.15);
#1890 = AXIS2_PLACEMENT_3D('',#1891,#1892,#1893);
#1891 = CARTESIAN_POINT('',(23.522810936226,-40.9,188.3790481409));
#1892 = DIRECTION('',(0.,-1.,0.));
#1893 = DIRECTION('',(0.309016994375,0.,-0.951056516295));
#1894 = ORIENTED_EDGE('',*,*,#1895,.T.);
#1895 = EDGE_CURVE('',#1887,#1896,#1898,.T.);
#1896 = VERTEX_POINT('',#1897);
#1897 = CARTESIAN_POINT('',(23.467224155443,-40.9,188.96276797622));
#1898 = LINE('',#1899,#1900);
#1899 = CARTESIAN_POINT('',(23.615908099113,-40.9,188.5597425116));
#1900 = VECTOR('',#1901,1.);
#1901 = DIRECTION('',(-0.346117057077,0.,0.938191335922));
#1902 = ORIENTED_EDGE('',*,*,#1903,.T.);
#1903 = EDGE_CURVE('',#1896,#1904,#1906,.T.);
#1904 = VERTEX_POINT('',#1905);
#1905 = CARTESIAN_POINT('',(23.271239710711,-40.9,189.04394739125));
#1906 = CIRCLE('',#1907,0.15);
#1907 = AXIS2_PLACEMENT_3D('',#1908,#1909,#1910);
#1908 = CARTESIAN_POINT('',(23.328642225566,-40.9,188.90536546137));
#1909 = DIRECTION('',(0.,-1.,0.));
#1910 = DIRECTION('',(0.923879532511,0.,0.382683432365));
#1911 = ORIENTED_EDGE('',*,*,#1912,.F.);
#1912 = EDGE_CURVE('',#1913,#1904,#1915,.T.);
#1913 = VERTEX_POINT('',#1914);
#1914 = CARTESIAN_POINT('',(22.896612016003,-40.9,189.03378457724));
#1915 = CIRCLE('',#1916,1.469292842573);
#1916 = AXIS2_PLACEMENT_3D('',#1917,#1918,#1919);
#1917 = CARTESIAN_POINT('',(23.044407233907,-40.9,190.49562520836));
#1918 = DIRECTION('',(0.,-1.,-0.));
#1919 = DIRECTION('',(0.154382074309,0.,-0.988011222169));
#1920 = ORIENTED_EDGE('',*,*,#1921,.F.);
#1921 = EDGE_CURVE('',#1922,#1913,#1924,.T.);
#1922 = VERTEX_POINT('',#1923);
#1923 = CARTESIAN_POINT('',(22.57819995706,-40.9,189.80249928836));
#1924 = CIRCLE('',#1925,0.471154273188);
#1925 = AXIS2_PLACEMENT_3D('',#1926,#1927,#1928);
#1926 = CARTESIAN_POINT('',(22.941725893057,-40.9,189.50277400915));
#1927 = DIRECTION('',(0.,-1.,-0.));
#1928 = DIRECTION('',(-9.575181553431E-02,0.,-0.995405238997));
#1929 = ORIENTED_EDGE('',*,*,#1930,.F.);
#1930 = EDGE_CURVE('',#1931,#1922,#1933,.T.);
#1931 = VERTEX_POINT('',#1932);
#1932 = CARTESIAN_POINT('',(22.85028793511,-40.9,190.06021487701));
#1933 = CIRCLE('',#1934,1.469292842571);
#1934 = AXIS2_PLACEMENT_3D('',#1935,#1936,#1937);
#1935 = CARTESIAN_POINT('',(23.716384381147,-40.9,188.87332886589));
#1936 = DIRECTION('',(-0.,-1.,0.));
#1937 = DIRECTION('',(-0.774647770076,0.,0.632392941387));
#1938 = ORIENTED_EDGE('',*,*,#1939,.T.);
#1939 = EDGE_CURVE('',#1931,#1940,#1942,.T.);
#1940 = VERTEX_POINT('',#1941);
#1941 = CARTESIAN_POINT('',(22.931467350132,-40.9,190.25619932174));
#1942 = CIRCLE('',#1943,0.15);
#1943 = AXIS2_PLACEMENT_3D('',#1944,#1945,#1946);
#1944 = CARTESIAN_POINT('',(22.792885420255,-40.9,190.19879680689));
#1945 = DIRECTION('',(0.,-1.,0.));
#1946 = DIRECTION('',(0.382683432365,0.,-0.923879532511));
#1947 = ORIENTED_EDGE('',*,*,#1948,.T.);
#1948 = EDGE_CURVE('',#1940,#1949,#1951,.T.);
#1949 = VERTEX_POINT('',#1950);
#1950 = CARTESIAN_POINT('',(22.691671864528,-40.9,190.77635594021));
#1951 = LINE('',#1952,#1953);
#1952 = CARTESIAN_POINT('',(22.871518478731,-40.9,190.38623847636));
#1953 = VECTOR('',#1954,1.);
#1954 = DIRECTION('',(-0.418659737537,0.,0.908143173825));
#1955 = ORIENTED_EDGE('',*,*,#1956,.T.);
#1956 = EDGE_CURVE('',#1949,#1957,#1959,.T.);
#1957 = VERTEX_POINT('',#1958);
#1958 = CARTESIAN_POINT('',(22.489922310939,-40.9,190.84190834387));
#1959 = CIRCLE('',#1960,0.15);
#1960 = AXIS2_PLACEMENT_3D('',#1961,#1962,#1963);
#1961 = CARTESIAN_POINT('',(22.5580208859,-40.9,190.70825736524));
#1962 = DIRECTION('',(0.,-1.,0.));
#1963 = DIRECTION('',(0.891006524188,0.,0.45399049974));
#1964 = ORIENTED_EDGE('',*,*,#1965,.F.);
#1965 = EDGE_CURVE('',#1966,#1957,#1968,.T.);
#1966 = VERTEX_POINT('',#1967);
#1967 = CARTESIAN_POINT('',(22.117246833585,-40.9,190.80238390827));
#1968 = CIRCLE('',#1969,1.469292842572);
#1969 = AXIS2_PLACEMENT_3D('',#1970,#1971,#1972);
#1970 = CARTESIAN_POINT('',(22.149891754141,-40.9,192.27131405174));
#1971 = DIRECTION('',(0.,-1.,-0.));
#1972 = DIRECTION('',(0.231424632957,0.,-0.972852835356));
#1973 = ORIENTED_EDGE('',*,*,#1974,.F.);
#1974 = EDGE_CURVE('',#1975,#1966,#1977,.T.);
#1975 = VERTEX_POINT('',#1976);
#1976 = CARTESIAN_POINT('',(21.739503671648,-40.9,191.54374660627));
#1977 = CIRCLE('',#1978,0.471154273188);
#1978 = AXIS2_PLACEMENT_3D('',#1979,#1980,#1981);
#1979 = CARTESIAN_POINT('',(22.125425152879,-40.9,191.27346719627));
#1980 = DIRECTION('',(0.,-1.,-0.));
#1981 = DIRECTION('',(-1.735804970809E-02,0.,-0.999849337706));
#1982 = ORIENTED_EDGE('',*,*,#1983,.F.);
#1983 = EDGE_CURVE('',#1984,#1975,#1986,.T.);
#1984 = VERTEX_POINT('',#1985);
#1985 = CARTESIAN_POINT('',(21.990532761225,-40.9,191.82201552048));
#1986 = CIRCLE('',#1987,1.469292842571);
#1987 = AXIS2_PLACEMENT_3D('',#1988,#1989,#1990);
#1988 = CARTESIAN_POINT('',(22.947081324129,-40.9,190.7067414268));
#1989 = DIRECTION('',(-0.,-1.,0.));
#1990 = DIRECTION('',(-0.821876767853,0.,0.569665321451));
#1991 = ORIENTED_EDGE('',*,*,#1992,.T.);
#1992 = EDGE_CURVE('',#1984,#1993,#1995,.T.);
#1993 = VERTEX_POINT('',#1994);
#1994 = CARTESIAN_POINT('',(22.056085164893,-40.9,192.02376507407));
#1995 = CIRCLE('',#1996,0.15);
#1996 = AXIS2_PLACEMENT_3D('',#1997,#1998,#1999);
#1997 = CARTESIAN_POINT('',(21.922434186265,-40.9,191.95566649911));
#1998 = DIRECTION('',(0.,-1.,0.));
#1999 = DIRECTION('',(0.45399049974,0.,-0.891006524188));
#2000 = ORIENTED_EDGE('',*,*,#2001,.T.);
#2001 = EDGE_CURVE('',#1993,#2002,#2004,.T.);
#2002 = VERTEX_POINT('',#2003);
#2003 = CARTESIAN_POINT('',(21.776217870822,-40.9,192.52350408631));
#2004 = LINE('',#2005,#2006);
#2005 = CARTESIAN_POINT('',(21.986118341375,-40.9,192.14869982713));
#2006 = VECTOR('',#2007,1.);
#2007 = DIRECTION('',(-0.488621241497,0.,0.872496007073));
#2008 = ORIENTED_EDGE('',*,*,#2009,.T.);
#2009 = EDGE_CURVE('',#2002,#2010,#2012,.T.);
#2010 = VERTEX_POINT('',#2011);
#2011 = CARTESIAN_POINT('',(21.569947061462,-40.9,192.57302532626));
#2012 = CIRCLE('',#2013,0.15);
#2013 = AXIS2_PLACEMENT_3D('',#2014,#2015,#2016);
#2014 = CARTESIAN_POINT('',(21.648321846169,-40.9,192.44512930161));
#2015 = DIRECTION('',(0.,-1.,0.));
#2016 = DIRECTION('',(0.852640164354,0.,0.522498564716));
#2017 = ORIENTED_EDGE('',*,*,#2018,.F.);
#2018 = EDGE_CURVE('',#2019,#2010,#2021,.T.);
#2019 = VERTEX_POINT('',#2020);
#2020 = CARTESIAN_POINT('',(21.201521469707,-40.9,192.50438295034));
#2021 = CIRCLE('',#2022,1.469292842572);
#2022 = AXIS2_PLACEMENT_3D('',#2023,#2024,#2025);
#2023 = CARTESIAN_POINT('',(21.118814826123,-40.9,193.97134616336));
#2024 = DIRECTION('',(0.,-1.,-0.));
#2025 = DIRECTION('',(0.307040381786,0.,-0.951696487307));
#2026 = ORIENTED_EDGE('',*,*,#2027,.F.);
#2027 = EDGE_CURVE('',#2028,#2019,#2030,.T.);
#2028 = VERTEX_POINT('',#2029);
#2029 = CARTESIAN_POINT('',(20.766776116981,-40.9,193.21382288766));
#2030 = CIRCLE('',#2031,0.471154273188);
#2031 = AXIS2_PLACEMENT_3D('',#2032,#2033,#2034);
#2032 = CARTESIAN_POINT('',(21.172713809183,-40.9,192.97465570932));
#2033 = DIRECTION('',(0.,-1.,-0.));
#2034 = DIRECTION('',(6.11427342666E-02,0.,-0.998129032764));
#2035 = ORIENTED_EDGE('',*,*,#2036,.F.);
#2036 = EDGE_CURVE('',#2037,#2028,#2039,.T.);
#2037 = VERTEX_POINT('',#2038);
#2038 = CARTESIAN_POINT('',(20.995198640274,-40.9,193.51092950705));
#2039 = CIRCLE('',#2040,1.469292842571);
#2040 = AXIS2_PLACEMENT_3D('',#2041,#2042,#2043);
#2041 = CARTESIAN_POINT('',(22.036301880069,-40.9,192.47414336646));
#2042 = DIRECTION('',(-0.,-1.,0.));
#2043 = DIRECTION('',(-0.864038622053,0.,0.503425525376));
#2044 = ORIENTED_EDGE('',*,*,#2045,.T.);
#2045 = EDGE_CURVE('',#2037,#2046,#2048,.T.);
#2046 = VERTEX_POINT('',#2047);
#2047 = CARTESIAN_POINT('',(21.04471988022,-40.9,193.71720031641));
#2048 = CIRCLE('',#2049,0.15);
#2049 = AXIS2_PLACEMENT_3D('',#2050,#2051,#2052);
#2050 = CARTESIAN_POINT('',(20.916823855567,-40.9,193.6388255317));
#2051 = DIRECTION('',(0.,-1.,0.));
#2052 = DIRECTION('',(0.522498564716,0.,-0.852640164354));
#2053 = ORIENTED_EDGE('',*,*,#2054,.T.);
#2054 = EDGE_CURVE('',#2046,#2055,#2057,.T.);
#2055 = VERTEX_POINT('',#2056);
#2056 = CARTESIAN_POINT('',(20.726506252615,-40.9,194.19344066524));
#2057 = LINE('',#2058,#2059);
#2058 = CARTESIAN_POINT('',(20.965166473319,-40.9,193.83626040362));
#2059 = VECTOR('',#2060,1.);
#2060 = DIRECTION('',(-0.55557023302,0.,0.831469612303));
#2061 = ORIENTED_EDGE('',*,*,#2062,.T.);
#2062 = EDGE_CURVE('',#2055,#2063,#2065,.T.);
#2063 = VERTEX_POINT('',#2064);
#2064 = CARTESIAN_POINT('',(20.516985915615,-40.9,194.22662542655));
#2065 = CIRCLE('',#2066,0.15);
#2066 = AXIS2_PLACEMENT_3D('',#2067,#2068,#2069);
#2067 = CARTESIAN_POINT('',(20.605153703459,-40.9,194.1052728774));
#2068 = DIRECTION('',(0.,-1.,0.));
#2069 = DIRECTION('',(0.809016994375,0.,0.587785252293));
#2070 = ORIENTED_EDGE('',*,*,#2071,.F.);
#2071 = EDGE_CURVE('',#2072,#2063,#2074,.T.);
#2072 = VERTEX_POINT('',#2073);
#2073 = CARTESIAN_POINT('',(20.155081675747,-40.9,194.1292883134));
#2074 = CIRCLE('',#2075,1.469292842572);
#2075 = AXIS2_PLACEMENT_3D('',#2076,#2077,#2078);
#2076 = CARTESIAN_POINT('',(19.957533381984,-40.9,195.58524027994));
#2077 = DIRECTION('',(0.,-1.,-0.));
#2078 = DIRECTION('',(0.38076312456,0.,-0.924672613943));
#2079 = ORIENTED_EDGE('',*,*,#2080,.F.);
#2080 = EDGE_CURVE('',#2081,#2072,#2083,.T.);
#2081 = VERTEX_POINT('',#2082);
#2082 = CARTESIAN_POINT('',(19.6660144819,-40.9,194.80243155691));
#2083 = CIRCLE('',#2084,0.471154273188);
#2084 = AXIS2_PLACEMENT_3D('',#2085,#2086,#2087);
#2085 = CARTESIAN_POINT('',(20.089465644211,-40.9,194.59585115542));
#2086 = DIRECTION('',(0.,-1.,-0.));
#2087 = DIRECTION('',(0.139266552953,0.,-0.990254930424));
#2088 = ORIENTED_EDGE('',*,*,#2089,.F.);
#2089 = EDGE_CURVE('',#2090,#2081,#2092,.T.);
#2090 = VERTEX_POINT('',#2091);
#2091 = CARTESIAN_POINT('',(19.870422138094,-40.9,195.11654412036));
#2092 = CIRCLE('',#2093,1.469292842573);
#2093 = AXIS2_PLACEMENT_3D('',#2094,#2095,#2096);
#2094 = CARTESIAN_POINT('',(20.989661307107,-40.9,194.16463806419));
#2095 = DIRECTION('',(-0.,-1.,0.));
#2096 = DIRECTION('',(-0.900873390827,0.,0.434081943531));
#2097 = ORIENTED_EDGE('',*,*,#2098,.T.);
#2098 = EDGE_CURVE('',#2090,#2099,#2101,.T.);
#2099 = VERTEX_POINT('',#2100);
#2100 = CARTESIAN_POINT('',(19.903606899406,-40.9,195.32606445736));
#2101 = CIRCLE('',#2102,0.15);
#2102 = AXIS2_PLACEMENT_3D('',#2103,#2104,#2105);
#2103 = CARTESIAN_POINT('',(19.78225435025,-40.9,195.23789666952));
#2104 = DIRECTION('',(0.,-1.,0.));
#2105 = DIRECTION('',(0.587785252293,0.,-0.809016994375));
#2106 = ORIENTED_EDGE('',*,*,#2107,.T.);
#2107 = EDGE_CURVE('',#2099,#2108,#2110,.T.);
#2108 = VERTEX_POINT('',#2109);
#2109 = CARTESIAN_POINT('',(19.549008831098,-40.9,195.77586996267));
#2110 = LINE('',#2111,#2112);
#2111 = CARTESIAN_POINT('',(19.814957382329,-40.9,195.43851583369));
#2112 = VECTOR('',#2113,1.);
#2113 = DIRECTION('',(-0.61909394931,0.,0.785316930881));
#2114 = ORIENTED_EDGE('',*,*,#2115,.T.);
#2115 = EDGE_CURVE('',#2108,#2116,#2118,.T.);
#2116 = VERTEX_POINT('',#2117);
#2117 = CARTESIAN_POINT('',(19.337530729009,-40.9,195.79251365026));
#2118 = CIRCLE('',#2119,0.15);
#2119 = AXIS2_PLACEMENT_3D('',#2120,#2121,#2122);
#2120 = CARTESIAN_POINT('',(19.434947936258,-40.9,195.67845275542));
#2121 = DIRECTION('',(0.,-1.,0.));
#2122 = DIRECTION('',(0.7604059656,0.,0.64944804833));
#2123 = ORIENTED_EDGE('',*,*,#2124,.F.);
#2124 = EDGE_CURVE('',#2125,#2116,#2127,.T.);
#2125 = VERTEX_POINT('',#2126);
#2126 = CARTESIAN_POINT('',(18.984379101011,-40.9,195.66708191554));
#2127 = CIRCLE('',#2128,1.469292842573);
#2128 = AXIS2_PLACEMENT_3D('',#2129,#2130,#2131);
#2129 = CARTESIAN_POINT('',(18.673207107992,-40.9,197.10304620758));
#2130 = DIRECTION('',(0.,-1.,-0.));
#2131 = DIRECTION('',(0.452138336054,0.,-0.891947826428));
#2132 = ORIENTED_EDGE('',*,*,#2133,.F.);
#2133 = EDGE_CURVE('',#2134,#2125,#2136,.T.);
#2134 = VERTEX_POINT('',#2135);
#2135 = CARTESIAN_POINT('',(18.444005327924,-40.9,196.2997783133));
#2136 = CIRCLE('',#2137,0.471154273188);
#2137 = AXIS2_PLACEMENT_3D('',#2138,#2139,#2140);
#2138 = CARTESIAN_POINT('',(18.882359243117,-40.9,196.12705832552));
#2139 = DIRECTION('',(0.,-1.,-0.));
#2140 = DIRECTION('',(0.216531747029,0.,-0.976275577144));
#2141 = ORIENTED_EDGE('',*,*,#2142,.F.);
#2142 = EDGE_CURVE('',#2143,#2134,#2145,.T.);
#2143 = VERTEX_POINT('',#2144);
#2144 = CARTESIAN_POINT('',(18.623137875846,-40.9,196.62896021242));
#2145 = CIRCLE('',#2146,1.469292842571);
#2146 = AXIS2_PLACEMENT_3D('',#2147,#2148,#2149);
#2147 = CARTESIAN_POINT('',(19.813612492412,-40.9,195.76780305804));
#2148 = DIRECTION('',(-0.,-1.,0.));
#2149 = DIRECTION('',(-0.932153975576,0.,0.362062102157));
#2150 = ORIENTED_EDGE('',*,*,#2151,.T.);
#2151 = EDGE_CURVE('',#2143,#2152,#2154,.T.);
#2152 = VERTEX_POINT('',#2153);
#2153 = CARTESIAN_POINT('',(18.639781563436,-40.9,196.84043831451));
#2154 = CIRCLE('',#2155,0.15);
#2155 = AXIS2_PLACEMENT_3D('',#2156,#2157,#2158);
#2156 = CARTESIAN_POINT('',(18.525720668596,-40.9,196.74302110726));
#2157 = DIRECTION('',(0.,-1.,0.));
#2158 = DIRECTION('',(0.64944804833,0.,-0.7604059656));
#2159 = ORIENTED_EDGE('',*,*,#2160,.T.);
#2160 = EDGE_CURVE('',#2152,#2161,#2163,.T.);
#2161 = VERTEX_POINT('',#2162);
#2162 = CARTESIAN_POINT('',(18.250985269433,-40.9,197.26103577577));
#2163 = LINE('',#2164,#2165);
#2164 = CARTESIAN_POINT('',(18.542582489935,-40.9,196.94558767982));
#2165 = VECTOR('',#2166,1.);
#2166 = DIRECTION('',(-0.678800745533,0.,0.734322509436));
#2167 = ORIENTED_EDGE('',*,*,#2168,.T.);
#2168 = EDGE_CURVE('',#2161,#2169,#2171,.T.);
#2169 = VERTEX_POINT('',#2170);
#2170 = CARTESIAN_POINT('',(18.038853235077,-40.9,197.26103577577));
#2171 = CIRCLE('',#2172,0.15);
#2172 = AXIS2_PLACEMENT_3D('',#2173,#2174,#2175);
#2173 = CARTESIAN_POINT('',(18.144919252255,-40.9,197.15496975859));
#2174 = DIRECTION('',(0.,-1.,0.));
#2175 = DIRECTION('',(0.707106781187,0.,0.707106781186));
#2176 = ORIENTED_EDGE('',*,*,#2177,.F.);
#2177 = EDGE_CURVE('',#2178,#2169,#2180,.T.);
#2178 = VERTEX_POINT('',#2179);
#2179 = CARTESIAN_POINT('',(17.696631516171,-40.9,197.10828274784));
#2180 = CIRCLE('',#2181,1.469292842571);
#2181 = AXIS2_PLACEMENT_3D('',#2182,#2183,#2184);
#2182 = CARTESIAN_POINT('',(17.273754302708,-40.9,198.515406168));
#2183 = DIRECTION('',(0.,-1.,-0.));
#2184 = DIRECTION('',(0.520725964356,0.,-0.853723883961));
#2185 = ORIENTED_EDGE('',*,*,#2186,.F.);
#2186 = EDGE_CURVE('',#2187,#2178,#2189,.T.);
#2187 = VERTEX_POINT('',#2188);
#2188 = CARTESIAN_POINT('',(17.108282747847,-40.9,197.69663151617));
#2189 = CIRCLE('',#2190,0.471154273188);
#2190 = AXIS2_PLACEMENT_3D('',#2191,#2192,#2193);
#2191 = CARTESIAN_POINT('',(17.558836818268,-40.9,197.55883681826));
#2192 = DIRECTION('',(0.,-1.,-0.));
#2193 = DIRECTION('',(0.29246195088,0.,-0.956277160287));
#2194 = ORIENTED_EDGE('',*,*,#2195,.F.);
#2195 = EDGE_CURVE('',#2196,#2187,#2198,.T.);
#2196 = VERTEX_POINT('',#2197);
#2197 = CARTESIAN_POINT('',(17.261035775772,-40.9,198.03885323507));
#2198 = CIRCLE('',#2199,1.469292842572);
#2199 = AXIS2_PLACEMENT_3D('',#2200,#2201,#2202);
#2200 = CARTESIAN_POINT('',(18.515406168008,-40.9,197.2737543027));
#2201 = DIRECTION('',(-0.,-1.,0.));
#2202 = DIRECTION('',(-0.957687521092,0.,0.287810027525));
#2203 = ORIENTED_EDGE('',*,*,#2204,.T.);
#2204 = EDGE_CURVE('',#2196,#2205,#2207,.T.);
#2205 = VERTEX_POINT('',#2206);
#2206 = CARTESIAN_POINT('',(17.261035775772,-40.9,198.25098526943));
#2207 = CIRCLE('',#2208,0.15);
#2208 = AXIS2_PLACEMENT_3D('',#2209,#2210,#2211);
#2209 = CARTESIAN_POINT('',(17.154969758593,-40.9,198.14491925225));
#2210 = DIRECTION('',(0.,-1.,0.));
#2211 = DIRECTION('',(0.707106781187,0.,-0.707106781186));
#2212 = ORIENTED_EDGE('',*,*,#2213,.T.);
#2213 = EDGE_CURVE('',#2205,#2214,#2216,.T.);
#2214 = VERTEX_POINT('',#2215);
#2215 = CARTESIAN_POINT('',(16.840438314512,-40.9,198.63978156343));
#2216 = LINE('',#2217,#2218);
#2217 = CARTESIAN_POINT('',(17.155886410457,-40.9,198.34818434293));
#2218 = VECTOR('',#2219,1.);
#2219 = DIRECTION('',(-0.734322509436,0.,0.678800745533));
#2220 = ORIENTED_EDGE('',*,*,#2221,.T.);
#2221 = EDGE_CURVE('',#2214,#2222,#2224,.T.);
#2222 = VERTEX_POINT('',#2223);
#2223 = CARTESIAN_POINT('',(16.628960212423,-40.9,198.62313787584));
#2224 = CIRCLE('',#2225,0.15);
#2225 = AXIS2_PLACEMENT_3D('',#2226,#2227,#2228);
#2226 = CARTESIAN_POINT('',(16.743021107263,-40.9,198.52572066859));
#2227 = DIRECTION('',(0.,-1.,0.));
#2228 = DIRECTION('',(0.64944804833,0.,0.7604059656));
#2229 = ORIENTED_EDGE('',*,*,#2230,.F.);
#2230 = EDGE_CURVE('',#2231,#2222,#2233,.T.);
#2231 = VERTEX_POINT('',#2232);
#2232 = CARTESIAN_POINT('',(16.299778313306,-40.9,198.44400532792));
#2233 = CIRCLE('',#2234,1.469292842572);
#2234 = AXIS2_PLACEMENT_3D('',#2235,#2236,#2237);
#2235 = CARTESIAN_POINT('',(15.76780305804,-40.9,199.81361249241));
#2236 = DIRECTION('',(0.,-1.,-0.));
#2237 = DIRECTION('',(0.586103143928,0.,-0.810236449857));
#2238 = ORIENTED_EDGE('',*,*,#2239,.F.);
#2239 = EDGE_CURVE('',#2240,#2231,#2242,.T.);
#2240 = VERTEX_POINT('',#2241);
#2241 = CARTESIAN_POINT('',(15.667081915548,-40.9,198.98437910101));
#2242 = CIRCLE('',#2243,0.471154273188);
#2243 = AXIS2_PLACEMENT_3D('',#2244,#2245,#2246);
#2244 = CARTESIAN_POINT('',(16.127058325529,-40.9,198.88235924311));
#2245 = DIRECTION('',(0.,-1.,-0.));
#2246 = DIRECTION('',(0.366589029551,0.,-0.930382976743));
#2247 = ORIENTED_EDGE('',*,*,#2248,.F.);
#2248 = EDGE_CURVE('',#2249,#2240,#2251,.T.);
#2249 = VERTEX_POINT('',#2250);
#2250 = CARTESIAN_POINT('',(15.792513650263,-40.9,199.337530729));
#2251 = CIRCLE('',#2252,1.469292842572);
#2252 = AXIS2_PLACEMENT_3D('',#2253,#2254,#2255);
#2253 = CARTESIAN_POINT('',(17.103046207582,-40.9,198.67320710799));
#2254 = DIRECTION('',(-0.,-1.,0.));
#2255 = DIRECTION('',(-0.977316604578,0.,0.211783508367));
#2256 = ORIENTED_EDGE('',*,*,#2257,.T.);
#2257 = EDGE_CURVE('',#2249,#2258,#2260,.T.);
#2258 = VERTEX_POINT('',#2259);
#2259 = CARTESIAN_POINT('',(15.775869962672,-40.9,199.54900883109));
#2260 = CIRCLE('',#2261,0.15);
#2261 = AXIS2_PLACEMENT_3D('',#2262,#2263,#2264);
#2262 = CARTESIAN_POINT('',(15.678452755423,-40.9,199.43494793625));
#2263 = DIRECTION('',(0.,-1.,0.));
#2264 = DIRECTION('',(0.7604059656,0.,-0.64944804833));
#2265 = ORIENTED_EDGE('',*,*,#2266,.T.);
#2266 = EDGE_CURVE('',#2258,#2267,#2269,.T.);
#2267 = VERTEX_POINT('',#2268);
#2268 = CARTESIAN_POINT('',(15.326064457369,-40.9,199.9036068994));
#2269 = LINE('',#2270,#2271);
#2270 = CARTESIAN_POINT('',(15.663418586346,-40.9,199.63765834817));
#2271 = VECTOR('',#2272,1.);
#2272 = DIRECTION('',(-0.785316930881,0.,0.61909394931));
#2273 = ORIENTED_EDGE('',*,*,#2274,.T.);
#2274 = EDGE_CURVE('',#2267,#2275,#2277,.T.);
#2275 = VERTEX_POINT('',#2276);
#2276 = CARTESIAN_POINT('',(15.116544120369,-40.9,199.87042213809));
#2277 = CIRCLE('',#2278,0.15);
#2278 = AXIS2_PLACEMENT_3D('',#2279,#2280,#2281);
#2279 = CARTESIAN_POINT('',(15.237896669525,-40.9,199.78225435025));
#2280 = DIRECTION('',(0.,-1.,0.));
#2281 = DIRECTION('',(0.587785252292,0.,0.809016994375));
#2282 = ORIENTED_EDGE('',*,*,#2283,.F.);
#2283 = EDGE_CURVE('',#2284,#2275,#2286,.T.);
#2284 = VERTEX_POINT('',#2285);
#2285 = CARTESIAN_POINT('',(14.802431556914,-40.9,199.6660144819));
#2286 = CIRCLE('',#2287,1.469292842572);
#2287 = AXIS2_PLACEMENT_3D('',#2288,#2289,#2290);
#2288 = CARTESIAN_POINT('',(14.164638064194,-40.9,200.9896613071));
#2289 = DIRECTION('',(0.,-1.,-0.));
#2290 = DIRECTION('',(0.647866802719,0.,-0.761753638609));
#2291 = ORIENTED_EDGE('',*,*,#2292,.F.);
#2292 = EDGE_CURVE('',#2293,#2284,#2295,.T.);
#2293 = VERTEX_POINT('',#2294);
#2294 = CARTESIAN_POINT('',(14.129288313407,-40.9,200.15508167574));
#2295 = CIRCLE('',#2296,0.471154273188);
#2296 = AXIS2_PLACEMENT_3D('',#2297,#2298,#2299);
#2297 = CARTESIAN_POINT('',(14.595851155422,-40.9,200.08946564421));
#2298 = DIRECTION('',(0.,-1.,-0.));
#2299 = DIRECTION('',(0.438455964952,0.,-0.898752672763));
#2300 = ORIENTED_EDGE('',*,*,#2301,.F.);
#2301 = EDGE_CURVE('',#2302,#2293,#2304,.T.);
#2302 = VERTEX_POINT('',#2303);
#2303 = CARTESIAN_POINT('',(14.226625426557,-40.9,200.51698591561));
#2304 = CIRCLE('',#2305,1.469292842572);
#2305 = AXIS2_PLACEMENT_3D('',#2306,#2307,#2308);
#2306 = CARTESIAN_POINT('',(15.585240279945,-40.9,199.95753338198));
#2307 = DIRECTION('',(-0.,-1.,0.));
#2308 = DIRECTION('',(-0.990920206205,0.,0.134451273455));
#2309 = ORIENTED_EDGE('',*,*,#2310,.T.);
#2310 = EDGE_CURVE('',#2302,#2311,#2313,.T.);
#2311 = VERTEX_POINT('',#2312);
#2312 = CARTESIAN_POINT('',(14.193440665244,-40.9,200.72650625261));
#2313 = CIRCLE('',#2314,0.15);
#2314 = AXIS2_PLACEMENT_3D('',#2315,#2316,#2317);
#2315 = CARTESIAN_POINT('',(14.1052728774,-40.9,200.60515370345));
#2316 = DIRECTION('',(0.,-1.,0.));
#2317 = DIRECTION('',(0.809016994375,0.,-0.587785252292));
#2318 = ORIENTED_EDGE('',*,*,#2319,.T.);
#2319 = EDGE_CURVE('',#2311,#2320,#2322,.T.);
#2320 = VERTEX_POINT('',#2321);
#2321 = CARTESIAN_POINT('',(13.717200316413,-40.9,201.04471988022));
#2322 = LINE('',#2323,#2324);
#2323 = CARTESIAN_POINT('',(14.074380578036,-40.9,200.80605965951));
#2324 = VECTOR('',#2325,1.);
#2325 = DIRECTION('',(-0.831469612303,0.,0.55557023302));
#2326 = ORIENTED_EDGE('',*,*,#2327,.T.);
#2327 = EDGE_CURVE('',#2320,#2328,#2330,.T.);
#2328 = VERTEX_POINT('',#2329);
#2329 = CARTESIAN_POINT('',(13.510929507052,-40.9,200.99519864027));
#2330 = CIRCLE('',#2331,0.15);
#2331 = AXIS2_PLACEMENT_3D('',#2332,#2333,#2334);
#2332 = CARTESIAN_POINT('',(13.638825531705,-40.9,200.91682385556));
#2333 = DIRECTION('',(0.,-1.,0.));
#2334 = DIRECTION('',(0.522498564716,0.,0.852640164354));
#2335 = ORIENTED_EDGE('',*,*,#2336,.F.);
#2336 = EDGE_CURVE('',#2337,#2328,#2339,.T.);
#2337 = VERTEX_POINT('',#2338);
#2338 = CARTESIAN_POINT('',(13.213822887665,-40.9,200.76677611698));
#2339 = CIRCLE('',#2340,1.469292842571);
#2340 = AXIS2_PLACEMENT_3D('',#2341,#2342,#2343);
#2341 = CARTESIAN_POINT('',(12.474143366462,-40.9,202.03630188007));
#2342 = DIRECTION('',(0.,-1.,-0.));
#2343 = DIRECTION('',(0.705636147233,0.,-0.708574362871));
#2344 = ORIENTED_EDGE('',*,*,#2345,.F.);
#2345 = EDGE_CURVE('',#2346,#2337,#2348,.T.);
#2346 = VERTEX_POINT('',#2347);
#2347 = CARTESIAN_POINT('',(12.504382950349,-40.9,201.2015214697));
#2348 = CIRCLE('',#2349,0.471154273188);
#2349 = AXIS2_PLACEMENT_3D('',#2350,#2351,#2352);
#2350 = CARTESIAN_POINT('',(12.974655709328,-40.9,201.17271380918));
#2351 = DIRECTION('',(0.,-1.,-0.));
#2352 = DIRECTION('',(0.507619673527,0.,-0.861581259689));
#2353 = ORIENTED_EDGE('',*,*,#2354,.F.);
#2354 = EDGE_CURVE('',#2355,#2346,#2357,.T.);
#2355 = VERTEX_POINT('',#2356);
#2356 = CARTESIAN_POINT('',(12.573025326263,-40.9,201.56994706146));
#2357 = CIRCLE('',#2358,1.469292842572);
#2358 = AXIS2_PLACEMENT_3D('',#2359,#2360,#2361);
#2359 = CARTESIAN_POINT('',(13.971346163364,-40.9,201.11881482612));
#2360 = DIRECTION('',(-0.,-1.,0.));
#2361 = DIRECTION('',(-0.998414455247,0.,5.629010173277E-02));
#2362 = ORIENTED_EDGE('',*,*,#2363,.T.);
#2363 = EDGE_CURVE('',#2355,#2364,#2366,.T.);
#2364 = VERTEX_POINT('',#2365);
#2365 = CARTESIAN_POINT('',(12.523504086317,-40.9,201.77621787082));
#2366 = CIRCLE('',#2367,0.15);
#2367 = AXIS2_PLACEMENT_3D('',#2368,#2369,#2370);
#2368 = CARTESIAN_POINT('',(12.44512930161,-40.9,201.64832184616));
#2369 = DIRECTION('',(0.,-1.,0.));
#2370 = DIRECTION('',(0.852640164354,0.,-0.522498564716));
#2371 = ORIENTED_EDGE('',*,*,#2372,.T.);
#2372 = EDGE_CURVE('',#2364,#2373,#2375,.T.);
#2373 = VERTEX_POINT('',#2374);
#2374 = CARTESIAN_POINT('',(12.023765074073,-40.9,202.05608516489));
#2375 = LINE('',#2376,#2377);
#2376 = CARTESIAN_POINT('',(12.398569333256,-40.9,201.84618469434));
#2377 = VECTOR('',#2378,1.);
#2378 = DIRECTION('',(-0.872496007073,0.,0.488621241497));
#2379 = ORIENTED_EDGE('',*,*,#2380,.T.);
#2380 = EDGE_CURVE('',#2373,#2381,#2383,.T.);
#2381 = VERTEX_POINT('',#2382);
#2382 = CARTESIAN_POINT('',(11.822015520484,-40.9,201.99053276122));
#2383 = CIRCLE('',#2384,0.15);
#2384 = AXIS2_PLACEMENT_3D('',#2385,#2386,#2387);
#2385 = CARTESIAN_POINT('',(11.955666499113,-40.9,201.92243418626));
#2386 = DIRECTION('',(0.,-1.,0.));
#2387 = DIRECTION('',(0.453990499739,0.,0.891006524188));
#2388 = ORIENTED_EDGE('',*,*,#2389,.F.);
#2389 = EDGE_CURVE('',#2390,#2381,#2392,.T.);
#2390 = VERTEX_POINT('',#2391);
#2391 = CARTESIAN_POINT('',(11.543746606272,-40.9,201.73950367164));
#2392 = CIRCLE('',#2393,1.469292842573);
#2393 = AXIS2_PLACEMENT_3D('',#2394,#2395,#2396);
#2394 = CARTESIAN_POINT('',(10.706741426801,-40.9,202.94708132413));
#2395 = DIRECTION('',(0.,-1.,-0.));
#2396 = DIRECTION('',(0.759055010252,0.,-0.65102649056));
#2397 = ORIENTED_EDGE('',*,*,#2398,.F.);
#2398 = EDGE_CURVE('',#2399,#2390,#2401,.T.);
#2399 = VERTEX_POINT('',#2400);
#2400 = CARTESIAN_POINT('',(10.802383908272,-40.9,202.11724683358));
#2401 = CIRCLE('',#2402,0.471154273188);
#2402 = AXIS2_PLACEMENT_3D('',#2403,#2404,#2405);
#2403 = CARTESIAN_POINT('',(11.273467196276,-40.9,202.12542515287));
#2404 = DIRECTION('',(0.,-1.,-0.));
#2405 = DIRECTION('',(0.573653738015,0.,-0.819097911645));
#2406 = ORIENTED_EDGE('',*,*,#2407,.F.);
#2407 = EDGE_CURVE('',#2408,#2399,#2410,.T.);
#2408 = VERTEX_POINT('',#2409);
#2409 = CARTESIAN_POINT('',(10.841908343877,-40.9,202.48992231093));
#2410 = CIRCLE('',#2411,1.469292842572);
#2411 = AXIS2_PLACEMENT_3D('',#2412,#2413,#2414);
#2412 = CARTESIAN_POINT('',(12.271314051742,-40.9,202.14989175414));
#2413 = DIRECTION('',(0.,-1.,-0.));
#2414 = DIRECTION('',(-0.999753147166,0.,-2.221811718532E-02));
#2415 = ORIENTED_EDGE('',*,*,#2416,.T.);
#2416 = EDGE_CURVE('',#2408,#2417,#2419,.T.);
#2417 = VERTEX_POINT('',#2418);
#2418 = CARTESIAN_POINT('',(10.77635594021,-40.9,202.69167186452));
#2419 = CIRCLE('',#2420,0.15);
#2420 = AXIS2_PLACEMENT_3D('',#2421,#2422,#2423);
#2421 = CARTESIAN_POINT('',(10.708257365249,-40.9,202.5580208859));
#2422 = DIRECTION('',(0.,-1.,0.));
#2423 = DIRECTION('',(0.891006524188,0.,-0.45399049974));
#2424 = ORIENTED_EDGE('',*,*,#2425,.T.);
#2425 = EDGE_CURVE('',#2417,#2426,#2428,.T.);
#2426 = VERTEX_POINT('',#2427);
#2427 = CARTESIAN_POINT('',(10.256199321745,-40.9,202.93146735013));
#2428 = LINE('',#2429,#2430);
#2429 = CARTESIAN_POINT('',(10.646316785594,-40.9,202.75162073592));
#2430 = VECTOR('',#2431,1.);
#2431 = DIRECTION('',(-0.908143173825,0.,0.418659737537));
#2432 = ORIENTED_EDGE('',*,*,#2433,.T.);
#2433 = EDGE_CURVE('',#2426,#2434,#2436,.T.);
#2434 = VERTEX_POINT('',#2435);
#2435 = CARTESIAN_POINT('',(10.060214877014,-40.9,202.85028793511));
#2436 = CIRCLE('',#2437,0.15);
#2437 = AXIS2_PLACEMENT_3D('',#2438,#2439,#2440);
#2438 = CARTESIAN_POINT('',(10.19879680689,-40.9,202.79288542025));
#2439 = DIRECTION('',(0.,-1.,0.));
#2440 = DIRECTION('',(0.382683432365,0.,0.923879532511));
#2441 = ORIENTED_EDGE('',*,*,#2442,.F.);
#2442 = EDGE_CURVE('',#2443,#2434,#2445,.T.);
#2443 = VERTEX_POINT('',#2444);
#2444 = CARTESIAN_POINT('',(9.802499288366,-40.9,202.57819995706));
#2445 = CIRCLE('',#2446,1.469292842571);
#2446 = AXIS2_PLACEMENT_3D('',#2447,#2448,#2449);
#2447 = CARTESIAN_POINT('',(8.873328865894,-40.9,203.71638438114));
#2448 = DIRECTION('',(0.,-1.,-0.));
#2449 = DIRECTION('',(0.807794046722,0.,-0.589464823446));
#2450 = ORIENTED_EDGE('',*,*,#2451,.F.);
#2451 = EDGE_CURVE('',#2452,#2443,#2454,.T.);
#2452 = VERTEX_POINT('',#2453);
#2453 = CARTESIAN_POINT('',(9.033784577243,-40.9,202.896612016));
#2454 = CIRCLE('',#2455,0.471154273188);
#2455 = AXIS2_PLACEMENT_3D('',#2456,#2457,#2458);
#2456 = CARTESIAN_POINT('',(9.50277400915,-40.9,202.94172589305));
#2457 = DIRECTION('',(0.,-1.,-0.));
#2458 = DIRECTION('',(0.636151036448,0.,-0.771564552598));
#2459 = ORIENTED_EDGE('',*,*,#2460,.F.);
#2460 = EDGE_CURVE('',#2461,#2452,#2463,.T.);
#2461 = VERTEX_POINT('',#2462);
#2462 = CARTESIAN_POINT('',(9.043947391251,-40.9,203.27123971071));
#2463 = CIRCLE('',#2464,1.469292842572);
#2464 = AXIS2_PLACEMENT_3D('',#2465,#2466,#2467);
#2465 = CARTESIAN_POINT('',(10.495625208365,-40.9,203.0444072339));
#2466 = DIRECTION('',(0.,-1.,-0.));
#2467 = DIRECTION('',(-0.994928028481,0.,-0.100589354023));
#2468 = ORIENTED_EDGE('',*,*,#2469,.T.);
#2469 = EDGE_CURVE('',#2461,#2470,#2472,.T.);
#2470 = VERTEX_POINT('',#2471);
#2471 = CARTESIAN_POINT('',(8.962767976229,-40.9,203.46722415544));
#2472 = CIRCLE('',#2473,0.15);
#2473 = AXIS2_PLACEMENT_3D('',#2474,#2475,#2476);
#2474 = CARTESIAN_POINT('',(8.905365461374,-40.9,203.32864222556));
#2475 = DIRECTION('',(0.,-1.,0.));
#2476 = DIRECTION('',(0.923879532511,0.,-0.382683432365));
#2477 = ORIENTED_EDGE('',*,*,#2478,.T.);
#2478 = EDGE_CURVE('',#2470,#2479,#2481,.T.);
#2479 = VERTEX_POINT('',#2480);
#2480 = CARTESIAN_POINT('',(8.425400690066,-40.9,203.66546941367));
#2481 = LINE('',#2482,#2483);
#2482 = CARTESIAN_POINT('',(8.828426154688,-40.9,203.51678547));
#2483 = VECTOR('',#2484,1.);
#2484 = DIRECTION('',(-0.938191335922,0.,0.346117057077));
#2485 = ORIENTED_EDGE('',*,*,#2486,.T.);
#2486 = EDGE_CURVE('',#2479,#2487,#2489,.T.);
#2487 = VERTEX_POINT('',#2488);
#2488 = CARTESIAN_POINT('',(8.236389663465,-40.9,203.56916348538));
#2489 = CIRCLE('',#2490,0.15);
#2490 = AXIS2_PLACEMENT_3D('',#2491,#2492,#2493);
#2491 = CARTESIAN_POINT('',(8.379048140909,-40.9,203.52281093622));
#2492 = DIRECTION('',(0.,-1.,0.));
#2493 = DIRECTION('',(0.309016994375,0.,0.951056516295));
#2494 = ORIENTED_EDGE('',*,*,#2495,.F.);
#2495 = EDGE_CURVE('',#2496,#2487,#2498,.T.);
#2496 = VERTEX_POINT('',#2497);
#2497 = CARTESIAN_POINT('',(8.000816302685,-40.9,203.27769413172));
#2498 = CIRCLE('',#2499,1.469292842573);
#2499 = AXIS2_PLACEMENT_3D('',#2500,#2501,#2502);
#2500 = CARTESIAN_POINT('',(6.985209281843,-40.9,204.33946804195));
#2501 = DIRECTION('',(0.,-1.,-0.));
#2502 = DIRECTION('',(0.851552764274,0.,-0.52426890968));
#2503 = ORIENTED_EDGE('',*,*,#2504,.F.);
#2504 = EDGE_CURVE('',#2505,#2496,#2507,.T.);
#2505 = VERTEX_POINT('',#2506);
#2506 = CARTESIAN_POINT('',(7.209488960258,-40.9,203.53481197144));
#2507 = CIRCLE('',#2508,0.471154273188);
#2508 = AXIS2_PLACEMENT_3D('',#2509,#2510,#2511);
#2509 = CARTESIAN_POINT('',(7.673493060265,-40.9,203.6165832642));
#2510 = DIRECTION('',(0.,-1.,-0.));
#2511 = DIRECTION('',(0.6947262522,0.,-0.719274241513));
#2512 = ORIENTED_EDGE('',*,*,#2513,.F.);
#2513 = EDGE_CURVE('',#2514,#2505,#2516,.T.);
#2514 = VERTEX_POINT('',#2515);
#2515 = CARTESIAN_POINT('',(7.19022749554,-40.9,203.90908217919));
#2516 = CIRCLE('',#2517,1.469292842572);
#2517 = AXIS2_PLACEMENT_3D('',#2518,#2519,#2520);
#2518 = CARTESIAN_POINT('',(8.655227345429,-40.9,203.79684628003));
#2519 = DIRECTION('',(0.,-1.,-0.));
#2520 = DIRECTION('',(-0.983968847653,0.,-0.178340424043));
#2521 = ORIENTED_EDGE('',*,*,#2522,.T.);
#2522 = EDGE_CURVE('',#2514,#2523,#2525,.T.);
#2523 = VERTEX_POINT('',#2524);
#2524 = CARTESIAN_POINT('',(7.093921567252,-40.9,204.09809320579));
#2525 = CIRCLE('',#2526,0.15);
#2526 = AXIS2_PLACEMENT_3D('',#2527,#2528,#2529);
#2527 = CARTESIAN_POINT('',(7.047569018096,-40.9,203.95543472835));
#2528 = DIRECTION('',(0.,-1.,0.));
#2529 = DIRECTION('',(0.951056516295,0.,-0.309016994375));
#2530 = ORIENTED_EDGE('',*,*,#2531,.T.);
#2531 = EDGE_CURVE('',#2523,#2532,#2534,.T.);
#2532 = VERTEX_POINT('',#2533);
#2533 = CARTESIAN_POINT('',(6.542656661402,-40.9,204.2535659887));
#2534 = LINE('',#2535,#2536);
#2535 = CARTESIAN_POINT('',(6.956105340789,-40.9,204.13696140152));
#2536 = VECTOR('',#2537,1.);
#2537 = DIRECTION('',(-0.962455236454,0.,0.271440449865));
#2538 = ORIENTED_EDGE('',*,*,#2539,.T.);
#2539 = EDGE_CURVE('',#2532,#2540,#2542,.T.);
#2540 = VERTEX_POINT('',#2541);
#2541 = CARTESIAN_POINT('',(6.361784368764,-40.9,204.14272730522));
#2542 = CIRCLE('',#2543,0.15);
#2543 = AXIS2_PLACEMENT_3D('',#2544,#2545,#2546);
#2544 = CARTESIAN_POINT('',(6.507639856824,-40.9,204.10771050064));
#2545 = DIRECTION('',(0.,-1.,0.));
#2546 = DIRECTION('',(0.233445363856,0.,0.972369920398));
#2547 = ORIENTED_EDGE('',*,*,#2548,.F.);
#2548 = EDGE_CURVE('',#2549,#2540,#2551,.T.);
#2549 = VERTEX_POINT('',#2550);
#2550 = CARTESIAN_POINT('',(6.149805623957,-40.9,203.83367358144));
#2551 = CIRCLE('',#2552,1.469292842574);
#2552 = AXIS2_PLACEMENT_3D('',#2553,#2554,#2555);
#2553 = CARTESIAN_POINT('',(5.054023559754,-40.9,204.81249078859));
#2554 = DIRECTION('',(0.,-1.,-0.));
#2555 = DIRECTION('',(0.890061375865,0.,-0.455840703748));
#2556 = ORIENTED_EDGE('',*,*,#2557,.F.);
#2557 = EDGE_CURVE('',#2558,#2549,#2560,.T.);
#2558 = VERTEX_POINT('',#2559);
#2559 = CARTESIAN_POINT('',(5.340744446434,-40.9,204.02791198496));
#2560 = CIRCLE('',#2561,0.471154273188);
#2561 = AXIS2_PLACEMENT_3D('',#2562,#2563,#2564);
#2562 = CARTESIAN_POINT('',(5.796902474968,-40.9,204.14583654622));
#2563 = DIRECTION('',(0.,-1.,-0.));
#2564 = DIRECTION('',(0.749018249587,0.,-0.662549365546));
#2565 = ORIENTED_EDGE('',*,*,#2566,.F.);
#2566 = EDGE_CURVE('',#2567,#2558,#2569,.T.);
#2567 = VERTEX_POINT('',#2568);
#2568 = CARTESIAN_POINT('',(5.292177456326,-40.9,204.39951720546));
#2569 = CIRCLE('',#2570,1.469292842572);
#2570 = AXIS2_PLACEMENT_3D('',#2571,#2572,#2573);
#2571 = CARTESIAN_POINT('',(6.761467127753,-40.9,204.40256985559));
#2572 = DIRECTION('',(0.,-1.,-0.));
#2573 = DIRECTION('',(-0.966943171677,0.,-0.254991966045));
#2574 = ORIENTED_EDGE('',*,*,#2575,.T.);
#2575 = EDGE_CURVE('',#2567,#2576,#2578,.T.);
#2576 = VERTEX_POINT('',#2577);
#2577 = CARTESIAN_POINT('',(5.181338772845,-40.9,204.5803894981));
#2578 = CIRCLE('',#2579,0.15);
#2579 = AXIS2_PLACEMENT_3D('',#2580,#2581,#2582);
#2580 = CARTESIAN_POINT('',(5.146321968267,-40.9,204.43453401004));
#2581 = DIRECTION('',(0.,-1.,0.));
#2582 = DIRECTION('',(0.972369920398,0.,-0.233445363856));
#2583 = ORIENTED_EDGE('',*,*,#2584,.T.);
#2584 = EDGE_CURVE('',#2576,#2585,#2587,.T.);
#2585 = VERTEX_POINT('',#2586);
#2586 = CARTESIAN_POINT('',(4.619574978767,-40.9,204.69213126429));
#2587 = LINE('',#2588,#2589);
#2588 = CARTESIAN_POINT('',(5.040897824325,-40.9,204.60832493965));
#2589 = VECTOR('',#2590,1.);
#2590 = DIRECTION('',(-0.980785280403,0.,0.195090322016));
#2591 = ORIENTED_EDGE('',*,*,#2592,.T.);
#2592 = EDGE_CURVE('',#2585,#2593,#2595,.T.);
#2593 = VERTEX_POINT('',#2594);
#2594 = CARTESIAN_POINT('',(4.447956557921,-40.9,204.56744318296));
#2595 = CIRCLE('',#2596,0.15);
#2596 = AXIS2_PLACEMENT_3D('',#2597,#2598,#2599);
#2597 = CARTESIAN_POINT('',(4.596109809011,-40.9,204.5439780132));
#2598 = DIRECTION('',(0.,-1.,0.));
#2599 = DIRECTION('',(0.15643446504,0.,0.987688340595));
#2600 = ORIENTED_EDGE('',*,*,#2601,.F.);
#2601 = EDGE_CURVE('',#2602,#2593,#2604,.T.);
#2602 = VERTEX_POINT('',#2603);
#2603 = CARTESIAN_POINT('',(4.260879348539,-40.9,204.24271050803));
#2604 = CIRCLE('',#2605,1.469292842572);
#2605 = AXIS2_PLACEMENT_3D('',#2606,#2607,#2608);
#2606 = CARTESIAN_POINT('',(3.091678101787,-40.9,205.13253627852));
#2607 = DIRECTION('',(0.,-1.,-0.));
#2608 = DIRECTION('',(0.923082463098,0.,-0.384602088294));
#2609 = ORIENTED_EDGE('',*,*,#2610,.F.);
#2610 = EDGE_CURVE('',#2611,#2602,#2613,.T.);
#2611 = VERTEX_POINT('',#2612);
#2612 = CARTESIAN_POINT('',(3.439072467121,-40.9,204.372871931));
#2613 = CIRCLE('',#2614,0.471154273188);
#2614 = AXIS2_PLACEMENT_3D('',#2615,#2616,#2617);
#2615 = CARTESIAN_POINT('',(3.884572058247,-40.9,204.52622271662));
#2616 = DIRECTION('',(0.,-1.,-0.));
#2617 = DIRECTION('',(0.798692300391,0.,-0.601739652421));
#2618 = ORIENTED_EDGE('',*,*,#2619,.F.);
#2619 = EDGE_CURVE('',#2620,#2611,#2622,.T.);
#2620 = VERTEX_POINT('',#2621);
#2621 = CARTESIAN_POINT('',(3.361499383267,-40.9,204.7395210945));
#2622 = CIRCLE('',#2623,1.469292842572);
#2623 = AXIS2_PLACEMENT_3D('',#2624,#2625,#2626);
#2624 = CARTESIAN_POINT('',(4.826020216819,-40.9,204.8578434733));
#2625 = DIRECTION('',(0.,-1.,-0.));
#2626 = DIRECTION('',(-0.943955969506,0.,-0.330071397783));
#2627 = ORIENTED_EDGE('',*,*,#2628,.T.);
#2628 = EDGE_CURVE('',#2620,#2629,#2631,.T.);
#2629 = VERTEX_POINT('',#2630);
#2630 = CARTESIAN_POINT('',(3.236811301933,-40.9,204.91113951534));
#2631 = CIRCLE('',#2632,0.15);
#2632 = AXIS2_PLACEMENT_3D('',#2633,#2634,#2635);
#2633 = CARTESIAN_POINT('',(3.213346132177,-40.9,204.76298626426));
#2634 = DIRECTION('',(0.,-1.,0.));
#2635 = DIRECTION('',(0.987688340595,0.,-0.15643446504));
#2636 = ORIENTED_EDGE('',*,*,#2637,.T.);
#2637 = EDGE_CURVE('',#2629,#2638,#2640,.T.);
#2638 = VERTEX_POINT('',#2639);
#2639 = CARTESIAN_POINT('',(2.668012080223,-40.9,204.97846133966));
#2640 = LINE('',#2641,#2642);
#2641 = CARTESIAN_POINT('',(3.094611496506,-40.9,204.92796997142));
#2642 = VECTOR('',#2643,1.);
#2643 = DIRECTION('',(-0.993068456955,0.,0.117537397458));
#2644 = ORIENTED_EDGE('',*,*,#2645,.T.);
#2645 = EDGE_CURVE('',#2638,#2646,#2648,.T.);
#2646 = VERTEX_POINT('',#2647);
#2647 = CARTESIAN_POINT('',(2.506705615803,-40.9,204.84069260396));
#2648 = CIRCLE('',#2649,0.15);
#2649 = AXIS2_PLACEMENT_3D('',#2650,#2651,#2652);
#2650 = CARTESIAN_POINT('',(2.656243215863,-40.9,204.8289237396));
#2651 = DIRECTION('',(0.,-1.,0.));
#2652 = DIRECTION('',(7.845909572787E-02,0.,0.996917333733));
#2653 = ORIENTED_EDGE('',*,*,#2654,.F.);
#2654 = EDGE_CURVE('',#2655,#2646,#2657,.T.);
#2655 = VERTEX_POINT('',#2656);
#2656 = CARTESIAN_POINT('',(2.345683335052,-40.9,204.50228306283));
#2657 = CIRCLE('',#2658,1.469292842572);
#2658 = AXIS2_PLACEMENT_3D('',#2659,#2660,#2661);
#2659 = CARTESIAN_POINT('',(1.110271420235,-40.9,205.29763132488));
#2660 = DIRECTION('',(0.,-1.,-0.));
#2661 = DIRECTION('',(0.95041243999,0.,-0.310992273073));
#2662 = ORIENTED_EDGE('',*,*,#2663,.F.);
#2663 = EDGE_CURVE('',#2664,#2655,#2666,.T.);
#2664 = VERTEX_POINT('',#2665);
#2665 = CARTESIAN_POINT('',(1.516197462439,-40.9,204.56756501679));
#2666 = CIRCLE('',#2667,0.471154273188);
#2667 = AXIS2_PLACEMENT_3D('',#2668,#2669,#2670);
#2668 = CARTESIAN_POINT('',(1.948291963036,-40.9,204.75539656818));
#2669 = DIRECTION('',(0.,-1.,-0.));
#2670 = DIRECTION('',(0.843442147572,0.,-0.537220014239));
#2671 = ORIENTED_EDGE('',*,*,#2672,.F.);
#2672 = EDGE_CURVE('',#2673,#2664,#2675,.T.);
#2673 = VERTEX_POINT('',#2674);
#2674 = CARTESIAN_POINT('',(1.410096548697,-40.9,204.92699760926));
#2675 = CIRCLE('',#2676,1.469292842572);
#2676 = AXIS2_PLACEMENT_3D('',#2677,#2678,#2679);
#2677 = CARTESIAN_POINT('',(2.860819286433,-40.9,205.15986021994));
#2678 = DIRECTION('',(0.,-1.,-0.));
#2679 = DIRECTION('',(-0.915148964885,0.,-0.403115829594));
#2680 = ORIENTED_EDGE('',*,*,#2681,.T.);
#2681 = EDGE_CURVE('',#2673,#2682,#2684,.T.);
#2682 = VERTEX_POINT('',#2683);
#2683 = CARTESIAN_POINT('',(1.272327812996,-40.9,205.08830407368));
#2684 = CIRCLE('',#2685,0.15);
#2685 = AXIS2_PLACEMENT_3D('',#2686,#2687,#2688);
#2686 = CARTESIAN_POINT('',(1.260558948637,-40.9,204.93876647362));
#2687 = DIRECTION('',(0.,-1.,0.));
#2688 = DIRECTION('',(0.996917333733,0.,-7.845909572778E-02));
#2689 = ORIENTED_EDGE('',*,*,#2690,.T.);
#2690 = EDGE_CURVE('',#2682,#2691,#2693,.T.);
#2691 = VERTEX_POINT('',#2692);
#2692 = CARTESIAN_POINT('',(0.7,-40.9,205.1107908947));
#2693 = LINE('',#2694,#2695);
#2694 = CARTESIAN_POINT('',(1.129245859747,-40.9,205.09392577894));
#2695 = VECTOR('',#2696,1.);
#2696 = DIRECTION('',(-0.999229036241,0.,3.925981575907E-02));
#2697 = ORIENTED_EDGE('',*,*,#2698,.T.);
#2698 = EDGE_CURVE('',#2691,#2699,#2701,.T.);
#2699 = VERTEX_POINT('',#2700);
#2700 = CARTESIAN_POINT('',(0.55,-40.9,204.9607908947));
#2701 = CIRCLE('',#2702,0.15);
#2702 = AXIS2_PLACEMENT_3D('',#2703,#2704,#2705);
#2703 = CARTESIAN_POINT('',(0.7,-40.9,204.9607908947));
#2704 = DIRECTION('',(0.,-1.,0.));
#2705 = DIRECTION('',(3.256654205567E-14,0.,1.));
#2706 = ORIENTED_EDGE('',*,*,#2707,.F.);
#2707 = EDGE_CURVE('',#2708,#2699,#2710,.T.);
#2708 = VERTEX_POINT('',#2709);
#2709 = CARTESIAN_POINT('',(0.416025403784,-40.9,204.6107908947));
#2710 = CIRCLE('',#2711,1.469292842572);
#2711 = AXIS2_PLACEMENT_3D('',#2712,#2713,#2714);
#2712 = CARTESIAN_POINT('',(-0.877980453827,-40.9,205.30675806181));
#2713 = DIRECTION('',(0.,-1.,-0.));
#2714 = DIRECTION('',(0.971882808146,0.,-0.235465087074));
#2715 = ORIENTED_EDGE('',*,*,#2716,.F.);
#2716 = EDGE_CURVE('',#2717,#2708,#2719,.T.);
#2717 = VERTEX_POINT('',#2718);
#2718 = CARTESIAN_POINT('',(-0.416025403784,-40.9,204.6107908947));
#2719 = CIRCLE('',#2720,0.471154273188);
#2720 = AXIS2_PLACEMENT_3D('',#2721,#2722,#2723);
#2721 = CARTESIAN_POINT('',(1.484923295436E-15,-40.9,204.83194516789));
#2722 = DIRECTION('',(0.,-1.,-0.));
#2723 = DIRECTION('',(0.88299189344,0.,-0.469388236026));
#2724 = ORIENTED_EDGE('',*,*,#2725,.F.);
#2725 = EDGE_CURVE('',#2726,#2717,#2728,.T.);
#2726 = VERTEX_POINT('',#2727);
#2727 = CARTESIAN_POINT('',(-0.55,-40.9,204.9607908947));
#2728 = CIRCLE('',#2729,1.469292842572);
#2729 = AXIS2_PLACEMENT_3D('',#2730,#2731,#2732);
#2730 = CARTESIAN_POINT('',(0.877980453827,-40.9,205.30675806181));
#2731 = DIRECTION('',(0.,-1.,-0.));
#2732 = DIRECTION('',(-0.880699762579,0.,-0.473674918265));
#2733 = ORIENTED_EDGE('',*,*,#2734,.T.);
#2734 = EDGE_CURVE('',#2726,#2735,#2737,.T.);
#2735 = VERTEX_POINT('',#2736);
#2736 = CARTESIAN_POINT('',(-0.7,-40.9,205.1107908947));
#2737 = CIRCLE('',#2738,0.15);
#2738 = AXIS2_PLACEMENT_3D('',#2739,#2740,#2741);
#2739 = CARTESIAN_POINT('',(-0.7,-40.9,204.9607908947));
#2740 = DIRECTION('',(0.,-1.,0.));
#2741 = DIRECTION('',(1.,0.,0.));
#2742 = ORIENTED_EDGE('',*,*,#2743,.T.);
#2743 = EDGE_CURVE('',#2735,#2744,#2746,.T.);
#2744 = VERTEX_POINT('',#2745);
#2745 = CARTESIAN_POINT('',(-1.272327812996,-40.9,205.08830407368));
#2746 = LINE('',#2747,#2748);
#2747 = CARTESIAN_POINT('',(-0.843081953249,-40.9,205.10516918944));
#2748 = VECTOR('',#2749,1.);
#2749 = DIRECTION('',(-0.999229036241,0.,-3.925981575907E-02));
#2750 = ORIENTED_EDGE('',*,*,#2751,.T.);
#2751 = EDGE_CURVE('',#2744,#2752,#2754,.T.);
#2752 = VERTEX_POINT('',#2753);
#2753 = CARTESIAN_POINT('',(-1.410096548697,-40.9,204.92699760926));
#2754 = CIRCLE('',#2755,0.15);
#2755 = AXIS2_PLACEMENT_3D('',#2756,#2757,#2758);
#2756 = CARTESIAN_POINT('',(-1.260558948637,-40.9,204.93876647362));
#2757 = DIRECTION('',(0.,-1.,0.));
#2758 = DIRECTION('',(-7.845909572801E-02,0.,0.996917333733));
#2759 = ORIENTED_EDGE('',*,*,#2760,.F.);
#2760 = EDGE_CURVE('',#2761,#2752,#2763,.T.);
#2761 = VERTEX_POINT('',#2762);
#2762 = CARTESIAN_POINT('',(-1.516197462439,-40.9,204.56756501679));
#2763 = CIRCLE('',#2764,1.469292842572);
#2764 = AXIS2_PLACEMENT_3D('',#2765,#2766,#2767);
#2765 = CARTESIAN_POINT('',(-2.860819286433,-40.9,205.15986021994));
#2766 = DIRECTION('',(0.,-1.,-0.));
#2767 = DIRECTION('',(0.987361195605,0.,-0.158486180512));
#2768 = ORIENTED_EDGE('',*,*,#2769,.F.);
#2769 = EDGE_CURVE('',#2770,#2761,#2772,.T.);
#2770 = VERTEX_POINT('',#2771);
#2771 = CARTESIAN_POINT('',(-2.345683335052,-40.9,204.50228306283));
#2772 = CIRCLE('',#2773,0.471154273188);
#2773 = AXIS2_PLACEMENT_3D('',#2774,#2775,#2776);
#2774 = CARTESIAN_POINT('',(-1.948291963036,-40.9,204.75539656818));
#2775 = DIRECTION('',(0.,-1.,-0.));
#2776 = DIRECTION('',(0.91709770066,0.,-0.398662523251));
#2777 = ORIENTED_EDGE('',*,*,#2778,.F.);
#2778 = EDGE_CURVE('',#2779,#2770,#2781,.T.);
#2779 = VERTEX_POINT('',#2780);
#2780 = CARTESIAN_POINT('',(-2.506705615803,-40.9,204.84069260396));
#2781 = CIRCLE('',#2782,1.469292842572);
#2782 = AXIS2_PLACEMENT_3D('',#2783,#2784,#2785);
#2783 = CARTESIAN_POINT('',(-1.110271420235,-40.9,205.29763132488));
#2784 = DIRECTION('',(0.,-1.,-0.));
#2785 = DIRECTION('',(-0.840820753373,0.,-0.541313643553));
#2786 = ORIENTED_EDGE('',*,*,#2787,.T.);
#2787 = EDGE_CURVE('',#2779,#2788,#2790,.T.);
#2788 = VERTEX_POINT('',#2789);
#2789 = CARTESIAN_POINT('',(-2.668012080223,-40.9,204.97846133966));
#2790 = CIRCLE('',#2791,0.15);
#2791 = AXIS2_PLACEMENT_3D('',#2792,#2793,#2794);
#2792 = CARTESIAN_POINT('',(-2.656243215863,-40.9,204.8289237396));
#2793 = DIRECTION('',(0.,-1.,0.));
#2794 = DIRECTION('',(0.996917333733,0.,7.84590957278E-02));
#2795 = ORIENTED_EDGE('',*,*,#2796,.T.);
#2796 = EDGE_CURVE('',#2788,#2797,#2799,.T.);
#2797 = VERTEX_POINT('',#2798);
#2798 = CARTESIAN_POINT('',(-3.236811301933,-40.9,204.91113951534));
#2799 = LINE('',#2800,#2801);
#2800 = CARTESIAN_POINT('',(-2.81021188565,-40.9,204.96163088358));
#2801 = VECTOR('',#2802,1.);
#2802 = DIRECTION('',(-0.993068456955,0.,-0.117537397458));
#2803 = ORIENTED_EDGE('',*,*,#2804,.T.);
#2804 = EDGE_CURVE('',#2797,#2805,#2807,.T.);
#2805 = VERTEX_POINT('',#2806);
#2806 = CARTESIAN_POINT('',(-3.361499383267,-40.9,204.7395210945));
#2807 = CIRCLE('',#2808,0.15);
#2808 = AXIS2_PLACEMENT_3D('',#2809,#2810,#2811);
#2809 = CARTESIAN_POINT('',(-3.213346132177,-40.9,204.76298626426));
#2810 = DIRECTION('',(0.,-1.,0.));
#2811 = DIRECTION('',(-0.15643446504,0.,0.987688340595));
#2812 = ORIENTED_EDGE('',*,*,#2813,.F.);
#2813 = EDGE_CURVE('',#2814,#2805,#2816,.T.);
#2814 = VERTEX_POINT('',#2815);
#2815 = CARTESIAN_POINT('',(-3.439072467121,-40.9,204.372871931));
#2816 = CIRCLE('',#2817,1.469292842572);
#2817 = AXIS2_PLACEMENT_3D('',#2818,#2819,#2820);
#2818 = CARTESIAN_POINT('',(-4.826020216819,-40.9,204.8578434733));
#2819 = DIRECTION('',(0.,-1.,-0.));
#2820 = DIRECTION('',(0.996752172962,0.,-8.053015394611E-02));
#2821 = ORIENTED_EDGE('',*,*,#2822,.F.);
#2822 = EDGE_CURVE('',#2823,#2814,#2825,.T.);
#2823 = VERTEX_POINT('',#2824);
#2824 = CARTESIAN_POINT('',(-4.260879348539,-40.9,204.24271050803));
#2825 = CIRCLE('',#2826,0.471154273188);
#2826 = AXIS2_PLACEMENT_3D('',#2827,#2828,#2829);
#2827 = CARTESIAN_POINT('',(-3.884572058247,-40.9,204.52622271662));
#2828 = DIRECTION('',(0.,-1.,-0.));
#2829 = DIRECTION('',(0.945549295589,0.,-0.325478923451));
#2830 = ORIENTED_EDGE('',*,*,#2831,.F.);
#2831 = EDGE_CURVE('',#2832,#2823,#2834,.T.);
#2832 = VERTEX_POINT('',#2833);
#2833 = CARTESIAN_POINT('',(-4.447956557921,-40.9,204.56744318296));
#2834 = CIRCLE('',#2835,1.469292842572);
#2835 = AXIS2_PLACEMENT_3D('',#2836,#2837,#2838);
#2836 = CARTESIAN_POINT('',(-3.091678101787,-40.9,205.13253627852));
#2837 = DIRECTION('',(0.,-1.,-0.));
#2838 = DIRECTION('',(-0.795757804622,0.,-0.605614990223));
#2839 = ORIENTED_EDGE('',*,*,#2840,.T.);
#2840 = EDGE_CURVE('',#2832,#2841,#2843,.T.);
#2841 = VERTEX_POINT('',#2842);
#2842 = CARTESIAN_POINT('',(-4.619574978767,-40.9,204.69213126429));
#2843 = CIRCLE('',#2844,0.15);
#2844 = AXIS2_PLACEMENT_3D('',#2845,#2846,#2847);
#2845 = CARTESIAN_POINT('',(-4.596109809011,-40.9,204.5439780132));
#2846 = DIRECTION('',(0.,-1.,0.));
#2847 = DIRECTION('',(0.987688340595,0.,0.15643446504));
#2848 = ORIENTED_EDGE('',*,*,#2849,.T.);
#2849 = EDGE_CURVE('',#2841,#2850,#2852,.T.);
#2850 = VERTEX_POINT('',#2851);
#2851 = CARTESIAN_POINT('',(-5.181338772845,-40.9,204.5803894981));
#2852 = LINE('',#2853,#2854);
#2853 = CARTESIAN_POINT('',(-4.760015927286,-40.9,204.66419582274));
#2854 = VECTOR('',#2855,1.);
#2855 = DIRECTION('',(-0.980785280403,0.,-0.195090322016));
#2856 = ORIENTED_EDGE('',*,*,#2857,.T.);
#2857 = EDGE_CURVE('',#2850,#2858,#2860,.T.);
#2858 = VERTEX_POINT('',#2859);
#2859 = CARTESIAN_POINT('',(-5.292177456326,-40.9,204.39951720546));
#2860 = CIRCLE('',#2861,0.15);
#2861 = AXIS2_PLACEMENT_3D('',#2862,#2863,#2864);
#2862 = CARTESIAN_POINT('',(-5.146321968267,-40.9,204.43453401004));
#2863 = DIRECTION('',(0.,-1.,0.));
#2864 = DIRECTION('',(-0.233445363856,0.,0.972369920398));
#2865 = ORIENTED_EDGE('',*,*,#2866,.F.);
#2866 = EDGE_CURVE('',#2867,#2858,#2869,.T.);
#2867 = VERTEX_POINT('',#2868);
#2868 = CARTESIAN_POINT('',(-5.340744446434,-40.9,204.02791198496));
#2869 = CIRCLE('',#2870,1.469292842572);
#2870 = AXIS2_PLACEMENT_3D('',#2871,#2872,#2873);
#2871 = CARTESIAN_POINT('',(-6.761467127753,-40.9,204.40256985559));
#2872 = DIRECTION('',(0.,-1.,-0.));
#2873 = DIRECTION('',(0.99999784172,0.,-2.077632201687E-03));
#2874 = ORIENTED_EDGE('',*,*,#2875,.F.);
#2875 = EDGE_CURVE('',#2876,#2867,#2878,.T.);
#2876 = VERTEX_POINT('',#2877);
#2877 = CARTESIAN_POINT('',(-6.149805623957,-40.9,203.83367358144));
#2878 = CIRCLE('',#2879,0.471154273188);
#2879 = AXIS2_PLACEMENT_3D('',#2880,#2881,#2882);
#2880 = CARTESIAN_POINT('',(-5.796902474968,-40.9,204.14583654622));
#2881 = DIRECTION('',(0.,-1.,-0.));
#2882 = DIRECTION('',(0.968171264685,0.,-0.250288637855));
#2883 = ORIENTED_EDGE('',*,*,#2884,.F.);
#2884 = EDGE_CURVE('',#2885,#2876,#2887,.T.);
#2885 = VERTEX_POINT('',#2886);
#2886 = CARTESIAN_POINT('',(-6.361784368764,-40.9,204.14272730522));
#2887 = CIRCLE('',#2888,1.469292842574);
#2888 = AXIS2_PLACEMENT_3D('',#2889,#2890,#2891);
#2889 = CARTESIAN_POINT('',(-5.054023559754,-40.9,204.81249078859));
#2890 = DIRECTION('',(0.,-1.,-0.));
#2891 = DIRECTION('',(-0.745788744389,0.,-0.666182519091));
#2892 = ORIENTED_EDGE('',*,*,#2893,.T.);
#2893 = EDGE_CURVE('',#2885,#2894,#2896,.T.);
#2894 = VERTEX_POINT('',#2895);
#2895 = CARTESIAN_POINT('',(-6.542656661402,-40.9,204.2535659887));
#2896 = CIRCLE('',#2897,0.15);
#2897 = AXIS2_PLACEMENT_3D('',#2898,#2899,#2900);
#2898 = CARTESIAN_POINT('',(-6.507639856824,-40.9,204.10771050064));
#2899 = DIRECTION('',(0.,-1.,0.));
#2900 = DIRECTION('',(0.972369920398,0.,0.233445363856));
#2901 = ORIENTED_EDGE('',*,*,#2902,.T.);
#2902 = EDGE_CURVE('',#2894,#2903,#2905,.T.);
#2903 = VERTEX_POINT('',#2904);
#2904 = CARTESIAN_POINT('',(-7.093921567252,-40.9,204.09809320579));
#2905 = LINE('',#2906,#2907);
#2906 = CARTESIAN_POINT('',(-6.680472887865,-40.9,204.21469779297));
#2907 = VECTOR('',#2908,1.);
#2908 = DIRECTION('',(-0.962455236454,0.,-0.271440449865));
#2909 = ORIENTED_EDGE('',*,*,#2910,.T.);
#2910 = EDGE_CURVE('',#2903,#2911,#2913,.T.);
#2911 = VERTEX_POINT('',#2912);
#2912 = CARTESIAN_POINT('',(-7.19022749554,-40.9,203.90908217919));
#2913 = CIRCLE('',#2914,0.15);
#2914 = AXIS2_PLACEMENT_3D('',#2915,#2916,#2917);
#2915 = CARTESIAN_POINT('',(-7.047569018096,-40.9,203.95543472835));
#2916 = DIRECTION('',(0.,-1.,0.));
#2917 = DIRECTION('',(-0.309016994375,0.,0.951056516295));
#2918 = ORIENTED_EDGE('',*,*,#2919,.F.);
#2919 = EDGE_CURVE('',#2920,#2911,#2922,.T.);
#2920 = VERTEX_POINT('',#2921);
#2921 = CARTESIAN_POINT('',(-7.209488960258,-40.9,203.53481197144));
#2922 = CIRCLE('',#2923,1.469292842572);
#2923 = AXIS2_PLACEMENT_3D('',#2924,#2925,#2926);
#2924 = CARTESIAN_POINT('',(-8.655227345429,-40.9,203.79684628003));
#2925 = DIRECTION('',(-0.,-1.,0.));
#2926 = DIRECTION('',(0.99707819125,-0.,7.638769883619E-02));
#2927 = ORIENTED_EDGE('',*,*,#2928,.F.);
#2928 = EDGE_CURVE('',#2929,#2920,#2931,.T.);
#2929 = VERTEX_POINT('',#2930);
#2930 = CARTESIAN_POINT('',(-8.000816302685,-40.9,203.27769413172));
#2931 = CIRCLE('',#2932,0.471154273188);
#2932 = AXIS2_PLACEMENT_3D('',#2933,#2934,#2935);
#2933 = CARTESIAN_POINT('',(-7.673493060265,-40.9,203.6165832642));
#2934 = DIRECTION('',(0.,-1.,-0.));
#2935 = DIRECTION('',(0.984824135983,0.,-0.173555239577));
#2936 = ORIENTED_EDGE('',*,*,#2937,.F.);
#2937 = EDGE_CURVE('',#2938,#2929,#2940,.T.);
#2938 = VERTEX_POINT('',#2939);
#2939 = CARTESIAN_POINT('',(-8.236389663465,-40.9,203.56916348538));
#2940 = CIRCLE('',#2941,1.469292842573);
#2941 = AXIS2_PLACEMENT_3D('',#2942,#2943,#2944);
#2942 = CARTESIAN_POINT('',(-6.985209281843,-40.9,204.33946804195));
#2943 = DIRECTION('',(0.,-1.,-0.));
#2944 = DIRECTION('',(-0.691221648547,0.,-0.722642811201));
#2945 = ORIENTED_EDGE('',*,*,#2946,.T.);
#2946 = EDGE_CURVE('',#2938,#2947,#2949,.T.);
#2947 = VERTEX_POINT('',#2948);
#2948 = CARTESIAN_POINT('',(-8.425400690066,-40.9,203.66546941367));
#2949 = CIRCLE('',#2950,0.15);
#2950 = AXIS2_PLACEMENT_3D('',#2951,#2952,#2953);
#2951 = CARTESIAN_POINT('',(-8.379048140909,-40.9,203.52281093622));
#2952 = DIRECTION('',(0.,-1.,0.));
#2953 = DIRECTION('',(0.951056516295,0.,0.309016994375));
#2954 = ORIENTED_EDGE('',*,*,#2955,.T.);
#2955 = EDGE_CURVE('',#2947,#2956,#2958,.T.);
#2956 = VERTEX_POINT('',#2957);
#2957 = CARTESIAN_POINT('',(-8.962767976229,-40.9,203.46722415544));
#2958 = LINE('',#2959,#2960);
#2959 = CARTESIAN_POINT('',(-8.559742511606,-40.9,203.61590809911));
#2960 = VECTOR('',#2961,1.);
#2961 = DIRECTION('',(-0.938191335922,0.,-0.346117057077));
#2962 = ORIENTED_EDGE('',*,*,#2963,.T.);
#2963 = EDGE_CURVE('',#2956,#2964,#2966,.T.);
#2964 = VERTEX_POINT('',#2965);
#2965 = CARTESIAN_POINT('',(-9.043947391251,-40.9,203.27123971071));
#2966 = CIRCLE('',#2967,0.15);
#2967 = AXIS2_PLACEMENT_3D('',#2968,#2969,#2970);
#2968 = CARTESIAN_POINT('',(-8.905365461374,-40.9,203.32864222556));
#2969 = DIRECTION('',(0.,-1.,0.));
#2970 = DIRECTION('',(-0.382683432365,0.,0.923879532511));
#2971 = ORIENTED_EDGE('',*,*,#2972,.F.);
#2972 = EDGE_CURVE('',#2973,#2964,#2975,.T.);
#2973 = VERTEX_POINT('',#2974);
#2974 = CARTESIAN_POINT('',(-9.033784577243,-40.9,202.896612016));
#2975 = CIRCLE('',#2976,1.469292842572);
#2976 = AXIS2_PLACEMENT_3D('',#2977,#2978,#2979);
#2977 = CARTESIAN_POINT('',(-10.49562520836,-40.9,203.0444072339));
#2978 = DIRECTION('',(-0.,-1.,0.));
#2979 = DIRECTION('',(0.988011222169,-0.,0.154382074309));
#2980 = ORIENTED_EDGE('',*,*,#2981,.F.);
#2981 = EDGE_CURVE('',#2982,#2973,#2984,.T.);
#2982 = VERTEX_POINT('',#2983);
#2983 = CARTESIAN_POINT('',(-9.802499288366,-40.9,202.57819995706));
#2984 = CIRCLE('',#2985,0.471154273188);
#2985 = AXIS2_PLACEMENT_3D('',#2986,#2987,#2988);
#2986 = CARTESIAN_POINT('',(-9.50277400915,-40.9,202.94172589305));
#2987 = DIRECTION('',(0.,-1.,-0.));
#2988 = DIRECTION('',(0.995405238997,0.,-9.575181553435E-02));
#2989 = ORIENTED_EDGE('',*,*,#2990,.F.);
#2990 = EDGE_CURVE('',#2991,#2982,#2993,.T.);
#2991 = VERTEX_POINT('',#2992);
#2992 = CARTESIAN_POINT('',(-10.06021487701,-40.9,202.85028793511));
#2993 = CIRCLE('',#2994,1.469292842571);
#2994 = AXIS2_PLACEMENT_3D('',#2995,#2996,#2997);
#2995 = CARTESIAN_POINT('',(-8.873328865894,-40.9,203.71638438114));
#2996 = DIRECTION('',(0.,-1.,-0.));
#2997 = DIRECTION('',(-0.632392941387,0.,-0.774647770076));
#2998 = ORIENTED_EDGE('',*,*,#2999,.T.);
#2999 = EDGE_CURVE('',#2991,#3000,#3002,.T.);
#3000 = VERTEX_POINT('',#3001);
#3001 = CARTESIAN_POINT('',(-10.25619932174,-40.9,202.93146735013));
#3002 = CIRCLE('',#3003,0.15);
#3003 = AXIS2_PLACEMENT_3D('',#3004,#3005,#3006);
#3004 = CARTESIAN_POINT('',(-10.19879680689,-40.9,202.79288542025));
#3005 = DIRECTION('',(0.,-1.,0.));
#3006 = DIRECTION('',(0.923879532511,0.,0.382683432365));
#3007 = ORIENTED_EDGE('',*,*,#3008,.T.);
#3008 = EDGE_CURVE('',#3000,#3009,#3011,.T.);
#3009 = VERTEX_POINT('',#3010);
#3010 = CARTESIAN_POINT('',(-10.77635594021,-40.9,202.69167186452));
#3011 = LINE('',#3012,#3013);
#3012 = CARTESIAN_POINT('',(-10.38623847636,-40.9,202.87151847873));
#3013 = VECTOR('',#3014,1.);
#3014 = DIRECTION('',(-0.908143173825,0.,-0.418659737537));
#3015 = ORIENTED_EDGE('',*,*,#3016,.T.);
#3016 = EDGE_CURVE('',#3009,#3017,#3019,.T.);
#3017 = VERTEX_POINT('',#3018);
#3018 = CARTESIAN_POINT('',(-10.84190834387,-40.9,202.48992231093));
#3019 = CIRCLE('',#3020,0.15);
#3020 = AXIS2_PLACEMENT_3D('',#3021,#3022,#3023);
#3021 = CARTESIAN_POINT('',(-10.70825736524,-40.9,202.5580208859));
#3022 = DIRECTION('',(0.,-1.,-0.));
#3023 = DIRECTION('',(-0.45399049974,-0.,0.891006524188));
#3024 = ORIENTED_EDGE('',*,*,#3025,.F.);
#3025 = EDGE_CURVE('',#3026,#3017,#3028,.T.);
#3026 = VERTEX_POINT('',#3027);
#3027 = CARTESIAN_POINT('',(-10.80238390827,-40.9,202.11724683358));
#3028 = CIRCLE('',#3029,1.469292842572);
#3029 = AXIS2_PLACEMENT_3D('',#3030,#3031,#3032);
#3030 = CARTESIAN_POINT('',(-12.27131405174,-40.9,202.14989175414));
#3031 = DIRECTION('',(-0.,-1.,0.));
#3032 = DIRECTION('',(0.972852835356,-0.,0.231424632957));
#3033 = ORIENTED_EDGE('',*,*,#3034,.F.);
#3034 = EDGE_CURVE('',#3035,#3026,#3037,.T.);
#3035 = VERTEX_POINT('',#3036);
#3036 = CARTESIAN_POINT('',(-11.54374660627,-40.9,201.73950367164));
#3037 = CIRCLE('',#3038,0.471154273188);
#3038 = AXIS2_PLACEMENT_3D('',#3039,#3040,#3041);
#3039 = CARTESIAN_POINT('',(-11.27346719627,-40.9,202.12542515287));
#3040 = DIRECTION('',(0.,-1.,-0.));
#3041 = DIRECTION('',(0.999849337706,0.,-1.735804970824E-02));
#3042 = ORIENTED_EDGE('',*,*,#3043,.F.);
#3043 = EDGE_CURVE('',#3044,#3035,#3046,.T.);
#3044 = VERTEX_POINT('',#3045);
#3045 = CARTESIAN_POINT('',(-11.82201552048,-40.9,201.99053276122));
#3046 = CIRCLE('',#3047,1.469292842572);
#3047 = AXIS2_PLACEMENT_3D('',#3048,#3049,#3050);
#3048 = CARTESIAN_POINT('',(-10.7067414268,-40.9,202.94708132413));
#3049 = DIRECTION('',(0.,-1.,-0.));
#3050 = DIRECTION('',(-0.569665321451,0.,-0.821876767853));
#3051 = ORIENTED_EDGE('',*,*,#3052,.T.);
#3052 = EDGE_CURVE('',#3044,#3053,#3055,.T.);
#3053 = VERTEX_POINT('',#3054);
#3054 = CARTESIAN_POINT('',(-12.02376507407,-40.9,202.05608516489));
#3055 = CIRCLE('',#3056,0.15);
#3056 = AXIS2_PLACEMENT_3D('',#3057,#3058,#3059);
#3057 = CARTESIAN_POINT('',(-11.95566649911,-40.9,201.92243418626));
#3058 = DIRECTION('',(0.,-1.,0.));
#3059 = DIRECTION('',(0.891006524188,0.,0.453990499739));
#3060 = ORIENTED_EDGE('',*,*,#3061,.T.);
#3061 = EDGE_CURVE('',#3053,#3062,#3064,.T.);
#3062 = VERTEX_POINT('',#3063);
#3063 = CARTESIAN_POINT('',(-12.52350408631,-40.9,201.77621787082));
#3064 = LINE('',#3065,#3066);
#3065 = CARTESIAN_POINT('',(-12.14869982713,-40.9,201.98611834137));
#3066 = VECTOR('',#3067,1.);
#3067 = DIRECTION('',(-0.872496007073,0.,-0.488621241497));
#3068 = ORIENTED_EDGE('',*,*,#3069,.T.);
#3069 = EDGE_CURVE('',#3062,#3070,#3072,.T.);
#3070 = VERTEX_POINT('',#3071);
#3071 = CARTESIAN_POINT('',(-12.57302532626,-40.9,201.56994706146));
#3072 = CIRCLE('',#3073,0.15);
#3073 = AXIS2_PLACEMENT_3D('',#3074,#3075,#3076);
#3074 = CARTESIAN_POINT('',(-12.44512930161,-40.9,201.64832184616));
#3075 = DIRECTION('',(0.,-1.,-0.));
#3076 = DIRECTION('',(-0.522498564716,-0.,0.852640164354));
#3077 = ORIENTED_EDGE('',*,*,#3078,.F.);
#3078 = EDGE_CURVE('',#3079,#3070,#3081,.T.);
#3079 = VERTEX_POINT('',#3080);
#3080 = CARTESIAN_POINT('',(-12.50438295034,-40.9,201.2015214697));
#3081 = CIRCLE('',#3082,1.469292842572);
#3082 = AXIS2_PLACEMENT_3D('',#3083,#3084,#3085);
#3083 = CARTESIAN_POINT('',(-13.97134616336,-40.9,201.11881482612));
#3084 = DIRECTION('',(-0.,-1.,0.));
#3085 = DIRECTION('',(0.951696487307,-0.,0.307040381786));
#3086 = ORIENTED_EDGE('',*,*,#3087,.F.);
#3087 = EDGE_CURVE('',#3088,#3079,#3090,.T.);
#3088 = VERTEX_POINT('',#3089);
#3089 = CARTESIAN_POINT('',(-13.21382288766,-40.9,200.76677611698));
#3090 = CIRCLE('',#3091,0.471154273188);
#3091 = AXIS2_PLACEMENT_3D('',#3092,#3093,#3094);
#3092 = CARTESIAN_POINT('',(-12.97465570932,-40.9,201.17271380918));
#3093 = DIRECTION('',(-0.,-1.,0.));
#3094 = DIRECTION('',(0.998129032764,-0.,6.114273426666E-02));
#3095 = ORIENTED_EDGE('',*,*,#3096,.F.);
#3096 = EDGE_CURVE('',#3097,#3088,#3099,.T.);
#3097 = VERTEX_POINT('',#3098);
#3098 = CARTESIAN_POINT('',(-13.51092950705,-40.9,200.99519864027));
#3099 = CIRCLE('',#3100,1.469292842571);
#3100 = AXIS2_PLACEMENT_3D('',#3101,#3102,#3103);
#3101 = CARTESIAN_POINT('',(-12.47414336646,-40.9,202.03630188007));
#3102 = DIRECTION('',(0.,-1.,-0.));
#3103 = DIRECTION('',(-0.503425525376,0.,-0.864038622053));
#3104 = ORIENTED_EDGE('',*,*,#3105,.T.);
#3105 = EDGE_CURVE('',#3097,#3106,#3108,.T.);
#3106 = VERTEX_POINT('',#3107);
#3107 = CARTESIAN_POINT('',(-13.71720031641,-40.9,201.04471988022));
#3108 = CIRCLE('',#3109,0.15);
#3109 = AXIS2_PLACEMENT_3D('',#3110,#3111,#3112);
#3110 = CARTESIAN_POINT('',(-13.6388255317,-40.9,200.91682385556));
#3111 = DIRECTION('',(0.,-1.,0.));
#3112 = DIRECTION('',(0.852640164354,0.,0.522498564716));
#3113 = ORIENTED_EDGE('',*,*,#3114,.T.);
#3114 = EDGE_CURVE('',#3106,#3115,#3117,.T.);
#3115 = VERTEX_POINT('',#3116);
#3116 = CARTESIAN_POINT('',(-14.19344066524,-40.9,200.72650625261));
#3117 = LINE('',#3118,#3119);
#3118 = CARTESIAN_POINT('',(-13.83626040362,-40.9,200.96516647331));
#3119 = VECTOR('',#3120,1.);
#3120 = DIRECTION('',(-0.831469612303,0.,-0.55557023302));
#3121 = ORIENTED_EDGE('',*,*,#3122,.T.);
#3122 = EDGE_CURVE('',#3115,#3123,#3125,.T.);
#3123 = VERTEX_POINT('',#3124);
#3124 = CARTESIAN_POINT('',(-14.22662542655,-40.9,200.51698591561));
#3125 = CIRCLE('',#3126,0.15);
#3126 = AXIS2_PLACEMENT_3D('',#3127,#3128,#3129);
#3127 = CARTESIAN_POINT('',(-14.1052728774,-40.9,200.60515370345));
#3128 = DIRECTION('',(0.,-1.,-0.));
#3129 = DIRECTION('',(-0.587785252293,-0.,0.809016994375));
#3130 = ORIENTED_EDGE('',*,*,#3131,.F.);
#3131 = EDGE_CURVE('',#3132,#3123,#3134,.T.);
#3132 = VERTEX_POINT('',#3133);
#3133 = CARTESIAN_POINT('',(-14.1292883134,-40.9,200.15508167574));
#3134 = CIRCLE('',#3135,1.469292842572);
#3135 = AXIS2_PLACEMENT_3D('',#3136,#3137,#3138);
#3136 = CARTESIAN_POINT('',(-15.58524027994,-40.9,199.95753338198));
#3137 = DIRECTION('',(-0.,-1.,0.));
#3138 = DIRECTION('',(0.924672613943,-0.,0.38076312456));
#3139 = ORIENTED_EDGE('',*,*,#3140,.F.);
#3140 = EDGE_CURVE('',#3141,#3132,#3143,.T.);
#3141 = VERTEX_POINT('',#3142);
#3142 = CARTESIAN_POINT('',(-14.80243155691,-40.9,199.6660144819));
#3143 = CIRCLE('',#3144,0.471154273188);
#3144 = AXIS2_PLACEMENT_3D('',#3145,#3146,#3147);
#3145 = CARTESIAN_POINT('',(-14.59585115542,-40.9,200.08946564421));
#3146 = DIRECTION('',(-0.,-1.,0.));
#3147 = DIRECTION('',(0.990254930424,-0.,0.139266552953));
#3148 = ORIENTED_EDGE('',*,*,#3149,.F.);
#3149 = EDGE_CURVE('',#3150,#3141,#3152,.T.);
#3150 = VERTEX_POINT('',#3151);
#3151 = CARTESIAN_POINT('',(-15.11654412036,-40.9,199.87042213809));
#3152 = CIRCLE('',#3153,1.469292842572);
#3153 = AXIS2_PLACEMENT_3D('',#3154,#3155,#3156);
#3154 = CARTESIAN_POINT('',(-14.16463806419,-40.9,200.9896613071));
#3155 = DIRECTION('',(0.,-1.,-0.));
#3156 = DIRECTION('',(-0.434081943531,0.,-0.900873390827));
#3157 = ORIENTED_EDGE('',*,*,#3158,.T.);
#3158 = EDGE_CURVE('',#3150,#3159,#3161,.T.);
#3159 = VERTEX_POINT('',#3160);
#3160 = CARTESIAN_POINT('',(-15.32606445736,-40.9,199.9036068994));
#3161 = CIRCLE('',#3162,0.15);
#3162 = AXIS2_PLACEMENT_3D('',#3163,#3164,#3165);
#3163 = CARTESIAN_POINT('',(-15.23789666952,-40.9,199.78225435025));
#3164 = DIRECTION('',(0.,-1.,0.));
#3165 = DIRECTION('',(0.809016994375,0.,0.587785252293));
#3166 = ORIENTED_EDGE('',*,*,#3167,.T.);
#3167 = EDGE_CURVE('',#3159,#3168,#3170,.T.);
#3168 = VERTEX_POINT('',#3169);
#3169 = CARTESIAN_POINT('',(-15.77586996267,-40.9,199.54900883109));
#3170 = LINE('',#3171,#3172);
#3171 = CARTESIAN_POINT('',(-15.43851583369,-40.9,199.81495738232));
#3172 = VECTOR('',#3173,1.);
#3173 = DIRECTION('',(-0.785316930881,0.,-0.61909394931));
#3174 = ORIENTED_EDGE('',*,*,#3175,.T.);
#3175 = EDGE_CURVE('',#3168,#3176,#3178,.T.);
#3176 = VERTEX_POINT('',#3177);
#3177 = CARTESIAN_POINT('',(-15.79251365026,-40.9,199.337530729));
#3178 = CIRCLE('',#3179,0.15);
#3179 = AXIS2_PLACEMENT_3D('',#3180,#3181,#3182);
#3180 = CARTESIAN_POINT('',(-15.67845275542,-40.9,199.43494793625));
#3181 = DIRECTION('',(0.,-1.,-0.));
#3182 = DIRECTION('',(-0.64944804833,-0.,0.7604059656));
#3183 = ORIENTED_EDGE('',*,*,#3184,.F.);
#3184 = EDGE_CURVE('',#3185,#3176,#3187,.T.);
#3185 = VERTEX_POINT('',#3186);
#3186 = CARTESIAN_POINT('',(-15.66708191554,-40.9,198.98437910101));
#3187 = CIRCLE('',#3188,1.469292842572);
#3188 = AXIS2_PLACEMENT_3D('',#3189,#3190,#3191);
#3189 = CARTESIAN_POINT('',(-17.10304620758,-40.9,198.67320710799));
#3190 = DIRECTION('',(-0.,-1.,0.));
#3191 = DIRECTION('',(0.891947826428,-0.,0.452138336054));
#3192 = ORIENTED_EDGE('',*,*,#3193,.F.);
#3193 = EDGE_CURVE('',#3194,#3185,#3196,.T.);
#3194 = VERTEX_POINT('',#3195);
#3195 = CARTESIAN_POINT('',(-16.2997783133,-40.9,198.44400532792));
#3196 = CIRCLE('',#3197,0.471154273188);
#3197 = AXIS2_PLACEMENT_3D('',#3198,#3199,#3200);
#3198 = CARTESIAN_POINT('',(-16.12705832552,-40.9,198.88235924311));
#3199 = DIRECTION('',(-0.,-1.,0.));
#3200 = DIRECTION('',(0.976275577144,-0.,0.216531747029));
#3201 = ORIENTED_EDGE('',*,*,#3202,.F.);
#3202 = EDGE_CURVE('',#3203,#3194,#3205,.T.);
#3203 = VERTEX_POINT('',#3204);
#3204 = CARTESIAN_POINT('',(-16.62896021242,-40.9,198.62313787584));
#3205 = CIRCLE('',#3206,1.469292842572);
#3206 = AXIS2_PLACEMENT_3D('',#3207,#3208,#3209);
#3207 = CARTESIAN_POINT('',(-15.76780305804,-40.9,199.81361249241));
#3208 = DIRECTION('',(0.,-1.,-0.));
#3209 = DIRECTION('',(-0.362062102157,0.,-0.932153975576));
#3210 = ORIENTED_EDGE('',*,*,#3211,.T.);
#3211 = EDGE_CURVE('',#3203,#3212,#3214,.T.);
#3212 = VERTEX_POINT('',#3213);
#3213 = CARTESIAN_POINT('',(-16.84043831451,-40.9,198.63978156343));
#3214 = CIRCLE('',#3215,0.15);
#3215 = AXIS2_PLACEMENT_3D('',#3216,#3217,#3218);
#3216 = CARTESIAN_POINT('',(-16.74302110726,-40.9,198.52572066859));
#3217 = DIRECTION('',(0.,-1.,0.));
#3218 = DIRECTION('',(0.7604059656,0.,0.64944804833));
#3219 = ORIENTED_EDGE('',*,*,#3220,.T.);
#3220 = EDGE_CURVE('',#3212,#3221,#3223,.T.);
#3221 = VERTEX_POINT('',#3222);
#3222 = CARTESIAN_POINT('',(-17.26103577577,-40.9,198.25098526943));
#3223 = LINE('',#3224,#3225);
#3224 = CARTESIAN_POINT('',(-16.94558767982,-40.9,198.54258248993));
#3225 = VECTOR('',#3226,1.);
#3226 = DIRECTION('',(-0.734322509436,0.,-0.678800745533));
#3227 = ORIENTED_EDGE('',*,*,#3228,.T.);
#3228 = EDGE_CURVE('',#3221,#3229,#3231,.T.);
#3229 = VERTEX_POINT('',#3230);
#3230 = CARTESIAN_POINT('',(-17.26103577577,-40.9,198.03885323507));
#3231 = CIRCLE('',#3232,0.15);
#3232 = AXIS2_PLACEMENT_3D('',#3233,#3234,#3235);
#3233 = CARTESIAN_POINT('',(-17.15496975859,-40.9,198.14491925225));
#3234 = DIRECTION('',(0.,-1.,-0.));
#3235 = DIRECTION('',(-0.707106781187,-0.,0.707106781186));
#3236 = ORIENTED_EDGE('',*,*,#3237,.F.);
#3237 = EDGE_CURVE('',#3238,#3229,#3240,.T.);
#3238 = VERTEX_POINT('',#3239);
#3239 = CARTESIAN_POINT('',(-17.10828274784,-40.9,197.69663151617));
#3240 = CIRCLE('',#3241,1.469292842573);
#3241 = AXIS2_PLACEMENT_3D('',#3242,#3243,#3244);
#3242 = CARTESIAN_POINT('',(-18.515406168,-40.9,197.2737543027));
#3243 = DIRECTION('',(-0.,-1.,0.));
#3244 = DIRECTION('',(0.853723883961,-0.,0.520725964356));
#3245 = ORIENTED_EDGE('',*,*,#3246,.F.);
#3246 = EDGE_CURVE('',#3247,#3238,#3249,.T.);
#3247 = VERTEX_POINT('',#3248);
#3248 = CARTESIAN_POINT('',(-17.69663151617,-40.9,197.10828274784));
#3249 = CIRCLE('',#3250,0.471154273188);
#3250 = AXIS2_PLACEMENT_3D('',#3251,#3252,#3253);
#3251 = CARTESIAN_POINT('',(-17.55883681826,-40.9,197.55883681826));
#3252 = DIRECTION('',(-0.,-1.,0.));
#3253 = DIRECTION('',(0.956277160287,-0.,0.29246195088));
#3254 = ORIENTED_EDGE('',*,*,#3255,.F.);
#3255 = EDGE_CURVE('',#3256,#3247,#3258,.T.);
#3256 = VERTEX_POINT('',#3257);
#3257 = CARTESIAN_POINT('',(-18.03885323507,-40.9,197.26103577577));
#3258 = CIRCLE('',#3259,1.469292842573);
#3259 = AXIS2_PLACEMENT_3D('',#3260,#3261,#3262);
#3260 = CARTESIAN_POINT('',(-17.2737543027,-40.9,198.515406168));
#3261 = DIRECTION('',(0.,-1.,-0.));
#3262 = DIRECTION('',(-0.287810027525,0.,-0.957687521092));
#3263 = ORIENTED_EDGE('',*,*,#3264,.T.);
#3264 = EDGE_CURVE('',#3256,#3265,#3267,.T.);
#3265 = VERTEX_POINT('',#3266);
#3266 = CARTESIAN_POINT('',(-18.25098526943,-40.9,197.26103577577));
#3267 = CIRCLE('',#3268,0.15);
#3268 = AXIS2_PLACEMENT_3D('',#3269,#3270,#3271);
#3269 = CARTESIAN_POINT('',(-18.14491925225,-40.9,197.15496975859));
#3270 = DIRECTION('',(0.,-1.,0.));
#3271 = DIRECTION('',(0.707106781187,0.,0.707106781187));
#3272 = ORIENTED_EDGE('',*,*,#3273,.T.);
#3273 = EDGE_CURVE('',#3265,#3274,#3276,.T.);
#3274 = VERTEX_POINT('',#3275);
#3275 = CARTESIAN_POINT('',(-18.63978156343,-40.9,196.84043831451));
#3276 = LINE('',#3277,#3278);
#3277 = CARTESIAN_POINT('',(-18.34818434293,-40.9,197.15588641045));
#3278 = VECTOR('',#3279,1.);
#3279 = DIRECTION('',(-0.678800745533,0.,-0.734322509436));
#3280 = ORIENTED_EDGE('',*,*,#3281,.T.);
#3281 = EDGE_CURVE('',#3274,#3282,#3284,.T.);
#3282 = VERTEX_POINT('',#3283);
#3283 = CARTESIAN_POINT('',(-18.62313787584,-40.9,196.62896021242));
#3284 = CIRCLE('',#3285,0.15);
#3285 = AXIS2_PLACEMENT_3D('',#3286,#3287,#3288);
#3286 = CARTESIAN_POINT('',(-18.52572066859,-40.9,196.74302110726));
#3287 = DIRECTION('',(0.,-1.,-0.));
#3288 = DIRECTION('',(-0.7604059656,-0.,0.64944804833));
#3289 = ORIENTED_EDGE('',*,*,#3290,.F.);
#3290 = EDGE_CURVE('',#3291,#3282,#3293,.T.);
#3291 = VERTEX_POINT('',#3292);
#3292 = CARTESIAN_POINT('',(-18.44400532792,-40.9,196.2997783133));
#3293 = CIRCLE('',#3294,1.469292842572);
#3294 = AXIS2_PLACEMENT_3D('',#3295,#3296,#3297);
#3295 = CARTESIAN_POINT('',(-19.81361249241,-40.9,195.76780305804));
#3296 = DIRECTION('',(-0.,-1.,0.));
#3297 = DIRECTION('',(0.810236449857,-0.,0.586103143928));
#3298 = ORIENTED_EDGE('',*,*,#3299,.F.);
#3299 = EDGE_CURVE('',#3300,#3291,#3302,.T.);
#3300 = VERTEX_POINT('',#3301);
#3301 = CARTESIAN_POINT('',(-18.98437910101,-40.9,195.66708191554));
#3302 = CIRCLE('',#3303,0.471154273188);
#3303 = AXIS2_PLACEMENT_3D('',#3304,#3305,#3306);
#3304 = CARTESIAN_POINT('',(-18.88235924311,-40.9,196.12705832552));
#3305 = DIRECTION('',(-0.,-1.,0.));
#3306 = DIRECTION('',(0.930382976743,-0.,0.366589029552));
#3307 = ORIENTED_EDGE('',*,*,#3308,.F.);
#3308 = EDGE_CURVE('',#3309,#3300,#3311,.T.);
#3309 = VERTEX_POINT('',#3310);
#3310 = CARTESIAN_POINT('',(-19.337530729,-40.9,195.79251365026));
#3311 = CIRCLE('',#3312,1.469292842573);
#3312 = AXIS2_PLACEMENT_3D('',#3313,#3314,#3315);
#3313 = CARTESIAN_POINT('',(-18.67320710799,-40.9,197.10304620758));
#3314 = DIRECTION('',(0.,-1.,-0.));
#3315 = DIRECTION('',(-0.211783508367,0.,-0.977316604578));
#3316 = ORIENTED_EDGE('',*,*,#3317,.T.);
#3317 = EDGE_CURVE('',#3309,#3318,#3320,.T.);
#3318 = VERTEX_POINT('',#3319);
#3319 = CARTESIAN_POINT('',(-19.54900883109,-40.9,195.77586996267));
#3320 = CIRCLE('',#3321,0.15);
#3321 = AXIS2_PLACEMENT_3D('',#3322,#3323,#3324);
#3322 = CARTESIAN_POINT('',(-19.43494793625,-40.9,195.67845275542));
#3323 = DIRECTION('',(0.,-1.,0.));
#3324 = DIRECTION('',(0.64944804833,0.,0.7604059656));
#3325 = ORIENTED_EDGE('',*,*,#3326,.T.);
#3326 = EDGE_CURVE('',#3318,#3327,#3329,.T.);
#3327 = VERTEX_POINT('',#3328);
#3328 = CARTESIAN_POINT('',(-19.9036068994,-40.9,195.32606445736));
#3329 = LINE('',#3330,#3331);
#3330 = CARTESIAN_POINT('',(-19.63765834817,-40.9,195.66341858634));
#3331 = VECTOR('',#3332,1.);
#3332 = DIRECTION('',(-0.61909394931,0.,-0.785316930881));
#3333 = ORIENTED_EDGE('',*,*,#3334,.T.);
#3334 = EDGE_CURVE('',#3327,#3335,#3337,.T.);
#3335 = VERTEX_POINT('',#3336);
#3336 = CARTESIAN_POINT('',(-19.87042213809,-40.9,195.11654412036));
#3337 = CIRCLE('',#3338,0.15);
#3338 = AXIS2_PLACEMENT_3D('',#3339,#3340,#3341);
#3339 = CARTESIAN_POINT('',(-19.78225435025,-40.9,195.23789666952));
#3340 = DIRECTION('',(0.,-1.,-0.));
#3341 = DIRECTION('',(-0.809016994375,-0.,0.587785252292));
#3342 = ORIENTED_EDGE('',*,*,#3343,.F.);
#3343 = EDGE_CURVE('',#3344,#3335,#3346,.T.);
#3344 = VERTEX_POINT('',#3345);
#3345 = CARTESIAN_POINT('',(-19.6660144819,-40.9,194.80243155691));
#3346 = CIRCLE('',#3347,1.469292842573);
#3347 = AXIS2_PLACEMENT_3D('',#3348,#3349,#3350);
#3348 = CARTESIAN_POINT('',(-20.9896613071,-40.9,194.16463806419));
#3349 = DIRECTION('',(-0.,-1.,0.));
#3350 = DIRECTION('',(0.76175363861,-0.,0.647866802719));
#3351 = ORIENTED_EDGE('',*,*,#3352,.F.);
#3352 = EDGE_CURVE('',#3353,#3344,#3355,.T.);
#3353 = VERTEX_POINT('',#3354);
#3354 = CARTESIAN_POINT('',(-20.15508167574,-40.9,194.1292883134));
#3355 = CIRCLE('',#3356,0.471154273188);
#3356 = AXIS2_PLACEMENT_3D('',#3357,#3358,#3359);
#3357 = CARTESIAN_POINT('',(-20.08946564421,-40.9,194.59585115542));
#3358 = DIRECTION('',(-0.,-1.,0.));
#3359 = DIRECTION('',(0.898752672763,-0.,0.438455964952));
#3360 = ORIENTED_EDGE('',*,*,#3361,.F.);
#3361 = EDGE_CURVE('',#3362,#3353,#3364,.T.);
#3362 = VERTEX_POINT('',#3363);
#3363 = CARTESIAN_POINT('',(-20.51698591561,-40.9,194.22662542655));
#3364 = CIRCLE('',#3365,1.46929284257);
#3365 = AXIS2_PLACEMENT_3D('',#3366,#3367,#3368);
#3366 = CARTESIAN_POINT('',(-19.95753338198,-40.9,195.58524027994));
#3367 = DIRECTION('',(0.,-1.,-0.));
#3368 = DIRECTION('',(-0.134451273455,0.,-0.990920206205));
#3369 = ORIENTED_EDGE('',*,*,#3370,.T.);
#3370 = EDGE_CURVE('',#3362,#3371,#3373,.T.);
#3371 = VERTEX_POINT('',#3372);
#3372 = CARTESIAN_POINT('',(-20.72650625261,-40.9,194.19344066524));
#3373 = CIRCLE('',#3374,0.15);
#3374 = AXIS2_PLACEMENT_3D('',#3375,#3376,#3377);
#3375 = CARTESIAN_POINT('',(-20.60515370345,-40.9,194.1052728774));
#3376 = DIRECTION('',(0.,-1.,0.));
#3377 = DIRECTION('',(0.587785252292,0.,0.809016994375));
#3378 = ORIENTED_EDGE('',*,*,#3379,.T.);
#3379 = EDGE_CURVE('',#3371,#3380,#3382,.T.);
#3380 = VERTEX_POINT('',#3381);
#3381 = CARTESIAN_POINT('',(-21.04471988022,-40.9,193.71720031641));
#3382 = LINE('',#3383,#3384);
#3383 = CARTESIAN_POINT('',(-20.80605965951,-40.9,194.07438057803));
#3384 = VECTOR('',#3385,1.);
#3385 = DIRECTION('',(-0.55557023302,0.,-0.831469612303));
#3386 = ORIENTED_EDGE('',*,*,#3387,.T.);
#3387 = EDGE_CURVE('',#3380,#3388,#3390,.T.);
#3388 = VERTEX_POINT('',#3389);
#3389 = CARTESIAN_POINT('',(-20.99519864027,-40.9,193.51092950705));
#3390 = CIRCLE('',#3391,0.15);
#3391 = AXIS2_PLACEMENT_3D('',#3392,#3393,#3394);
#3392 = CARTESIAN_POINT('',(-20.91682385556,-40.9,193.6388255317));
#3393 = DIRECTION('',(0.,-1.,-0.));
#3394 = DIRECTION('',(-0.852640164354,-0.,0.522498564716));
#3395 = ORIENTED_EDGE('',*,*,#3396,.F.);
#3396 = EDGE_CURVE('',#3397,#3388,#3399,.T.);
#3397 = VERTEX_POINT('',#3398);
#3398 = CARTESIAN_POINT('',(-20.76677611698,-40.9,193.21382288766));
#3399 = CIRCLE('',#3400,1.469292842573);
#3400 = AXIS2_PLACEMENT_3D('',#3401,#3402,#3403);
#3401 = CARTESIAN_POINT('',(-22.03630188007,-40.9,192.47414336646));
#3402 = DIRECTION('',(-0.,-1.,0.));
#3403 = DIRECTION('',(0.708574362871,-0.,0.705636147233));
#3404 = ORIENTED_EDGE('',*,*,#3405,.F.);
#3405 = EDGE_CURVE('',#3406,#3397,#3408,.T.);
#3406 = VERTEX_POINT('',#3407);
#3407 = CARTESIAN_POINT('',(-21.2015214697,-40.9,192.50438295034));
#3408 = CIRCLE('',#3409,0.471154273188);
#3409 = AXIS2_PLACEMENT_3D('',#3410,#3411,#3412);
#3410 = CARTESIAN_POINT('',(-21.17271380918,-40.9,192.97465570932));
#3411 = DIRECTION('',(-0.,-1.,0.));
#3412 = DIRECTION('',(0.861581259689,-0.,0.507619673527));
#3413 = ORIENTED_EDGE('',*,*,#3414,.F.);
#3414 = EDGE_CURVE('',#3415,#3406,#3417,.T.);
#3415 = VERTEX_POINT('',#3416);
#3416 = CARTESIAN_POINT('',(-21.56994706146,-40.9,192.57302532626));
#3417 = CIRCLE('',#3418,1.469292842574);
#3418 = AXIS2_PLACEMENT_3D('',#3419,#3420,#3421);
#3419 = CARTESIAN_POINT('',(-21.11881482612,-40.9,193.97134616336));
#3420 = DIRECTION('',(0.,-1.,-0.));
#3421 = DIRECTION('',(-5.629010173296E-02,0.,-0.998414455247));
#3422 = ORIENTED_EDGE('',*,*,#3423,.T.);
#3423 = EDGE_CURVE('',#3415,#3424,#3426,.T.);
#3424 = VERTEX_POINT('',#3425);
#3425 = CARTESIAN_POINT('',(-21.77621787082,-40.9,192.52350408631));
#3426 = CIRCLE('',#3427,0.15);
#3427 = AXIS2_PLACEMENT_3D('',#3428,#3429,#3430);
#3428 = CARTESIAN_POINT('',(-21.64832184616,-40.9,192.4451293016));
#3429 = DIRECTION('',(0.,-1.,0.));
#3430 = DIRECTION('',(0.522498564716,0.,0.852640164354));
#3431 = ORIENTED_EDGE('',*,*,#3432,.T.);
#3432 = EDGE_CURVE('',#3424,#3433,#3435,.T.);
#3433 = VERTEX_POINT('',#3434);
#3434 = CARTESIAN_POINT('',(-22.05608516489,-40.9,192.02376507407));
#3435 = LINE('',#3436,#3437);
#3436 = CARTESIAN_POINT('',(-21.84618469434,-40.9,192.39856933325));
#3437 = VECTOR('',#3438,1.);
#3438 = DIRECTION('',(-0.488621241497,0.,-0.872496007073));
#3439 = ORIENTED_EDGE('',*,*,#3440,.T.);
#3440 = EDGE_CURVE('',#3433,#3441,#3443,.T.);
#3441 = VERTEX_POINT('',#3442);
#3442 = CARTESIAN_POINT('',(-21.99053276122,-40.9,191.82201552048));
#3443 = CIRCLE('',#3444,0.15);
#3444 = AXIS2_PLACEMENT_3D('',#3445,#3446,#3447);
#3445 = CARTESIAN_POINT('',(-21.92243418626,-40.9,191.95566649911));
#3446 = DIRECTION('',(0.,-1.,-0.));
#3447 = DIRECTION('',(-0.891006524188,-0.,0.45399049974));
#3448 = ORIENTED_EDGE('',*,*,#3449,.F.);
#3449 = EDGE_CURVE('',#3450,#3441,#3452,.T.);
#3450 = VERTEX_POINT('',#3451);
#3451 = CARTESIAN_POINT('',(-21.73950367164,-40.9,191.54374660627));
#3452 = CIRCLE('',#3453,1.469292842572);
#3453 = AXIS2_PLACEMENT_3D('',#3454,#3455,#3456);
#3454 = CARTESIAN_POINT('',(-22.94708132413,-40.9,190.7067414268));
#3455 = DIRECTION('',(-0.,-1.,0.));
#3456 = DIRECTION('',(0.65102649056,-0.,0.759055010252));
#3457 = ORIENTED_EDGE('',*,*,#3458,.F.);
#3458 = EDGE_CURVE('',#3459,#3450,#3461,.T.);
#3459 = VERTEX_POINT('',#3460);
#3460 = CARTESIAN_POINT('',(-22.11724683358,-40.9,190.80238390827));
#3461 = CIRCLE('',#3462,0.471154273188);
#3462 = AXIS2_PLACEMENT_3D('',#3463,#3464,#3465);
#3463 = CARTESIAN_POINT('',(-22.12542515287,-40.9,191.27346719627));
#3464 = DIRECTION('',(-0.,-1.,0.));
#3465 = DIRECTION('',(0.819097911645,-0.,0.573653738015));
#3466 = ORIENTED_EDGE('',*,*,#3467,.F.);
#3467 = EDGE_CURVE('',#3468,#3459,#3470,.T.);
#3468 = VERTEX_POINT('',#3469);
#3469 = CARTESIAN_POINT('',(-22.48992231093,-40.9,190.84190834387));
#3470 = CIRCLE('',#3471,1.469292842572);
#3471 = AXIS2_PLACEMENT_3D('',#3472,#3473,#3474);
#3472 = CARTESIAN_POINT('',(-22.14989175414,-40.9,192.27131405174));
#3473 = DIRECTION('',(0.,-1.,-0.));
#3474 = DIRECTION('',(2.221811718531E-02,0.,-0.999753147166));
#3475 = ORIENTED_EDGE('',*,*,#3476,.T.);
#3476 = EDGE_CURVE('',#3468,#3477,#3479,.T.);
#3477 = VERTEX_POINT('',#3478);
#3478 = CARTESIAN_POINT('',(-22.69167186452,-40.9,190.77635594021));
#3479 = CIRCLE('',#3480,0.15);
#3480 = AXIS2_PLACEMENT_3D('',#3481,#3482,#3483);
#3481 = CARTESIAN_POINT('',(-22.5580208859,-40.9,190.70825736524));
#3482 = DIRECTION('',(0.,-1.,0.));
#3483 = DIRECTION('',(0.453990499739,0.,0.891006524188));
#3484 = ORIENTED_EDGE('',*,*,#3485,.T.);
#3485 = EDGE_CURVE('',#3477,#3486,#3488,.T.);
#3486 = VERTEX_POINT('',#3487);
#3487 = CARTESIAN_POINT('',(-22.93146735013,-40.9,190.25619932174));
#3488 = LINE('',#3489,#3490);
#3489 = CARTESIAN_POINT('',(-22.75162073592,-40.9,190.64631678559));
#3490 = VECTOR('',#3491,1.);
#3491 = DIRECTION('',(-0.418659737537,0.,-0.908143173825));
#3492 = ORIENTED_EDGE('',*,*,#3493,.T.);
#3493 = EDGE_CURVE('',#3486,#3494,#3496,.T.);
#3494 = VERTEX_POINT('',#3495);
#3495 = CARTESIAN_POINT('',(-22.85028793511,-40.9,190.06021487701));
#3496 = CIRCLE('',#3497,0.15);
#3497 = AXIS2_PLACEMENT_3D('',#3498,#3499,#3500);
#3498 = CARTESIAN_POINT('',(-22.79288542025,-40.9,190.19879680689));
#3499 = DIRECTION('',(0.,-1.,0.));
#3500 = DIRECTION('',(-0.923879532511,0.,0.382683432365));
#3501 = ORIENTED_EDGE('',*,*,#3502,.F.);
#3502 = EDGE_CURVE('',#3503,#3494,#3505,.T.);
#3503 = VERTEX_POINT('',#3504);
#3504 = CARTESIAN_POINT('',(-22.57819995706,-40.9,189.80249928836));
#3505 = CIRCLE('',#3506,1.469292842571);
#3506 = AXIS2_PLACEMENT_3D('',#3507,#3508,#3509);
#3507 = CARTESIAN_POINT('',(-23.71638438114,-40.9,188.87332886589));
#3508 = DIRECTION('',(-0.,-1.,0.));
#3509 = DIRECTION('',(0.589464823446,-0.,0.807794046722));
#3510 = ORIENTED_EDGE('',*,*,#3511,.F.);
#3511 = EDGE_CURVE('',#3512,#3503,#3514,.T.);
#3512 = VERTEX_POINT('',#3513);
#3513 = CARTESIAN_POINT('',(-22.896612016,-40.9,189.03378457724));
#3514 = CIRCLE('',#3515,0.471154273188);
#3515 = AXIS2_PLACEMENT_3D('',#3516,#3517,#3518);
#3516 = CARTESIAN_POINT('',(-22.94172589305,-40.9,189.50277400915));
#3517 = DIRECTION('',(-0.,-1.,0.));
#3518 = DIRECTION('',(0.771564552598,-0.,0.636151036448));
#3519 = ORIENTED_EDGE('',*,*,#3520,.F.);
#3520 = EDGE_CURVE('',#3521,#3512,#3523,.T.);
#3521 = VERTEX_POINT('',#3522);
#3522 = CARTESIAN_POINT('',(-23.27123971071,-40.9,189.04394739125));
#3523 = CIRCLE('',#3524,1.469292842573);
#3524 = AXIS2_PLACEMENT_3D('',#3525,#3526,#3527);
#3525 = CARTESIAN_POINT('',(-23.0444072339,-40.9,190.49562520836));
#3526 = DIRECTION('',(0.,-1.,-0.));
#3527 = DIRECTION('',(0.100589354023,0.,-0.994928028481));
#3528 = ORIENTED_EDGE('',*,*,#3529,.T.);
#3529 = EDGE_CURVE('',#3521,#3530,#3532,.T.);
#3530 = VERTEX_POINT('',#3531);
#3531 = CARTESIAN_POINT('',(-23.46722415544,-40.9,188.96276797622));
#3532 = CIRCLE('',#3533,0.15);
#3533 = AXIS2_PLACEMENT_3D('',#3534,#3535,#3536);
#3534 = CARTESIAN_POINT('',(-23.32864222556,-40.9,188.90536546137));
#3535 = DIRECTION('',(0.,-1.,0.));
#3536 = DIRECTION('',(0.382683432365,0.,0.923879532511));
#3537 = ORIENTED_EDGE('',*,*,#3538,.T.);
#3538 = EDGE_CURVE('',#3530,#3539,#3541,.T.);
#3539 = VERTEX_POINT('',#3540);
#3540 = CARTESIAN_POINT('',(-23.66546941367,-40.9,188.42540069006));
#3541 = LINE('',#3542,#3543);
#3542 = CARTESIAN_POINT('',(-23.51678547,-40.9,188.82842615468));
#3543 = VECTOR('',#3544,1.);
#3544 = DIRECTION('',(-0.346117057077,0.,-0.938191335922));
#3545 = ORIENTED_EDGE('',*,*,#3546,.T.);
#3546 = EDGE_CURVE('',#3539,#3547,#3549,.T.);
#3547 = VERTEX_POINT('',#3548);
#3548 = CARTESIAN_POINT('',(-23.56916348538,-40.9,188.23638966346));
#3549 = CIRCLE('',#3550,0.15);
#3550 = AXIS2_PLACEMENT_3D('',#3551,#3552,#3553);
#3551 = CARTESIAN_POINT('',(-23.52281093622,-40.9,188.3790481409));
#3552 = DIRECTION('',(0.,-1.,0.));
#3553 = DIRECTION('',(-0.951056516295,0.,0.309016994375));
#3554 = ORIENTED_EDGE('',*,*,#3555,.F.);
#3555 = EDGE_CURVE('',#3556,#3547,#3558,.T.);
#3556 = VERTEX_POINT('',#3557);
#3557 = CARTESIAN_POINT('',(-23.27769413172,-40.9,188.00081630268));
#3558 = CIRCLE('',#3559,1.469292842575);
#3559 = AXIS2_PLACEMENT_3D('',#3560,#3561,#3562);
#3560 = CARTESIAN_POINT('',(-24.33946804195,-40.9,186.98520928184));
#3561 = DIRECTION('',(-0.,-1.,0.));
#3562 = DIRECTION('',(0.52426890968,-0.,0.851552764274));
#3563 = ORIENTED_EDGE('',*,*,#3564,.F.);
#3564 = EDGE_CURVE('',#3565,#3556,#3567,.T.);
#3565 = VERTEX_POINT('',#3566);
#3566 = CARTESIAN_POINT('',(-23.53481197144,-40.9,187.20948896025));
#3567 = CIRCLE('',#3568,0.471154273188);
#3568 = AXIS2_PLACEMENT_3D('',#3569,#3570,#3571);
#3569 = CARTESIAN_POINT('',(-23.6165832642,-40.9,187.67349306026));
#3570 = DIRECTION('',(-0.,-1.,0.));
#3571 = DIRECTION('',(0.719274241513,-0.,0.6947262522));
#3572 = ORIENTED_EDGE('',*,*,#3573,.F.);
#3573 = EDGE_CURVE('',#3574,#3565,#3576,.T.);
#3574 = VERTEX_POINT('',#3575);
#3575 = CARTESIAN_POINT('',(-23.90908217919,-40.9,187.19022749554));
#3576 = CIRCLE('',#3577,1.469292842574);
#3577 = AXIS2_PLACEMENT_3D('',#3578,#3579,#3580);
#3578 = CARTESIAN_POINT('',(-23.79684628003,-40.9,188.65522734543));
#3579 = DIRECTION('',(0.,-1.,-0.));
#3580 = DIRECTION('',(0.178340424043,0.,-0.983968847653));
#3581 = ORIENTED_EDGE('',*,*,#3582,.T.);
#3582 = EDGE_CURVE('',#3574,#3583,#3585,.T.);
#3583 = VERTEX_POINT('',#3584);
#3584 = CARTESIAN_POINT('',(-24.09809320579,-40.9,187.09392156725));
#3585 = CIRCLE('',#3586,0.15);
#3586 = AXIS2_PLACEMENT_3D('',#3587,#3588,#3589);
#3587 = CARTESIAN_POINT('',(-23.95543472835,-40.9,187.04756901809));
#3588 = DIRECTION('',(0.,-1.,0.));
#3589 = DIRECTION('',(0.309016994375,0.,0.951056516295));
#3590 = ORIENTED_EDGE('',*,*,#3591,.T.);
#3591 = EDGE_CURVE('',#3583,#3592,#3594,.T.);
#3592 = VERTEX_POINT('',#3593);
#3593 = CARTESIAN_POINT('',(-24.2535659887,-40.9,186.5426566614));
#3594 = LINE('',#3595,#3596);
#3595 = CARTESIAN_POINT('',(-24.13696140152,-40.9,186.95610534079));
#3596 = VECTOR('',#3597,1.);
#3597 = DIRECTION('',(-0.271440449865,0.,-0.962455236454));
#3598 = ORIENTED_EDGE('',*,*,#3599,.T.);
#3599 = EDGE_CURVE('',#3592,#3600,#3602,.T.);
#3600 = VERTEX_POINT('',#3601);
#3601 = CARTESIAN_POINT('',(-24.14272730522,-40.9,186.36178436876));
#3602 = CIRCLE('',#3603,0.15);
#3603 = AXIS2_PLACEMENT_3D('',#3604,#3605,#3606);
#3604 = CARTESIAN_POINT('',(-24.10771050064,-40.9,186.50763985682));
#3605 = DIRECTION('',(0.,-1.,0.));
#3606 = DIRECTION('',(-0.972369920398,0.,0.233445363856));
#3607 = ORIENTED_EDGE('',*,*,#3608,.F.);
#3608 = EDGE_CURVE('',#3609,#3600,#3611,.T.);
#3609 = VERTEX_POINT('',#3610);
#3610 = CARTESIAN_POINT('',(-23.83367358144,-40.9,186.14980562395));
#3611 = CIRCLE('',#3612,1.469292842571);
#3612 = AXIS2_PLACEMENT_3D('',#3613,#3614,#3615);
#3613 = CARTESIAN_POINT('',(-24.81249078859,-40.9,185.05402355975));
#3614 = DIRECTION('',(-0.,-1.,0.));
#3615 = DIRECTION('',(0.455840703747,-0.,0.890061375865));
#3616 = ORIENTED_EDGE('',*,*,#3617,.F.);
#3617 = EDGE_CURVE('',#3618,#3609,#3620,.T.);
#3618 = VERTEX_POINT('',#3619);
#3619 = CARTESIAN_POINT('',(-24.02791198496,-40.9,185.34074444643));
#3620 = CIRCLE('',#3621,0.471154273188);
#3621 = AXIS2_PLACEMENT_3D('',#3622,#3623,#3624);
#3622 = CARTESIAN_POINT('',(-24.14583654622,-40.9,185.79690247496));
#3623 = DIRECTION('',(-0.,-1.,0.));
#3624 = DIRECTION('',(0.662549365546,-0.,0.749018249587));
#3625 = ORIENTED_EDGE('',*,*,#3626,.F.);
#3626 = EDGE_CURVE('',#3627,#3618,#3629,.T.);
#3627 = VERTEX_POINT('',#3628);
#3628 = CARTESIAN_POINT('',(-24.39951720546,-40.9,185.29217745632));
#3629 = CIRCLE('',#3630,1.469292842574);
#3630 = AXIS2_PLACEMENT_3D('',#3631,#3632,#3633);
#3631 = CARTESIAN_POINT('',(-24.40256985559,-40.9,186.76146712775));
#3632 = DIRECTION('',(0.,-1.,-0.));
#3633 = DIRECTION('',(0.254991966045,0.,-0.966943171677));
#3634 = ORIENTED_EDGE('',*,*,#3635,.T.);
#3635 = EDGE_CURVE('',#3627,#3636,#3638,.T.);
#3636 = VERTEX_POINT('',#3637);
#3637 = CARTESIAN_POINT('',(-24.5803894981,-40.9,185.18133877284));
#3638 = CIRCLE('',#3639,0.15);
#3639 = AXIS2_PLACEMENT_3D('',#3640,#3641,#3642);
#3640 = CARTESIAN_POINT('',(-24.43453401004,-40.9,185.14632196826));
#3641 = DIRECTION('',(0.,-1.,0.));
#3642 = DIRECTION('',(0.233445363856,0.,0.972369920398));
#3643 = ORIENTED_EDGE('',*,*,#3644,.T.);
#3644 = EDGE_CURVE('',#3636,#3645,#3647,.T.);
#3645 = VERTEX_POINT('',#3646);
#3646 = CARTESIAN_POINT('',(-24.69213126429,-40.9,184.61957497876));
#3647 = LINE('',#3648,#3649);
#3648 = CARTESIAN_POINT('',(-24.60832493965,-40.9,185.04089782432));
#3649 = VECTOR('',#3650,1.);
#3650 = DIRECTION('',(-0.195090322016,0.,-0.980785280403));
#3651 = ORIENTED_EDGE('',*,*,#3652,.T.);
#3652 = EDGE_CURVE('',#3645,#3653,#3655,.T.);
#3653 = VERTEX_POINT('',#3654);
#3654 = CARTESIAN_POINT('',(-24.56744318296,-40.9,184.44795655792));
#3655 = CIRCLE('',#3656,0.15);
#3656 = AXIS2_PLACEMENT_3D('',#3657,#3658,#3659);
#3657 = CARTESIAN_POINT('',(-24.5439780132,-40.9,184.59610980901));
#3658 = DIRECTION('',(0.,-1.,0.));
#3659 = DIRECTION('',(-0.987688340595,0.,0.15643446504));
#3660 = ORIENTED_EDGE('',*,*,#3661,.F.);
#3661 = EDGE_CURVE('',#3662,#3653,#3664,.T.);
#3662 = VERTEX_POINT('',#3663);
#3663 = CARTESIAN_POINT('',(-24.24271050803,-40.9,184.26087934853));
#3664 = CIRCLE('',#3665,1.469292842572);
#3665 = AXIS2_PLACEMENT_3D('',#3666,#3667,#3668);
#3666 = CARTESIAN_POINT('',(-25.13253627852,-40.9,183.09167810178));
#3667 = DIRECTION('',(-0.,-1.,0.));
#3668 = DIRECTION('',(0.384602088294,-0.,0.923082463098));
#3669 = ORIENTED_EDGE('',*,*,#3670,.F.);
#3670 = EDGE_CURVE('',#3671,#3662,#3673,.T.);
#3671 = VERTEX_POINT('',#3672);
#3672 = CARTESIAN_POINT('',(-24.372871931,-40.9,183.43907246712));
#3673 = CIRCLE('',#3674,0.471154273188);
#3674 = AXIS2_PLACEMENT_3D('',#3675,#3676,#3677);
#3675 = CARTESIAN_POINT('',(-24.52622271662,-40.9,183.88457205824));
#3676 = DIRECTION('',(-0.,-1.,0.));
#3677 = DIRECTION('',(0.601739652421,-0.,0.798692300391));
#3678 = ORIENTED_EDGE('',*,*,#3679,.F.);
#3679 = EDGE_CURVE('',#3680,#3671,#3682,.T.);
#3680 = VERTEX_POINT('',#3681);
#3681 = CARTESIAN_POINT('',(-24.7395210945,-40.9,183.36149938326));
#3682 = CIRCLE('',#3683,1.469292842571);
#3683 = AXIS2_PLACEMENT_3D('',#3684,#3685,#3686);
#3684 = CARTESIAN_POINT('',(-24.8578434733,-40.9,184.82602021681));
#3685 = DIRECTION('',(0.,-1.,-0.));
#3686 = DIRECTION('',(0.330071397783,0.,-0.943955969506));
#3687 = ORIENTED_EDGE('',*,*,#3688,.T.);
#3688 = EDGE_CURVE('',#3680,#3689,#3691,.T.);
#3689 = VERTEX_POINT('',#3690);
#3690 = CARTESIAN_POINT('',(-24.91113951534,-40.9,183.23681130193));
#3691 = CIRCLE('',#3692,0.15);
#3692 = AXIS2_PLACEMENT_3D('',#3693,#3694,#3695);
#3693 = CARTESIAN_POINT('',(-24.76298626426,-40.9,183.21334613217));
#3694 = DIRECTION('',(0.,-1.,0.));
#3695 = DIRECTION('',(0.15643446504,0.,0.987688340595));
#3696 = ORIENTED_EDGE('',*,*,#3697,.T.);
#3697 = EDGE_CURVE('',#3689,#3698,#3700,.T.);
#3698 = VERTEX_POINT('',#3699);
#3699 = CARTESIAN_POINT('',(-24.97846133966,-40.9,182.66801208022));
#3700 = LINE('',#3701,#3702);
#3701 = CARTESIAN_POINT('',(-24.92796997142,-40.9,183.0946114965));
#3702 = VECTOR('',#3703,1.);
#3703 = DIRECTION('',(-0.117537397458,0.,-0.993068456955));
#3704 = ORIENTED_EDGE('',*,*,#3705,.T.);
#3705 = EDGE_CURVE('',#3698,#3706,#3708,.T.);
#3706 = VERTEX_POINT('',#3707);
#3707 = CARTESIAN_POINT('',(-24.84069260396,-40.9,182.5067056158));
#3708 = CIRCLE('',#3709,0.15);
#3709 = AXIS2_PLACEMENT_3D('',#3710,#3711,#3712);
#3710 = CARTESIAN_POINT('',(-24.8289237396,-40.9,182.65624321586));
#3711 = DIRECTION('',(0.,-1.,0.));
#3712 = DIRECTION('',(-0.996917333733,0.,7.845909572779E-02));
#3713 = ORIENTED_EDGE('',*,*,#3714,.F.);
#3714 = EDGE_CURVE('',#3715,#3706,#3717,.T.);
#3715 = VERTEX_POINT('',#3716);
#3716 = CARTESIAN_POINT('',(-24.50228306283,-40.9,182.34568333505));
#3717 = CIRCLE('',#3718,1.46929284257);
#3718 = AXIS2_PLACEMENT_3D('',#3719,#3720,#3721);
#3719 = CARTESIAN_POINT('',(-25.29763132488,-40.9,181.11027142023));
#3720 = DIRECTION('',(-0.,-1.,0.));
#3721 = DIRECTION('',(0.310992273073,-0.,0.95041243999));
#3722 = ORIENTED_EDGE('',*,*,#3723,.F.);
#3723 = EDGE_CURVE('',#3724,#3715,#3726,.T.);
#3724 = VERTEX_POINT('',#3725);
#3725 = CARTESIAN_POINT('',(-24.56756501679,-40.9,181.51619746243));
#3726 = CIRCLE('',#3727,0.471154273188);
#3727 = AXIS2_PLACEMENT_3D('',#3728,#3729,#3730);
#3728 = CARTESIAN_POINT('',(-24.75539656818,-40.9,181.94829196303));
#3729 = DIRECTION('',(-0.,-1.,0.));
#3730 = DIRECTION('',(0.537220014239,-0.,0.843442147572));
#3731 = ORIENTED_EDGE('',*,*,#3732,.F.);
#3732 = EDGE_CURVE('',#3733,#3724,#3735,.T.);
#3733 = VERTEX_POINT('',#3734);
#3734 = CARTESIAN_POINT('',(-24.92699760926,-40.9,181.41009654869));
#3735 = CIRCLE('',#3736,1.469292842573);
#3736 = AXIS2_PLACEMENT_3D('',#3737,#3738,#3739);
#3737 = CARTESIAN_POINT('',(-25.15986021994,-40.9,182.86081928643));
#3738 = DIRECTION('',(0.,-1.,-0.));
#3739 = DIRECTION('',(0.403115829594,0.,-0.915148964885));
#3740 = ORIENTED_EDGE('',*,*,#3741,.T.);
#3741 = EDGE_CURVE('',#3733,#3742,#3744,.T.);
#3742 = VERTEX_POINT('',#3743);
#3743 = CARTESIAN_POINT('',(-25.08830407368,-40.9,181.27232781299));
#3744 = CIRCLE('',#3745,0.15);
#3745 = AXIS2_PLACEMENT_3D('',#3746,#3747,#3748);
#3746 = CARTESIAN_POINT('',(-24.93876647362,-40.9,181.26055894863));
#3747 = DIRECTION('',(0.,-1.,0.));
#3748 = DIRECTION('',(7.845909572782E-02,0.,0.996917333733));
#3749 = ORIENTED_EDGE('',*,*,#3750,.T.);
#3750 = EDGE_CURVE('',#3742,#3751,#3753,.T.);
#3751 = VERTEX_POINT('',#3752);
#3752 = CARTESIAN_POINT('',(-25.1107908947,-40.9,180.7));
#3753 = LINE('',#3754,#3755);
#3754 = CARTESIAN_POINT('',(-25.09392577894,-40.9,181.12924585974));
#3755 = VECTOR('',#3756,1.);
#3756 = DIRECTION('',(-3.925981575907E-02,0.,-0.999229036241));
#3757 = ORIENTED_EDGE('',*,*,#3758,.T.);
#3758 = EDGE_CURVE('',#3751,#3759,#3761,.T.);
#3759 = VERTEX_POINT('',#3760);
#3760 = CARTESIAN_POINT('',(-24.9607908947,-40.9,180.55));
#3761 = CIRCLE('',#3762,0.15);
#3762 = AXIS2_PLACEMENT_3D('',#3763,#3764,#3765);
#3763 = CARTESIAN_POINT('',(-24.9607908947,-40.9,180.7));
#3764 = DIRECTION('',(0.,-1.,0.));
#3765 = DIRECTION('',(-1.,0.,0.));
#3766 = ORIENTED_EDGE('',*,*,#3767,.F.);
#3767 = EDGE_CURVE('',#3768,#3759,#3770,.T.);
#3768 = VERTEX_POINT('',#3769);
#3769 = CARTESIAN_POINT('',(-24.6107908947,-40.9,180.41602540378));
#3770 = CIRCLE('',#3771,1.469292842573);
#3771 = AXIS2_PLACEMENT_3D('',#3772,#3773,#3774);
#3772 = CARTESIAN_POINT('',(-25.30675806181,-40.9,179.12201954617));
#3773 = DIRECTION('',(-0.,-1.,0.));
#3774 = DIRECTION('',(0.235465087074,-0.,0.971882808146));
#3775 = ORIENTED_EDGE('',*,*,#3776,.F.);
#3776 = EDGE_CURVE('',#3777,#3768,#3779,.T.);
#3777 = VERTEX_POINT('',#3778);
#3778 = CARTESIAN_POINT('',(-24.6107908947,-40.9,179.58397459621));
#3779 = CIRCLE('',#3780,0.471154273188);
#3780 = AXIS2_PLACEMENT_3D('',#3781,#3782,#3783);
#3781 = CARTESIAN_POINT('',(-24.83194516789,-40.9,180.));
#3782 = DIRECTION('',(-0.,-1.,0.));
#3783 = DIRECTION('',(0.469388236026,-0.,0.88299189344));
#3784 = ORIENTED_EDGE('',*,*,#3785,.F.);
#3785 = EDGE_CURVE('',#3786,#3777,#3788,.T.);
#3786 = VERTEX_POINT('',#3787);
#3787 = CARTESIAN_POINT('',(-24.9607908947,-40.9,179.45));
#3788 = CIRCLE('',#3789,1.469292842572);
#3789 = AXIS2_PLACEMENT_3D('',#3790,#3791,#3792);
#3790 = CARTESIAN_POINT('',(-25.30675806181,-40.9,180.87798045382));
#3791 = DIRECTION('',(0.,-1.,-0.));
#3792 = DIRECTION('',(0.473674918265,0.,-0.880699762579));
#3793 = ORIENTED_EDGE('',*,*,#3794,.T.);
#3794 = EDGE_CURVE('',#3786,#3795,#3797,.T.);
#3795 = VERTEX_POINT('',#3796);
#3796 = CARTESIAN_POINT('',(-25.1107908947,-40.9,179.3));
#3797 = CIRCLE('',#3798,0.15);
#3798 = AXIS2_PLACEMENT_3D('',#3799,#3800,#3801);
#3799 = CARTESIAN_POINT('',(-24.9607908947,-40.9,179.3));
#3800 = DIRECTION('',(0.,-1.,0.));
#3801 = DIRECTION('',(-3.079018521626E-13,0.,1.));
#3802 = ORIENTED_EDGE('',*,*,#3803,.T.);
#3803 = EDGE_CURVE('',#3795,#3804,#3806,.T.);
#3804 = VERTEX_POINT('',#3805);
#3805 = CARTESIAN_POINT('',(-25.08830407368,-40.9,178.727672187));
#3806 = LINE('',#3807,#3808);
#3807 = CARTESIAN_POINT('',(-25.10516918944,-40.9,179.15691804675));
#3808 = VECTOR('',#3809,1.);
#3809 = DIRECTION('',(3.925981575907E-02,0.,-0.999229036241));
#3810 = ORIENTED_EDGE('',*,*,#3811,.T.);
#3811 = EDGE_CURVE('',#3804,#3812,#3814,.T.);
#3812 = VERTEX_POINT('',#3813);
#3813 = CARTESIAN_POINT('',(-24.92699760926,-40.9,178.5899034513));
#3814 = CIRCLE('',#3815,0.15);
#3815 = AXIS2_PLACEMENT_3D('',#3816,#3817,#3818);
#3816 = CARTESIAN_POINT('',(-24.93876647362,-40.9,178.73944105136));
#3817 = DIRECTION('',(0.,-1.,0.));
#3818 = DIRECTION('',(-0.996917333733,-0.,-7.845909572779E-02));
#3819 = ORIENTED_EDGE('',*,*,#3820,.F.);
#3820 = EDGE_CURVE('',#3821,#3812,#3823,.T.);
#3821 = VERTEX_POINT('',#3822);
#3822 = CARTESIAN_POINT('',(-24.56756501679,-40.9,178.48380253756));
#3823 = CIRCLE('',#3824,1.469292842573);
#3824 = AXIS2_PLACEMENT_3D('',#3825,#3826,#3827);
#3825 = CARTESIAN_POINT('',(-25.15986021994,-40.9,177.13918071356));
#3826 = DIRECTION('',(-0.,-1.,0.));
#3827 = DIRECTION('',(0.158486180513,-0.,0.987361195605));
#3828 = ORIENTED_EDGE('',*,*,#3829,.F.);
#3829 = EDGE_CURVE('',#3830,#3821,#3832,.T.);
#3830 = VERTEX_POINT('',#3831);
#3831 = CARTESIAN_POINT('',(-24.50228306283,-40.9,177.65431666494));
#3832 = CIRCLE('',#3833,0.471154273188);
#3833 = AXIS2_PLACEMENT_3D('',#3834,#3835,#3836);
#3834 = CARTESIAN_POINT('',(-24.75539656818,-40.9,178.05170803696));
#3835 = DIRECTION('',(-0.,-1.,0.));
#3836 = DIRECTION('',(0.398662523251,-0.,0.91709770066));
#3837 = ORIENTED_EDGE('',*,*,#3838,.F.);
#3838 = EDGE_CURVE('',#3839,#3830,#3841,.T.);
#3839 = VERTEX_POINT('',#3840);
#3840 = CARTESIAN_POINT('',(-24.84069260396,-40.9,177.49329438419));
#3841 = CIRCLE('',#3842,1.469292842574);
#3842 = AXIS2_PLACEMENT_3D('',#3843,#3844,#3845);
#3843 = CARTESIAN_POINT('',(-25.29763132489,-40.9,178.88972857976));
#3844 = DIRECTION('',(0.,-1.,-0.));
#3845 = DIRECTION('',(0.541313643553,0.,-0.840820753373));
#3846 = ORIENTED_EDGE('',*,*,#3847,.T.);
#3847 = EDGE_CURVE('',#3839,#3848,#3850,.T.);
#3848 = VERTEX_POINT('',#3849);
#3849 = CARTESIAN_POINT('',(-24.97846133966,-40.9,177.33198791977));
#3850 = CIRCLE('',#3851,0.15);
#3851 = AXIS2_PLACEMENT_3D('',#3852,#3853,#3854);
#3852 = CARTESIAN_POINT('',(-24.8289237396,-40.9,177.34375678413));
#3853 = DIRECTION('',(0.,-1.,0.));
#3854 = DIRECTION('',(-7.845909572771E-02,0.,0.996917333733));
#3855 = ORIENTED_EDGE('',*,*,#3856,.T.);
#3856 = EDGE_CURVE('',#3848,#3857,#3859,.T.);
#3857 = VERTEX_POINT('',#3858);
#3858 = CARTESIAN_POINT('',(-24.91113951534,-40.9,176.76318869806));
#3859 = LINE('',#3860,#3861);
#3860 = CARTESIAN_POINT('',(-24.96163088358,-40.9,177.18978811435));
#3861 = VECTOR('',#3862,1.);
#3862 = DIRECTION('',(0.117537397458,0.,-0.993068456955));
#3863 = ORIENTED_EDGE('',*,*,#3864,.T.);
#3864 = EDGE_CURVE('',#3857,#3865,#3867,.T.);
#3865 = VERTEX_POINT('',#3866);
#3866 = CARTESIAN_POINT('',(-24.7395210945,-40.9,176.63850061673));
#3867 = CIRCLE('',#3868,0.15);
#3868 = AXIS2_PLACEMENT_3D('',#3869,#3870,#3871);
#3869 = CARTESIAN_POINT('',(-24.76298626426,-40.9,176.78665386782));
#3870 = DIRECTION('',(0.,-1.,0.));
#3871 = DIRECTION('',(-0.987688340595,-0.,-0.156434465041));
#3872 = ORIENTED_EDGE('',*,*,#3873,.F.);
#3873 = EDGE_CURVE('',#3874,#3865,#3876,.T.);
#3874 = VERTEX_POINT('',#3875);
#3875 = CARTESIAN_POINT('',(-24.372871931,-40.9,176.56092753287));
#3876 = CIRCLE('',#3877,1.469292842571);
#3877 = AXIS2_PLACEMENT_3D('',#3878,#3879,#3880);
#3878 = CARTESIAN_POINT('',(-24.8578434733,-40.9,175.17397978318));
#3879 = DIRECTION('',(-0.,-1.,0.));
#3880 = DIRECTION('',(8.053015394598E-02,-0.,0.996752172962));
#3881 = ORIENTED_EDGE('',*,*,#3882,.F.);
#3882 = EDGE_CURVE('',#3883,#3874,#3885,.T.);
#3883 = VERTEX_POINT('',#3884);
#3884 = CARTESIAN_POINT('',(-24.24271050803,-40.9,175.73912065146));
#3885 = CIRCLE('',#3886,0.471154273188);
#3886 = AXIS2_PLACEMENT_3D('',#3887,#3888,#3889);
#3887 = CARTESIAN_POINT('',(-24.52622271662,-40.9,176.11542794175));
#3888 = DIRECTION('',(-0.,-1.,0.));
#3889 = DIRECTION('',(0.325478923451,-0.,0.945549295589));
#3890 = ORIENTED_EDGE('',*,*,#3891,.F.);
#3891 = EDGE_CURVE('',#3892,#3883,#3894,.T.);
#3892 = VERTEX_POINT('',#3893);
#3893 = CARTESIAN_POINT('',(-24.56744318296,-40.9,175.55204344207));
#3894 = CIRCLE('',#3895,1.469292842573);
#3895 = AXIS2_PLACEMENT_3D('',#3896,#3897,#3898);
#3896 = CARTESIAN_POINT('',(-25.13253627852,-40.9,176.90832189821));
#3897 = DIRECTION('',(0.,-1.,-0.));
#3898 = DIRECTION('',(0.605614990223,0.,-0.795757804622));
#3899 = ORIENTED_EDGE('',*,*,#3900,.T.);
#3900 = EDGE_CURVE('',#3892,#3901,#3903,.T.);
#3901 = VERTEX_POINT('',#3902);
#3902 = CARTESIAN_POINT('',(-24.69213126429,-40.9,175.38042502123));
#3903 = CIRCLE('',#3904,0.15);
#3904 = AXIS2_PLACEMENT_3D('',#3905,#3906,#3907);
#3905 = CARTESIAN_POINT('',(-24.5439780132,-40.9,175.40389019098));
#3906 = DIRECTION('',(0.,-1.,0.));
#3907 = DIRECTION('',(-0.15643446504,0.,0.987688340595));
#3908 = ORIENTED_EDGE('',*,*,#3909,.T.);
#3909 = EDGE_CURVE('',#3901,#3910,#3912,.T.);
#3910 = VERTEX_POINT('',#3911);
#3911 = CARTESIAN_POINT('',(-24.5803894981,-40.9,174.81866122715));
#3912 = LINE('',#3913,#3914);
#3913 = CARTESIAN_POINT('',(-24.66419582274,-40.9,175.23998407271));
#3914 = VECTOR('',#3915,1.);
#3915 = DIRECTION('',(0.195090322016,0.,-0.980785280403));
#3916 = ORIENTED_EDGE('',*,*,#3917,.T.);
#3917 = EDGE_CURVE('',#3910,#3918,#3920,.T.);
#3918 = VERTEX_POINT('',#3919);
#3919 = CARTESIAN_POINT('',(-24.39951720546,-40.9,174.70782254367));
#3920 = CIRCLE('',#3921,0.15);
#3921 = AXIS2_PLACEMENT_3D('',#3922,#3923,#3924);
#3922 = CARTESIAN_POINT('',(-24.43453401004,-40.9,174.85367803173));
#3923 = DIRECTION('',(0.,-1.,0.));
#3924 = DIRECTION('',(-0.972369920398,-0.,-0.233445363856));
#3925 = ORIENTED_EDGE('',*,*,#3926,.F.);
#3926 = EDGE_CURVE('',#3927,#3918,#3929,.T.);
#3927 = VERTEX_POINT('',#3928);
#3928 = CARTESIAN_POINT('',(-24.02791198496,-40.9,174.65925555356));
#3929 = CIRCLE('',#3930,1.469292842574);
#3930 = AXIS2_PLACEMENT_3D('',#3931,#3932,#3933);
#3931 = CARTESIAN_POINT('',(-24.40256985559,-40.9,173.23853287224));
#3932 = DIRECTION('',(-0.,-1.,0.));
#3933 = DIRECTION('',(2.077632201815E-03,-0.,0.99999784172));
#3934 = ORIENTED_EDGE('',*,*,#3935,.F.);
#3935 = EDGE_CURVE('',#3936,#3927,#3938,.T.);
#3936 = VERTEX_POINT('',#3937);
#3937 = CARTESIAN_POINT('',(-23.83367358144,-40.9,173.85019437604));
#3938 = CIRCLE('',#3939,0.471154273188);
#3939 = AXIS2_PLACEMENT_3D('',#3940,#3941,#3942);
#3940 = CARTESIAN_POINT('',(-24.14583654622,-40.9,174.20309752503));
#3941 = DIRECTION('',(-0.,-1.,0.));
#3942 = DIRECTION('',(0.250288637855,-0.,0.968171264685));
#3943 = ORIENTED_EDGE('',*,*,#3944,.F.);
#3944 = EDGE_CURVE('',#3945,#3936,#3947,.T.);
#3945 = VERTEX_POINT('',#3946);
#3946 = CARTESIAN_POINT('',(-24.14272730522,-40.9,173.63821563123));
#3947 = CIRCLE('',#3948,1.469292842571);
#3948 = AXIS2_PLACEMENT_3D('',#3949,#3950,#3951);
#3949 = CARTESIAN_POINT('',(-24.81249078859,-40.9,174.94597644024));
#3950 = DIRECTION('',(0.,-1.,-0.));
#3951 = DIRECTION('',(0.666182519091,0.,-0.745788744389));
#3952 = ORIENTED_EDGE('',*,*,#3953,.T.);
#3953 = EDGE_CURVE('',#3945,#3954,#3956,.T.);
#3954 = VERTEX_POINT('',#3955);
#3955 = CARTESIAN_POINT('',(-24.2535659887,-40.9,173.45734333859));
#3956 = CIRCLE('',#3957,0.15);
#3957 = AXIS2_PLACEMENT_3D('',#3958,#3959,#3960);
#3958 = CARTESIAN_POINT('',(-24.10771050064,-40.9,173.49236014317));
#3959 = DIRECTION('',(0.,-1.,0.));
#3960 = DIRECTION('',(-0.233445363856,0.,0.972369920398));
#3961 = ORIENTED_EDGE('',*,*,#3962,.T.);
#3962 = EDGE_CURVE('',#3954,#3963,#3965,.T.);
#3963 = VERTEX_POINT('',#3964);
#3964 = CARTESIAN_POINT('',(-24.09809320579,-40.9,172.90607843274));
#3965 = LINE('',#3966,#3967);
#3966 = CARTESIAN_POINT('',(-24.21469779297,-40.9,173.31952711213));
#3967 = VECTOR('',#3968,1.);
#3968 = DIRECTION('',(0.271440449865,0.,-0.962455236454));
#3969 = ORIENTED_EDGE('',*,*,#3970,.T.);
#3970 = EDGE_CURVE('',#3963,#3971,#3973,.T.);
#3971 = VERTEX_POINT('',#3972);
#3972 = CARTESIAN_POINT('',(-23.90908217919,-40.9,172.80977250446));
#3973 = CIRCLE('',#3974,0.15);
#3974 = AXIS2_PLACEMENT_3D('',#3975,#3976,#3977);
#3975 = CARTESIAN_POINT('',(-23.95543472835,-40.9,172.9524309819));
#3976 = DIRECTION('',(0.,-1.,0.));
#3977 = DIRECTION('',(-0.951056516295,-0.,-0.309016994375));
#3978 = ORIENTED_EDGE('',*,*,#3979,.F.);
#3979 = EDGE_CURVE('',#3980,#3971,#3982,.T.);
#3980 = VERTEX_POINT('',#3981);
#3981 = CARTESIAN_POINT('',(-23.53481197144,-40.9,172.79051103974));
#3982 = CIRCLE('',#3983,1.469292842571);
#3983 = AXIS2_PLACEMENT_3D('',#3984,#3985,#3986);
#3984 = CARTESIAN_POINT('',(-23.79684628003,-40.9,171.34477265457));
#3985 = DIRECTION('',(0.,-1.,-0.));
#3986 = DIRECTION('',(-7.638769883634E-02,-0.,0.99707819125));
#3987 = ORIENTED_EDGE('',*,*,#3988,.F.);
#3988 = EDGE_CURVE('',#3989,#3980,#3991,.T.);
#3989 = VERTEX_POINT('',#3990);
#3990 = CARTESIAN_POINT('',(-23.27769413172,-40.9,171.99918369731));
#3991 = CIRCLE('',#3992,0.471154273188);
#3992 = AXIS2_PLACEMENT_3D('',#3993,#3994,#3995);
#3993 = CARTESIAN_POINT('',(-23.6165832642,-40.9,172.32650693973));
#3994 = DIRECTION('',(-0.,-1.,0.));
#3995 = DIRECTION('',(0.173555239577,-0.,0.984824135983));
#3996 = ORIENTED_EDGE('',*,*,#3997,.F.);
#3997 = EDGE_CURVE('',#3998,#3989,#4000,.T.);
#3998 = VERTEX_POINT('',#3999);
#3999 = CARTESIAN_POINT('',(-23.56916348538,-40.9,171.76361033653));
#4000 = CIRCLE('',#4001,1.469292842572);
#4001 = AXIS2_PLACEMENT_3D('',#4002,#4003,#4004);
#4002 = CARTESIAN_POINT('',(-24.33946804195,-40.9,173.01479071815));
#4003 = DIRECTION('',(0.,-1.,-0.));
#4004 = DIRECTION('',(0.722642811201,0.,-0.691221648547));
#4005 = ORIENTED_EDGE('',*,*,#4006,.T.);
#4006 = EDGE_CURVE('',#3998,#4007,#4009,.T.);
#4007 = VERTEX_POINT('',#4008);
#4008 = CARTESIAN_POINT('',(-23.66546941367,-40.9,171.57459930993));
#4009 = CIRCLE('',#4010,0.15);
#4010 = AXIS2_PLACEMENT_3D('',#4011,#4012,#4013);
#4011 = CARTESIAN_POINT('',(-23.52281093622,-40.9,171.62095185909));
#4012 = DIRECTION('',(0.,-1.,0.));
#4013 = DIRECTION('',(-0.309016994375,0.,0.951056516295));
#4014 = ORIENTED_EDGE('',*,*,#4015,.T.);
#4015 = EDGE_CURVE('',#4007,#4016,#4018,.T.);
#4016 = VERTEX_POINT('',#4017);
#4017 = CARTESIAN_POINT('',(-23.46722415544,-40.9,171.03723202377));
#4018 = LINE('',#4019,#4020);
#4019 = CARTESIAN_POINT('',(-23.61590809911,-40.9,171.44025748839));
#4020 = VECTOR('',#4021,1.);
#4021 = DIRECTION('',(0.346117057077,0.,-0.938191335922));
#4022 = ORIENTED_EDGE('',*,*,#4023,.T.);
#4023 = EDGE_CURVE('',#4016,#4024,#4026,.T.);
#4024 = VERTEX_POINT('',#4025);
#4025 = CARTESIAN_POINT('',(-23.27123971071,-40.9,170.95605260874));
#4026 = CIRCLE('',#4027,0.15);
#4027 = AXIS2_PLACEMENT_3D('',#4028,#4029,#4030);
#4028 = CARTESIAN_POINT('',(-23.32864222556,-40.9,171.09463453862));
#4029 = DIRECTION('',(0.,-1.,0.));
#4030 = DIRECTION('',(-0.923879532511,-0.,-0.382683432365));
#4031 = ORIENTED_EDGE('',*,*,#4032,.F.);
#4032 = EDGE_CURVE('',#4033,#4024,#4035,.T.);
#4033 = VERTEX_POINT('',#4034);
#4034 = CARTESIAN_POINT('',(-22.896612016,-40.9,170.96621542275));
#4035 = CIRCLE('',#4036,1.469292842573);
#4036 = AXIS2_PLACEMENT_3D('',#4037,#4038,#4039);
#4037 = CARTESIAN_POINT('',(-23.0444072339,-40.9,169.50437479163));
#4038 = DIRECTION('',(0.,-1.,-0.));
#4039 = DIRECTION('',(-0.154382074309,-0.,0.988011222169));
#4040 = ORIENTED_EDGE('',*,*,#4041,.F.);
#4041 = EDGE_CURVE('',#4042,#4033,#4044,.T.);
#4042 = VERTEX_POINT('',#4043);
#4043 = CARTESIAN_POINT('',(-22.57819995706,-40.9,170.19750071163));
#4044 = CIRCLE('',#4045,0.471154273188);
#4045 = AXIS2_PLACEMENT_3D('',#4046,#4047,#4048);
#4046 = CARTESIAN_POINT('',(-22.94172589305,-40.9,170.49722599085));
#4047 = DIRECTION('',(-0.,-1.,0.));
#4048 = DIRECTION('',(9.575181553432E-02,-0.,0.995405238997));
#4049 = ORIENTED_EDGE('',*,*,#4050,.F.);
#4050 = EDGE_CURVE('',#4051,#4042,#4053,.T.);
#4051 = VERTEX_POINT('',#4052);
#4052 = CARTESIAN_POINT('',(-22.85028793511,-40.9,169.93978512298));
#4053 = CIRCLE('',#4054,1.46929284257);
#4054 = AXIS2_PLACEMENT_3D('',#4055,#4056,#4057);
#4055 = CARTESIAN_POINT('',(-23.71638438114,-40.9,171.1266711341));
#4056 = DIRECTION('',(0.,-1.,-0.));
#4057 = DIRECTION('',(0.774647770076,0.,-0.632392941387));
#4058 = ORIENTED_EDGE('',*,*,#4059,.T.);
#4059 = EDGE_CURVE('',#4051,#4060,#4062,.T.);
#4060 = VERTEX_POINT('',#4061);
#4061 = CARTESIAN_POINT('',(-22.93146735013,-40.9,169.74380067825));
#4062 = CIRCLE('',#4063,0.15);
#4063 = AXIS2_PLACEMENT_3D('',#4064,#4065,#4066);
#4064 = CARTESIAN_POINT('',(-22.79288542025,-40.9,169.80120319311));
#4065 = DIRECTION('',(0.,-1.,-0.));
#4066 = DIRECTION('',(-0.382683432365,-0.,0.923879532511));
#4067 = ORIENTED_EDGE('',*,*,#4068,.T.);
#4068 = EDGE_CURVE('',#4060,#4069,#4071,.T.);
#4069 = VERTEX_POINT('',#4070);
#4070 = CARTESIAN_POINT('',(-22.69167186452,-40.9,169.22364405979));
#4071 = LINE('',#4072,#4073);
#4072 = CARTESIAN_POINT('',(-22.87151847873,-40.9,169.61376152363));
#4073 = VECTOR('',#4074,1.);
#4074 = DIRECTION('',(0.418659737537,0.,-0.908143173825));
#4075 = ORIENTED_EDGE('',*,*,#4076,.T.);
#4076 = EDGE_CURVE('',#4069,#4077,#4079,.T.);
#4077 = VERTEX_POINT('',#4078);
#4078 = CARTESIAN_POINT('',(-22.48992231093,-40.9,169.15809165612));
#4079 = CIRCLE('',#4080,0.15);
#4080 = AXIS2_PLACEMENT_3D('',#4081,#4082,#4083);
#4081 = CARTESIAN_POINT('',(-22.5580208859,-40.9,169.29174263475));
#4082 = DIRECTION('',(0.,-1.,0.));
#4083 = DIRECTION('',(-0.891006524188,-0.,-0.45399049974));
#4084 = ORIENTED_EDGE('',*,*,#4085,.F.);
#4085 = EDGE_CURVE('',#4086,#4077,#4088,.T.);
#4086 = VERTEX_POINT('',#4087);
#4087 = CARTESIAN_POINT('',(-22.11724683358,-40.9,169.19761609172));
#4088 = CIRCLE('',#4089,1.469292842572);
#4089 = AXIS2_PLACEMENT_3D('',#4090,#4091,#4092);
#4090 = CARTESIAN_POINT('',(-22.14989175414,-40.9,167.72868594825));
#4091 = DIRECTION('',(-0.,-1.,0.));
#4092 = DIRECTION('',(-0.231424632957,0.,0.972852835356));
#4093 = ORIENTED_EDGE('',*,*,#4094,.F.);
#4094 = EDGE_CURVE('',#4095,#4086,#4097,.T.);
#4095 = VERTEX_POINT('',#4096);
#4096 = CARTESIAN_POINT('',(-21.73950367164,-40.9,168.45625339372));
#4097 = CIRCLE('',#4098,0.471154273188);
#4098 = AXIS2_PLACEMENT_3D('',#4099,#4100,#4101);
#4099 = CARTESIAN_POINT('',(-22.12542515287,-40.9,168.72653280372));
#4100 = DIRECTION('',(-0.,-1.,0.));
#4101 = DIRECTION('',(1.735804970809E-02,-0.,0.999849337706));
#4102 = ORIENTED_EDGE('',*,*,#4103,.F.);
#4103 = EDGE_CURVE('',#4104,#4095,#4106,.T.);
#4104 = VERTEX_POINT('',#4105);
#4105 = CARTESIAN_POINT('',(-21.99053276122,-40.9,168.17798447951));
#4106 = CIRCLE('',#4107,1.469292842571);
#4107 = AXIS2_PLACEMENT_3D('',#4108,#4109,#4110);
#4108 = CARTESIAN_POINT('',(-22.94708132412,-40.9,169.29325857319));
#4109 = DIRECTION('',(0.,-1.,-0.));
#4110 = DIRECTION('',(0.821876767853,0.,-0.569665321451));
#4111 = ORIENTED_EDGE('',*,*,#4112,.T.);
#4112 = EDGE_CURVE('',#4104,#4113,#4115,.T.);
#4113 = VERTEX_POINT('',#4114);
#4114 = CARTESIAN_POINT('',(-22.05608516489,-40.9,167.97623492592));
#4115 = CIRCLE('',#4116,0.15);
#4116 = AXIS2_PLACEMENT_3D('',#4117,#4118,#4119);
#4117 = CARTESIAN_POINT('',(-21.92243418626,-40.9,168.04433350088));
#4118 = DIRECTION('',(0.,-1.,-0.));
#4119 = DIRECTION('',(-0.45399049974,-0.,0.891006524188));
#4120 = ORIENTED_EDGE('',*,*,#4121,.T.);
#4121 = EDGE_CURVE('',#4113,#4122,#4124,.T.);
#4122 = VERTEX_POINT('',#4123);
#4123 = CARTESIAN_POINT('',(-21.77621787082,-40.9,167.47649591368));
#4124 = LINE('',#4125,#4126);
#4125 = CARTESIAN_POINT('',(-21.98611834137,-40.9,167.85130017286));
#4126 = VECTOR('',#4127,1.);
#4127 = DIRECTION('',(0.488621241497,0.,-0.872496007073));
#4128 = ORIENTED_EDGE('',*,*,#4129,.T.);
#4129 = EDGE_CURVE('',#4122,#4130,#4132,.T.);
#4130 = VERTEX_POINT('',#4131);
#4131 = CARTESIAN_POINT('',(-21.56994706146,-40.9,167.42697467373));
#4132 = CIRCLE('',#4133,0.15);
#4133 = AXIS2_PLACEMENT_3D('',#4134,#4135,#4136);
#4134 = CARTESIAN_POINT('',(-21.64832184616,-40.9,167.55487069839));
#4135 = DIRECTION('',(0.,-1.,0.));
#4136 = DIRECTION('',(-0.852640164354,-0.,-0.522498564716));
#4137 = ORIENTED_EDGE('',*,*,#4138,.F.);
#4138 = EDGE_CURVE('',#4139,#4130,#4141,.T.);
#4139 = VERTEX_POINT('',#4140);
#4140 = CARTESIAN_POINT('',(-21.2015214697,-40.9,167.49561704965));
#4141 = CIRCLE('',#4142,1.469292842572);
#4142 = AXIS2_PLACEMENT_3D('',#4143,#4144,#4145);
#4143 = CARTESIAN_POINT('',(-21.11881482612,-40.9,166.02865383663));
#4144 = DIRECTION('',(-0.,-1.,0.));
#4145 = DIRECTION('',(-0.307040381786,0.,0.951696487307));
#4146 = ORIENTED_EDGE('',*,*,#4147,.F.);
#4147 = EDGE_CURVE('',#4148,#4139,#4150,.T.);
#4148 = VERTEX_POINT('',#4149);
#4149 = CARTESIAN_POINT('',(-20.76677611698,-40.9,166.78617711233));
#4150 = CIRCLE('',#4151,0.471154273188);
#4151 = AXIS2_PLACEMENT_3D('',#4152,#4153,#4154);
#4152 = CARTESIAN_POINT('',(-21.17271380918,-40.9,167.02534429067));
#4153 = DIRECTION('',(-0.,-1.,0.));
#4154 = DIRECTION('',(-6.11427342666E-02,0.,0.998129032764));
#4155 = ORIENTED_EDGE('',*,*,#4156,.F.);
#4156 = EDGE_CURVE('',#4157,#4148,#4159,.T.);
#4157 = VERTEX_POINT('',#4158);
#4158 = CARTESIAN_POINT('',(-20.99519864027,-40.9,166.48907049294));
#4159 = CIRCLE('',#4160,1.469292842571);
#4160 = AXIS2_PLACEMENT_3D('',#4161,#4162,#4163);
#4161 = CARTESIAN_POINT('',(-22.03630188006,-40.9,167.52585663353));
#4162 = DIRECTION('',(0.,-1.,-0.));
#4163 = DIRECTION('',(0.864038622053,0.,-0.503425525376));
#4164 = ORIENTED_EDGE('',*,*,#4165,.T.);
#4165 = EDGE_CURVE('',#4157,#4166,#4168,.T.);
#4166 = VERTEX_POINT('',#4167);
#4167 = CARTESIAN_POINT('',(-21.04471988022,-40.9,166.28279968358));
#4168 = CIRCLE('',#4169,0.15);
#4169 = AXIS2_PLACEMENT_3D('',#4170,#4171,#4172);
#4170 = CARTESIAN_POINT('',(-20.91682385556,-40.9,166.36117446829));
#4171 = DIRECTION('',(0.,-1.,-0.));
#4172 = DIRECTION('',(-0.522498564716,-0.,0.852640164354));
#4173 = ORIENTED_EDGE('',*,*,#4174,.T.);
#4174 = EDGE_CURVE('',#4166,#4175,#4177,.T.);
#4175 = VERTEX_POINT('',#4176);
#4176 = CARTESIAN_POINT('',(-20.72650625261,-40.9,165.80655933475));
#4177 = LINE('',#4178,#4179);
#4178 = CARTESIAN_POINT('',(-20.96516647331,-40.9,166.16373959638));
#4179 = VECTOR('',#4180,1.);
#4180 = DIRECTION('',(0.55557023302,0.,-0.831469612303));
#4181 = ORIENTED_EDGE('',*,*,#4182,.T.);
#4182 = EDGE_CURVE('',#4175,#4183,#4185,.T.);
#4183 = VERTEX_POINT('',#4184);
#4184 = CARTESIAN_POINT('',(-20.51698591561,-40.9,165.77337457344));
#4185 = CIRCLE('',#4186,0.15);
#4186 = AXIS2_PLACEMENT_3D('',#4187,#4188,#4189);
#4187 = CARTESIAN_POINT('',(-20.60515370345,-40.9,165.8947271226));
#4188 = DIRECTION('',(0.,-1.,0.));
#4189 = DIRECTION('',(-0.809016994375,-0.,-0.587785252293));
#4190 = ORIENTED_EDGE('',*,*,#4191,.F.);
#4191 = EDGE_CURVE('',#4192,#4183,#4194,.T.);
#4192 = VERTEX_POINT('',#4193);
#4193 = CARTESIAN_POINT('',(-20.15508167574,-40.9,165.87071168659));
#4194 = CIRCLE('',#4195,1.469292842572);
#4195 = AXIS2_PLACEMENT_3D('',#4196,#4197,#4198);
#4196 = CARTESIAN_POINT('',(-19.95753338198,-40.9,164.41475972005));
#4197 = DIRECTION('',(-0.,-1.,0.));
#4198 = DIRECTION('',(-0.38076312456,0.,0.924672613943));
#4199 = ORIENTED_EDGE('',*,*,#4200,.F.);
#4200 = EDGE_CURVE('',#4201,#4192,#4203,.T.);
#4201 = VERTEX_POINT('',#4202);
#4202 = CARTESIAN_POINT('',(-19.6660144819,-40.9,165.19756844308));
#4203 = CIRCLE('',#4204,0.471154273188);
#4204 = AXIS2_PLACEMENT_3D('',#4205,#4206,#4207);
#4205 = CARTESIAN_POINT('',(-20.08946564421,-40.9,165.40414884457));
#4206 = DIRECTION('',(-0.,-1.,0.));
#4207 = DIRECTION('',(-0.139266552953,0.,0.990254930424));
#4208 = ORIENTED_EDGE('',*,*,#4209,.F.);
#4209 = EDGE_CURVE('',#4210,#4201,#4212,.T.);
#4210 = VERTEX_POINT('',#4211);
#4211 = CARTESIAN_POINT('',(-19.87042213809,-40.9,164.88345587963));
#4212 = CIRCLE('',#4213,1.469292842572);
#4213 = AXIS2_PLACEMENT_3D('',#4214,#4215,#4216);
#4214 = CARTESIAN_POINT('',(-20.9896613071,-40.9,165.8353619358));
#4215 = DIRECTION('',(0.,-1.,-0.));
#4216 = DIRECTION('',(0.900873390827,0.,-0.434081943531));
#4217 = ORIENTED_EDGE('',*,*,#4218,.T.);
#4218 = EDGE_CURVE('',#4210,#4219,#4221,.T.);
#4219 = VERTEX_POINT('',#4220);
#4220 = CARTESIAN_POINT('',(-19.9036068994,-40.9,164.67393554263));
#4221 = CIRCLE('',#4222,0.15);
#4222 = AXIS2_PLACEMENT_3D('',#4223,#4224,#4225);
#4223 = CARTESIAN_POINT('',(-19.78225435025,-40.9,164.76210333047));
#4224 = DIRECTION('',(0.,-1.,-0.));
#4225 = DIRECTION('',(-0.587785252293,-0.,0.809016994375));
#4226 = ORIENTED_EDGE('',*,*,#4227,.T.);
#4227 = EDGE_CURVE('',#4219,#4228,#4230,.T.);
#4228 = VERTEX_POINT('',#4229);
#4229 = CARTESIAN_POINT('',(-19.54900883109,-40.9,164.22413003732));
#4230 = LINE('',#4231,#4232);
#4231 = CARTESIAN_POINT('',(-19.81495738232,-40.9,164.5614841663));
#4232 = VECTOR('',#4233,1.);
#4233 = DIRECTION('',(0.61909394931,0.,-0.785316930881));
#4234 = ORIENTED_EDGE('',*,*,#4235,.T.);
#4235 = EDGE_CURVE('',#4228,#4236,#4238,.T.);
#4236 = VERTEX_POINT('',#4237);
#4237 = CARTESIAN_POINT('',(-19.337530729,-40.9,164.20748634973));
#4238 = CIRCLE('',#4239,0.15);
#4239 = AXIS2_PLACEMENT_3D('',#4240,#4241,#4242);
#4240 = CARTESIAN_POINT('',(-19.43494793625,-40.9,164.32154724457));
#4241 = DIRECTION('',(0.,-1.,0.));
#4242 = DIRECTION('',(-0.7604059656,-0.,-0.64944804833));
#4243 = ORIENTED_EDGE('',*,*,#4244,.F.);
#4244 = EDGE_CURVE('',#4245,#4236,#4247,.T.);
#4245 = VERTEX_POINT('',#4246);
#4246 = CARTESIAN_POINT('',(-18.98437910101,-40.9,164.33291808445));
#4247 = CIRCLE('',#4248,1.469292842573);
#4248 = AXIS2_PLACEMENT_3D('',#4249,#4250,#4251);
#4249 = CARTESIAN_POINT('',(-18.67320710799,-40.9,162.89695379241));
#4250 = DIRECTION('',(-0.,-1.,0.));
#4251 = DIRECTION('',(-0.452138336054,0.,0.891947826428));
#4252 = ORIENTED_EDGE('',*,*,#4253,.F.);
#4253 = EDGE_CURVE('',#4254,#4245,#4256,.T.);
#4254 = VERTEX_POINT('',#4255);
#4255 = CARTESIAN_POINT('',(-18.44400532792,-40.9,163.70022168669));
#4256 = CIRCLE('',#4257,0.471154273188);
#4257 = AXIS2_PLACEMENT_3D('',#4258,#4259,#4260);
#4258 = CARTESIAN_POINT('',(-18.88235924311,-40.9,163.87294167447));
#4259 = DIRECTION('',(-0.,-1.,0.));
#4260 = DIRECTION('',(-0.216531747029,0.,0.976275577144));
#4261 = ORIENTED_EDGE('',*,*,#4262,.F.);
#4262 = EDGE_CURVE('',#4263,#4254,#4265,.T.);
#4263 = VERTEX_POINT('',#4264);
#4264 = CARTESIAN_POINT('',(-18.62313787584,-40.9,163.37103978757));
#4265 = CIRCLE('',#4266,1.469292842573);
#4266 = AXIS2_PLACEMENT_3D('',#4267,#4268,#4269);
#4267 = CARTESIAN_POINT('',(-19.81361249241,-40.9,164.23219694196));
#4268 = DIRECTION('',(0.,-1.,-0.));
#4269 = DIRECTION('',(0.932153975576,0.,-0.362062102157));
#4270 = ORIENTED_EDGE('',*,*,#4271,.T.);
#4271 = EDGE_CURVE('',#4263,#4272,#4274,.T.);
#4272 = VERTEX_POINT('',#4273);
#4273 = CARTESIAN_POINT('',(-18.63978156343,-40.9,163.15956168548));
#4274 = CIRCLE('',#4275,0.15);
#4275 = AXIS2_PLACEMENT_3D('',#4276,#4277,#4278);
#4276 = CARTESIAN_POINT('',(-18.52572066859,-40.9,163.25697889273));
#4277 = DIRECTION('',(0.,-1.,-0.));
#4278 = DIRECTION('',(-0.64944804833,-0.,0.7604059656));
#4279 = ORIENTED_EDGE('',*,*,#4280,.T.);
#4280 = EDGE_CURVE('',#4272,#4281,#4283,.T.);
#4281 = VERTEX_POINT('',#4282);
#4282 = CARTESIAN_POINT('',(-18.25098526943,-40.9,162.73896422422));
#4283 = LINE('',#4284,#4285);
#4284 = CARTESIAN_POINT('',(-18.54258248993,-40.9,163.05441232017));
#4285 = VECTOR('',#4286,1.);
#4286 = DIRECTION('',(0.678800745533,0.,-0.734322509436));
#4287 = ORIENTED_EDGE('',*,*,#4288,.T.);
#4288 = EDGE_CURVE('',#4281,#4289,#4291,.T.);
#4289 = VERTEX_POINT('',#4290);
#4290 = CARTESIAN_POINT('',(-18.03885323507,-40.9,162.73896422422));
#4291 = CIRCLE('',#4292,0.15);
#4292 = AXIS2_PLACEMENT_3D('',#4293,#4294,#4295);
#4293 = CARTESIAN_POINT('',(-18.14491925225,-40.9,162.8450302414));
#4294 = DIRECTION('',(0.,-1.,0.));
#4295 = DIRECTION('',(-0.707106781187,-0.,-0.707106781186));
#4296 = ORIENTED_EDGE('',*,*,#4297,.F.);
#4297 = EDGE_CURVE('',#4298,#4289,#4300,.T.);
#4298 = VERTEX_POINT('',#4299);
#4299 = CARTESIAN_POINT('',(-17.69663151617,-40.9,162.89171725215));
#4300 = CIRCLE('',#4301,1.469292842571);
#4301 = AXIS2_PLACEMENT_3D('',#4302,#4303,#4304);
#4302 = CARTESIAN_POINT('',(-17.2737543027,-40.9,161.48459383199));
#4303 = DIRECTION('',(-0.,-1.,0.));
#4304 = DIRECTION('',(-0.520725964356,0.,0.853723883961));
#4305 = ORIENTED_EDGE('',*,*,#4306,.F.);
#4306 = EDGE_CURVE('',#4307,#4298,#4309,.T.);
#4307 = VERTEX_POINT('',#4308);
#4308 = CARTESIAN_POINT('',(-17.10828274784,-40.9,162.30336848382));
#4309 = CIRCLE('',#4310,0.471154273188);
#4310 = AXIS2_PLACEMENT_3D('',#4311,#4312,#4313);
#4311 = CARTESIAN_POINT('',(-17.55883681826,-40.9,162.44116318173));
#4312 = DIRECTION('',(-0.,-1.,0.));
#4313 = DIRECTION('',(-0.29246195088,0.,0.956277160287));
#4314 = ORIENTED_EDGE('',*,*,#4315,.F.);
#4315 = EDGE_CURVE('',#4316,#4307,#4318,.T.);
#4316 = VERTEX_POINT('',#4317);
#4317 = CARTESIAN_POINT('',(-17.26103577577,-40.9,161.96114676492));
#4318 = CIRCLE('',#4319,1.469292842572);
#4319 = AXIS2_PLACEMENT_3D('',#4320,#4321,#4322);
#4320 = CARTESIAN_POINT('',(-18.515406168,-40.9,162.72624569729));
#4321 = DIRECTION('',(0.,-1.,-0.));
#4322 = DIRECTION('',(0.957687521092,0.,-0.287810027525));
#4323 = ORIENTED_EDGE('',*,*,#4324,.T.);
#4324 = EDGE_CURVE('',#4316,#4325,#4327,.T.);
#4325 = VERTEX_POINT('',#4326);
#4326 = CARTESIAN_POINT('',(-17.26103577577,-40.9,161.74901473056));
#4327 = CIRCLE('',#4328,0.15);
#4328 = AXIS2_PLACEMENT_3D('',#4329,#4330,#4331);
#4329 = CARTESIAN_POINT('',(-17.15496975859,-40.9,161.85508074774));
#4330 = DIRECTION('',(0.,-1.,-0.));
#4331 = DIRECTION('',(-0.707106781187,-0.,0.707106781186));
#4332 = ORIENTED_EDGE('',*,*,#4333,.T.);
#4333 = EDGE_CURVE('',#4325,#4334,#4336,.T.);
#4334 = VERTEX_POINT('',#4335);
#4335 = CARTESIAN_POINT('',(-16.84043831451,-40.9,161.36021843656));
#4336 = LINE('',#4337,#4338);
#4337 = CARTESIAN_POINT('',(-17.15588641045,-40.9,161.65181565706));
#4338 = VECTOR('',#4339,1.);
#4339 = DIRECTION('',(0.734322509436,0.,-0.678800745533));
#4340 = ORIENTED_EDGE('',*,*,#4341,.T.);
#4341 = EDGE_CURVE('',#4334,#4342,#4344,.T.);
#4342 = VERTEX_POINT('',#4343);
#4343 = CARTESIAN_POINT('',(-16.62896021242,-40.9,161.37686212415));
#4344 = CIRCLE('',#4345,0.15);
#4345 = AXIS2_PLACEMENT_3D('',#4346,#4347,#4348);
#4346 = CARTESIAN_POINT('',(-16.74302110726,-40.9,161.4742793314));
#4347 = DIRECTION('',(0.,-1.,0.));
#4348 = DIRECTION('',(-0.64944804833,-0.,-0.7604059656));
#4349 = ORIENTED_EDGE('',*,*,#4350,.F.);
#4350 = EDGE_CURVE('',#4351,#4342,#4353,.T.);
#4351 = VERTEX_POINT('',#4352);
#4352 = CARTESIAN_POINT('',(-16.2997783133,-40.9,161.55599467207));
#4353 = CIRCLE('',#4354,1.469292842572);
#4354 = AXIS2_PLACEMENT_3D('',#4355,#4356,#4357);
#4355 = CARTESIAN_POINT('',(-15.76780305804,-40.9,160.18638750758));
#4356 = DIRECTION('',(-0.,-1.,0.));
#4357 = DIRECTION('',(-0.586103143928,0.,0.810236449857));
#4358 = ORIENTED_EDGE('',*,*,#4359,.F.);
#4359 = EDGE_CURVE('',#4360,#4351,#4362,.T.);
#4360 = VERTEX_POINT('',#4361);
#4361 = CARTESIAN_POINT('',(-15.66708191554,-40.9,161.01562089898));
#4362 = CIRCLE('',#4363,0.471154273188);
#4363 = AXIS2_PLACEMENT_3D('',#4364,#4365,#4366);
#4364 = CARTESIAN_POINT('',(-16.12705832552,-40.9,161.11764075688));
#4365 = DIRECTION('',(-0.,-1.,0.));
#4366 = DIRECTION('',(-0.366589029551,0.,0.930382976743));
#4367 = ORIENTED_EDGE('',*,*,#4368,.F.);
#4368 = EDGE_CURVE('',#4369,#4360,#4371,.T.);
#4369 = VERTEX_POINT('',#4370);
#4370 = CARTESIAN_POINT('',(-15.79251365026,-40.9,160.66246927099));
#4371 = CIRCLE('',#4372,1.469292842572);
#4372 = AXIS2_PLACEMENT_3D('',#4373,#4374,#4375);
#4373 = CARTESIAN_POINT('',(-17.10304620758,-40.9,161.326792892));
#4374 = DIRECTION('',(0.,-1.,-0.));
#4375 = DIRECTION('',(0.977316604578,0.,-0.211783508367));
#4376 = ORIENTED_EDGE('',*,*,#4377,.T.);
#4377 = EDGE_CURVE('',#4369,#4378,#4380,.T.);
#4378 = VERTEX_POINT('',#4379);
#4379 = CARTESIAN_POINT('',(-15.77586996267,-40.9,160.4509911689));
#4380 = CIRCLE('',#4381,0.15);
#4381 = AXIS2_PLACEMENT_3D('',#4382,#4383,#4384);
#4382 = CARTESIAN_POINT('',(-15.67845275542,-40.9,160.56505206374));
#4383 = DIRECTION('',(0.,-1.,-0.));
#4384 = DIRECTION('',(-0.7604059656,-0.,0.64944804833));
#4385 = ORIENTED_EDGE('',*,*,#4386,.T.);
#4386 = EDGE_CURVE('',#4378,#4387,#4389,.T.);
#4387 = VERTEX_POINT('',#4388);
#4388 = CARTESIAN_POINT('',(-15.32606445736,-40.9,160.09639310059));
#4389 = LINE('',#4390,#4391);
#4390 = CARTESIAN_POINT('',(-15.66341858634,-40.9,160.36234165182));
#4391 = VECTOR('',#4392,1.);
#4392 = DIRECTION('',(0.785316930881,0.,-0.61909394931));
#4393 = ORIENTED_EDGE('',*,*,#4394,.T.);
#4394 = EDGE_CURVE('',#4387,#4395,#4397,.T.);
#4395 = VERTEX_POINT('',#4396);
#4396 = CARTESIAN_POINT('',(-15.11654412036,-40.9,160.1295778619));
#4397 = CIRCLE('',#4398,0.15);
#4398 = AXIS2_PLACEMENT_3D('',#4399,#4400,#4401);
#4399 = CARTESIAN_POINT('',(-15.23789666952,-40.9,160.21774564975));
#4400 = DIRECTION('',(0.,-1.,0.));
#4401 = DIRECTION('',(-0.587785252292,-0.,-0.809016994375));
#4402 = ORIENTED_EDGE('',*,*,#4403,.F.);
#4403 = EDGE_CURVE('',#4404,#4395,#4406,.T.);
#4404 = VERTEX_POINT('',#4405);
#4405 = CARTESIAN_POINT('',(-14.80243155691,-40.9,160.3339855181));
#4406 = CIRCLE('',#4407,1.469292842572);
#4407 = AXIS2_PLACEMENT_3D('',#4408,#4409,#4410);
#4408 = CARTESIAN_POINT('',(-14.16463806419,-40.9,159.01033869289));
#4409 = DIRECTION('',(-0.,-1.,0.));
#4410 = DIRECTION('',(-0.647866802719,0.,0.761753638609));
#4411 = ORIENTED_EDGE('',*,*,#4412,.F.);
#4412 = EDGE_CURVE('',#4413,#4404,#4415,.T.);
#4413 = VERTEX_POINT('',#4414);
#4414 = CARTESIAN_POINT('',(-14.1292883134,-40.9,159.84491832425));
#4415 = CIRCLE('',#4416,0.471154273188);
#4416 = AXIS2_PLACEMENT_3D('',#4417,#4418,#4419);
#4417 = CARTESIAN_POINT('',(-14.59585115542,-40.9,159.91053435578));
#4418 = DIRECTION('',(-0.,-1.,0.));
#4419 = DIRECTION('',(-0.438455964952,0.,0.898752672763));
#4420 = ORIENTED_EDGE('',*,*,#4421,.F.);
#4421 = EDGE_CURVE('',#4422,#4413,#4424,.T.);
#4422 = VERTEX_POINT('',#4423);
#4423 = CARTESIAN_POINT('',(-14.22662542655,-40.9,159.48301408438));
#4424 = CIRCLE('',#4425,1.469292842572);
#4425 = AXIS2_PLACEMENT_3D('',#4426,#4427,#4428);
#4426 = CARTESIAN_POINT('',(-15.58524027994,-40.9,160.04246661801));
#4427 = DIRECTION('',(0.,-1.,-0.));
#4428 = DIRECTION('',(0.990920206205,0.,-0.134451273455));
#4429 = ORIENTED_EDGE('',*,*,#4430,.T.);
#4430 = EDGE_CURVE('',#4422,#4431,#4433,.T.);
#4431 = VERTEX_POINT('',#4432);
#4432 = CARTESIAN_POINT('',(-14.19344066524,-40.9,159.27349374738));
#4433 = CIRCLE('',#4434,0.15);
#4434 = AXIS2_PLACEMENT_3D('',#4435,#4436,#4437);
#4435 = CARTESIAN_POINT('',(-14.1052728774,-40.9,159.39484629654));
#4436 = DIRECTION('',(0.,-1.,-0.));
#4437 = DIRECTION('',(-0.809016994375,-0.,0.587785252292));
#4438 = ORIENTED_EDGE('',*,*,#4439,.T.);
#4439 = EDGE_CURVE('',#4431,#4440,#4442,.T.);
#4440 = VERTEX_POINT('',#4441);
#4441 = CARTESIAN_POINT('',(-13.71720031641,-40.9,158.95528011978));
#4442 = LINE('',#4443,#4444);
#4443 = CARTESIAN_POINT('',(-14.07438057803,-40.9,159.19394034048));
#4444 = VECTOR('',#4445,1.);
#4445 = DIRECTION('',(0.831469612303,0.,-0.55557023302));
#4446 = ORIENTED_EDGE('',*,*,#4447,.T.);
#4447 = EDGE_CURVE('',#4440,#4448,#4450,.T.);
#4448 = VERTEX_POINT('',#4449);
#4449 = CARTESIAN_POINT('',(-13.51092950705,-40.9,159.00480135972));
#4450 = CIRCLE('',#4451,0.15);
#4451 = AXIS2_PLACEMENT_3D('',#4452,#4453,#4454);
#4452 = CARTESIAN_POINT('',(-13.6388255317,-40.9,159.08317614443));
#4453 = DIRECTION('',(0.,-1.,0.));
#4454 = DIRECTION('',(-0.522498564716,-0.,-0.852640164354));
#4455 = ORIENTED_EDGE('',*,*,#4456,.F.);
#4456 = EDGE_CURVE('',#4457,#4448,#4459,.T.);
#4457 = VERTEX_POINT('',#4458);
#4458 = CARTESIAN_POINT('',(-13.21382288766,-40.9,159.23322388301));
#4459 = CIRCLE('',#4460,1.469292842571);
#4460 = AXIS2_PLACEMENT_3D('',#4461,#4462,#4463);
#4461 = CARTESIAN_POINT('',(-12.47414336646,-40.9,157.96369811993));
#4462 = DIRECTION('',(-0.,-1.,0.));
#4463 = DIRECTION('',(-0.705636147233,0.,0.708574362871));
#4464 = ORIENTED_EDGE('',*,*,#4465,.F.);
#4465 = EDGE_CURVE('',#4466,#4457,#4468,.T.);
#4466 = VERTEX_POINT('',#4467);
#4467 = CARTESIAN_POINT('',(-12.50438295034,-40.9,158.79847853029));
#4468 = CIRCLE('',#4469,0.471154273188);
#4469 = AXIS2_PLACEMENT_3D('',#4470,#4471,#4472);
#4470 = CARTESIAN_POINT('',(-12.97465570932,-40.9,158.82728619081));
#4471 = DIRECTION('',(-0.,-1.,0.));
#4472 = DIRECTION('',(-0.507619673527,0.,0.861581259689));
#4473 = ORIENTED_EDGE('',*,*,#4474,.F.);
#4474 = EDGE_CURVE('',#4475,#4466,#4477,.T.);
#4475 = VERTEX_POINT('',#4476);
#4476 = CARTESIAN_POINT('',(-12.57302532626,-40.9,158.43005293853));
#4477 = CIRCLE('',#4478,1.469292842572);
#4478 = AXIS2_PLACEMENT_3D('',#4479,#4480,#4481);
#4479 = CARTESIAN_POINT('',(-13.97134616336,-40.9,158.88118517387));
#4480 = DIRECTION('',(0.,-1.,-0.));
#4481 = DIRECTION('',(0.998414455247,0.,-5.629010173277E-02));
#4482 = ORIENTED_EDGE('',*,*,#4483,.T.);
#4483 = EDGE_CURVE('',#4475,#4484,#4486,.T.);
#4484 = VERTEX_POINT('',#4485);
#4485 = CARTESIAN_POINT('',(-12.52350408631,-40.9,158.22378212917));
#4486 = CIRCLE('',#4487,0.15);
#4487 = AXIS2_PLACEMENT_3D('',#4488,#4489,#4490);
#4488 = CARTESIAN_POINT('',(-12.4451293016,-40.9,158.35167815383));
#4489 = DIRECTION('',(0.,-1.,-0.));
#4490 = DIRECTION('',(-0.852640164354,-0.,0.522498564716));
#4491 = ORIENTED_EDGE('',*,*,#4492,.T.);
#4492 = EDGE_CURVE('',#4484,#4493,#4495,.T.);
#4493 = VERTEX_POINT('',#4494);
#4494 = CARTESIAN_POINT('',(-12.02376507407,-40.9,157.9439148351));
#4495 = LINE('',#4496,#4497);
#4496 = CARTESIAN_POINT('',(-12.39856933325,-40.9,158.15381530566));
#4497 = VECTOR('',#4498,1.);
#4498 = DIRECTION('',(0.872496007073,0.,-0.488621241497));
#4499 = ORIENTED_EDGE('',*,*,#4500,.T.);
#4500 = EDGE_CURVE('',#4493,#4501,#4503,.T.);
#4501 = VERTEX_POINT('',#4502);
#4502 = CARTESIAN_POINT('',(-11.82201552048,-40.9,158.00946723877));
#4503 = CIRCLE('',#4504,0.15);
#4504 = AXIS2_PLACEMENT_3D('',#4505,#4506,#4507);
#4505 = CARTESIAN_POINT('',(-11.95566649911,-40.9,158.07756581373));
#4506 = DIRECTION('',(0.,-1.,0.));
#4507 = DIRECTION('',(-0.453990499739,-0.,-0.891006524188));
#4508 = ORIENTED_EDGE('',*,*,#4509,.F.);
#4509 = EDGE_CURVE('',#4510,#4501,#4512,.T.);
#4510 = VERTEX_POINT('',#4511);
#4511 = CARTESIAN_POINT('',(-11.54374660627,-40.9,158.26049632835));
#4512 = CIRCLE('',#4513,1.469292842573);
#4513 = AXIS2_PLACEMENT_3D('',#4514,#4515,#4516);
#4514 = CARTESIAN_POINT('',(-10.7067414268,-40.9,157.05291867586));
#4515 = DIRECTION('',(-0.,-1.,0.));
#4516 = DIRECTION('',(-0.759055010252,0.,0.65102649056));
#4517 = ORIENTED_EDGE('',*,*,#4518,.F.);
#4518 = EDGE_CURVE('',#4519,#4510,#4521,.T.);
#4519 = VERTEX_POINT('',#4520);
#4520 = CARTESIAN_POINT('',(-10.80238390827,-40.9,157.88275316641));
#4521 = CIRCLE('',#4522,0.471154273188);
#4522 = AXIS2_PLACEMENT_3D('',#4523,#4524,#4525);
#4523 = CARTESIAN_POINT('',(-11.27346719627,-40.9,157.87457484712));
#4524 = DIRECTION('',(0.,-1.,-0.));
#4525 = DIRECTION('',(-0.573653738015,-0.,0.819097911645));
#4526 = ORIENTED_EDGE('',*,*,#4527,.F.);
#4527 = EDGE_CURVE('',#4528,#4519,#4530,.T.);
#4528 = VERTEX_POINT('',#4529);
#4529 = CARTESIAN_POINT('',(-10.84190834387,-40.9,157.51007768906));
#4530 = CIRCLE('',#4531,1.469292842572);
#4531 = AXIS2_PLACEMENT_3D('',#4532,#4533,#4534);
#4532 = CARTESIAN_POINT('',(-12.27131405174,-40.9,157.85010824585));
#4533 = DIRECTION('',(-0.,-1.,0.));
#4534 = DIRECTION('',(0.999753147166,-0.,2.221811718532E-02));
#4535 = ORIENTED_EDGE('',*,*,#4536,.T.);
#4536 = EDGE_CURVE('',#4528,#4537,#4539,.T.);
#4537 = VERTEX_POINT('',#4538);
#4538 = CARTESIAN_POINT('',(-10.77635594021,-40.9,157.30832813547));
#4539 = CIRCLE('',#4540,0.15);
#4540 = AXIS2_PLACEMENT_3D('',#4541,#4542,#4543);
#4541 = CARTESIAN_POINT('',(-10.70825736524,-40.9,157.4419791141));
#4542 = DIRECTION('',(0.,-1.,-0.));
#4543 = DIRECTION('',(-0.891006524188,-0.,0.45399049974));
#4544 = ORIENTED_EDGE('',*,*,#4545,.T.);
#4545 = EDGE_CURVE('',#4537,#4546,#4548,.T.);
#4546 = VERTEX_POINT('',#4547);
#4547 = CARTESIAN_POINT('',(-10.25619932174,-40.9,157.06853264986));
#4548 = LINE('',#4549,#4550);
#4549 = CARTESIAN_POINT('',(-10.64631678559,-40.9,157.24837926407));
#4550 = VECTOR('',#4551,1.);
#4551 = DIRECTION('',(0.908143173825,0.,-0.418659737537));
#4552 = ORIENTED_EDGE('',*,*,#4553,.T.);
#4553 = EDGE_CURVE('',#4546,#4554,#4556,.T.);
#4554 = VERTEX_POINT('',#4555);
#4555 = CARTESIAN_POINT('',(-10.06021487701,-40.9,157.14971206489));
#4556 = CIRCLE('',#4557,0.15);
#4557 = AXIS2_PLACEMENT_3D('',#4558,#4559,#4560);
#4558 = CARTESIAN_POINT('',(-10.19879680689,-40.9,157.20711457974));
#4559 = DIRECTION('',(0.,-1.,0.));
#4560 = DIRECTION('',(-0.382683432365,-0.,-0.923879532511));
#4561 = ORIENTED_EDGE('',*,*,#4562,.F.);
#4562 = EDGE_CURVE('',#4563,#4554,#4565,.T.);
#4563 = VERTEX_POINT('',#4564);
#4564 = CARTESIAN_POINT('',(-9.802499288366,-40.9,157.42180004294));
#4565 = CIRCLE('',#4566,1.469292842573);
#4566 = AXIS2_PLACEMENT_3D('',#4567,#4568,#4569);
#4567 = CARTESIAN_POINT('',(-8.873328865892,-40.9,156.28361561885));
#4568 = DIRECTION('',(-0.,-1.,0.));
#4569 = DIRECTION('',(-0.807794046722,0.,0.589464823447));
#4570 = ORIENTED_EDGE('',*,*,#4571,.F.);
#4571 = EDGE_CURVE('',#4572,#4563,#4574,.T.);
#4572 = VERTEX_POINT('',#4573);
#4573 = CARTESIAN_POINT('',(-9.033784577243,-40.9,157.10338798399));
#4574 = CIRCLE('',#4575,0.471154273188);
#4575 = AXIS2_PLACEMENT_3D('',#4576,#4577,#4578);
#4576 = CARTESIAN_POINT('',(-9.50277400915,-40.9,157.05827410694));
#4577 = DIRECTION('',(0.,-1.,-0.));
#4578 = DIRECTION('',(-0.636151036448,-0.,0.771564552598));
#4579 = ORIENTED_EDGE('',*,*,#4580,.F.);
#4580 = EDGE_CURVE('',#4581,#4572,#4583,.T.);
#4581 = VERTEX_POINT('',#4582);
#4582 = CARTESIAN_POINT('',(-9.043947391251,-40.9,156.72876028928));
#4583 = CIRCLE('',#4584,1.469292842572);
#4584 = AXIS2_PLACEMENT_3D('',#4585,#4586,#4587);
#4585 = CARTESIAN_POINT('',(-10.49562520836,-40.9,156.95559276609));
#4586 = DIRECTION('',(-0.,-1.,0.));
#4587 = DIRECTION('',(0.994928028481,-0.,0.100589354023));
#4588 = ORIENTED_EDGE('',*,*,#4589,.T.);
#4589 = EDGE_CURVE('',#4581,#4590,#4592,.T.);
#4590 = VERTEX_POINT('',#4591);
#4591 = CARTESIAN_POINT('',(-8.962767976229,-40.9,156.53277584455));
#4592 = CIRCLE('',#4593,0.15);
#4593 = AXIS2_PLACEMENT_3D('',#4594,#4595,#4596);
#4594 = CARTESIAN_POINT('',(-8.905365461374,-40.9,156.67135777443));
#4595 = DIRECTION('',(0.,-1.,0.));
#4596 = DIRECTION('',(-0.923879532511,0.,0.382683432365));
#4597 = ORIENTED_EDGE('',*,*,#4598,.T.);
#4598 = EDGE_CURVE('',#4590,#4599,#4601,.T.);
#4599 = VERTEX_POINT('',#4600);
#4600 = CARTESIAN_POINT('',(-8.425400690066,-40.9,156.33453058633));
#4601 = LINE('',#4602,#4603);
#4602 = CARTESIAN_POINT('',(-8.828426154688,-40.9,156.48321453));
#4603 = VECTOR('',#4604,1.);
#4604 = DIRECTION('',(0.938191335922,0.,-0.346117057077));
#4605 = ORIENTED_EDGE('',*,*,#4606,.T.);
#4606 = EDGE_CURVE('',#4599,#4607,#4609,.T.);
#4607 = VERTEX_POINT('',#4608);
#4608 = CARTESIAN_POINT('',(-8.236389663465,-40.9,156.43083651461));
#4609 = CIRCLE('',#4610,0.15);
#4610 = AXIS2_PLACEMENT_3D('',#4611,#4612,#4613);
#4611 = CARTESIAN_POINT('',(-8.379048140909,-40.9,156.47718906377));
#4612 = DIRECTION('',(0.,-1.,0.));
#4613 = DIRECTION('',(-0.309016994375,-0.,-0.951056516295));
#4614 = ORIENTED_EDGE('',*,*,#4615,.F.);
#4615 = EDGE_CURVE('',#4616,#4607,#4618,.T.);
#4616 = VERTEX_POINT('',#4617);
#4617 = CARTESIAN_POINT('',(-8.000816302685,-40.9,156.72230586827));
#4618 = CIRCLE('',#4619,1.469292842573);
#4619 = AXIS2_PLACEMENT_3D('',#4620,#4621,#4622);
#4620 = CARTESIAN_POINT('',(-6.985209281843,-40.9,155.66053195804));
#4621 = DIRECTION('',(-0.,-1.,0.));
#4622 = DIRECTION('',(-0.851552764274,0.,0.52426890968));
#4623 = ORIENTED_EDGE('',*,*,#4624,.F.);
#4624 = EDGE_CURVE('',#4625,#4616,#4627,.T.);
#4625 = VERTEX_POINT('',#4626);
#4626 = CARTESIAN_POINT('',(-7.209488960258,-40.9,156.46518802855));
#4627 = CIRCLE('',#4628,0.471154273188);
#4628 = AXIS2_PLACEMENT_3D('',#4629,#4630,#4631);
#4629 = CARTESIAN_POINT('',(-7.673493060265,-40.9,156.38341673579));
#4630 = DIRECTION('',(0.,-1.,-0.));
#4631 = DIRECTION('',(-0.6947262522,-0.,0.719274241513));
#4632 = ORIENTED_EDGE('',*,*,#4633,.F.);
#4633 = EDGE_CURVE('',#4634,#4625,#4636,.T.);
#4634 = VERTEX_POINT('',#4635);
#4635 = CARTESIAN_POINT('',(-7.19022749554,-40.9,156.0909178208));
#4636 = CIRCLE('',#4637,1.469292842572);
#4637 = AXIS2_PLACEMENT_3D('',#4638,#4639,#4640);
#4638 = CARTESIAN_POINT('',(-8.655227345429,-40.9,156.20315371996));
#4639 = DIRECTION('',(-0.,-1.,0.));
#4640 = DIRECTION('',(0.983968847653,-0.,0.178340424043));
#4641 = ORIENTED_EDGE('',*,*,#4642,.T.);
#4642 = EDGE_CURVE('',#4634,#4643,#4645,.T.);
#4643 = VERTEX_POINT('',#4644);
#4644 = CARTESIAN_POINT('',(-7.093921567252,-40.9,155.9019067942));
#4645 = CIRCLE('',#4646,0.15);
#4646 = AXIS2_PLACEMENT_3D('',#4647,#4648,#4649);
#4647 = CARTESIAN_POINT('',(-7.047569018096,-40.9,156.04456527164));
#4648 = DIRECTION('',(0.,-1.,0.));
#4649 = DIRECTION('',(-0.951056516295,0.,0.309016994375));
#4650 = ORIENTED_EDGE('',*,*,#4651,.T.);
#4651 = EDGE_CURVE('',#4643,#4652,#4654,.T.);
#4652 = VERTEX_POINT('',#4653);
#4653 = CARTESIAN_POINT('',(-6.542656661402,-40.9,155.74643401129));
#4654 = LINE('',#4655,#4656);
#4655 = CARTESIAN_POINT('',(-6.95610534079,-40.9,155.86303859847));
#4656 = VECTOR('',#4657,1.);
#4657 = DIRECTION('',(0.962455236454,0.,-0.271440449865));
#4658 = ORIENTED_EDGE('',*,*,#4659,.T.);
#4659 = EDGE_CURVE('',#4652,#4660,#4662,.T.);
#4660 = VERTEX_POINT('',#4661);
#4661 = CARTESIAN_POINT('',(-6.361784368764,-40.9,155.85727269477));
#4662 = CIRCLE('',#4663,0.15);
#4663 = AXIS2_PLACEMENT_3D('',#4664,#4665,#4666);
#4664 = CARTESIAN_POINT('',(-6.507639856824,-40.9,155.89228949935));
#4665 = DIRECTION('',(0.,-1.,0.));
#4666 = DIRECTION('',(-0.233445363856,-0.,-0.972369920398));
#4667 = ORIENTED_EDGE('',*,*,#4668,.F.);
#4668 = EDGE_CURVE('',#4669,#4660,#4671,.T.);
#4669 = VERTEX_POINT('',#4670);
#4670 = CARTESIAN_POINT('',(-6.149805623957,-40.9,156.16632641855));
#4671 = CIRCLE('',#4672,1.469292842573);
#4672 = AXIS2_PLACEMENT_3D('',#4673,#4674,#4675);
#4673 = CARTESIAN_POINT('',(-5.054023559755,-40.9,155.1875092114));
#4674 = DIRECTION('',(-0.,-1.,0.));
#4675 = DIRECTION('',(-0.890061375865,0.,0.455840703747));
#4676 = ORIENTED_EDGE('',*,*,#4677,.F.);
#4677 = EDGE_CURVE('',#4678,#4669,#4680,.T.);
#4678 = VERTEX_POINT('',#4679);
#4679 = CARTESIAN_POINT('',(-5.340744446434,-40.9,155.97208801503));
#4680 = CIRCLE('',#4681,0.471154273188);
#4681 = AXIS2_PLACEMENT_3D('',#4682,#4683,#4684);
#4682 = CARTESIAN_POINT('',(-5.796902474968,-40.9,155.85416345377));
#4683 = DIRECTION('',(0.,-1.,-0.));
#4684 = DIRECTION('',(-0.749018249587,-0.,0.662549365546));
#4685 = ORIENTED_EDGE('',*,*,#4686,.F.);
#4686 = EDGE_CURVE('',#4687,#4678,#4689,.T.);
#4687 = VERTEX_POINT('',#4688);
#4688 = CARTESIAN_POINT('',(-5.292177456326,-40.9,155.60048279453));
#4689 = CIRCLE('',#4690,1.469292842572);
#4690 = AXIS2_PLACEMENT_3D('',#4691,#4692,#4693);
#4691 = CARTESIAN_POINT('',(-6.761467127753,-40.9,155.59743014441));
#4692 = DIRECTION('',(-0.,-1.,0.));
#4693 = DIRECTION('',(0.966943171677,-0.,0.254991966045));
#4694 = ORIENTED_EDGE('',*,*,#4695,.T.);
#4695 = EDGE_CURVE('',#4687,#4696,#4698,.T.);
#4696 = VERTEX_POINT('',#4697);
#4697 = CARTESIAN_POINT('',(-5.181338772845,-40.9,155.41961050189));
#4698 = CIRCLE('',#4699,0.15);
#4699 = AXIS2_PLACEMENT_3D('',#4700,#4701,#4702);
#4700 = CARTESIAN_POINT('',(-5.146321968267,-40.9,155.56546598995));
#4701 = DIRECTION('',(0.,-1.,0.));
#4702 = DIRECTION('',(-0.972369920398,0.,0.233445363856));
#4703 = ORIENTED_EDGE('',*,*,#4704,.T.);
#4704 = EDGE_CURVE('',#4696,#4705,#4707,.T.);
#4705 = VERTEX_POINT('',#4706);
#4706 = CARTESIAN_POINT('',(-4.619574978767,-40.9,155.3078687357));
#4707 = LINE('',#4708,#4709);
#4708 = CARTESIAN_POINT('',(-5.040897824325,-40.9,155.39167506034));
#4709 = VECTOR('',#4710,1.);
#4710 = DIRECTION('',(0.980785280403,0.,-0.195090322016));
#4711 = ORIENTED_EDGE('',*,*,#4712,.T.);
#4712 = EDGE_CURVE('',#4705,#4713,#4715,.T.);
#4713 = VERTEX_POINT('',#4714);
#4714 = CARTESIAN_POINT('',(-4.447956557921,-40.9,155.43255681704));
#4715 = CIRCLE('',#4716,0.15);
#4716 = AXIS2_PLACEMENT_3D('',#4717,#4718,#4719);
#4717 = CARTESIAN_POINT('',(-4.596109809011,-40.9,155.45602198679));
#4718 = DIRECTION('',(0.,-1.,0.));
#4719 = DIRECTION('',(-0.15643446504,-0.,-0.987688340595));
#4720 = ORIENTED_EDGE('',*,*,#4721,.F.);
#4721 = EDGE_CURVE('',#4722,#4713,#4724,.T.);
#4722 = VERTEX_POINT('',#4723);
#4723 = CARTESIAN_POINT('',(-4.260879348539,-40.9,155.75728949196));
#4724 = CIRCLE('',#4725,1.469292842572);
#4725 = AXIS2_PLACEMENT_3D('',#4726,#4727,#4728);
#4726 = CARTESIAN_POINT('',(-3.091678101787,-40.9,154.86746372147));
#4727 = DIRECTION('',(-0.,-1.,0.));
#4728 = DIRECTION('',(-0.923082463098,0.,0.384602088294));
#4729 = ORIENTED_EDGE('',*,*,#4730,.F.);
#4730 = EDGE_CURVE('',#4731,#4722,#4733,.T.);
#4731 = VERTEX_POINT('',#4732);
#4732 = CARTESIAN_POINT('',(-3.439072467121,-40.9,155.62712806899));
#4733 = CIRCLE('',#4734,0.471154273188);
#4734 = AXIS2_PLACEMENT_3D('',#4735,#4736,#4737);
#4735 = CARTESIAN_POINT('',(-3.884572058247,-40.9,155.47377728337));
#4736 = DIRECTION('',(0.,-1.,-0.));
#4737 = DIRECTION('',(-0.798692300391,-0.,0.601739652421));
#4738 = ORIENTED_EDGE('',*,*,#4739,.F.);
#4739 = EDGE_CURVE('',#4740,#4731,#4742,.T.);
#4740 = VERTEX_POINT('',#4741);
#4741 = CARTESIAN_POINT('',(-3.361499383267,-40.9,155.26047890549));
#4742 = CIRCLE('',#4743,1.469292842572);
#4743 = AXIS2_PLACEMENT_3D('',#4744,#4745,#4746);
#4744 = CARTESIAN_POINT('',(-4.826020216819,-40.9,155.14215652669));
#4745 = DIRECTION('',(-0.,-1.,0.));
#4746 = DIRECTION('',(0.943955969506,-0.,0.330071397783));
#4747 = ORIENTED_EDGE('',*,*,#4748,.T.);
#4748 = EDGE_CURVE('',#4740,#4749,#4751,.T.);
#4749 = VERTEX_POINT('',#4750);
#4750 = CARTESIAN_POINT('',(-3.236811301933,-40.9,155.08886048465));
#4751 = CIRCLE('',#4752,0.15);
#4752 = AXIS2_PLACEMENT_3D('',#4753,#4754,#4755);
#4753 = CARTESIAN_POINT('',(-3.213346132177,-40.9,155.23701373574));
#4754 = DIRECTION('',(0.,-1.,0.));
#4755 = DIRECTION('',(-0.987688340595,0.,0.15643446504));
#4756 = ORIENTED_EDGE('',*,*,#4757,.T.);
#4757 = EDGE_CURVE('',#4749,#4758,#4760,.T.);
#4758 = VERTEX_POINT('',#4759);
#4759 = CARTESIAN_POINT('',(-2.668012080223,-40.9,155.02153866033));
#4760 = LINE('',#4761,#4762);
#4761 = CARTESIAN_POINT('',(-3.094611496506,-40.9,155.07203002857));
#4762 = VECTOR('',#4763,1.);
#4763 = DIRECTION('',(0.993068456955,0.,-0.117537397458));
#4764 = ORIENTED_EDGE('',*,*,#4765,.T.);
#4765 = EDGE_CURVE('',#4758,#4766,#4768,.T.);
#4766 = VERTEX_POINT('',#4767);
#4767 = CARTESIAN_POINT('',(-2.506705615803,-40.9,155.15930739603));
#4768 = CIRCLE('',#4769,0.15);
#4769 = AXIS2_PLACEMENT_3D('',#4770,#4771,#4772);
#4770 = CARTESIAN_POINT('',(-2.656243215863,-40.9,155.17107626039));
#4771 = DIRECTION('',(0.,-1.,0.));
#4772 = DIRECTION('',(-7.845909572787E-02,-0.,-0.996917333733));
#4773 = ORIENTED_EDGE('',*,*,#4774,.F.);
#4774 = EDGE_CURVE('',#4775,#4766,#4777,.T.);
#4775 = VERTEX_POINT('',#4776);
#4776 = CARTESIAN_POINT('',(-2.345683335052,-40.9,155.49771693717));
#4777 = CIRCLE('',#4778,1.469292842572);
#4778 = AXIS2_PLACEMENT_3D('',#4779,#4780,#4781);
#4779 = CARTESIAN_POINT('',(-1.110271420235,-40.9,154.70236867511));
#4780 = DIRECTION('',(-0.,-1.,0.));
#4781 = DIRECTION('',(-0.95041243999,0.,0.310992273073));
#4782 = ORIENTED_EDGE('',*,*,#4783,.F.);
#4783 = EDGE_CURVE('',#4784,#4775,#4786,.T.);
#4784 = VERTEX_POINT('',#4785);
#4785 = CARTESIAN_POINT('',(-1.516197462439,-40.9,155.4324349832));
#4786 = CIRCLE('',#4787,0.471154273188);
#4787 = AXIS2_PLACEMENT_3D('',#4788,#4789,#4790);
#4788 = CARTESIAN_POINT('',(-1.948291963036,-40.9,155.24460343181));
#4789 = DIRECTION('',(0.,-1.,-0.));
#4790 = DIRECTION('',(-0.843442147572,-0.,0.537220014239));
#4791 = ORIENTED_EDGE('',*,*,#4792,.F.);
#4792 = EDGE_CURVE('',#4793,#4784,#4795,.T.);
#4793 = VERTEX_POINT('',#4794);
#4794 = CARTESIAN_POINT('',(-1.410096548697,-40.9,155.07300239073));
#4795 = CIRCLE('',#4796,1.469292842572);
#4796 = AXIS2_PLACEMENT_3D('',#4797,#4798,#4799);
#4797 = CARTESIAN_POINT('',(-2.860819286433,-40.9,154.84013978005));
#4798 = DIRECTION('',(-0.,-1.,0.));
#4799 = DIRECTION('',(0.915148964885,-0.,0.403115829594));
#4800 = ORIENTED_EDGE('',*,*,#4801,.T.);
#4801 = EDGE_CURVE('',#4793,#4802,#4804,.T.);
#4802 = VERTEX_POINT('',#4803);
#4803 = CARTESIAN_POINT('',(-1.272327812996,-40.9,154.91169592631));
#4804 = CIRCLE('',#4805,0.15);
#4805 = AXIS2_PLACEMENT_3D('',#4806,#4807,#4808);
#4806 = CARTESIAN_POINT('',(-1.260558948637,-40.9,155.06123352637));
#4807 = DIRECTION('',(0.,-1.,0.));
#4808 = DIRECTION('',(-0.996917333733,0.,7.845909572778E-02));
#4809 = ORIENTED_EDGE('',*,*,#4810,.T.);
#4810 = EDGE_CURVE('',#4802,#4811,#4813,.T.);
#4811 = VERTEX_POINT('',#4812);
#4812 = CARTESIAN_POINT('',(-0.7,-40.9,154.88920910529));
#4813 = LINE('',#4814,#4815);
#4814 = CARTESIAN_POINT('',(-1.129245859747,-40.9,154.90607422105));
#4815 = VECTOR('',#4816,1.);
#4816 = DIRECTION('',(0.999229036241,0.,-3.925981575907E-02));
#4817 = ORIENTED_EDGE('',*,*,#4818,.T.);
#4818 = EDGE_CURVE('',#4811,#4819,#4821,.T.);
#4819 = VERTEX_POINT('',#4820);
#4820 = CARTESIAN_POINT('',(-0.55,-40.9,155.03920910529));
#4821 = CIRCLE('',#4822,0.15);
#4822 = AXIS2_PLACEMENT_3D('',#4823,#4824,#4825);
#4823 = CARTESIAN_POINT('',(-0.7,-40.9,155.03920910529));
#4824 = DIRECTION('',(0.,-1.,0.));
#4825 = DIRECTION('',(-3.256654205567E-14,-0.,-1.));
#4826 = ORIENTED_EDGE('',*,*,#4827,.F.);
#4827 = EDGE_CURVE('',#4828,#4819,#4830,.T.);
#4828 = VERTEX_POINT('',#4829);
#4829 = CARTESIAN_POINT('',(-0.416025403784,-40.9,155.38920910529));
#4830 = CIRCLE('',#4831,1.469292842572);
#4831 = AXIS2_PLACEMENT_3D('',#4832,#4833,#4834);
#4832 = CARTESIAN_POINT('',(0.877980453827,-40.9,154.69324193818));
#4833 = DIRECTION('',(-0.,-1.,0.));
#4834 = DIRECTION('',(-0.971882808146,0.,0.235465087074));
#4835 = ORIENTED_EDGE('',*,*,#4836,.F.);
#4836 = EDGE_CURVE('',#4837,#4828,#4839,.T.);
#4837 = VERTEX_POINT('',#4838);
#4838 = CARTESIAN_POINT('',(0.416025403784,-40.9,155.38920910529));
#4839 = CIRCLE('',#4840,0.471154273188);
#4840 = AXIS2_PLACEMENT_3D('',#4841,#4842,#4843);
#4841 = CARTESIAN_POINT('',(-4.482525461924E-15,-40.9,155.1680548321));
#4842 = DIRECTION('',(0.,-1.,-0.));
#4843 = DIRECTION('',(-0.88299189344,-0.,0.469388236026));
#4844 = ORIENTED_EDGE('',*,*,#4845,.F.);
#4845 = EDGE_CURVE('',#4846,#4837,#4848,.T.);
#4846 = VERTEX_POINT('',#4847);
#4847 = CARTESIAN_POINT('',(0.55,-40.9,155.03920910529));
#4848 = CIRCLE('',#4849,1.469292842572);
#4849 = AXIS2_PLACEMENT_3D('',#4850,#4851,#4852);
#4850 = CARTESIAN_POINT('',(-0.877980453827,-40.9,154.69324193818));
#4851 = DIRECTION('',(-0.,-1.,0.));
#4852 = DIRECTION('',(0.880699762579,-0.,0.473674918265));
#4853 = ORIENTED_EDGE('',*,*,#4854,.T.);
#4854 = EDGE_CURVE('',#4846,#4855,#4857,.T.);
#4855 = VERTEX_POINT('',#4856);
#4856 = CARTESIAN_POINT('',(0.7,-40.9,154.88920910529));
#4857 = CIRCLE('',#4858,0.15);
#4858 = AXIS2_PLACEMENT_3D('',#4859,#4860,#4861);
#4859 = CARTESIAN_POINT('',(0.7,-40.9,155.03920910529));
#4860 = DIRECTION('',(0.,-1.,0.));
#4861 = DIRECTION('',(-1.,0.,0.));
#4862 = ORIENTED_EDGE('',*,*,#4863,.T.);
#4863 = EDGE_CURVE('',#4855,#4864,#4866,.T.);
#4864 = VERTEX_POINT('',#4865);
#4865 = CARTESIAN_POINT('',(1.272327812996,-40.9,154.91169592631));
#4866 = LINE('',#4867,#4868);
#4867 = CARTESIAN_POINT('',(0.843081953249,-40.9,154.89483081055));
#4868 = VECTOR('',#4869,1.);
#4869 = DIRECTION('',(0.999229036241,-0.,3.925981575907E-02));
#4870 = ORIENTED_EDGE('',*,*,#4871,.T.);
#4871 = EDGE_CURVE('',#4864,#4872,#4874,.T.);
#4872 = VERTEX_POINT('',#4873);
#4873 = CARTESIAN_POINT('',(1.410096548697,-40.9,155.07300239073));
#4874 = CIRCLE('',#4875,0.15);
#4875 = AXIS2_PLACEMENT_3D('',#4876,#4877,#4878);
#4876 = CARTESIAN_POINT('',(1.260558948637,-40.9,155.06123352637));
#4877 = DIRECTION('',(0.,-1.,0.));
#4878 = DIRECTION('',(7.845909572799E-02,0.,-0.996917333733));
#4879 = ORIENTED_EDGE('',*,*,#4880,.F.);
#4880 = EDGE_CURVE('',#4881,#4872,#4883,.T.);
#4881 = VERTEX_POINT('',#4882);
#4882 = CARTESIAN_POINT('',(1.516197462439,-40.9,155.4324349832));
#4883 = CIRCLE('',#4884,1.469292842572);
#4884 = AXIS2_PLACEMENT_3D('',#4885,#4886,#4887);
#4885 = CARTESIAN_POINT('',(2.860819286433,-40.9,154.84013978005));
#4886 = DIRECTION('',(-0.,-1.,0.));
#4887 = DIRECTION('',(-0.987361195605,0.,0.158486180512));
#4888 = ORIENTED_EDGE('',*,*,#4889,.F.);
#4889 = EDGE_CURVE('',#4890,#4881,#4892,.T.);
#4890 = VERTEX_POINT('',#4891);
#4891 = CARTESIAN_POINT('',(2.345683335052,-40.9,155.49771693717));
#4892 = CIRCLE('',#4893,0.471154273188);
#4893 = AXIS2_PLACEMENT_3D('',#4894,#4895,#4896);
#4894 = CARTESIAN_POINT('',(1.948291963036,-40.9,155.24460343181));
#4895 = DIRECTION('',(0.,-1.,-0.));
#4896 = DIRECTION('',(-0.91709770066,-0.,0.398662523251));
#4897 = ORIENTED_EDGE('',*,*,#4898,.F.);
#4898 = EDGE_CURVE('',#4899,#4890,#4901,.T.);
#4899 = VERTEX_POINT('',#4900);
#4900 = CARTESIAN_POINT('',(2.506705615803,-40.9,155.15930739603));
#4901 = CIRCLE('',#4902,1.469292842572);
#4902 = AXIS2_PLACEMENT_3D('',#4903,#4904,#4905);
#4903 = CARTESIAN_POINT('',(1.110271420235,-40.9,154.70236867511));
#4904 = DIRECTION('',(-0.,-1.,0.));
#4905 = DIRECTION('',(0.840820753373,-0.,0.541313643553));
#4906 = ORIENTED_EDGE('',*,*,#4907,.T.);
#4907 = EDGE_CURVE('',#4899,#4908,#4910,.T.);
#4908 = VERTEX_POINT('',#4909);
#4909 = CARTESIAN_POINT('',(2.668012080223,-40.9,155.02153866033));
#4910 = CIRCLE('',#4911,0.15);
#4911 = AXIS2_PLACEMENT_3D('',#4912,#4913,#4914);
#4912 = CARTESIAN_POINT('',(2.656243215863,-40.9,155.17107626039));
#4913 = DIRECTION('',(0.,-1.,0.));
#4914 = DIRECTION('',(-0.996917333733,-0.,-7.845909572779E-02));
#4915 = ORIENTED_EDGE('',*,*,#4916,.T.);
#4916 = EDGE_CURVE('',#4908,#4917,#4919,.T.);
#4917 = VERTEX_POINT('',#4918);
#4918 = CARTESIAN_POINT('',(3.236811301933,-40.9,155.08886048465));
#4919 = LINE('',#4920,#4921);
#4920 = CARTESIAN_POINT('',(2.81021188565,-40.9,155.03836911641));
#4921 = VECTOR('',#4922,1.);
#4922 = DIRECTION('',(0.993068456955,-0.,0.117537397458));
#4923 = ORIENTED_EDGE('',*,*,#4924,.T.);
#4924 = EDGE_CURVE('',#4917,#4925,#4927,.T.);
#4925 = VERTEX_POINT('',#4926);
#4926 = CARTESIAN_POINT('',(3.361499383267,-40.9,155.26047890549));
#4927 = CIRCLE('',#4928,0.15);
#4928 = AXIS2_PLACEMENT_3D('',#4929,#4930,#4931);
#4929 = CARTESIAN_POINT('',(3.213346132177,-40.9,155.23701373574));
#4930 = DIRECTION('',(0.,-1.,0.));
#4931 = DIRECTION('',(0.15643446504,0.,-0.987688340595));
#4932 = ORIENTED_EDGE('',*,*,#4933,.F.);
#4933 = EDGE_CURVE('',#4934,#4925,#4936,.T.);
#4934 = VERTEX_POINT('',#4935);
#4935 = CARTESIAN_POINT('',(3.439072467121,-40.9,155.62712806899));
#4936 = CIRCLE('',#4937,1.469292842572);
#4937 = AXIS2_PLACEMENT_3D('',#4938,#4939,#4940);
#4938 = CARTESIAN_POINT('',(4.826020216819,-40.9,155.14215652669));
#4939 = DIRECTION('',(-0.,-1.,0.));
#4940 = DIRECTION('',(-0.996752172962,0.,8.053015394611E-02));
#4941 = ORIENTED_EDGE('',*,*,#4942,.F.);
#4942 = EDGE_CURVE('',#4943,#4934,#4945,.T.);
#4943 = VERTEX_POINT('',#4944);
#4944 = CARTESIAN_POINT('',(4.260879348539,-40.9,155.75728949196));
#4945 = CIRCLE('',#4946,0.471154273188);
#4946 = AXIS2_PLACEMENT_3D('',#4947,#4948,#4949);
#4947 = CARTESIAN_POINT('',(3.884572058247,-40.9,155.47377728337));
#4948 = DIRECTION('',(0.,-1.,-0.));
#4949 = DIRECTION('',(-0.945549295589,-0.,0.325478923451));
#4950 = ORIENTED_EDGE('',*,*,#4951,.F.);
#4951 = EDGE_CURVE('',#4952,#4943,#4954,.T.);
#4952 = VERTEX_POINT('',#4953);
#4953 = CARTESIAN_POINT('',(4.447956557921,-40.9,155.43255681704));
#4954 = CIRCLE('',#4955,1.469292842572);
#4955 = AXIS2_PLACEMENT_3D('',#4956,#4957,#4958);
#4956 = CARTESIAN_POINT('',(3.091678101787,-40.9,154.86746372147));
#4957 = DIRECTION('',(-0.,-1.,0.));
#4958 = DIRECTION('',(0.795757804622,-0.,0.605614990223));
#4959 = ORIENTED_EDGE('',*,*,#4960,.T.);
#4960 = EDGE_CURVE('',#4952,#4961,#4963,.T.);
#4961 = VERTEX_POINT('',#4962);
#4962 = CARTESIAN_POINT('',(4.619574978767,-40.9,155.3078687357));
#4963 = CIRCLE('',#4964,0.15);
#4964 = AXIS2_PLACEMENT_3D('',#4965,#4966,#4967);
#4965 = CARTESIAN_POINT('',(4.596109809011,-40.9,155.45602198679));
#4966 = DIRECTION('',(0.,-1.,0.));
#4967 = DIRECTION('',(-0.987688340595,-0.,-0.15643446504));
#4968 = ORIENTED_EDGE('',*,*,#4969,.T.);
#4969 = EDGE_CURVE('',#4961,#4970,#4972,.T.);
#4970 = VERTEX_POINT('',#4971);
#4971 = CARTESIAN_POINT('',(5.181338772845,-40.9,155.41961050189));
#4972 = LINE('',#4973,#4974);
#4973 = CARTESIAN_POINT('',(4.760015927286,-40.9,155.33580417725));
#4974 = VECTOR('',#4975,1.);
#4975 = DIRECTION('',(0.980785280403,-0.,0.195090322016));
#4976 = ORIENTED_EDGE('',*,*,#4977,.T.);
#4977 = EDGE_CURVE('',#4970,#4978,#4980,.T.);
#4978 = VERTEX_POINT('',#4979);
#4979 = CARTESIAN_POINT('',(5.292177456326,-40.9,155.60048279453));
#4980 = CIRCLE('',#4981,0.15);
#4981 = AXIS2_PLACEMENT_3D('',#4982,#4983,#4984);
#4982 = CARTESIAN_POINT('',(5.146321968267,-40.9,155.56546598995));
#4983 = DIRECTION('',(0.,-1.,0.));
#4984 = DIRECTION('',(0.233445363856,0.,-0.972369920398));
#4985 = ORIENTED_EDGE('',*,*,#4986,.F.);
#4986 = EDGE_CURVE('',#4987,#4978,#4989,.T.);
#4987 = VERTEX_POINT('',#4988);
#4988 = CARTESIAN_POINT('',(5.340744446434,-40.9,155.97208801503));
#4989 = CIRCLE('',#4990,1.469292842572);
#4990 = AXIS2_PLACEMENT_3D('',#4991,#4992,#4993);
#4991 = CARTESIAN_POINT('',(6.761467127753,-40.9,155.59743014441));
#4992 = DIRECTION('',(-0.,-1.,0.));
#4993 = DIRECTION('',(-0.99999784172,0.,2.077632201687E-03));
#4994 = ORIENTED_EDGE('',*,*,#4995,.F.);
#4995 = EDGE_CURVE('',#4996,#4987,#4998,.T.);
#4996 = VERTEX_POINT('',#4997);
#4997 = CARTESIAN_POINT('',(6.149805623957,-40.9,156.16632641855));
#4998 = CIRCLE('',#4999,0.471154273188);
#4999 = AXIS2_PLACEMENT_3D('',#5000,#5001,#5002);
#5000 = CARTESIAN_POINT('',(5.796902474968,-40.9,155.85416345377));
#5001 = DIRECTION('',(0.,-1.,-0.));
#5002 = DIRECTION('',(-0.968171264685,-0.,0.250288637855));
#5003 = ORIENTED_EDGE('',*,*,#5004,.F.);
#5004 = EDGE_CURVE('',#5005,#4996,#5007,.T.);
#5005 = VERTEX_POINT('',#5006);
#5006 = CARTESIAN_POINT('',(6.361784368764,-40.9,155.85727269477));
#5007 = CIRCLE('',#5008,1.469292842574);
#5008 = AXIS2_PLACEMENT_3D('',#5009,#5010,#5011);
#5009 = CARTESIAN_POINT('',(5.054023559754,-40.9,155.1875092114));
#5010 = DIRECTION('',(-0.,-1.,0.));
#5011 = DIRECTION('',(0.745788744389,-0.,0.666182519091));
#5012 = ORIENTED_EDGE('',*,*,#5013,.T.);
#5013 = EDGE_CURVE('',#5005,#5014,#5016,.T.);
#5014 = VERTEX_POINT('',#5015);
#5015 = CARTESIAN_POINT('',(6.542656661402,-40.9,155.74643401129));
#5016 = CIRCLE('',#5017,0.15);
#5017 = AXIS2_PLACEMENT_3D('',#5018,#5019,#5020);
#5018 = CARTESIAN_POINT('',(6.507639856824,-40.9,155.89228949935));
#5019 = DIRECTION('',(0.,-1.,0.));
#5020 = DIRECTION('',(-0.972369920398,-0.,-0.233445363856));
#5021 = ORIENTED_EDGE('',*,*,#5022,.T.);
#5022 = EDGE_CURVE('',#5014,#5023,#5025,.T.);
#5023 = VERTEX_POINT('',#5024);
#5024 = CARTESIAN_POINT('',(7.093921567252,-40.9,155.9019067942));
#5025 = LINE('',#5026,#5027);
#5026 = CARTESIAN_POINT('',(6.680472887864,-40.9,155.78530220702));
#5027 = VECTOR('',#5028,1.);
#5028 = DIRECTION('',(0.962455236454,-0.,0.271440449865));
#5029 = ORIENTED_EDGE('',*,*,#5030,.T.);
#5030 = EDGE_CURVE('',#5023,#5031,#5033,.T.);
#5031 = VERTEX_POINT('',#5032);
#5032 = CARTESIAN_POINT('',(7.19022749554,-40.9,156.0909178208));
#5033 = CIRCLE('',#5034,0.15);
#5034 = AXIS2_PLACEMENT_3D('',#5035,#5036,#5037);
#5035 = CARTESIAN_POINT('',(7.047569018096,-40.9,156.04456527164));
#5036 = DIRECTION('',(0.,-1.,0.));
#5037 = DIRECTION('',(0.309016994375,0.,-0.951056516295));
#5038 = ORIENTED_EDGE('',*,*,#5039,.F.);
#5039 = EDGE_CURVE('',#5040,#5031,#5042,.T.);
#5040 = VERTEX_POINT('',#5041);
#5041 = CARTESIAN_POINT('',(7.209488960258,-40.9,156.46518802855));
#5042 = CIRCLE('',#5043,1.469292842572);
#5043 = AXIS2_PLACEMENT_3D('',#5044,#5045,#5046);
#5044 = CARTESIAN_POINT('',(8.655227345429,-40.9,156.20315371996));
#5045 = DIRECTION('',(0.,-1.,-0.));
#5046 = DIRECTION('',(-0.99707819125,0.,-7.638769883618E-02));
#5047 = ORIENTED_EDGE('',*,*,#5048,.F.);
#5048 = EDGE_CURVE('',#5049,#5040,#5051,.T.);
#5049 = VERTEX_POINT('',#5050);
#5050 = CARTESIAN_POINT('',(8.000816302685,-40.9,156.72230586827));
#5051 = CIRCLE('',#5052,0.471154273188);
#5052 = AXIS2_PLACEMENT_3D('',#5053,#5054,#5055);
#5053 = CARTESIAN_POINT('',(7.673493060265,-40.9,156.38341673579));
#5054 = DIRECTION('',(0.,-1.,-0.));
#5055 = DIRECTION('',(-0.984824135983,-0.,0.173555239577));
#5056 = ORIENTED_EDGE('',*,*,#5057,.F.);
#5057 = EDGE_CURVE('',#5058,#5049,#5060,.T.);
#5058 = VERTEX_POINT('',#5059);
#5059 = CARTESIAN_POINT('',(8.236389663465,-40.9,156.43083651461));
#5060 = CIRCLE('',#5061,1.469292842573);
#5061 = AXIS2_PLACEMENT_3D('',#5062,#5063,#5064);
#5062 = CARTESIAN_POINT('',(6.985209281843,-40.9,155.66053195804));
#5063 = DIRECTION('',(-0.,-1.,0.));
#5064 = DIRECTION('',(0.691221648547,-0.,0.722642811201));
#5065 = ORIENTED_EDGE('',*,*,#5066,.T.);
#5066 = EDGE_CURVE('',#5058,#5067,#5069,.T.);
#5067 = VERTEX_POINT('',#5068);
#5068 = CARTESIAN_POINT('',(8.425400690066,-40.9,156.33453058633));
#5069 = CIRCLE('',#5070,0.15);
#5070 = AXIS2_PLACEMENT_3D('',#5071,#5072,#5073);
#5071 = CARTESIAN_POINT('',(8.379048140909,-40.9,156.47718906377));
#5072 = DIRECTION('',(0.,-1.,0.));
#5073 = DIRECTION('',(-0.951056516295,-0.,-0.309016994375));
#5074 = ORIENTED_EDGE('',*,*,#5075,.T.);
#5075 = EDGE_CURVE('',#5067,#5076,#5078,.T.);
#5076 = VERTEX_POINT('',#5077);
#5077 = CARTESIAN_POINT('',(8.962767976229,-40.9,156.53277584455));
#5078 = LINE('',#5079,#5080);
#5079 = CARTESIAN_POINT('',(8.559742511607,-40.9,156.38409190088));
#5080 = VECTOR('',#5081,1.);
#5081 = DIRECTION('',(0.938191335922,-0.,0.346117057078));
#5082 = ORIENTED_EDGE('',*,*,#5083,.T.);
#5083 = EDGE_CURVE('',#5076,#5084,#5086,.T.);
#5084 = VERTEX_POINT('',#5085);
#5085 = CARTESIAN_POINT('',(9.043947391251,-40.9,156.72876028928));
#5086 = CIRCLE('',#5087,0.15);
#5087 = AXIS2_PLACEMENT_3D('',#5088,#5089,#5090);
#5088 = CARTESIAN_POINT('',(8.905365461374,-40.9,156.67135777443));
#5089 = DIRECTION('',(0.,-1.,0.));
#5090 = DIRECTION('',(0.382683432365,0.,-0.923879532511));
#5091 = ORIENTED_EDGE('',*,*,#5092,.F.);
#5092 = EDGE_CURVE('',#5093,#5084,#5095,.T.);
#5093 = VERTEX_POINT('',#5094);
#5094 = CARTESIAN_POINT('',(9.033784577243,-40.9,157.10338798399));
#5095 = CIRCLE('',#5096,1.469292842572);
#5096 = AXIS2_PLACEMENT_3D('',#5097,#5098,#5099);
#5097 = CARTESIAN_POINT('',(10.495625208365,-40.9,156.95559276609));
#5098 = DIRECTION('',(0.,-1.,-0.));
#5099 = DIRECTION('',(-0.988011222169,0.,-0.154382074309));
#5100 = ORIENTED_EDGE('',*,*,#5101,.F.);
#5101 = EDGE_CURVE('',#5102,#5093,#5104,.T.);
#5102 = VERTEX_POINT('',#5103);
#5103 = CARTESIAN_POINT('',(9.802499288366,-40.9,157.42180004294));
#5104 = CIRCLE('',#5105,0.471154273188);
#5105 = AXIS2_PLACEMENT_3D('',#5106,#5107,#5108);
#5106 = CARTESIAN_POINT('',(9.50277400915,-40.9,157.05827410694));
#5107 = DIRECTION('',(0.,-1.,-0.));
#5108 = DIRECTION('',(-0.995405238997,-0.,9.575181553435E-02));
#5109 = ORIENTED_EDGE('',*,*,#5110,.F.);
#5110 = EDGE_CURVE('',#5111,#5102,#5113,.T.);
#5111 = VERTEX_POINT('',#5112);
#5112 = CARTESIAN_POINT('',(10.060214877014,-40.9,157.14971206489));
#5113 = CIRCLE('',#5114,1.469292842571);
#5114 = AXIS2_PLACEMENT_3D('',#5115,#5116,#5117);
#5115 = CARTESIAN_POINT('',(8.873328865894,-40.9,156.28361561885));
#5116 = DIRECTION('',(-0.,-1.,0.));
#5117 = DIRECTION('',(0.632392941387,-0.,0.774647770076));
#5118 = ORIENTED_EDGE('',*,*,#5119,.T.);
#5119 = EDGE_CURVE('',#5111,#5120,#5122,.T.);
#5120 = VERTEX_POINT('',#5121);
#5121 = CARTESIAN_POINT('',(10.256199321745,-40.9,157.06853264986));
#5122 = CIRCLE('',#5123,0.15);
#5123 = AXIS2_PLACEMENT_3D('',#5124,#5125,#5126);
#5124 = CARTESIAN_POINT('',(10.19879680689,-40.9,157.20711457974));
#5125 = DIRECTION('',(0.,-1.,0.));
#5126 = DIRECTION('',(-0.923879532511,-0.,-0.382683432365));
#5127 = ORIENTED_EDGE('',*,*,#5128,.T.);
#5128 = EDGE_CURVE('',#5120,#5129,#5131,.T.);
#5129 = VERTEX_POINT('',#5130);
#5130 = CARTESIAN_POINT('',(10.77635594021,-40.9,157.30832813547));
#5131 = LINE('',#5132,#5133);
#5132 = CARTESIAN_POINT('',(10.386238476361,-40.9,157.12848152126));
#5133 = VECTOR('',#5134,1.);
#5134 = DIRECTION('',(0.908143173825,-0.,0.418659737537));
#5135 = ORIENTED_EDGE('',*,*,#5136,.T.);
#5136 = EDGE_CURVE('',#5129,#5137,#5139,.T.);
#5137 = VERTEX_POINT('',#5138);
#5138 = CARTESIAN_POINT('',(10.841908343877,-40.9,157.51007768906));
#5139 = CIRCLE('',#5140,0.15);
#5140 = AXIS2_PLACEMENT_3D('',#5141,#5142,#5143);
#5141 = CARTESIAN_POINT('',(10.708257365249,-40.9,157.4419791141));
#5142 = DIRECTION('',(0.,-1.,0.));
#5143 = DIRECTION('',(0.45399049974,0.,-0.891006524188));
#5144 = ORIENTED_EDGE('',*,*,#5145,.F.);
#5145 = EDGE_CURVE('',#5146,#5137,#5148,.T.);
#5146 = VERTEX_POINT('',#5147);
#5147 = CARTESIAN_POINT('',(10.802383908272,-40.9,157.88275316641));
#5148 = CIRCLE('',#5149,1.469292842572);
#5149 = AXIS2_PLACEMENT_3D('',#5150,#5151,#5152);
#5150 = CARTESIAN_POINT('',(12.271314051742,-40.9,157.85010824586));
#5151 = DIRECTION('',(0.,-1.,-0.));
#5152 = DIRECTION('',(-0.972852835356,0.,-0.231424632957));
#5153 = ORIENTED_EDGE('',*,*,#5154,.F.);
#5154 = EDGE_CURVE('',#5155,#5146,#5157,.T.);
#5155 = VERTEX_POINT('',#5156);
#5156 = CARTESIAN_POINT('',(11.543746606272,-40.9,158.26049632835));
#5157 = CIRCLE('',#5158,0.471154273188);
#5158 = AXIS2_PLACEMENT_3D('',#5159,#5160,#5161);
#5159 = CARTESIAN_POINT('',(11.273467196276,-40.9,157.87457484712));
#5160 = DIRECTION('',(0.,-1.,-0.));
#5161 = DIRECTION('',(-0.999849337706,-0.,1.735804970824E-02));
#5162 = ORIENTED_EDGE('',*,*,#5163,.F.);
#5163 = EDGE_CURVE('',#5164,#5155,#5166,.T.);
#5164 = VERTEX_POINT('',#5165);
#5165 = CARTESIAN_POINT('',(11.822015520484,-40.9,158.00946723877));
#5166 = CIRCLE('',#5167,1.469292842572);
#5167 = AXIS2_PLACEMENT_3D('',#5168,#5169,#5170);
#5168 = CARTESIAN_POINT('',(10.706741426802,-40.9,157.05291867587));
#5169 = DIRECTION('',(-0.,-1.,0.));
#5170 = DIRECTION('',(0.569665321451,-0.,0.821876767853));
#5171 = ORIENTED_EDGE('',*,*,#5172,.T.);
#5172 = EDGE_CURVE('',#5164,#5173,#5175,.T.);
#5173 = VERTEX_POINT('',#5174);
#5174 = CARTESIAN_POINT('',(12.023765074073,-40.9,157.9439148351));
#5175 = CIRCLE('',#5176,0.15);
#5176 = AXIS2_PLACEMENT_3D('',#5177,#5178,#5179);
#5177 = CARTESIAN_POINT('',(11.955666499112,-40.9,158.07756581373));
#5178 = DIRECTION('',(0.,-1.,0.));
#5179 = DIRECTION('',(-0.891006524188,-0.,-0.453990499739));
#5180 = ORIENTED_EDGE('',*,*,#5181,.T.);
#5181 = EDGE_CURVE('',#5173,#5182,#5184,.T.);
#5182 = VERTEX_POINT('',#5183);
#5183 = CARTESIAN_POINT('',(12.523504086317,-40.9,158.22378212917));
#5184 = LINE('',#5185,#5186);
#5185 = CARTESIAN_POINT('',(12.148699827134,-40.9,158.01388165862));
#5186 = VECTOR('',#5187,1.);
#5187 = DIRECTION('',(0.872496007073,-0.,0.488621241497));
#5188 = ORIENTED_EDGE('',*,*,#5189,.T.);
#5189 = EDGE_CURVE('',#5182,#5190,#5192,.T.);
#5190 = VERTEX_POINT('',#5191);
#5191 = CARTESIAN_POINT('',(12.573025326263,-40.9,158.43005293853));
#5192 = CIRCLE('',#5193,0.15);
#5193 = AXIS2_PLACEMENT_3D('',#5194,#5195,#5196);
#5194 = CARTESIAN_POINT('',(12.44512930161,-40.9,158.35167815383));
#5195 = DIRECTION('',(0.,-1.,0.));
#5196 = DIRECTION('',(0.522498564716,0.,-0.852640164354));
#5197 = ORIENTED_EDGE('',*,*,#5198,.F.);
#5198 = EDGE_CURVE('',#5199,#5190,#5201,.T.);
#5199 = VERTEX_POINT('',#5200);
#5200 = CARTESIAN_POINT('',(12.504382950349,-40.9,158.79847853029));
#5201 = CIRCLE('',#5202,1.469292842572);
#5202 = AXIS2_PLACEMENT_3D('',#5203,#5204,#5205);
#5203 = CARTESIAN_POINT('',(13.971346163364,-40.9,158.88118517387));
#5204 = DIRECTION('',(0.,-1.,-0.));
#5205 = DIRECTION('',(-0.951696487307,0.,-0.307040381786));
#5206 = ORIENTED_EDGE('',*,*,#5207,.F.);
#5207 = EDGE_CURVE('',#5208,#5199,#5210,.T.);
#5208 = VERTEX_POINT('',#5209);
#5209 = CARTESIAN_POINT('',(13.213822887665,-40.9,159.23322388301));
#5210 = CIRCLE('',#5211,0.471154273188);
#5211 = AXIS2_PLACEMENT_3D('',#5212,#5213,#5214);
#5212 = CARTESIAN_POINT('',(12.974655709328,-40.9,158.82728619081));
#5213 = DIRECTION('',(0.,-1.,-0.));
#5214 = DIRECTION('',(-0.998129032764,0.,-6.11427342666E-02));
#5215 = ORIENTED_EDGE('',*,*,#5216,.F.);
#5216 = EDGE_CURVE('',#5217,#5208,#5219,.T.);
#5217 = VERTEX_POINT('',#5218);
#5218 = CARTESIAN_POINT('',(13.510929507052,-40.9,159.00480135972));
#5219 = CIRCLE('',#5220,1.469292842573);
#5220 = AXIS2_PLACEMENT_3D('',#5221,#5222,#5223);
#5221 = CARTESIAN_POINT('',(12.474143366461,-40.9,157.96369811992));
#5222 = DIRECTION('',(-0.,-1.,0.));
#5223 = DIRECTION('',(0.503425525376,-0.,0.864038622053));
#5224 = ORIENTED_EDGE('',*,*,#5225,.T.);
#5225 = EDGE_CURVE('',#5217,#5226,#5228,.T.);
#5226 = VERTEX_POINT('',#5227);
#5227 = CARTESIAN_POINT('',(13.717200316413,-40.9,158.95528011978));
#5228 = CIRCLE('',#5229,0.15);
#5229 = AXIS2_PLACEMENT_3D('',#5230,#5231,#5232);
#5230 = CARTESIAN_POINT('',(13.638825531705,-40.9,159.08317614443));
#5231 = DIRECTION('',(0.,-1.,0.));
#5232 = DIRECTION('',(-0.852640164354,-0.,-0.522498564716));
#5233 = ORIENTED_EDGE('',*,*,#5234,.T.);
#5234 = EDGE_CURVE('',#5226,#5235,#5237,.T.);
#5235 = VERTEX_POINT('',#5236);
#5236 = CARTESIAN_POINT('',(14.193440665244,-40.9,159.27349374738));
#5237 = LINE('',#5238,#5239);
#5238 = CARTESIAN_POINT('',(13.83626040362,-40.9,159.03483352668));
#5239 = VECTOR('',#5240,1.);
#5240 = DIRECTION('',(0.831469612303,-0.,0.55557023302));
#5241 = ORIENTED_EDGE('',*,*,#5242,.T.);
#5242 = EDGE_CURVE('',#5235,#5243,#5245,.T.);
#5243 = VERTEX_POINT('',#5244);
#5244 = CARTESIAN_POINT('',(14.226625426557,-40.9,159.48301408438));
#5245 = CIRCLE('',#5246,0.15);
#5246 = AXIS2_PLACEMENT_3D('',#5247,#5248,#5249);
#5247 = CARTESIAN_POINT('',(14.1052728774,-40.9,159.39484629654));
#5248 = DIRECTION('',(0.,-1.,0.));
#5249 = DIRECTION('',(0.587785252293,0.,-0.809016994375));
#5250 = ORIENTED_EDGE('',*,*,#5251,.F.);
#5251 = EDGE_CURVE('',#5252,#5243,#5254,.T.);
#5252 = VERTEX_POINT('',#5253);
#5253 = CARTESIAN_POINT('',(14.129288313407,-40.9,159.84491832425));
#5254 = CIRCLE('',#5255,1.469292842572);
#5255 = AXIS2_PLACEMENT_3D('',#5256,#5257,#5258);
#5256 = CARTESIAN_POINT('',(15.585240279945,-40.9,160.04246661801));
#5257 = DIRECTION('',(0.,-1.,-0.));
#5258 = DIRECTION('',(-0.924672613943,0.,-0.38076312456));
#5259 = ORIENTED_EDGE('',*,*,#5260,.F.);
#5260 = EDGE_CURVE('',#5261,#5252,#5263,.T.);
#5261 = VERTEX_POINT('',#5262);
#5262 = CARTESIAN_POINT('',(14.802431556914,-40.9,160.3339855181));
#5263 = CIRCLE('',#5264,0.471154273188);
#5264 = AXIS2_PLACEMENT_3D('',#5265,#5266,#5267);
#5265 = CARTESIAN_POINT('',(14.595851155422,-40.9,159.91053435578));
#5266 = DIRECTION('',(0.,-1.,-0.));
#5267 = DIRECTION('',(-0.990254930424,0.,-0.139266552953));
#5268 = ORIENTED_EDGE('',*,*,#5269,.F.);
#5269 = EDGE_CURVE('',#5270,#5261,#5272,.T.);
#5270 = VERTEX_POINT('',#5271);
#5271 = CARTESIAN_POINT('',(15.116544120369,-40.9,160.1295778619));
#5272 = CIRCLE('',#5273,1.46929284257);
#5273 = AXIS2_PLACEMENT_3D('',#5274,#5275,#5276);
#5274 = CARTESIAN_POINT('',(14.164638064195,-40.9,159.01033869289));
#5275 = DIRECTION('',(-0.,-1.,0.));
#5276 = DIRECTION('',(0.434081943531,-0.,0.900873390827));
#5277 = ORIENTED_EDGE('',*,*,#5278,.T.);
#5278 = EDGE_CURVE('',#5270,#5279,#5281,.T.);
#5279 = VERTEX_POINT('',#5280);
#5280 = CARTESIAN_POINT('',(15.326064457369,-40.9,160.09639310059));
#5281 = CIRCLE('',#5282,0.15);
#5282 = AXIS2_PLACEMENT_3D('',#5283,#5284,#5285);
#5283 = CARTESIAN_POINT('',(15.237896669525,-40.9,160.21774564975));
#5284 = DIRECTION('',(0.,-1.,0.));
#5285 = DIRECTION('',(-0.809016994375,-0.,-0.587785252293));
#5286 = ORIENTED_EDGE('',*,*,#5287,.T.);
#5287 = EDGE_CURVE('',#5279,#5288,#5290,.T.);
#5288 = VERTEX_POINT('',#5289);
#5289 = CARTESIAN_POINT('',(15.775869962672,-40.9,160.4509911689));
#5290 = LINE('',#5291,#5292);
#5291 = CARTESIAN_POINT('',(15.438515833695,-40.9,160.18504261767));
#5292 = VECTOR('',#5293,1.);
#5293 = DIRECTION('',(0.785316930881,-0.,0.61909394931));
#5294 = ORIENTED_EDGE('',*,*,#5295,.T.);
#5295 = EDGE_CURVE('',#5288,#5296,#5298,.T.);
#5296 = VERTEX_POINT('',#5297);
#5297 = CARTESIAN_POINT('',(15.792513650263,-40.9,160.66246927099));
#5298 = CIRCLE('',#5299,0.15);
#5299 = AXIS2_PLACEMENT_3D('',#5300,#5301,#5302);
#5300 = CARTESIAN_POINT('',(15.678452755423,-40.9,160.56505206374));
#5301 = DIRECTION('',(0.,-1.,0.));
#5302 = DIRECTION('',(0.64944804833,0.,-0.7604059656));
#5303 = ORIENTED_EDGE('',*,*,#5304,.F.);
#5304 = EDGE_CURVE('',#5305,#5296,#5307,.T.);
#5305 = VERTEX_POINT('',#5306);
#5306 = CARTESIAN_POINT('',(15.667081915548,-40.9,161.01562089898));
#5307 = CIRCLE('',#5308,1.469292842572);
#5308 = AXIS2_PLACEMENT_3D('',#5309,#5310,#5311);
#5309 = CARTESIAN_POINT('',(17.103046207582,-40.9,161.326792892));
#5310 = DIRECTION('',(0.,-1.,-0.));
#5311 = DIRECTION('',(-0.891947826428,0.,-0.452138336054));
#5312 = ORIENTED_EDGE('',*,*,#5313,.F.);
#5313 = EDGE_CURVE('',#5314,#5305,#5316,.T.);
#5314 = VERTEX_POINT('',#5315);
#5315 = CARTESIAN_POINT('',(16.299778313306,-40.9,161.55599467207));
#5316 = CIRCLE('',#5317,0.471154273188);
#5317 = AXIS2_PLACEMENT_3D('',#5318,#5319,#5320);
#5318 = CARTESIAN_POINT('',(16.127058325529,-40.9,161.11764075688));
#5319 = DIRECTION('',(0.,-1.,-0.));
#5320 = DIRECTION('',(-0.976275577144,0.,-0.216531747029));
#5321 = ORIENTED_EDGE('',*,*,#5322,.F.);
#5322 = EDGE_CURVE('',#5323,#5314,#5325,.T.);
#5323 = VERTEX_POINT('',#5324);
#5324 = CARTESIAN_POINT('',(16.628960212423,-40.9,161.37686212415));
#5325 = CIRCLE('',#5326,1.469292842572);
#5326 = AXIS2_PLACEMENT_3D('',#5327,#5328,#5329);
#5327 = CARTESIAN_POINT('',(15.76780305804,-40.9,160.18638750758));
#5328 = DIRECTION('',(-0.,-1.,0.));
#5329 = DIRECTION('',(0.362062102157,-0.,0.932153975576));
#5330 = ORIENTED_EDGE('',*,*,#5331,.T.);
#5331 = EDGE_CURVE('',#5323,#5332,#5334,.T.);
#5332 = VERTEX_POINT('',#5333);
#5333 = CARTESIAN_POINT('',(16.840438314512,-40.9,161.36021843656));
#5334 = CIRCLE('',#5335,0.15);
#5335 = AXIS2_PLACEMENT_3D('',#5336,#5337,#5338);
#5336 = CARTESIAN_POINT('',(16.743021107263,-40.9,161.4742793314));
#5337 = DIRECTION('',(0.,-1.,0.));
#5338 = DIRECTION('',(-0.7604059656,-0.,-0.64944804833));
#5339 = ORIENTED_EDGE('',*,*,#5340,.T.);
#5340 = EDGE_CURVE('',#5332,#5341,#5343,.T.);
#5341 = VERTEX_POINT('',#5342);
#5342 = CARTESIAN_POINT('',(17.261035775772,-40.9,161.74901473056));
#5343 = LINE('',#5344,#5345);
#5344 = CARTESIAN_POINT('',(16.945587679827,-40.9,161.45741751006));
#5345 = VECTOR('',#5346,1.);
#5346 = DIRECTION('',(0.734322509436,-0.,0.678800745533));
#5347 = ORIENTED_EDGE('',*,*,#5348,.T.);
#5348 = EDGE_CURVE('',#5341,#5349,#5351,.T.);
#5349 = VERTEX_POINT('',#5350);
#5350 = CARTESIAN_POINT('',(17.261035775771,-40.9,161.96114676492));
#5351 = CIRCLE('',#5352,0.15);
#5352 = AXIS2_PLACEMENT_3D('',#5353,#5354,#5355);
#5353 = CARTESIAN_POINT('',(17.154969758593,-40.9,161.85508074774));
#5354 = DIRECTION('',(0.,-1.,0.));
#5355 = DIRECTION('',(0.707106781187,0.,-0.707106781186));
#5356 = ORIENTED_EDGE('',*,*,#5357,.F.);
#5357 = EDGE_CURVE('',#5358,#5349,#5360,.T.);
#5358 = VERTEX_POINT('',#5359);
#5359 = CARTESIAN_POINT('',(17.108282747847,-40.9,162.30336848382));
#5360 = CIRCLE('',#5361,1.469292842573);
#5361 = AXIS2_PLACEMENT_3D('',#5362,#5363,#5364);
#5362 = CARTESIAN_POINT('',(18.515406168009,-40.9,162.72624569729));
#5363 = DIRECTION('',(0.,-1.,-0.));
#5364 = DIRECTION('',(-0.853723883961,0.,-0.520725964356));
#5365 = ORIENTED_EDGE('',*,*,#5366,.F.);
#5366 = EDGE_CURVE('',#5367,#5358,#5369,.T.);
#5367 = VERTEX_POINT('',#5368);
#5368 = CARTESIAN_POINT('',(17.696631516171,-40.9,162.89171725215));
#5369 = CIRCLE('',#5370,0.471154273188);
#5370 = AXIS2_PLACEMENT_3D('',#5371,#5372,#5373);
#5371 = CARTESIAN_POINT('',(17.558836818268,-40.9,162.44116318173));
#5372 = DIRECTION('',(0.,-1.,-0.));
#5373 = DIRECTION('',(-0.956277160287,0.,-0.29246195088));
#5374 = ORIENTED_EDGE('',*,*,#5375,.F.);
#5375 = EDGE_CURVE('',#5376,#5367,#5378,.T.);
#5376 = VERTEX_POINT('',#5377);
#5377 = CARTESIAN_POINT('',(18.038853235077,-40.9,162.73896422422));
#5378 = CIRCLE('',#5379,1.469292842573);
#5379 = AXIS2_PLACEMENT_3D('',#5380,#5381,#5382);
#5380 = CARTESIAN_POINT('',(17.273754302707,-40.9,161.48459383199));
#5381 = DIRECTION('',(-0.,-1.,0.));
#5382 = DIRECTION('',(0.287810027525,-0.,0.957687521092));
#5383 = ORIENTED_EDGE('',*,*,#5384,.T.);
#5384 = EDGE_CURVE('',#5376,#5385,#5387,.T.);
#5385 = VERTEX_POINT('',#5386);
#5386 = CARTESIAN_POINT('',(18.250985269433,-40.9,162.73896422422));
#5387 = CIRCLE('',#5388,0.15);
#5388 = AXIS2_PLACEMENT_3D('',#5389,#5390,#5391);
#5389 = CARTESIAN_POINT('',(18.144919252255,-40.9,162.8450302414));
#5390 = DIRECTION('',(0.,-1.,0.));
#5391 = DIRECTION('',(-0.707106781186,-0.,-0.707106781187));
#5392 = ORIENTED_EDGE('',*,*,#5393,.T.);
#5393 = EDGE_CURVE('',#5385,#5394,#5396,.T.);
#5394 = VERTEX_POINT('',#5395);
#5395 = CARTESIAN_POINT('',(18.639781563436,-40.9,163.15956168548));
#5396 = LINE('',#5397,#5398);
#5397 = CARTESIAN_POINT('',(18.348184342934,-40.9,162.84411358954));
#5398 = VECTOR('',#5399,1.);
#5399 = DIRECTION('',(0.678800745533,-0.,0.734322509436));
#5400 = ORIENTED_EDGE('',*,*,#5401,.T.);
#5401 = EDGE_CURVE('',#5394,#5402,#5404,.T.);
#5402 = VERTEX_POINT('',#5403);
#5403 = CARTESIAN_POINT('',(18.623137875846,-40.9,163.37103978757));
#5404 = CIRCLE('',#5405,0.15);
#5405 = AXIS2_PLACEMENT_3D('',#5406,#5407,#5408);
#5406 = CARTESIAN_POINT('',(18.525720668596,-40.9,163.25697889273));
#5407 = DIRECTION('',(0.,-1.,0.));
#5408 = DIRECTION('',(0.7604059656,0.,-0.64944804833));
#5409 = ORIENTED_EDGE('',*,*,#5410,.F.);
#5410 = EDGE_CURVE('',#5411,#5402,#5413,.T.);
#5411 = VERTEX_POINT('',#5412);
#5412 = CARTESIAN_POINT('',(18.444005327924,-40.9,163.70022168669));
#5413 = CIRCLE('',#5414,1.469292842573);
#5414 = AXIS2_PLACEMENT_3D('',#5415,#5416,#5417);
#5415 = CARTESIAN_POINT('',(19.813612492413,-40.9,164.23219694196));
#5416 = DIRECTION('',(0.,-1.,-0.));
#5417 = DIRECTION('',(-0.810236449858,0.,-0.586103143928));
#5418 = ORIENTED_EDGE('',*,*,#5419,.F.);
#5419 = EDGE_CURVE('',#5420,#5411,#5422,.T.);
#5420 = VERTEX_POINT('',#5421);
#5421 = CARTESIAN_POINT('',(18.984379101011,-40.9,164.33291808445));
#5422 = CIRCLE('',#5423,0.471154273188);
#5423 = AXIS2_PLACEMENT_3D('',#5424,#5425,#5426);
#5424 = CARTESIAN_POINT('',(18.882359243117,-40.9,163.87294167447));
#5425 = DIRECTION('',(0.,-1.,-0.));
#5426 = DIRECTION('',(-0.930382976743,0.,-0.366589029552));
#5427 = ORIENTED_EDGE('',*,*,#5428,.F.);
#5428 = EDGE_CURVE('',#5429,#5420,#5431,.T.);
#5429 = VERTEX_POINT('',#5430);
#5430 = CARTESIAN_POINT('',(19.337530729009,-40.9,164.20748634973));
#5431 = CIRCLE('',#5432,1.469292842573);
#5432 = AXIS2_PLACEMENT_3D('',#5433,#5434,#5435);
#5433 = CARTESIAN_POINT('',(18.673207107992,-40.9,162.89695379241));
#5434 = DIRECTION('',(-0.,-1.,0.));
#5435 = DIRECTION('',(0.211783508367,-0.,0.977316604578));
#5436 = ORIENTED_EDGE('',*,*,#5437,.T.);
#5437 = EDGE_CURVE('',#5429,#5438,#5440,.T.);
#5438 = VERTEX_POINT('',#5439);
#5439 = CARTESIAN_POINT('',(19.549008831098,-40.9,164.22413003732));
#5440 = CIRCLE('',#5441,0.15);
#5441 = AXIS2_PLACEMENT_3D('',#5442,#5443,#5444);
#5442 = CARTESIAN_POINT('',(19.434947936258,-40.9,164.32154724457));
#5443 = DIRECTION('',(0.,-1.,0.));
#5444 = DIRECTION('',(-0.64944804833,-0.,-0.7604059656));
#5445 = ORIENTED_EDGE('',*,*,#5446,.T.);
#5446 = EDGE_CURVE('',#5438,#5447,#5449,.T.);
#5447 = VERTEX_POINT('',#5448);
#5448 = CARTESIAN_POINT('',(19.903606899406,-40.9,164.67393554263));
#5449 = LINE('',#5450,#5451);
#5450 = CARTESIAN_POINT('',(19.637658348175,-40.9,164.33658141365));
#5451 = VECTOR('',#5452,1.);
#5452 = DIRECTION('',(0.61909394931,-0.,0.785316930881));
#5453 = ORIENTED_EDGE('',*,*,#5454,.T.);
#5454 = EDGE_CURVE('',#5447,#5455,#5457,.T.);
#5455 = VERTEX_POINT('',#5456);
#5456 = CARTESIAN_POINT('',(19.870422138094,-40.9,164.88345587963));
#5457 = CIRCLE('',#5458,0.15);
#5458 = AXIS2_PLACEMENT_3D('',#5459,#5460,#5461);
#5459 = CARTESIAN_POINT('',(19.78225435025,-40.9,164.76210333047));
#5460 = DIRECTION('',(0.,-1.,0.));
#5461 = DIRECTION('',(0.809016994375,0.,-0.587785252292));
#5462 = ORIENTED_EDGE('',*,*,#5463,.F.);
#5463 = EDGE_CURVE('',#5464,#5455,#5466,.T.);
#5464 = VERTEX_POINT('',#5465);
#5465 = CARTESIAN_POINT('',(19.6660144819,-40.9,165.19756844308));
#5466 = CIRCLE('',#5467,1.469292842573);
#5467 = AXIS2_PLACEMENT_3D('',#5468,#5469,#5470);
#5468 = CARTESIAN_POINT('',(20.989661307107,-40.9,165.8353619358));
#5469 = DIRECTION('',(0.,-1.,-0.));
#5470 = DIRECTION('',(-0.76175363861,0.,-0.647866802719));
#5471 = ORIENTED_EDGE('',*,*,#5472,.F.);
#5472 = EDGE_CURVE('',#5473,#5464,#5475,.T.);
#5473 = VERTEX_POINT('',#5474);
#5474 = CARTESIAN_POINT('',(20.155081675747,-40.9,165.87071168659));
#5475 = CIRCLE('',#5476,0.471154273188);
#5476 = AXIS2_PLACEMENT_3D('',#5477,#5478,#5479);
#5477 = CARTESIAN_POINT('',(20.089465644211,-40.9,165.40414884457));
#5478 = DIRECTION('',(0.,-1.,-0.));
#5479 = DIRECTION('',(-0.898752672763,0.,-0.438455964952));
#5480 = ORIENTED_EDGE('',*,*,#5481,.F.);
#5481 = EDGE_CURVE('',#5482,#5473,#5484,.T.);
#5482 = VERTEX_POINT('',#5483);
#5483 = CARTESIAN_POINT('',(20.516985915615,-40.9,165.77337457344));
#5484 = CIRCLE('',#5485,1.46929284257);
#5485 = AXIS2_PLACEMENT_3D('',#5486,#5487,#5488);
#5486 = CARTESIAN_POINT('',(19.957533381985,-40.9,164.41475972005));
#5487 = DIRECTION('',(-0.,-1.,0.));
#5488 = DIRECTION('',(0.134451273455,-0.,0.990920206205));
#5489 = ORIENTED_EDGE('',*,*,#5490,.T.);
#5490 = EDGE_CURVE('',#5482,#5491,#5493,.T.);
#5491 = VERTEX_POINT('',#5492);
#5492 = CARTESIAN_POINT('',(20.726506252615,-40.9,165.80655933475));
#5493 = CIRCLE('',#5494,0.15);
#5494 = AXIS2_PLACEMENT_3D('',#5495,#5496,#5497);
#5495 = CARTESIAN_POINT('',(20.605153703459,-40.9,165.8947271226));
#5496 = DIRECTION('',(0.,-1.,0.));
#5497 = DIRECTION('',(-0.587785252292,-0.,-0.809016994375));
#5498 = ORIENTED_EDGE('',*,*,#5499,.T.);
#5499 = EDGE_CURVE('',#5491,#5500,#5502,.T.);
#5500 = VERTEX_POINT('',#5501);
#5501 = CARTESIAN_POINT('',(21.04471988022,-40.9,166.28279968358));
#5502 = LINE('',#5503,#5504);
#5503 = CARTESIAN_POINT('',(20.806059659516,-40.9,165.92561942196));
#5504 = VECTOR('',#5505,1.);
#5505 = DIRECTION('',(0.55557023302,-0.,0.831469612303));
#5506 = ORIENTED_EDGE('',*,*,#5507,.T.);
#5507 = EDGE_CURVE('',#5500,#5508,#5510,.T.);
#5508 = VERTEX_POINT('',#5509);
#5509 = CARTESIAN_POINT('',(20.995198640274,-40.9,166.48907049294));
#5510 = CIRCLE('',#5511,0.15);
#5511 = AXIS2_PLACEMENT_3D('',#5512,#5513,#5514);
#5512 = CARTESIAN_POINT('',(20.916823855567,-40.9,166.36117446829));
#5513 = DIRECTION('',(0.,-1.,0.));
#5514 = DIRECTION('',(0.852640164354,0.,-0.522498564716));
#5515 = ORIENTED_EDGE('',*,*,#5516,.F.);
#5516 = EDGE_CURVE('',#5517,#5508,#5519,.T.);
#5517 = VERTEX_POINT('',#5518);
#5518 = CARTESIAN_POINT('',(20.766776116981,-40.9,166.78617711233));
#5519 = CIRCLE('',#5520,1.469292842571);
#5520 = AXIS2_PLACEMENT_3D('',#5521,#5522,#5523);
#5521 = CARTESIAN_POINT('',(22.036301880069,-40.9,167.52585663353));
#5522 = DIRECTION('',(0.,-1.,-0.));
#5523 = DIRECTION('',(-0.708574362871,0.,-0.705636147234));
#5524 = ORIENTED_EDGE('',*,*,#5525,.F.);
#5525 = EDGE_CURVE('',#5526,#5517,#5528,.T.);
#5526 = VERTEX_POINT('',#5527);
#5527 = CARTESIAN_POINT('',(21.201521469707,-40.9,167.49561704965));
#5528 = CIRCLE('',#5529,0.471154273188);
#5529 = AXIS2_PLACEMENT_3D('',#5530,#5531,#5532);
#5530 = CARTESIAN_POINT('',(21.172713809183,-40.9,167.02534429067));
#5531 = DIRECTION('',(0.,-1.,-0.));
#5532 = DIRECTION('',(-0.861581259689,0.,-0.507619673527));
#5533 = ORIENTED_EDGE('',*,*,#5534,.F.);
#5534 = EDGE_CURVE('',#5535,#5526,#5537,.T.);
#5535 = VERTEX_POINT('',#5536);
#5536 = CARTESIAN_POINT('',(21.569947061462,-40.9,167.42697467373));
#5537 = CIRCLE('',#5538,1.469292842572);
#5538 = AXIS2_PLACEMENT_3D('',#5539,#5540,#5541);
#5539 = CARTESIAN_POINT('',(21.118814826123,-40.9,166.02865383663));
#5540 = DIRECTION('',(-0.,-1.,0.));
#5541 = DIRECTION('',(5.629010173274E-02,-0.,0.998414455247));
#5542 = ORIENTED_EDGE('',*,*,#5543,.T.);
#5543 = EDGE_CURVE('',#5535,#5544,#5546,.T.);
#5544 = VERTEX_POINT('',#5545);
#5545 = CARTESIAN_POINT('',(21.776217870822,-40.9,167.47649591368));
#5546 = CIRCLE('',#5547,0.15);
#5547 = AXIS2_PLACEMENT_3D('',#5548,#5549,#5550);
#5548 = CARTESIAN_POINT('',(21.648321846169,-40.9,167.55487069839));
#5549 = DIRECTION('',(0.,-1.,0.));
#5550 = DIRECTION('',(-0.522498564716,-0.,-0.852640164354));
#5551 = ORIENTED_EDGE('',*,*,#5552,.T.);
#5552 = EDGE_CURVE('',#5544,#5553,#5555,.T.);
#5553 = VERTEX_POINT('',#5554);
#5554 = CARTESIAN_POINT('',(22.056085164893,-40.9,167.97623492592));
#5555 = LINE('',#5556,#5557);
#5556 = CARTESIAN_POINT('',(21.84618469434,-40.9,167.60143066674));
#5557 = VECTOR('',#5558,1.);
#5558 = DIRECTION('',(0.488621241497,-0.,0.872496007073));
#5559 = ORIENTED_EDGE('',*,*,#5560,.T.);
#5560 = EDGE_CURVE('',#5553,#5561,#5563,.T.);
#5561 = VERTEX_POINT('',#5562);
#5562 = CARTESIAN_POINT('',(21.990532761225,-40.9,168.17798447951));
#5563 = CIRCLE('',#5564,0.15);
#5564 = AXIS2_PLACEMENT_3D('',#5565,#5566,#5567);
#5565 = CARTESIAN_POINT('',(21.922434186265,-40.9,168.04433350088));
#5566 = DIRECTION('',(0.,-1.,0.));
#5567 = DIRECTION('',(0.891006524188,0.,-0.45399049974));
#5568 = ORIENTED_EDGE('',*,*,#5569,.F.);
#5569 = EDGE_CURVE('',#5570,#5561,#5572,.T.);
#5570 = VERTEX_POINT('',#5571);
#5571 = CARTESIAN_POINT('',(21.739503671648,-40.9,168.45625339372));
#5572 = CIRCLE('',#5573,1.469292842572);
#5573 = AXIS2_PLACEMENT_3D('',#5574,#5575,#5576);
#5574 = CARTESIAN_POINT('',(22.94708132413,-40.9,169.29325857319));
#5575 = DIRECTION('',(0.,-1.,-0.));
#5576 = DIRECTION('',(-0.65102649056,0.,-0.759055010252));
#5577 = ORIENTED_EDGE('',*,*,#5578,.F.);
#5578 = EDGE_CURVE('',#5579,#5570,#5581,.T.);
#5579 = VERTEX_POINT('',#5580);
#5580 = CARTESIAN_POINT('',(22.117246833585,-40.9,169.19761609172));
#5581 = CIRCLE('',#5582,0.471154273188);
#5582 = AXIS2_PLACEMENT_3D('',#5583,#5584,#5585);
#5583 = CARTESIAN_POINT('',(22.125425152879,-40.9,168.72653280372));
#5584 = DIRECTION('',(0.,-1.,-0.));
#5585 = DIRECTION('',(-0.819097911645,0.,-0.573653738015));
#5586 = ORIENTED_EDGE('',*,*,#5587,.F.);
#5587 = EDGE_CURVE('',#5588,#5579,#5590,.T.);
#5588 = VERTEX_POINT('',#5589);
#5589 = CARTESIAN_POINT('',(22.489922310939,-40.9,169.15809165612));
#5590 = CIRCLE('',#5591,1.469292842572);
#5591 = AXIS2_PLACEMENT_3D('',#5592,#5593,#5594);
#5592 = CARTESIAN_POINT('',(22.149891754141,-40.9,167.72868594825));
#5593 = DIRECTION('',(-0.,-1.,0.));
#5594 = DIRECTION('',(-2.221811718531E-02,0.,0.999753147166));
#5595 = ORIENTED_EDGE('',*,*,#5596,.T.);
#5596 = EDGE_CURVE('',#5588,#5597,#5599,.T.);
#5597 = VERTEX_POINT('',#5598);
#5598 = CARTESIAN_POINT('',(22.691671864528,-40.9,169.22364405979));
#5599 = CIRCLE('',#5600,0.15);
#5600 = AXIS2_PLACEMENT_3D('',#5601,#5602,#5603);
#5601 = CARTESIAN_POINT('',(22.5580208859,-40.9,169.29174263475));
#5602 = DIRECTION('',(0.,-1.,0.));
#5603 = DIRECTION('',(-0.453990499739,-0.,-0.891006524188));
#5604 = ORIENTED_EDGE('',*,*,#5605,.T.);
#5605 = EDGE_CURVE('',#5597,#5606,#5608,.T.);
#5606 = VERTEX_POINT('',#5607);
#5607 = CARTESIAN_POINT('',(22.931467350132,-40.9,169.74380067825));
#5608 = LINE('',#5609,#5610);
#5609 = CARTESIAN_POINT('',(22.751620735929,-40.9,169.3536832144));
#5610 = VECTOR('',#5611,1.);
#5611 = DIRECTION('',(0.418659737537,-0.,0.908143173825));
#5612 = ORIENTED_EDGE('',*,*,#5613,.T.);
#5613 = EDGE_CURVE('',#5606,#5614,#5616,.T.);
#5614 = VERTEX_POINT('',#5615);
#5615 = CARTESIAN_POINT('',(22.85028793511,-40.9,169.93978512298));
#5616 = CIRCLE('',#5617,0.15);
#5617 = AXIS2_PLACEMENT_3D('',#5618,#5619,#5620);
#5618 = CARTESIAN_POINT('',(22.792885420255,-40.9,169.80120319311));
#5619 = DIRECTION('',(0.,-1.,0.));
#5620 = DIRECTION('',(0.923879532511,0.,-0.382683432365));
#5621 = ORIENTED_EDGE('',*,*,#5622,.F.);
#5622 = EDGE_CURVE('',#5623,#5614,#5625,.T.);
#5623 = VERTEX_POINT('',#5624);
#5624 = CARTESIAN_POINT('',(22.57819995706,-40.9,170.19750071163));
#5625 = CIRCLE('',#5626,1.469292842573);
#5626 = AXIS2_PLACEMENT_3D('',#5627,#5628,#5629);
#5627 = CARTESIAN_POINT('',(23.716384381148,-40.9,171.1266711341));
#5628 = DIRECTION('',(0.,-1.,-0.));
#5629 = DIRECTION('',(-0.589464823447,0.,-0.807794046722));
#5630 = ORIENTED_EDGE('',*,*,#5631,.F.);
#5631 = EDGE_CURVE('',#5632,#5623,#5634,.T.);
#5632 = VERTEX_POINT('',#5633);
#5633 = CARTESIAN_POINT('',(22.896612016003,-40.9,170.96621542275));
#5634 = CIRCLE('',#5635,0.471154273188);
#5635 = AXIS2_PLACEMENT_3D('',#5636,#5637,#5638);
#5636 = CARTESIAN_POINT('',(22.941725893057,-40.9,170.49722599085));
#5637 = DIRECTION('',(0.,-1.,-0.));
#5638 = DIRECTION('',(-0.771564552598,0.,-0.636151036448));
#5639 = ORIENTED_EDGE('',*,*,#5640,.F.);
#5640 = EDGE_CURVE('',#5641,#5632,#5643,.T.);
#5641 = VERTEX_POINT('',#5642);
#5642 = CARTESIAN_POINT('',(23.271239710711,-40.9,170.95605260874));
#5643 = CIRCLE('',#5644,1.469292842573);
#5644 = AXIS2_PLACEMENT_3D('',#5645,#5646,#5647);
#5645 = CARTESIAN_POINT('',(23.044407233907,-40.9,169.50437479163));
#5646 = DIRECTION('',(0.,-1.,-0.));
#5647 = DIRECTION('',(-0.100589354023,-0.,0.994928028481));
#5648 = ORIENTED_EDGE('',*,*,#5649,.T.);
#5649 = EDGE_CURVE('',#5641,#5650,#5652,.T.);
#5650 = VERTEX_POINT('',#5651);
#5651 = CARTESIAN_POINT('',(23.467224155443,-40.9,171.03723202377));
#5652 = CIRCLE('',#5653,0.15);
#5653 = AXIS2_PLACEMENT_3D('',#5654,#5655,#5656);
#5654 = CARTESIAN_POINT('',(23.328642225566,-40.9,171.09463453862));
#5655 = DIRECTION('',(0.,-1.,0.));
#5656 = DIRECTION('',(-0.382683432365,-0.,-0.923879532511));
#5657 = ORIENTED_EDGE('',*,*,#5658,.T.);
#5658 = EDGE_CURVE('',#5650,#5659,#5661,.T.);
#5659 = VERTEX_POINT('',#5660);
#5660 = CARTESIAN_POINT('',(23.66546941367,-40.9,171.57459930993));
#5661 = LINE('',#5662,#5663);
#5662 = CARTESIAN_POINT('',(23.51678547,-40.9,171.17157384531));
#5663 = VECTOR('',#5664,1.);
#5664 = DIRECTION('',(0.346117057077,-0.,0.938191335922));
#5665 = ORIENTED_EDGE('',*,*,#5666,.T.);
#5666 = EDGE_CURVE('',#5659,#5667,#5669,.T.);
#5667 = VERTEX_POINT('',#5668);
#5668 = CARTESIAN_POINT('',(23.569163485382,-40.9,171.76361033653));
#5669 = CIRCLE('',#5670,0.15);
#5670 = AXIS2_PLACEMENT_3D('',#5671,#5672,#5673);
#5671 = CARTESIAN_POINT('',(23.522810936226,-40.9,171.62095185909));
#5672 = DIRECTION('',(0.,-1.,0.));
#5673 = DIRECTION('',(0.951056516295,0.,-0.309016994375));
#5674 = ORIENTED_EDGE('',*,*,#5675,.F.);
#5675 = EDGE_CURVE('',#5676,#5667,#5678,.T.);
#5676 = VERTEX_POINT('',#5677);
#5677 = CARTESIAN_POINT('',(23.277694131724,-40.9,171.99918369731));
#5678 = CIRCLE('',#5679,1.469292842572);
#5679 = AXIS2_PLACEMENT_3D('',#5680,#5681,#5682);
#5680 = CARTESIAN_POINT('',(24.339468041957,-40.9,173.01479071815));
#5681 = DIRECTION('',(0.,-1.,-0.));
#5682 = DIRECTION('',(-0.52426890968,0.,-0.851552764274));
#5683 = ORIENTED_EDGE('',*,*,#5684,.F.);
#5684 = EDGE_CURVE('',#5685,#5676,#5687,.T.);
#5685 = VERTEX_POINT('',#5686);
#5686 = CARTESIAN_POINT('',(23.534811971446,-40.9,172.79051103974));
#5687 = CIRCLE('',#5688,0.471154273188);
#5688 = AXIS2_PLACEMENT_3D('',#5689,#5690,#5691);
#5689 = CARTESIAN_POINT('',(23.616583264207,-40.9,172.32650693973));
#5690 = DIRECTION('',(0.,-1.,-0.));
#5691 = DIRECTION('',(-0.719274241513,0.,-0.6947262522));
#5692 = ORIENTED_EDGE('',*,*,#5693,.F.);
#5693 = EDGE_CURVE('',#5694,#5685,#5696,.T.);
#5694 = VERTEX_POINT('',#5695);
#5695 = CARTESIAN_POINT('',(23.909082179194,-40.9,172.80977250446));
#5696 = CIRCLE('',#5697,1.469292842574);
#5697 = AXIS2_PLACEMENT_3D('',#5698,#5699,#5700);
#5698 = CARTESIAN_POINT('',(23.796846280034,-40.9,171.34477265456));
#5699 = DIRECTION('',(0.,-1.,-0.));
#5700 = DIRECTION('',(-0.178340424043,-0.,0.983968847653));
#5701 = ORIENTED_EDGE('',*,*,#5702,.T.);
#5702 = EDGE_CURVE('',#5694,#5703,#5705,.T.);
#5703 = VERTEX_POINT('',#5704);
#5704 = CARTESIAN_POINT('',(24.098093205795,-40.9,172.90607843274));
#5705 = CIRCLE('',#5706,0.15);
#5706 = AXIS2_PLACEMENT_3D('',#5707,#5708,#5709);
#5707 = CARTESIAN_POINT('',(23.955434728351,-40.9,172.9524309819));
#5708 = DIRECTION('',(0.,-1.,0.));
#5709 = DIRECTION('',(-0.309016994375,-0.,-0.951056516295));
#5710 = ORIENTED_EDGE('',*,*,#5711,.T.);
#5711 = EDGE_CURVE('',#5703,#5712,#5714,.T.);
#5712 = VERTEX_POINT('',#5713);
#5713 = CARTESIAN_POINT('',(24.253565988706,-40.9,173.45734333859));
#5714 = LINE('',#5715,#5716);
#5715 = CARTESIAN_POINT('',(24.136961401523,-40.9,173.04389465921));
#5716 = VECTOR('',#5717,1.);
#5717 = DIRECTION('',(0.271440449865,-0.,0.962455236454));
#5718 = ORIENTED_EDGE('',*,*,#5719,.T.);
#5719 = EDGE_CURVE('',#5712,#5720,#5722,.T.);
#5720 = VERTEX_POINT('',#5721);
#5721 = CARTESIAN_POINT('',(24.142727305225,-40.9,173.63821563123));
#5722 = CIRCLE('',#5723,0.15);
#5723 = AXIS2_PLACEMENT_3D('',#5724,#5725,#5726);
#5724 = CARTESIAN_POINT('',(24.107710500647,-40.9,173.49236014317));
#5725 = DIRECTION('',(0.,-1.,0.));
#5726 = DIRECTION('',(0.972369920398,0.,-0.233445363856));
#5727 = ORIENTED_EDGE('',*,*,#5728,.F.);
#5728 = EDGE_CURVE('',#5729,#5720,#5731,.T.);
#5729 = VERTEX_POINT('',#5730);
#5730 = CARTESIAN_POINT('',(23.833673581447,-40.9,173.85019437604));
#5731 = CIRCLE('',#5732,1.469292842574);
#5732 = AXIS2_PLACEMENT_3D('',#5733,#5734,#5735);
#5733 = CARTESIAN_POINT('',(24.812490788595,-40.9,174.94597644024));
#5734 = DIRECTION('',(0.,-1.,-0.));
#5735 = DIRECTION('',(-0.455840703748,0.,-0.890061375865));
#5736 = ORIENTED_EDGE('',*,*,#5737,.F.);
#5737 = EDGE_CURVE('',#5738,#5729,#5740,.T.);
#5738 = VERTEX_POINT('',#5739);
#5739 = CARTESIAN_POINT('',(24.027911984966,-40.9,174.65925555356));
#5740 = CIRCLE('',#5741,0.471154273188);
#5741 = AXIS2_PLACEMENT_3D('',#5742,#5743,#5744);
#5742 = CARTESIAN_POINT('',(24.145836546222,-40.9,174.20309752503));
#5743 = DIRECTION('',(0.,-1.,-0.));
#5744 = DIRECTION('',(-0.662549365546,0.,-0.749018249587));
#5745 = ORIENTED_EDGE('',*,*,#5746,.F.);
#5746 = EDGE_CURVE('',#5747,#5738,#5749,.T.);
#5747 = VERTEX_POINT('',#5748);
#5748 = CARTESIAN_POINT('',(24.399517205466,-40.9,174.70782254367));
#5749 = CIRCLE('',#5750,1.469292842574);
#5750 = AXIS2_PLACEMENT_3D('',#5751,#5752,#5753);
#5751 = CARTESIAN_POINT('',(24.40256985559,-40.9,173.23853287224));
#5752 = DIRECTION('',(-0.,-1.,0.));
#5753 = DIRECTION('',(-0.254991966045,0.,0.966943171677));
#5754 = ORIENTED_EDGE('',*,*,#5755,.T.);
#5755 = EDGE_CURVE('',#5747,#5756,#5758,.T.);
#5756 = VERTEX_POINT('',#5757);
#5757 = CARTESIAN_POINT('',(24.580389498104,-40.9,174.81866122715));
#5758 = CIRCLE('',#5759,0.15);
#5759 = AXIS2_PLACEMENT_3D('',#5760,#5761,#5762);
#5760 = CARTESIAN_POINT('',(24.434534010045,-40.9,174.85367803173));
#5761 = DIRECTION('',(0.,-1.,0.));
#5762 = DIRECTION('',(-0.233445363856,-0.,-0.972369920398));
#5763 = ORIENTED_EDGE('',*,*,#5764,.T.);
#5764 = EDGE_CURVE('',#5756,#5765,#5767,.T.);
#5765 = VERTEX_POINT('',#5766);
#5766 = CARTESIAN_POINT('',(24.692131264293,-40.9,175.38042502123));
#5767 = LINE('',#5768,#5769);
#5768 = CARTESIAN_POINT('',(24.608324939652,-40.9,174.95910217567));
#5769 = VECTOR('',#5770,1.);
#5770 = DIRECTION('',(0.195090322016,-0.,0.980785280403));
#5771 = ORIENTED_EDGE('',*,*,#5772,.T.);
#5772 = EDGE_CURVE('',#5765,#5773,#5775,.T.);
#5773 = VERTEX_POINT('',#5774);
#5774 = CARTESIAN_POINT('',(24.56744318296,-40.9,175.55204344207));
#5775 = CIRCLE('',#5776,0.15);
#5776 = AXIS2_PLACEMENT_3D('',#5777,#5778,#5779);
#5777 = CARTESIAN_POINT('',(24.543978013204,-40.9,175.40389019098));
#5778 = DIRECTION('',(0.,-1.,0.));
#5779 = DIRECTION('',(0.987688340595,0.,-0.15643446504));
#5780 = ORIENTED_EDGE('',*,*,#5781,.F.);
#5781 = EDGE_CURVE('',#5782,#5773,#5784,.T.);
#5782 = VERTEX_POINT('',#5783);
#5783 = CARTESIAN_POINT('',(24.242710508039,-40.9,175.73912065146));
#5784 = CIRCLE('',#5785,1.469292842574);
#5785 = AXIS2_PLACEMENT_3D('',#5786,#5787,#5788);
#5786 = CARTESIAN_POINT('',(25.13253627853,-40.9,176.90832189821));
#5787 = DIRECTION('',(0.,-1.,-0.));
#5788 = DIRECTION('',(-0.384602088294,0.,-0.923082463098));
#5789 = ORIENTED_EDGE('',*,*,#5790,.F.);
#5790 = EDGE_CURVE('',#5791,#5782,#5793,.T.);
#5791 = VERTEX_POINT('',#5792);
#5792 = CARTESIAN_POINT('',(24.372871931008,-40.9,176.56092753287));
#5793 = CIRCLE('',#5794,0.471154273188);
#5794 = AXIS2_PLACEMENT_3D('',#5795,#5796,#5797);
#5795 = CARTESIAN_POINT('',(24.526222716624,-40.9,176.11542794175));
#5796 = DIRECTION('',(0.,-1.,-0.));
#5797 = DIRECTION('',(-0.601739652421,0.,-0.798692300391));
#5798 = ORIENTED_EDGE('',*,*,#5799,.F.);
#5799 = EDGE_CURVE('',#5800,#5791,#5802,.T.);
#5800 = VERTEX_POINT('',#5801);
#5801 = CARTESIAN_POINT('',(24.739521094504,-40.9,176.63850061673));
#5802 = CIRCLE('',#5803,1.469292842574);
#5803 = AXIS2_PLACEMENT_3D('',#5804,#5805,#5806);
#5804 = CARTESIAN_POINT('',(24.857843473308,-40.9,175.17397978317));
#5805 = DIRECTION('',(-0.,-1.,0.));
#5806 = DIRECTION('',(-0.330071397783,0.,0.943955969506));
#5807 = ORIENTED_EDGE('',*,*,#5808,.T.);
#5808 = EDGE_CURVE('',#5800,#5809,#5811,.T.);
#5809 = VERTEX_POINT('',#5810);
#5810 = CARTESIAN_POINT('',(24.911139515349,-40.9,176.76318869806));
#5811 = CIRCLE('',#5812,0.15);
#5812 = AXIS2_PLACEMENT_3D('',#5813,#5814,#5815);
#5813 = CARTESIAN_POINT('',(24.76298626426,-40.9,176.78665386782));
#5814 = DIRECTION('',(0.,-1.,0.));
#5815 = DIRECTION('',(-0.15643446504,-0.,-0.987688340595));
#5816 = ORIENTED_EDGE('',*,*,#5817,.T.);
#5817 = EDGE_CURVE('',#5809,#5818,#5820,.T.);
#5818 = VERTEX_POINT('',#5819);
#5819 = CARTESIAN_POINT('',(24.978461339668,-40.9,177.33198791977));
#5820 = LINE('',#5821,#5822);
#5821 = CARTESIAN_POINT('',(24.927969971429,-40.9,176.90538850349));
#5822 = VECTOR('',#5823,1.);
#5823 = DIRECTION('',(0.117537397458,-0.,0.993068456955));
#5824 = ORIENTED_EDGE('',*,*,#5825,.T.);
#5825 = EDGE_CURVE('',#5818,#5826,#5828,.T.);
#5826 = VERTEX_POINT('',#5827);
#5827 = CARTESIAN_POINT('',(24.840692603967,-40.9,177.49329438419));
#5828 = CIRCLE('',#5829,0.15);
#5829 = AXIS2_PLACEMENT_3D('',#5830,#5831,#5832);
#5830 = CARTESIAN_POINT('',(24.828923739608,-40.9,177.34375678413));
#5831 = DIRECTION('',(0.,-1.,0.));
#5832 = DIRECTION('',(0.996917333733,0.,-7.845909572799E-02));
#5833 = ORIENTED_EDGE('',*,*,#5834,.F.);
#5834 = EDGE_CURVE('',#5835,#5826,#5837,.T.);
#5835 = VERTEX_POINT('',#5836);
#5836 = CARTESIAN_POINT('',(24.50228306283,-40.9,177.65431666494));
#5837 = CIRCLE('',#5838,1.469292842574);
#5838 = AXIS2_PLACEMENT_3D('',#5839,#5840,#5841);
#5839 = CARTESIAN_POINT('',(25.29763132489,-40.9,178.88972857976));
#5840 = DIRECTION('',(0.,-1.,-0.));
#5841 = DIRECTION('',(-0.310992273074,0.,-0.95041243999));
#5842 = ORIENTED_EDGE('',*,*,#5843,.F.);
#5843 = EDGE_CURVE('',#5844,#5835,#5846,.T.);
#5844 = VERTEX_POINT('',#5845);
#5845 = CARTESIAN_POINT('',(24.567565016792,-40.9,178.48380253756));
#5846 = CIRCLE('',#5847,0.471154273188);
#5847 = AXIS2_PLACEMENT_3D('',#5848,#5849,#5850);
#5848 = CARTESIAN_POINT('',(24.755396568181,-40.9,178.05170803696));
#5849 = DIRECTION('',(0.,-1.,-0.));
#5850 = DIRECTION('',(-0.537220014239,0.,-0.843442147572));
#5851 = ORIENTED_EDGE('',*,*,#5852,.F.);
#5852 = EDGE_CURVE('',#1620,#5844,#5853,.T.);
#5853 = CIRCLE('',#5854,1.469292842573);
#5854 = AXIS2_PLACEMENT_3D('',#5855,#5856,#5857);
#5855 = CARTESIAN_POINT('',(25.159860219942,-40.9,177.13918071356));
#5856 = DIRECTION('',(-0.,-1.,0.));
#5857 = DIRECTION('',(-0.403115829594,0.,0.915148964885));
#5858 = PLANE('',#5859);
#5859 = AXIS2_PLACEMENT_3D('',#5860,#5861,#5862);
#5860 = CARTESIAN_POINT('',(0.,-40.9,180.));
#5861 = DIRECTION('',(0.,1.,0.));
#5862 = DIRECTION('',(0.,-0.,1.));
#5863 = ADVANCED_FACE('',(#5864),#5883,.T.);
#5864 = FACE_BOUND('',#5865,.T.);
#5865 = EDGE_LOOP('',(#5866,#5874,#5881,#5882));
#5866 = ORIENTED_EDGE('',*,*,#5867,.T.);
#5867 = EDGE_CURVE('',#1591,#5868,#5870,.T.);
#5868 = VERTEX_POINT('',#5869);
#5869 = CARTESIAN_POINT('',(-9.674709713264E-16,64.,183.95));
#5870 = LINE('',#5871,#5872);
#5871 = CARTESIAN_POINT('',(-9.674709713264E-16,39.,183.95));
#5872 = VECTOR('',#5873,1.);
#5873 = DIRECTION('',(0.,1.,0.));
#5874 = ORIENTED_EDGE('',*,*,#5875,.F.);
#5875 = EDGE_CURVE('',#5868,#5868,#5876,.T.);
#5876 = CIRCLE('',#5877,3.95);
#5877 = AXIS2_PLACEMENT_3D('',#5878,#5879,#5880);
#5878 = CARTESIAN_POINT('',(0.,64.,180.));
#5879 = DIRECTION('',(0.,1.,0.));
#5880 = DIRECTION('',(0.,-0.,1.));
#5881 = ORIENTED_EDGE('',*,*,#5867,.F.);
#5882 = ORIENTED_EDGE('',*,*,#1590,.T.);
#5883 = CYLINDRICAL_SURFACE('',#5884,3.95);
#5884 = AXIS2_PLACEMENT_3D('',#5885,#5886,#5887);
#5885 = CARTESIAN_POINT('',(0.,39.,180.));
#5886 = DIRECTION('',(0.,1.,0.));
#5887 = DIRECTION('',(0.,-0.,1.));
#5888 = ADVANCED_FACE('',(#5889),#5915,.T.);
#5889 = FACE_BOUND('',#5890,.T.);
#5890 = EDGE_LOOP('',(#5891,#5902,#5908,#5909));
#5891 = ORIENTED_EDGE('',*,*,#5892,.F.);
#5892 = EDGE_CURVE('',#5893,#5895,#5897,.T.);
#5893 = VERTEX_POINT('',#5894);
#5894 = CARTESIAN_POINT('',(24.926997609268,-50.7,178.5899034513));
#5895 = VERTEX_POINT('',#5896);
#5896 = CARTESIAN_POINT('',(25.088304073687,-50.7,178.727672187));
#5897 = CIRCLE('',#5898,0.15);
#5898 = AXIS2_PLACEMENT_3D('',#5899,#5900,#5901);
#5899 = CARTESIAN_POINT('',(24.938766473627,-50.7,178.73944105136));
#5900 = DIRECTION('',(0.,-1.,0.));
#5901 = DIRECTION('',(-7.845909572782E-02,-0.,-0.996917333733));
#5902 = ORIENTED_EDGE('',*,*,#5903,.T.);
#5903 = EDGE_CURVE('',#5893,#1620,#5904,.T.);
#5904 = LINE('',#5905,#5906);
#5905 = CARTESIAN_POINT('',(24.926997609268,-50.8,178.5899034513));
#5906 = VECTOR('',#5907,1.);
#5907 = DIRECTION('',(0.,1.,0.));
#5908 = ORIENTED_EDGE('',*,*,#1619,.T.);
#5909 = ORIENTED_EDGE('',*,*,#5910,.F.);
#5910 = EDGE_CURVE('',#5895,#1622,#5911,.T.);
#5911 = LINE('',#5912,#5913);
#5912 = CARTESIAN_POINT('',(25.088304073687,-50.8,178.727672187));
#5913 = VECTOR('',#5914,1.);
#5914 = DIRECTION('',(0.,1.,0.));
#5915 = CYLINDRICAL_SURFACE('',#5916,0.15);
#5916 = AXIS2_PLACEMENT_3D('',#5917,#5918,#5919);
#5917 = CARTESIAN_POINT('',(24.938766473627,-50.8,178.73944105136));
#5918 = DIRECTION('',(0.,-1.,0.));
#5919 = DIRECTION('',(-7.845909572782E-02,-0.,-0.996917333733));
#5920 = ADVANCED_FACE('',(#5921),#5940,.F.);
#5921 = FACE_BOUND('',#5922,.T.);
#5922 = EDGE_LOOP('',(#5923,#5924,#5933,#5939));
#5923 = ORIENTED_EDGE('',*,*,#5903,.F.);
#5924 = ORIENTED_EDGE('',*,*,#5925,.T.);
#5925 = EDGE_CURVE('',#5893,#5926,#5928,.T.);
#5926 = VERTEX_POINT('',#5927);
#5927 = CARTESIAN_POINT('',(24.567565016792,-50.7,178.48380253756));
#5928 = CIRCLE('',#5929,1.469292842573);
#5929 = AXIS2_PLACEMENT_3D('',#5930,#5931,#5932);
#5930 = CARTESIAN_POINT('',(25.159860219942,-50.7,177.13918071356));
#5931 = DIRECTION('',(-0.,-1.,0.));
#5932 = DIRECTION('',(-0.403115829594,0.,0.915148964885));
#5933 = ORIENTED_EDGE('',*,*,#5934,.T.);
#5934 = EDGE_CURVE('',#5926,#5844,#5935,.T.);
#5935 = LINE('',#5936,#5937);
#5936 = CARTESIAN_POINT('',(24.567565016792,-50.8,178.48380253756));
#5937 = VECTOR('',#5938,1.);
#5938 = DIRECTION('',(0.,1.,0.));
#5939 = ORIENTED_EDGE('',*,*,#5852,.F.);
#5940 = CYLINDRICAL_SURFACE('',#5941,1.469292842573);
#5941 = AXIS2_PLACEMENT_3D('',#5942,#5943,#5944);
#5942 = CARTESIAN_POINT('',(25.159860219942,-50.8,177.13918071356));
#5943 = DIRECTION('',(-0.,-1.,-0.));
#5944 = DIRECTION('',(-0.403115829594,0.,0.915148964885));
#5945 = ADVANCED_FACE('',(#5946),#5965,.F.);
#5946 = FACE_BOUND('',#5947,.T.);
#5947 = EDGE_LOOP('',(#5948,#5949,#5958,#5964));
#5948 = ORIENTED_EDGE('',*,*,#5934,.F.);
#5949 = ORIENTED_EDGE('',*,*,#5950,.T.);
#5950 = EDGE_CURVE('',#5926,#5951,#5953,.T.);
#5951 = VERTEX_POINT('',#5952);
#5952 = CARTESIAN_POINT('',(24.50228306283,-50.7,177.65431666494));
#5953 = CIRCLE('',#5954,0.471154273188);
#5954 = AXIS2_PLACEMENT_3D('',#5955,#5956,#5957);
#5955 = CARTESIAN_POINT('',(24.755396568181,-50.7,178.05170803696));
#5956 = DIRECTION('',(0.,-1.,-0.));
#5957 = DIRECTION('',(-0.537220014239,0.,-0.843442147572));
#5958 = ORIENTED_EDGE('',*,*,#5959,.T.);
#5959 = EDGE_CURVE('',#5951,#5835,#5960,.T.);
#5960 = LINE('',#5961,#5962);
#5961 = CARTESIAN_POINT('',(24.50228306283,-50.8,177.65431666494));
#5962 = VECTOR('',#5963,1.);
#5963 = DIRECTION('',(0.,1.,0.));
#5964 = ORIENTED_EDGE('',*,*,#5843,.F.);
#5965 = CYLINDRICAL_SURFACE('',#5966,0.471154273188);
#5966 = AXIS2_PLACEMENT_3D('',#5967,#5968,#5969);
#5967 = CARTESIAN_POINT('',(24.755396568181,-50.8,178.05170803696));
#5968 = DIRECTION('',(-0.,-1.,-0.));
#5969 = DIRECTION('',(-0.537220014239,0.,-0.843442147572));
#5970 = ADVANCED_FACE('',(#5971),#5990,.F.);
#5971 = FACE_BOUND('',#5972,.T.);
#5972 = EDGE_LOOP('',(#5973,#5974,#5983,#5989));
#5973 = ORIENTED_EDGE('',*,*,#5959,.F.);
#5974 = ORIENTED_EDGE('',*,*,#5975,.T.);
#5975 = EDGE_CURVE('',#5951,#5976,#5978,.T.);
#5976 = VERTEX_POINT('',#5977);
#5977 = CARTESIAN_POINT('',(24.840692603967,-50.7,177.49329438419));
#5978 = CIRCLE('',#5979,1.469292842574);
#5979 = AXIS2_PLACEMENT_3D('',#5980,#5981,#5982);
#5980 = CARTESIAN_POINT('',(25.29763132489,-50.7,178.88972857976));
#5981 = DIRECTION('',(0.,-1.,-0.));
#5982 = DIRECTION('',(-0.310992273074,0.,-0.95041243999));
#5983 = ORIENTED_EDGE('',*,*,#5984,.T.);
#5984 = EDGE_CURVE('',#5976,#5826,#5985,.T.);
#5985 = LINE('',#5986,#5987);
#5986 = CARTESIAN_POINT('',(24.840692603967,-50.8,177.49329438419));
#5987 = VECTOR('',#5988,1.);
#5988 = DIRECTION('',(0.,1.,0.));
#5989 = ORIENTED_EDGE('',*,*,#5834,.F.);
#5990 = CYLINDRICAL_SURFACE('',#5991,1.469292842574);
#5991 = AXIS2_PLACEMENT_3D('',#5992,#5993,#5994);
#5992 = CARTESIAN_POINT('',(25.29763132489,-50.8,178.88972857976));
#5993 = DIRECTION('',(-0.,-1.,-0.));
#5994 = DIRECTION('',(-0.310992273074,0.,-0.95041243999));
#5995 = ADVANCED_FACE('',(#5996),#6015,.T.);
#5996 = FACE_BOUND('',#5997,.T.);
#5997 = EDGE_LOOP('',(#5998,#6007,#6013,#6014));
#5998 = ORIENTED_EDGE('',*,*,#5999,.F.);
#5999 = EDGE_CURVE('',#6000,#5976,#6002,.T.);
#6000 = VERTEX_POINT('',#6001);
#6001 = CARTESIAN_POINT('',(24.978461339668,-50.7,177.33198791977));
#6002 = CIRCLE('',#6003,0.15);
#6003 = AXIS2_PLACEMENT_3D('',#6004,#6005,#6006);
#6004 = CARTESIAN_POINT('',(24.828923739608,-50.7,177.34375678413));
#6005 = DIRECTION('',(0.,-1.,0.));
#6006 = DIRECTION('',(0.996917333733,0.,-7.845909572799E-02));
#6007 = ORIENTED_EDGE('',*,*,#6008,.T.);
#6008 = EDGE_CURVE('',#6000,#5818,#6009,.T.);
#6009 = LINE('',#6010,#6011);
#6010 = CARTESIAN_POINT('',(24.978461339668,-50.8,177.33198791977));
#6011 = VECTOR('',#6012,1.);
#6012 = DIRECTION('',(0.,1.,0.));
#6013 = ORIENTED_EDGE('',*,*,#5825,.T.);
#6014 = ORIENTED_EDGE('',*,*,#5984,.F.);
#6015 = CYLINDRICAL_SURFACE('',#6016,0.15);
#6016 = AXIS2_PLACEMENT_3D('',#6017,#6018,#6019);
#6017 = CARTESIAN_POINT('',(24.828923739608,-50.8,177.34375678413));
#6018 = DIRECTION('',(0.,-1.,0.));
#6019 = DIRECTION('',(0.996917333733,0.,-7.845909572799E-02));
#6020 = ADVANCED_FACE('',(#6021),#6039,.T.);
#6021 = FACE_BOUND('',#6022,.T.);
#6022 = EDGE_LOOP('',(#6023,#6031,#6037,#6038));
#6023 = ORIENTED_EDGE('',*,*,#6024,.F.);
#6024 = EDGE_CURVE('',#6025,#6000,#6027,.T.);
#6025 = VERTEX_POINT('',#6026);
#6026 = CARTESIAN_POINT('',(24.911139515349,-50.7,176.76318869806));
#6027 = LINE('',#6028,#6029);
#6028 = CARTESIAN_POINT('',(24.927969971429,-50.7,176.90538850349));
#6029 = VECTOR('',#6030,1.);
#6030 = DIRECTION('',(0.117537397458,-0.,0.993068456955));
#6031 = ORIENTED_EDGE('',*,*,#6032,.T.);
#6032 = EDGE_CURVE('',#6025,#5809,#6033,.T.);
#6033 = LINE('',#6034,#6035);
#6034 = CARTESIAN_POINT('',(24.911139515349,-50.8,176.76318869806));
#6035 = VECTOR('',#6036,1.);
#6036 = DIRECTION('',(0.,1.,0.));
#6037 = ORIENTED_EDGE('',*,*,#5817,.T.);
#6038 = ORIENTED_EDGE('',*,*,#6008,.F.);
#6039 = PLANE('',#6040);
#6040 = AXIS2_PLACEMENT_3D('',#6041,#6042,#6043);
#6041 = CARTESIAN_POINT('',(24.911139515349,-50.8,176.76318869806));
#6042 = DIRECTION('',(0.993068456955,0.,-0.117537397458));
#6043 = DIRECTION('',(0.117537397458,0.,0.993068456955));
#6044 = ADVANCED_FACE('',(#6045),#6064,.T.);
#6045 = FACE_BOUND('',#6046,.T.);
#6046 = EDGE_LOOP('',(#6047,#6056,#6062,#6063));
#6047 = ORIENTED_EDGE('',*,*,#6048,.F.);
#6048 = EDGE_CURVE('',#6049,#6025,#6051,.T.);
#6049 = VERTEX_POINT('',#6050);
#6050 = CARTESIAN_POINT('',(24.739521094504,-50.7,176.63850061673));
#6051 = CIRCLE('',#6052,0.15);
#6052 = AXIS2_PLACEMENT_3D('',#6053,#6054,#6055);
#6053 = CARTESIAN_POINT('',(24.76298626426,-50.7,176.78665386782));
#6054 = DIRECTION('',(0.,-1.,0.));
#6055 = DIRECTION('',(-0.15643446504,-0.,-0.987688340595));
#6056 = ORIENTED_EDGE('',*,*,#6057,.T.);
#6057 = EDGE_CURVE('',#6049,#5800,#6058,.T.);
#6058 = LINE('',#6059,#6060);
#6059 = CARTESIAN_POINT('',(24.739521094504,-50.8,176.63850061673));
#6060 = VECTOR('',#6061,1.);
#6061 = DIRECTION('',(0.,1.,0.));
#6062 = ORIENTED_EDGE('',*,*,#5808,.T.);
#6063 = ORIENTED_EDGE('',*,*,#6032,.F.);
#6064 = CYLINDRICAL_SURFACE('',#6065,0.15);
#6065 = AXIS2_PLACEMENT_3D('',#6066,#6067,#6068);
#6066 = CARTESIAN_POINT('',(24.76298626426,-50.8,176.78665386782));
#6067 = DIRECTION('',(0.,-1.,0.));
#6068 = DIRECTION('',(-0.15643446504,-0.,-0.987688340595));
#6069 = ADVANCED_FACE('',(#6070),#6089,.F.);
#6070 = FACE_BOUND('',#6071,.T.);
#6071 = EDGE_LOOP('',(#6072,#6073,#6082,#6088));
#6072 = ORIENTED_EDGE('',*,*,#6057,.F.);
#6073 = ORIENTED_EDGE('',*,*,#6074,.T.);
#6074 = EDGE_CURVE('',#6049,#6075,#6077,.T.);
#6075 = VERTEX_POINT('',#6076);
#6076 = CARTESIAN_POINT('',(24.372871931008,-50.7,176.56092753287));
#6077 = CIRCLE('',#6078,1.469292842574);
#6078 = AXIS2_PLACEMENT_3D('',#6079,#6080,#6081);
#6079 = CARTESIAN_POINT('',(24.857843473308,-50.7,175.17397978317));
#6080 = DIRECTION('',(-0.,-1.,0.));
#6081 = DIRECTION('',(-0.330071397783,0.,0.943955969506));
#6082 = ORIENTED_EDGE('',*,*,#6083,.T.);
#6083 = EDGE_CURVE('',#6075,#5791,#6084,.T.);
#6084 = LINE('',#6085,#6086);
#6085 = CARTESIAN_POINT('',(24.372871931008,-50.8,176.56092753287));
#6086 = VECTOR('',#6087,1.);
#6087 = DIRECTION('',(0.,1.,0.));
#6088 = ORIENTED_EDGE('',*,*,#5799,.F.);
#6089 = CYLINDRICAL_SURFACE('',#6090,1.469292842574);
#6090 = AXIS2_PLACEMENT_3D('',#6091,#6092,#6093);
#6091 = CARTESIAN_POINT('',(24.857843473308,-50.8,175.17397978317));
#6092 = DIRECTION('',(-0.,-1.,-0.));
#6093 = DIRECTION('',(-0.330071397783,0.,0.943955969506));
#6094 = ADVANCED_FACE('',(#6095),#6114,.F.);
#6095 = FACE_BOUND('',#6096,.T.);
#6096 = EDGE_LOOP('',(#6097,#6098,#6107,#6113));
#6097 = ORIENTED_EDGE('',*,*,#6083,.F.);
#6098 = ORIENTED_EDGE('',*,*,#6099,.T.);
#6099 = EDGE_CURVE('',#6075,#6100,#6102,.T.);
#6100 = VERTEX_POINT('',#6101);
#6101 = CARTESIAN_POINT('',(24.242710508039,-50.7,175.73912065146));
#6102 = CIRCLE('',#6103,0.471154273188);
#6103 = AXIS2_PLACEMENT_3D('',#6104,#6105,#6106);
#6104 = CARTESIAN_POINT('',(24.526222716624,-50.7,176.11542794175));
#6105 = DIRECTION('',(0.,-1.,-0.));
#6106 = DIRECTION('',(-0.601739652421,0.,-0.798692300391));
#6107 = ORIENTED_EDGE('',*,*,#6108,.T.);
#6108 = EDGE_CURVE('',#6100,#5782,#6109,.T.);
#6109 = LINE('',#6110,#6111);
#6110 = CARTESIAN_POINT('',(24.242710508039,-50.8,175.73912065146));
#6111 = VECTOR('',#6112,1.);
#6112 = DIRECTION('',(0.,1.,0.));
#6113 = ORIENTED_EDGE('',*,*,#5790,.F.);
#6114 = CYLINDRICAL_SURFACE('',#6115,0.471154273188);
#6115 = AXIS2_PLACEMENT_3D('',#6116,#6117,#6118);
#6116 = CARTESIAN_POINT('',(24.526222716624,-50.8,176.11542794175));
#6117 = DIRECTION('',(-0.,-1.,-0.));
#6118 = DIRECTION('',(-0.601739652421,0.,-0.798692300391));
#6119 = ADVANCED_FACE('',(#6120),#6139,.F.);
#6120 = FACE_BOUND('',#6121,.T.);
#6121 = EDGE_LOOP('',(#6122,#6123,#6132,#6138));
#6122 = ORIENTED_EDGE('',*,*,#6108,.F.);
#6123 = ORIENTED_EDGE('',*,*,#6124,.T.);
#6124 = EDGE_CURVE('',#6100,#6125,#6127,.T.);
#6125 = VERTEX_POINT('',#6126);
#6126 = CARTESIAN_POINT('',(24.56744318296,-50.7,175.55204344207));
#6127 = CIRCLE('',#6128,1.469292842574);
#6128 = AXIS2_PLACEMENT_3D('',#6129,#6130,#6131);
#6129 = CARTESIAN_POINT('',(25.13253627853,-50.7,176.90832189821));
#6130 = DIRECTION('',(0.,-1.,-0.));
#6131 = DIRECTION('',(-0.384602088294,0.,-0.923082463098));
#6132 = ORIENTED_EDGE('',*,*,#6133,.T.);
#6133 = EDGE_CURVE('',#6125,#5773,#6134,.T.);
#6134 = LINE('',#6135,#6136);
#6135 = CARTESIAN_POINT('',(24.56744318296,-50.8,175.55204344207));
#6136 = VECTOR('',#6137,1.);
#6137 = DIRECTION('',(0.,1.,0.));
#6138 = ORIENTED_EDGE('',*,*,#5781,.F.);
#6139 = CYLINDRICAL_SURFACE('',#6140,1.469292842574);
#6140 = AXIS2_PLACEMENT_3D('',#6141,#6142,#6143);
#6141 = CARTESIAN_POINT('',(25.13253627853,-50.8,176.90832189821));
#6142 = DIRECTION('',(-0.,-1.,-0.));
#6143 = DIRECTION('',(-0.384602088294,0.,-0.923082463098));
#6144 = ADVANCED_FACE('',(#6145),#6164,.T.);
#6145 = FACE_BOUND('',#6146,.T.);
#6146 = EDGE_LOOP('',(#6147,#6156,#6162,#6163));
#6147 = ORIENTED_EDGE('',*,*,#6148,.F.);
#6148 = EDGE_CURVE('',#6149,#6125,#6151,.T.);
#6149 = VERTEX_POINT('',#6150);
#6150 = CARTESIAN_POINT('',(24.692131264293,-50.7,175.38042502123));
#6151 = CIRCLE('',#6152,0.15);
#6152 = AXIS2_PLACEMENT_3D('',#6153,#6154,#6155);
#6153 = CARTESIAN_POINT('',(24.543978013204,-50.7,175.40389019098));
#6154 = DIRECTION('',(0.,-1.,0.));
#6155 = DIRECTION('',(0.987688340595,0.,-0.15643446504));
#6156 = ORIENTED_EDGE('',*,*,#6157,.T.);
#6157 = EDGE_CURVE('',#6149,#5765,#6158,.T.);
#6158 = LINE('',#6159,#6160);
#6159 = CARTESIAN_POINT('',(24.692131264293,-50.8,175.38042502123));
#6160 = VECTOR('',#6161,1.);
#6161 = DIRECTION('',(0.,1.,0.));
#6162 = ORIENTED_EDGE('',*,*,#5772,.T.);
#6163 = ORIENTED_EDGE('',*,*,#6133,.F.);
#6164 = CYLINDRICAL_SURFACE('',#6165,0.15);
#6165 = AXIS2_PLACEMENT_3D('',#6166,#6167,#6168);
#6166 = CARTESIAN_POINT('',(24.543978013204,-50.8,175.40389019098));
#6167 = DIRECTION('',(0.,-1.,0.));
#6168 = DIRECTION('',(0.987688340595,0.,-0.15643446504));
#6169 = ADVANCED_FACE('',(#6170),#6188,.T.);
#6170 = FACE_BOUND('',#6171,.T.);
#6171 = EDGE_LOOP('',(#6172,#6180,#6186,#6187));
#6172 = ORIENTED_EDGE('',*,*,#6173,.F.);
#6173 = EDGE_CURVE('',#6174,#6149,#6176,.T.);
#6174 = VERTEX_POINT('',#6175);
#6175 = CARTESIAN_POINT('',(24.580389498104,-50.7,174.81866122715));
#6176 = LINE('',#6177,#6178);
#6177 = CARTESIAN_POINT('',(24.608324939652,-50.7,174.95910217567));
#6178 = VECTOR('',#6179,1.);
#6179 = DIRECTION('',(0.195090322016,-0.,0.980785280403));
#6180 = ORIENTED_EDGE('',*,*,#6181,.T.);
#6181 = EDGE_CURVE('',#6174,#5756,#6182,.T.);
#6182 = LINE('',#6183,#6184);
#6183 = CARTESIAN_POINT('',(24.580389498104,-50.8,174.81866122715));
#6184 = VECTOR('',#6185,1.);
#6185 = DIRECTION('',(0.,1.,0.));
#6186 = ORIENTED_EDGE('',*,*,#5764,.T.);
#6187 = ORIENTED_EDGE('',*,*,#6157,.F.);
#6188 = PLANE('',#6189);
#6189 = AXIS2_PLACEMENT_3D('',#6190,#6191,#6192);
#6190 = CARTESIAN_POINT('',(24.580389498104,-50.8,174.81866122715));
#6191 = DIRECTION('',(0.980785280403,0.,-0.195090322016));
#6192 = DIRECTION('',(0.195090322016,0.,0.980785280403));
#6193 = ADVANCED_FACE('',(#6194),#6213,.T.);
#6194 = FACE_BOUND('',#6195,.T.);
#6195 = EDGE_LOOP('',(#6196,#6205,#6211,#6212));
#6196 = ORIENTED_EDGE('',*,*,#6197,.F.);
#6197 = EDGE_CURVE('',#6198,#6174,#6200,.T.);
#6198 = VERTEX_POINT('',#6199);
#6199 = CARTESIAN_POINT('',(24.399517205466,-50.7,174.70782254367));
#6200 = CIRCLE('',#6201,0.15);
#6201 = AXIS2_PLACEMENT_3D('',#6202,#6203,#6204);
#6202 = CARTESIAN_POINT('',(24.434534010045,-50.7,174.85367803173));
#6203 = DIRECTION('',(0.,-1.,0.));
#6204 = DIRECTION('',(-0.233445363856,-0.,-0.972369920398));
#6205 = ORIENTED_EDGE('',*,*,#6206,.T.);
#6206 = EDGE_CURVE('',#6198,#5747,#6207,.T.);
#6207 = LINE('',#6208,#6209);
#6208 = CARTESIAN_POINT('',(24.399517205466,-50.8,174.70782254367));
#6209 = VECTOR('',#6210,1.);
#6210 = DIRECTION('',(0.,1.,0.));
#6211 = ORIENTED_EDGE('',*,*,#5755,.T.);
#6212 = ORIENTED_EDGE('',*,*,#6181,.F.);
#6213 = CYLINDRICAL_SURFACE('',#6214,0.15);
#6214 = AXIS2_PLACEMENT_3D('',#6215,#6216,#6217);
#6215 = CARTESIAN_POINT('',(24.434534010045,-50.8,174.85367803173));
#6216 = DIRECTION('',(0.,-1.,0.));
#6217 = DIRECTION('',(-0.233445363856,-0.,-0.972369920398));
#6218 = ADVANCED_FACE('',(#6219),#6238,.F.);
#6219 = FACE_BOUND('',#6220,.T.);
#6220 = EDGE_LOOP('',(#6221,#6222,#6231,#6237));
#6221 = ORIENTED_EDGE('',*,*,#6206,.F.);
#6222 = ORIENTED_EDGE('',*,*,#6223,.T.);
#6223 = EDGE_CURVE('',#6198,#6224,#6226,.T.);
#6224 = VERTEX_POINT('',#6225);
#6225 = CARTESIAN_POINT('',(24.027911984966,-50.7,174.65925555356));
#6226 = CIRCLE('',#6227,1.469292842574);
#6227 = AXIS2_PLACEMENT_3D('',#6228,#6229,#6230);
#6228 = CARTESIAN_POINT('',(24.40256985559,-50.7,173.23853287224));
#6229 = DIRECTION('',(-0.,-1.,0.));
#6230 = DIRECTION('',(-0.254991966045,0.,0.966943171677));
#6231 = ORIENTED_EDGE('',*,*,#6232,.T.);
#6232 = EDGE_CURVE('',#6224,#5738,#6233,.T.);
#6233 = LINE('',#6234,#6235);
#6234 = CARTESIAN_POINT('',(24.027911984966,-50.8,174.65925555356));
#6235 = VECTOR('',#6236,1.);
#6236 = DIRECTION('',(0.,1.,0.));
#6237 = ORIENTED_EDGE('',*,*,#5746,.F.);
#6238 = CYLINDRICAL_SURFACE('',#6239,1.469292842574);
#6239 = AXIS2_PLACEMENT_3D('',#6240,#6241,#6242);
#6240 = CARTESIAN_POINT('',(24.40256985559,-50.8,173.23853287224));
#6241 = DIRECTION('',(-0.,-1.,-0.));
#6242 = DIRECTION('',(-0.254991966045,0.,0.966943171677));
#6243 = ADVANCED_FACE('',(#6244),#6263,.F.);
#6244 = FACE_BOUND('',#6245,.T.);
#6245 = EDGE_LOOP('',(#6246,#6247,#6256,#6262));
#6246 = ORIENTED_EDGE('',*,*,#6232,.F.);
#6247 = ORIENTED_EDGE('',*,*,#6248,.T.);
#6248 = EDGE_CURVE('',#6224,#6249,#6251,.T.);
#6249 = VERTEX_POINT('',#6250);
#6250 = CARTESIAN_POINT('',(23.833673581447,-50.7,173.85019437604));
#6251 = CIRCLE('',#6252,0.471154273188);
#6252 = AXIS2_PLACEMENT_3D('',#6253,#6254,#6255);
#6253 = CARTESIAN_POINT('',(24.145836546222,-50.7,174.20309752503));
#6254 = DIRECTION('',(0.,-1.,-0.));
#6255 = DIRECTION('',(-0.662549365546,0.,-0.749018249587));
#6256 = ORIENTED_EDGE('',*,*,#6257,.T.);
#6257 = EDGE_CURVE('',#6249,#5729,#6258,.T.);
#6258 = LINE('',#6259,#6260);
#6259 = CARTESIAN_POINT('',(23.833673581447,-50.8,173.85019437604));
#6260 = VECTOR('',#6261,1.);
#6261 = DIRECTION('',(0.,1.,0.));
#6262 = ORIENTED_EDGE('',*,*,#5737,.F.);
#6263 = CYLINDRICAL_SURFACE('',#6264,0.471154273188);
#6264 = AXIS2_PLACEMENT_3D('',#6265,#6266,#6267);
#6265 = CARTESIAN_POINT('',(24.145836546222,-50.8,174.20309752503));
#6266 = DIRECTION('',(-0.,-1.,-0.));
#6267 = DIRECTION('',(-0.662549365546,0.,-0.749018249587));
#6268 = ADVANCED_FACE('',(#6269),#6288,.F.);
#6269 = FACE_BOUND('',#6270,.T.);
#6270 = EDGE_LOOP('',(#6271,#6272,#6281,#6287));
#6271 = ORIENTED_EDGE('',*,*,#6257,.F.);
#6272 = ORIENTED_EDGE('',*,*,#6273,.T.);
#6273 = EDGE_CURVE('',#6249,#6274,#6276,.T.);
#6274 = VERTEX_POINT('',#6275);
#6275 = CARTESIAN_POINT('',(24.142727305225,-50.7,173.63821563123));
#6276 = CIRCLE('',#6277,1.469292842574);
#6277 = AXIS2_PLACEMENT_3D('',#6278,#6279,#6280);
#6278 = CARTESIAN_POINT('',(24.812490788595,-50.7,174.94597644024));
#6279 = DIRECTION('',(0.,-1.,-0.));
#6280 = DIRECTION('',(-0.455840703748,0.,-0.890061375865));
#6281 = ORIENTED_EDGE('',*,*,#6282,.T.);
#6282 = EDGE_CURVE('',#6274,#5720,#6283,.T.);
#6283 = LINE('',#6284,#6285);
#6284 = CARTESIAN_POINT('',(24.142727305225,-50.8,173.63821563123));
#6285 = VECTOR('',#6286,1.);
#6286 = DIRECTION('',(0.,1.,0.));
#6287 = ORIENTED_EDGE('',*,*,#5728,.F.);
#6288 = CYLINDRICAL_SURFACE('',#6289,1.469292842574);
#6289 = AXIS2_PLACEMENT_3D('',#6290,#6291,#6292);
#6290 = CARTESIAN_POINT('',(24.812490788595,-50.8,174.94597644024));
#6291 = DIRECTION('',(-0.,-1.,-0.));
#6292 = DIRECTION('',(-0.455840703748,0.,-0.890061375865));
#6293 = ADVANCED_FACE('',(#6294),#6313,.T.);
#6294 = FACE_BOUND('',#6295,.T.);
#6295 = EDGE_LOOP('',(#6296,#6305,#6311,#6312));
#6296 = ORIENTED_EDGE('',*,*,#6297,.F.);
#6297 = EDGE_CURVE('',#6298,#6274,#6300,.T.);
#6298 = VERTEX_POINT('',#6299);
#6299 = CARTESIAN_POINT('',(24.253565988706,-50.7,173.45734333859));
#6300 = CIRCLE('',#6301,0.15);
#6301 = AXIS2_PLACEMENT_3D('',#6302,#6303,#6304);
#6302 = CARTESIAN_POINT('',(24.107710500647,-50.7,173.49236014317));
#6303 = DIRECTION('',(0.,-1.,0.));
#6304 = DIRECTION('',(0.972369920398,0.,-0.233445363856));
#6305 = ORIENTED_EDGE('',*,*,#6306,.T.);
#6306 = EDGE_CURVE('',#6298,#5712,#6307,.T.);
#6307 = LINE('',#6308,#6309);
#6308 = CARTESIAN_POINT('',(24.253565988706,-50.8,173.45734333859));
#6309 = VECTOR('',#6310,1.);
#6310 = DIRECTION('',(0.,1.,0.));
#6311 = ORIENTED_EDGE('',*,*,#5719,.T.);
#6312 = ORIENTED_EDGE('',*,*,#6282,.F.);
#6313 = CYLINDRICAL_SURFACE('',#6314,0.15);
#6314 = AXIS2_PLACEMENT_3D('',#6315,#6316,#6317);
#6315 = CARTESIAN_POINT('',(24.107710500647,-50.8,173.49236014317));
#6316 = DIRECTION('',(0.,-1.,0.));
#6317 = DIRECTION('',(0.972369920398,0.,-0.233445363856));
#6318 = ADVANCED_FACE('',(#6319),#6337,.T.);
#6319 = FACE_BOUND('',#6320,.T.);
#6320 = EDGE_LOOP('',(#6321,#6329,#6335,#6336));
#6321 = ORIENTED_EDGE('',*,*,#6322,.F.);
#6322 = EDGE_CURVE('',#6323,#6298,#6325,.T.);
#6323 = VERTEX_POINT('',#6324);
#6324 = CARTESIAN_POINT('',(24.098093205795,-50.7,172.90607843274));
#6325 = LINE('',#6326,#6327);
#6326 = CARTESIAN_POINT('',(24.136961401523,-50.7,173.04389465921));
#6327 = VECTOR('',#6328,1.);
#6328 = DIRECTION('',(0.271440449865,-0.,0.962455236454));
#6329 = ORIENTED_EDGE('',*,*,#6330,.T.);
#6330 = EDGE_CURVE('',#6323,#5703,#6331,.T.);
#6331 = LINE('',#6332,#6333);
#6332 = CARTESIAN_POINT('',(24.098093205795,-50.8,172.90607843274));
#6333 = VECTOR('',#6334,1.);
#6334 = DIRECTION('',(0.,1.,0.));
#6335 = ORIENTED_EDGE('',*,*,#5711,.T.);
#6336 = ORIENTED_EDGE('',*,*,#6306,.F.);
#6337 = PLANE('',#6338);
#6338 = AXIS2_PLACEMENT_3D('',#6339,#6340,#6341);
#6339 = CARTESIAN_POINT('',(24.098093205795,-50.8,172.90607843274));
#6340 = DIRECTION('',(0.962455236454,0.,-0.271440449865));
#6341 = DIRECTION('',(0.271440449865,0.,0.962455236454));
#6342 = ADVANCED_FACE('',(#6343),#6362,.T.);
#6343 = FACE_BOUND('',#6344,.T.);
#6344 = EDGE_LOOP('',(#6345,#6354,#6360,#6361));
#6345 = ORIENTED_EDGE('',*,*,#6346,.F.);
#6346 = EDGE_CURVE('',#6347,#6323,#6349,.T.);
#6347 = VERTEX_POINT('',#6348);
#6348 = CARTESIAN_POINT('',(23.909082179194,-50.7,172.80977250446));
#6349 = CIRCLE('',#6350,0.15);
#6350 = AXIS2_PLACEMENT_3D('',#6351,#6352,#6353);
#6351 = CARTESIAN_POINT('',(23.955434728351,-50.7,172.9524309819));
#6352 = DIRECTION('',(0.,-1.,0.));
#6353 = DIRECTION('',(-0.309016994375,-0.,-0.951056516295));
#6354 = ORIENTED_EDGE('',*,*,#6355,.T.);
#6355 = EDGE_CURVE('',#6347,#5694,#6356,.T.);
#6356 = LINE('',#6357,#6358);
#6357 = CARTESIAN_POINT('',(23.909082179194,-50.8,172.80977250446));
#6358 = VECTOR('',#6359,1.);
#6359 = DIRECTION('',(0.,1.,0.));
#6360 = ORIENTED_EDGE('',*,*,#5702,.T.);
#6361 = ORIENTED_EDGE('',*,*,#6330,.F.);
#6362 = CYLINDRICAL_SURFACE('',#6363,0.15);
#6363 = AXIS2_PLACEMENT_3D('',#6364,#6365,#6366);
#6364 = CARTESIAN_POINT('',(23.955434728351,-50.8,172.9524309819));
#6365 = DIRECTION('',(0.,-1.,0.));
#6366 = DIRECTION('',(-0.309016994375,-0.,-0.951056516295));
#6367 = ADVANCED_FACE('',(#6368),#6387,.F.);
#6368 = FACE_BOUND('',#6369,.T.);
#6369 = EDGE_LOOP('',(#6370,#6371,#6380,#6386));
#6370 = ORIENTED_EDGE('',*,*,#6355,.F.);
#6371 = ORIENTED_EDGE('',*,*,#6372,.T.);
#6372 = EDGE_CURVE('',#6347,#6373,#6375,.T.);
#6373 = VERTEX_POINT('',#6374);
#6374 = CARTESIAN_POINT('',(23.534811971446,-50.7,172.79051103974));
#6375 = CIRCLE('',#6376,1.469292842574);
#6376 = AXIS2_PLACEMENT_3D('',#6377,#6378,#6379);
#6377 = CARTESIAN_POINT('',(23.796846280034,-50.7,171.34477265456));
#6378 = DIRECTION('',(0.,-1.,-0.));
#6379 = DIRECTION('',(-0.178340424043,-0.,0.983968847653));
#6380 = ORIENTED_EDGE('',*,*,#6381,.T.);
#6381 = EDGE_CURVE('',#6373,#5685,#6382,.T.);
#6382 = LINE('',#6383,#6384);
#6383 = CARTESIAN_POINT('',(23.534811971446,-50.8,172.79051103974));
#6384 = VECTOR('',#6385,1.);
#6385 = DIRECTION('',(0.,1.,0.));
#6386 = ORIENTED_EDGE('',*,*,#5693,.F.);
#6387 = CYLINDRICAL_SURFACE('',#6388,1.469292842574);
#6388 = AXIS2_PLACEMENT_3D('',#6389,#6390,#6391);
#6389 = CARTESIAN_POINT('',(23.796846280034,-50.8,171.34477265456));
#6390 = DIRECTION('',(0.,-1.,-0.));
#6391 = DIRECTION('',(-0.178340424043,-0.,0.983968847653));
#6392 = ADVANCED_FACE('',(#6393),#6412,.F.);
#6393 = FACE_BOUND('',#6394,.T.);
#6394 = EDGE_LOOP('',(#6395,#6396,#6405,#6411));
#6395 = ORIENTED_EDGE('',*,*,#6381,.F.);
#6396 = ORIENTED_EDGE('',*,*,#6397,.T.);
#6397 = EDGE_CURVE('',#6373,#6398,#6400,.T.);
#6398 = VERTEX_POINT('',#6399);
#6399 = CARTESIAN_POINT('',(23.277694131724,-50.7,171.99918369731));
#6400 = CIRCLE('',#6401,0.471154273188);
#6401 = AXIS2_PLACEMENT_3D('',#6402,#6403,#6404);
#6402 = CARTESIAN_POINT('',(23.616583264207,-50.7,172.32650693973));
#6403 = DIRECTION('',(0.,-1.,-0.));
#6404 = DIRECTION('',(-0.719274241513,0.,-0.6947262522));
#6405 = ORIENTED_EDGE('',*,*,#6406,.T.);
#6406 = EDGE_CURVE('',#6398,#5676,#6407,.T.);
#6407 = LINE('',#6408,#6409);
#6408 = CARTESIAN_POINT('',(23.277694131724,-50.8,171.99918369731));
#6409 = VECTOR('',#6410,1.);
#6410 = DIRECTION('',(0.,1.,0.));
#6411 = ORIENTED_EDGE('',*,*,#5684,.F.);
#6412 = CYLINDRICAL_SURFACE('',#6413,0.471154273188);
#6413 = AXIS2_PLACEMENT_3D('',#6414,#6415,#6416);
#6414 = CARTESIAN_POINT('',(23.616583264207,-50.8,172.32650693973));
#6415 = DIRECTION('',(-0.,-1.,-0.));
#6416 = DIRECTION('',(-0.719274241513,0.,-0.6947262522));
#6417 = ADVANCED_FACE('',(#6418),#6437,.F.);
#6418 = FACE_BOUND('',#6419,.T.);
#6419 = EDGE_LOOP('',(#6420,#6421,#6430,#6436));
#6420 = ORIENTED_EDGE('',*,*,#6406,.F.);
#6421 = ORIENTED_EDGE('',*,*,#6422,.T.);
#6422 = EDGE_CURVE('',#6398,#6423,#6425,.T.);
#6423 = VERTEX_POINT('',#6424);
#6424 = CARTESIAN_POINT('',(23.569163485382,-50.7,171.76361033653));
#6425 = CIRCLE('',#6426,1.469292842572);
#6426 = AXIS2_PLACEMENT_3D('',#6427,#6428,#6429);
#6427 = CARTESIAN_POINT('',(24.339468041957,-50.7,173.01479071815));
#6428 = DIRECTION('',(0.,-1.,-0.));
#6429 = DIRECTION('',(-0.52426890968,0.,-0.851552764274));
#6430 = ORIENTED_EDGE('',*,*,#6431,.T.);
#6431 = EDGE_CURVE('',#6423,#5667,#6432,.T.);
#6432 = LINE('',#6433,#6434);
#6433 = CARTESIAN_POINT('',(23.569163485382,-50.8,171.76361033653));
#6434 = VECTOR('',#6435,1.);
#6435 = DIRECTION('',(0.,1.,0.));
#6436 = ORIENTED_EDGE('',*,*,#5675,.F.);
#6437 = CYLINDRICAL_SURFACE('',#6438,1.469292842572);
#6438 = AXIS2_PLACEMENT_3D('',#6439,#6440,#6441);
#6439 = CARTESIAN_POINT('',(24.339468041957,-50.8,173.01479071815));
#6440 = DIRECTION('',(-0.,-1.,-0.));
#6441 = DIRECTION('',(-0.52426890968,0.,-0.851552764274));
#6442 = ADVANCED_FACE('',(#6443),#6462,.T.);
#6443 = FACE_BOUND('',#6444,.T.);
#6444 = EDGE_LOOP('',(#6445,#6454,#6460,#6461));
#6445 = ORIENTED_EDGE('',*,*,#6446,.F.);
#6446 = EDGE_CURVE('',#6447,#6423,#6449,.T.);
#6447 = VERTEX_POINT('',#6448);
#6448 = CARTESIAN_POINT('',(23.66546941367,-50.7,171.57459930993));
#6449 = CIRCLE('',#6450,0.15);
#6450 = AXIS2_PLACEMENT_3D('',#6451,#6452,#6453);
#6451 = CARTESIAN_POINT('',(23.522810936226,-50.7,171.62095185909));
#6452 = DIRECTION('',(0.,-1.,0.));
#6453 = DIRECTION('',(0.951056516295,0.,-0.309016994375));
#6454 = ORIENTED_EDGE('',*,*,#6455,.T.);
#6455 = EDGE_CURVE('',#6447,#5659,#6456,.T.);
#6456 = LINE('',#6457,#6458);
#6457 = CARTESIAN_POINT('',(23.66546941367,-50.8,171.57459930993));
#6458 = VECTOR('',#6459,1.);
#6459 = DIRECTION('',(0.,1.,0.));
#6460 = ORIENTED_EDGE('',*,*,#5666,.T.);
#6461 = ORIENTED_EDGE('',*,*,#6431,.F.);
#6462 = CYLINDRICAL_SURFACE('',#6463,0.15);
#6463 = AXIS2_PLACEMENT_3D('',#6464,#6465,#6466);
#6464 = CARTESIAN_POINT('',(23.522810936226,-50.8,171.62095185909));
#6465 = DIRECTION('',(0.,-1.,0.));
#6466 = DIRECTION('',(0.951056516295,0.,-0.309016994375));
#6467 = ADVANCED_FACE('',(#6468),#6486,.T.);
#6468 = FACE_BOUND('',#6469,.T.);
#6469 = EDGE_LOOP('',(#6470,#6478,#6484,#6485));
#6470 = ORIENTED_EDGE('',*,*,#6471,.F.);
#6471 = EDGE_CURVE('',#6472,#6447,#6474,.T.);
#6472 = VERTEX_POINT('',#6473);
#6473 = CARTESIAN_POINT('',(23.467224155443,-50.7,171.03723202377));
#6474 = LINE('',#6475,#6476);
#6475 = CARTESIAN_POINT('',(23.51678547,-50.7,171.17157384531));
#6476 = VECTOR('',#6477,1.);
#6477 = DIRECTION('',(0.346117057077,-0.,0.938191335922));
#6478 = ORIENTED_EDGE('',*,*,#6479,.T.);
#6479 = EDGE_CURVE('',#6472,#5650,#6480,.T.);
#6480 = LINE('',#6481,#6482);
#6481 = CARTESIAN_POINT('',(23.467224155443,-50.8,171.03723202377));
#6482 = VECTOR('',#6483,1.);
#6483 = DIRECTION('',(0.,1.,0.));
#6484 = ORIENTED_EDGE('',*,*,#5658,.T.);
#6485 = ORIENTED_EDGE('',*,*,#6455,.F.);
#6486 = PLANE('',#6487);
#6487 = AXIS2_PLACEMENT_3D('',#6488,#6489,#6490);
#6488 = CARTESIAN_POINT('',(23.467224155443,-50.8,171.03723202377));
#6489 = DIRECTION('',(0.938191335922,0.,-0.346117057077));
#6490 = DIRECTION('',(0.346117057077,0.,0.938191335922));
#6491 = ADVANCED_FACE('',(#6492),#6511,.T.);
#6492 = FACE_BOUND('',#6493,.T.);
#6493 = EDGE_LOOP('',(#6494,#6503,#6509,#6510));
#6494 = ORIENTED_EDGE('',*,*,#6495,.F.);
#6495 = EDGE_CURVE('',#6496,#6472,#6498,.T.);
#6496 = VERTEX_POINT('',#6497);
#6497 = CARTESIAN_POINT('',(23.271239710711,-50.7,170.95605260874));
#6498 = CIRCLE('',#6499,0.15);
#6499 = AXIS2_PLACEMENT_3D('',#6500,#6501,#6502);
#6500 = CARTESIAN_POINT('',(23.328642225566,-50.7,171.09463453862));
#6501 = DIRECTION('',(0.,-1.,0.));
#6502 = DIRECTION('',(-0.382683432365,-0.,-0.923879532511));
#6503 = ORIENTED_EDGE('',*,*,#6504,.T.);
#6504 = EDGE_CURVE('',#6496,#5641,#6505,.T.);
#6505 = LINE('',#6506,#6507);
#6506 = CARTESIAN_POINT('',(23.271239710711,-50.8,170.95605260874));
#6507 = VECTOR('',#6508,1.);
#6508 = DIRECTION('',(0.,1.,0.));
#6509 = ORIENTED_EDGE('',*,*,#5649,.T.);
#6510 = ORIENTED_EDGE('',*,*,#6479,.F.);
#6511 = CYLINDRICAL_SURFACE('',#6512,0.15);
#6512 = AXIS2_PLACEMENT_3D('',#6513,#6514,#6515);
#6513 = CARTESIAN_POINT('',(23.328642225566,-50.8,171.09463453862));
#6514 = DIRECTION('',(0.,-1.,0.));
#6515 = DIRECTION('',(-0.382683432365,-0.,-0.923879532511));
#6516 = ADVANCED_FACE('',(#6517),#6536,.F.);
#6517 = FACE_BOUND('',#6518,.T.);
#6518 = EDGE_LOOP('',(#6519,#6520,#6529,#6535));
#6519 = ORIENTED_EDGE('',*,*,#6504,.F.);
#6520 = ORIENTED_EDGE('',*,*,#6521,.T.);
#6521 = EDGE_CURVE('',#6496,#6522,#6524,.T.);
#6522 = VERTEX_POINT('',#6523);
#6523 = CARTESIAN_POINT('',(22.896612016003,-50.7,170.96621542275));
#6524 = CIRCLE('',#6525,1.469292842573);
#6525 = AXIS2_PLACEMENT_3D('',#6526,#6527,#6528);
#6526 = CARTESIAN_POINT('',(23.044407233907,-50.7,169.50437479163));
#6527 = DIRECTION('',(0.,-1.,-0.));
#6528 = DIRECTION('',(-0.100589354023,-0.,0.994928028481));
#6529 = ORIENTED_EDGE('',*,*,#6530,.T.);
#6530 = EDGE_CURVE('',#6522,#5632,#6531,.T.);
#6531 = LINE('',#6532,#6533);
#6532 = CARTESIAN_POINT('',(22.896612016003,-50.8,170.96621542275));
#6533 = VECTOR('',#6534,1.);
#6534 = DIRECTION('',(0.,1.,0.));
#6535 = ORIENTED_EDGE('',*,*,#5640,.F.);
#6536 = CYLINDRICAL_SURFACE('',#6537,1.469292842573);
#6537 = AXIS2_PLACEMENT_3D('',#6538,#6539,#6540);
#6538 = CARTESIAN_POINT('',(23.044407233907,-50.8,169.50437479163));
#6539 = DIRECTION('',(0.,-1.,-0.));
#6540 = DIRECTION('',(-0.100589354023,-0.,0.994928028481));
#6541 = ADVANCED_FACE('',(#6542),#6561,.F.);
#6542 = FACE_BOUND('',#6543,.T.);
#6543 = EDGE_LOOP('',(#6544,#6545,#6554,#6560));
#6544 = ORIENTED_EDGE('',*,*,#6530,.F.);
#6545 = ORIENTED_EDGE('',*,*,#6546,.T.);
#6546 = EDGE_CURVE('',#6522,#6547,#6549,.T.);
#6547 = VERTEX_POINT('',#6548);
#6548 = CARTESIAN_POINT('',(22.57819995706,-50.7,170.19750071163));
#6549 = CIRCLE('',#6550,0.471154273188);
#6550 = AXIS2_PLACEMENT_3D('',#6551,#6552,#6553);
#6551 = CARTESIAN_POINT('',(22.941725893057,-50.7,170.49722599085));
#6552 = DIRECTION('',(0.,-1.,-0.));
#6553 = DIRECTION('',(-0.771564552598,0.,-0.636151036448));
#6554 = ORIENTED_EDGE('',*,*,#6555,.T.);
#6555 = EDGE_CURVE('',#6547,#5623,#6556,.T.);
#6556 = LINE('',#6557,#6558);
#6557 = CARTESIAN_POINT('',(22.57819995706,-50.8,170.19750071163));
#6558 = VECTOR('',#6559,1.);
#6559 = DIRECTION('',(0.,1.,0.));
#6560 = ORIENTED_EDGE('',*,*,#5631,.F.);
#6561 = CYLINDRICAL_SURFACE('',#6562,0.471154273188);
#6562 = AXIS2_PLACEMENT_3D('',#6563,#6564,#6565);
#6563 = CARTESIAN_POINT('',(22.941725893057,-50.8,170.49722599085));
#6564 = DIRECTION('',(-0.,-1.,-0.));
#6565 = DIRECTION('',(-0.771564552598,0.,-0.636151036448));
#6566 = ADVANCED_FACE('',(#6567),#6586,.F.);
#6567 = FACE_BOUND('',#6568,.T.);
#6568 = EDGE_LOOP('',(#6569,#6570,#6579,#6585));
#6569 = ORIENTED_EDGE('',*,*,#6555,.F.);
#6570 = ORIENTED_EDGE('',*,*,#6571,.T.);
#6571 = EDGE_CURVE('',#6547,#6572,#6574,.T.);
#6572 = VERTEX_POINT('',#6573);
#6573 = CARTESIAN_POINT('',(22.85028793511,-50.7,169.93978512298));
#6574 = CIRCLE('',#6575,1.469292842573);
#6575 = AXIS2_PLACEMENT_3D('',#6576,#6577,#6578);
#6576 = CARTESIAN_POINT('',(23.716384381148,-50.7,171.1266711341));
#6577 = DIRECTION('',(0.,-1.,-0.));
#6578 = DIRECTION('',(-0.589464823447,0.,-0.807794046722));
#6579 = ORIENTED_EDGE('',*,*,#6580,.T.);
#6580 = EDGE_CURVE('',#6572,#5614,#6581,.T.);
#6581 = LINE('',#6582,#6583);
#6582 = CARTESIAN_POINT('',(22.85028793511,-50.8,169.93978512298));
#6583 = VECTOR('',#6584,1.);
#6584 = DIRECTION('',(0.,1.,0.));
#6585 = ORIENTED_EDGE('',*,*,#5622,.F.);
#6586 = CYLINDRICAL_SURFACE('',#6587,1.469292842573);
#6587 = AXIS2_PLACEMENT_3D('',#6588,#6589,#6590);
#6588 = CARTESIAN_POINT('',(23.716384381148,-50.8,171.1266711341));
#6589 = DIRECTION('',(-0.,-1.,-0.));
#6590 = DIRECTION('',(-0.589464823447,0.,-0.807794046722));
#6591 = ADVANCED_FACE('',(#6592),#6611,.T.);
#6592 = FACE_BOUND('',#6593,.T.);
#6593 = EDGE_LOOP('',(#6594,#6603,#6609,#6610));
#6594 = ORIENTED_EDGE('',*,*,#6595,.F.);
#6595 = EDGE_CURVE('',#6596,#6572,#6598,.T.);
#6596 = VERTEX_POINT('',#6597);
#6597 = CARTESIAN_POINT('',(22.931467350132,-50.7,169.74380067825));
#6598 = CIRCLE('',#6599,0.15);
#6599 = AXIS2_PLACEMENT_3D('',#6600,#6601,#6602);
#6600 = CARTESIAN_POINT('',(22.792885420255,-50.7,169.80120319311));
#6601 = DIRECTION('',(0.,-1.,0.));
#6602 = DIRECTION('',(0.923879532511,0.,-0.382683432365));
#6603 = ORIENTED_EDGE('',*,*,#6604,.T.);
#6604 = EDGE_CURVE('',#6596,#5606,#6605,.T.);
#6605 = LINE('',#6606,#6607);
#6606 = CARTESIAN_POINT('',(22.931467350132,-50.8,169.74380067825));
#6607 = VECTOR('',#6608,1.);
#6608 = DIRECTION('',(0.,1.,0.));
#6609 = ORIENTED_EDGE('',*,*,#5613,.T.);
#6610 = ORIENTED_EDGE('',*,*,#6580,.F.);
#6611 = CYLINDRICAL_SURFACE('',#6612,0.15);
#6612 = AXIS2_PLACEMENT_3D('',#6613,#6614,#6615);
#6613 = CARTESIAN_POINT('',(22.792885420255,-50.8,169.80120319311));
#6614 = DIRECTION('',(0.,-1.,0.));
#6615 = DIRECTION('',(0.923879532511,0.,-0.382683432365));
#6616 = ADVANCED_FACE('',(#6617),#6635,.T.);
#6617 = FACE_BOUND('',#6618,.T.);
#6618 = EDGE_LOOP('',(#6619,#6627,#6633,#6634));
#6619 = ORIENTED_EDGE('',*,*,#6620,.F.);
#6620 = EDGE_CURVE('',#6621,#6596,#6623,.T.);
#6621 = VERTEX_POINT('',#6622);
#6622 = CARTESIAN_POINT('',(22.691671864528,-50.7,169.22364405979));
#6623 = LINE('',#6624,#6625);
#6624 = CARTESIAN_POINT('',(22.751620735929,-50.7,169.3536832144));
#6625 = VECTOR('',#6626,1.);
#6626 = DIRECTION('',(0.418659737537,-0.,0.908143173825));
#6627 = ORIENTED_EDGE('',*,*,#6628,.T.);
#6628 = EDGE_CURVE('',#6621,#5597,#6629,.T.);
#6629 = LINE('',#6630,#6631);
#6630 = CARTESIAN_POINT('',(22.691671864528,-50.8,169.22364405979));
#6631 = VECTOR('',#6632,1.);
#6632 = DIRECTION('',(0.,1.,0.));
#6633 = ORIENTED_EDGE('',*,*,#5605,.T.);
#6634 = ORIENTED_EDGE('',*,*,#6604,.F.);
#6635 = PLANE('',#6636);
#6636 = AXIS2_PLACEMENT_3D('',#6637,#6638,#6639);
#6637 = CARTESIAN_POINT('',(22.691671864528,-50.8,169.22364405979));
#6638 = DIRECTION('',(0.908143173825,0.,-0.418659737537));
#6639 = DIRECTION('',(0.418659737537,0.,0.908143173825));
#6640 = ADVANCED_FACE('',(#6641),#6660,.T.);
#6641 = FACE_BOUND('',#6642,.T.);
#6642 = EDGE_LOOP('',(#6643,#6652,#6658,#6659));
#6643 = ORIENTED_EDGE('',*,*,#6644,.F.);
#6644 = EDGE_CURVE('',#6645,#6621,#6647,.T.);
#6645 = VERTEX_POINT('',#6646);
#6646 = CARTESIAN_POINT('',(22.489922310939,-50.7,169.15809165612));
#6647 = CIRCLE('',#6648,0.15);
#6648 = AXIS2_PLACEMENT_3D('',#6649,#6650,#6651);
#6649 = CARTESIAN_POINT('',(22.5580208859,-50.7,169.29174263475));
#6650 = DIRECTION('',(0.,-1.,0.));
#6651 = DIRECTION('',(-0.453990499739,-0.,-0.891006524188));
#6652 = ORIENTED_EDGE('',*,*,#6653,.T.);
#6653 = EDGE_CURVE('',#6645,#5588,#6654,.T.);
#6654 = LINE('',#6655,#6656);
#6655 = CARTESIAN_POINT('',(22.489922310939,-50.8,169.15809165612));
#6656 = VECTOR('',#6657,1.);
#6657 = DIRECTION('',(0.,1.,0.));
#6658 = ORIENTED_EDGE('',*,*,#5596,.T.);
#6659 = ORIENTED_EDGE('',*,*,#6628,.F.);
#6660 = CYLINDRICAL_SURFACE('',#6661,0.15);
#6661 = AXIS2_PLACEMENT_3D('',#6662,#6663,#6664);
#6662 = CARTESIAN_POINT('',(22.5580208859,-50.8,169.29174263475));
#6663 = DIRECTION('',(0.,-1.,0.));
#6664 = DIRECTION('',(-0.453990499739,-0.,-0.891006524188));
#6665 = ADVANCED_FACE('',(#6666),#6685,.F.);
#6666 = FACE_BOUND('',#6667,.T.);
#6667 = EDGE_LOOP('',(#6668,#6669,#6678,#6684));
#6668 = ORIENTED_EDGE('',*,*,#6653,.F.);
#6669 = ORIENTED_EDGE('',*,*,#6670,.T.);
#6670 = EDGE_CURVE('',#6645,#6671,#6673,.T.);
#6671 = VERTEX_POINT('',#6672);
#6672 = CARTESIAN_POINT('',(22.117246833585,-50.7,169.19761609172));
#6673 = CIRCLE('',#6674,1.469292842572);
#6674 = AXIS2_PLACEMENT_3D('',#6675,#6676,#6677);
#6675 = CARTESIAN_POINT('',(22.149891754141,-50.7,167.72868594825));
#6676 = DIRECTION('',(-0.,-1.,0.));
#6677 = DIRECTION('',(-2.221811718531E-02,0.,0.999753147166));
#6678 = ORIENTED_EDGE('',*,*,#6679,.T.);
#6679 = EDGE_CURVE('',#6671,#5579,#6680,.T.);
#6680 = LINE('',#6681,#6682);
#6681 = CARTESIAN_POINT('',(22.117246833585,-50.8,169.19761609172));
#6682 = VECTOR('',#6683,1.);
#6683 = DIRECTION('',(0.,1.,0.));
#6684 = ORIENTED_EDGE('',*,*,#5587,.F.);
#6685 = CYLINDRICAL_SURFACE('',#6686,1.469292842572);
#6686 = AXIS2_PLACEMENT_3D('',#6687,#6688,#6689);
#6687 = CARTESIAN_POINT('',(22.149891754141,-50.8,167.72868594825));
#6688 = DIRECTION('',(-0.,-1.,-0.));
#6689 = DIRECTION('',(-2.221811718531E-02,0.,0.999753147166));
#6690 = ADVANCED_FACE('',(#6691),#6710,.F.);
#6691 = FACE_BOUND('',#6692,.T.);
#6692 = EDGE_LOOP('',(#6693,#6694,#6703,#6709));
#6693 = ORIENTED_EDGE('',*,*,#6679,.F.);
#6694 = ORIENTED_EDGE('',*,*,#6695,.T.);
#6695 = EDGE_CURVE('',#6671,#6696,#6698,.T.);
#6696 = VERTEX_POINT('',#6697);
#6697 = CARTESIAN_POINT('',(21.739503671648,-50.7,168.45625339372));
#6698 = CIRCLE('',#6699,0.471154273188);
#6699 = AXIS2_PLACEMENT_3D('',#6700,#6701,#6702);
#6700 = CARTESIAN_POINT('',(22.125425152879,-50.7,168.72653280372));
#6701 = DIRECTION('',(0.,-1.,-0.));
#6702 = DIRECTION('',(-0.819097911645,0.,-0.573653738015));
#6703 = ORIENTED_EDGE('',*,*,#6704,.T.);
#6704 = EDGE_CURVE('',#6696,#5570,#6705,.T.);
#6705 = LINE('',#6706,#6707);
#6706 = CARTESIAN_POINT('',(21.739503671648,-50.8,168.45625339372));
#6707 = VECTOR('',#6708,1.);
#6708 = DIRECTION('',(0.,1.,0.));
#6709 = ORIENTED_EDGE('',*,*,#5578,.F.);
#6710 = CYLINDRICAL_SURFACE('',#6711,0.471154273188);
#6711 = AXIS2_PLACEMENT_3D('',#6712,#6713,#6714);
#6712 = CARTESIAN_POINT('',(22.125425152879,-50.8,168.72653280372));
#6713 = DIRECTION('',(-0.,-1.,-0.));
#6714 = DIRECTION('',(-0.819097911645,0.,-0.573653738015));
#6715 = ADVANCED_FACE('',(#6716),#6735,.F.);
#6716 = FACE_BOUND('',#6717,.T.);
#6717 = EDGE_LOOP('',(#6718,#6719,#6728,#6734));
#6718 = ORIENTED_EDGE('',*,*,#6704,.F.);
#6719 = ORIENTED_EDGE('',*,*,#6720,.T.);
#6720 = EDGE_CURVE('',#6696,#6721,#6723,.T.);
#6721 = VERTEX_POINT('',#6722);
#6722 = CARTESIAN_POINT('',(21.990532761225,-50.7,168.17798447951));
#6723 = CIRCLE('',#6724,1.469292842572);
#6724 = AXIS2_PLACEMENT_3D('',#6725,#6726,#6727);
#6725 = CARTESIAN_POINT('',(22.94708132413,-50.7,169.29325857319));
#6726 = DIRECTION('',(0.,-1.,-0.));
#6727 = DIRECTION('',(-0.65102649056,0.,-0.759055010252));
#6728 = ORIENTED_EDGE('',*,*,#6729,.T.);
#6729 = EDGE_CURVE('',#6721,#5561,#6730,.T.);
#6730 = LINE('',#6731,#6732);
#6731 = CARTESIAN_POINT('',(21.990532761225,-50.8,168.17798447951));
#6732 = VECTOR('',#6733,1.);
#6733 = DIRECTION('',(0.,1.,0.));
#6734 = ORIENTED_EDGE('',*,*,#5569,.F.);
#6735 = CYLINDRICAL_SURFACE('',#6736,1.469292842572);
#6736 = AXIS2_PLACEMENT_3D('',#6737,#6738,#6739);
#6737 = CARTESIAN_POINT('',(22.94708132413,-50.8,169.29325857319));
#6738 = DIRECTION('',(-0.,-1.,-0.));
#6739 = DIRECTION('',(-0.65102649056,0.,-0.759055010252));
#6740 = ADVANCED_FACE('',(#6741),#6760,.T.);
#6741 = FACE_BOUND('',#6742,.T.);
#6742 = EDGE_LOOP('',(#6743,#6752,#6758,#6759));
#6743 = ORIENTED_EDGE('',*,*,#6744,.F.);
#6744 = EDGE_CURVE('',#6745,#6721,#6747,.T.);
#6745 = VERTEX_POINT('',#6746);
#6746 = CARTESIAN_POINT('',(22.056085164893,-50.7,167.97623492592));
#6747 = CIRCLE('',#6748,0.15);
#6748 = AXIS2_PLACEMENT_3D('',#6749,#6750,#6751);
#6749 = CARTESIAN_POINT('',(21.922434186265,-50.7,168.04433350088));
#6750 = DIRECTION('',(0.,-1.,0.));
#6751 = DIRECTION('',(0.891006524188,0.,-0.45399049974));
#6752 = ORIENTED_EDGE('',*,*,#6753,.T.);
#6753 = EDGE_CURVE('',#6745,#5553,#6754,.T.);
#6754 = LINE('',#6755,#6756);
#6755 = CARTESIAN_POINT('',(22.056085164893,-50.8,167.97623492592));
#6756 = VECTOR('',#6757,1.);
#6757 = DIRECTION('',(0.,1.,0.));
#6758 = ORIENTED_EDGE('',*,*,#5560,.T.);
#6759 = ORIENTED_EDGE('',*,*,#6729,.F.);
#6760 = CYLINDRICAL_SURFACE('',#6761,0.15);
#6761 = AXIS2_PLACEMENT_3D('',#6762,#6763,#6764);
#6762 = CARTESIAN_POINT('',(21.922434186265,-50.8,168.04433350088));
#6763 = DIRECTION('',(0.,-1.,0.));
#6764 = DIRECTION('',(0.891006524188,0.,-0.45399049974));
#6765 = ADVANCED_FACE('',(#6766),#6784,.T.);
#6766 = FACE_BOUND('',#6767,.T.);
#6767 = EDGE_LOOP('',(#6768,#6776,#6782,#6783));
#6768 = ORIENTED_EDGE('',*,*,#6769,.F.);
#6769 = EDGE_CURVE('',#6770,#6745,#6772,.T.);
#6770 = VERTEX_POINT('',#6771);
#6771 = CARTESIAN_POINT('',(21.776217870822,-50.7,167.47649591368));
#6772 = LINE('',#6773,#6774);
#6773 = CARTESIAN_POINT('',(21.84618469434,-50.7,167.60143066674));
#6774 = VECTOR('',#6775,1.);
#6775 = DIRECTION('',(0.488621241497,-0.,0.872496007073));
#6776 = ORIENTED_EDGE('',*,*,#6777,.T.);
#6777 = EDGE_CURVE('',#6770,#5544,#6778,.T.);
#6778 = LINE('',#6779,#6780);
#6779 = CARTESIAN_POINT('',(21.776217870822,-50.8,167.47649591368));
#6780 = VECTOR('',#6781,1.);
#6781 = DIRECTION('',(0.,1.,0.));
#6782 = ORIENTED_EDGE('',*,*,#5552,.T.);
#6783 = ORIENTED_EDGE('',*,*,#6753,.F.);
#6784 = PLANE('',#6785);
#6785 = AXIS2_PLACEMENT_3D('',#6786,#6787,#6788);
#6786 = CARTESIAN_POINT('',(21.776217870822,-50.8,167.47649591368));
#6787 = DIRECTION('',(0.872496007073,0.,-0.488621241497));
#6788 = DIRECTION('',(0.488621241497,0.,0.872496007073));
#6789 = ADVANCED_FACE('',(#6790),#6809,.T.);
#6790 = FACE_BOUND('',#6791,.T.);
#6791 = EDGE_LOOP('',(#6792,#6801,#6807,#6808));
#6792 = ORIENTED_EDGE('',*,*,#6793,.F.);
#6793 = EDGE_CURVE('',#6794,#6770,#6796,.T.);
#6794 = VERTEX_POINT('',#6795);
#6795 = CARTESIAN_POINT('',(21.569947061462,-50.7,167.42697467373));
#6796 = CIRCLE('',#6797,0.15);
#6797 = AXIS2_PLACEMENT_3D('',#6798,#6799,#6800);
#6798 = CARTESIAN_POINT('',(21.648321846169,-50.7,167.55487069839));
#6799 = DIRECTION('',(0.,-1.,0.));
#6800 = DIRECTION('',(-0.522498564716,-0.,-0.852640164354));
#6801 = ORIENTED_EDGE('',*,*,#6802,.T.);
#6802 = EDGE_CURVE('',#6794,#5535,#6803,.T.);
#6803 = LINE('',#6804,#6805);
#6804 = CARTESIAN_POINT('',(21.569947061462,-50.8,167.42697467373));
#6805 = VECTOR('',#6806,1.);
#6806 = DIRECTION('',(0.,1.,0.));
#6807 = ORIENTED_EDGE('',*,*,#5543,.T.);
#6808 = ORIENTED_EDGE('',*,*,#6777,.F.);
#6809 = CYLINDRICAL_SURFACE('',#6810,0.15);
#6810 = AXIS2_PLACEMENT_3D('',#6811,#6812,#6813);
#6811 = CARTESIAN_POINT('',(21.648321846169,-50.8,167.55487069839));
#6812 = DIRECTION('',(0.,-1.,0.));
#6813 = DIRECTION('',(-0.522498564716,-0.,-0.852640164354));
#6814 = ADVANCED_FACE('',(#6815),#6834,.F.);
#6815 = FACE_BOUND('',#6816,.T.);
#6816 = EDGE_LOOP('',(#6817,#6818,#6827,#6833));
#6817 = ORIENTED_EDGE('',*,*,#6802,.F.);
#6818 = ORIENTED_EDGE('',*,*,#6819,.T.);
#6819 = EDGE_CURVE('',#6794,#6820,#6822,.T.);
#6820 = VERTEX_POINT('',#6821);
#6821 = CARTESIAN_POINT('',(21.201521469707,-50.7,167.49561704965));
#6822 = CIRCLE('',#6823,1.469292842572);
#6823 = AXIS2_PLACEMENT_3D('',#6824,#6825,#6826);
#6824 = CARTESIAN_POINT('',(21.118814826123,-50.7,166.02865383663));
#6825 = DIRECTION('',(-0.,-1.,0.));
#6826 = DIRECTION('',(5.629010173274E-02,-0.,0.998414455247));
#6827 = ORIENTED_EDGE('',*,*,#6828,.T.);
#6828 = EDGE_CURVE('',#6820,#5526,#6829,.T.);
#6829 = LINE('',#6830,#6831);
#6830 = CARTESIAN_POINT('',(21.201521469707,-50.8,167.49561704965));
#6831 = VECTOR('',#6832,1.);
#6832 = DIRECTION('',(0.,1.,0.));
#6833 = ORIENTED_EDGE('',*,*,#5534,.F.);
#6834 = CYLINDRICAL_SURFACE('',#6835,1.469292842572);
#6835 = AXIS2_PLACEMENT_3D('',#6836,#6837,#6838);
#6836 = CARTESIAN_POINT('',(21.118814826123,-50.8,166.02865383663));
#6837 = DIRECTION('',(-0.,-1.,-0.));
#6838 = DIRECTION('',(5.629010173274E-02,-0.,0.998414455247));
#6839 = ADVANCED_FACE('',(#6840),#6859,.F.);
#6840 = FACE_BOUND('',#6841,.T.);
#6841 = EDGE_LOOP('',(#6842,#6843,#6852,#6858));
#6842 = ORIENTED_EDGE('',*,*,#6828,.F.);
#6843 = ORIENTED_EDGE('',*,*,#6844,.T.);
#6844 = EDGE_CURVE('',#6820,#6845,#6847,.T.);
#6845 = VERTEX_POINT('',#6846);
#6846 = CARTESIAN_POINT('',(20.766776116981,-50.7,166.78617711233));
#6847 = CIRCLE('',#6848,0.471154273188);
#6848 = AXIS2_PLACEMENT_3D('',#6849,#6850,#6851);
#6849 = CARTESIAN_POINT('',(21.172713809183,-50.7,167.02534429067));
#6850 = DIRECTION('',(0.,-1.,-0.));
#6851 = DIRECTION('',(-0.861581259689,0.,-0.507619673527));
#6852 = ORIENTED_EDGE('',*,*,#6853,.T.);
#6853 = EDGE_CURVE('',#6845,#5517,#6854,.T.);
#6854 = LINE('',#6855,#6856);
#6855 = CARTESIAN_POINT('',(20.766776116981,-50.8,166.78617711233));
#6856 = VECTOR('',#6857,1.);
#6857 = DIRECTION('',(0.,1.,0.));
#6858 = ORIENTED_EDGE('',*,*,#5525,.F.);
#6859 = CYLINDRICAL_SURFACE('',#6860,0.471154273188);
#6860 = AXIS2_PLACEMENT_3D('',#6861,#6862,#6863);
#6861 = CARTESIAN_POINT('',(21.172713809183,-50.8,167.02534429067));
#6862 = DIRECTION('',(-0.,-1.,-0.));
#6863 = DIRECTION('',(-0.861581259689,0.,-0.507619673527));
#6864 = ADVANCED_FACE('',(#6865),#6884,.F.);
#6865 = FACE_BOUND('',#6866,.T.);
#6866 = EDGE_LOOP('',(#6867,#6868,#6877,#6883));
#6867 = ORIENTED_EDGE('',*,*,#6853,.F.);
#6868 = ORIENTED_EDGE('',*,*,#6869,.T.);
#6869 = EDGE_CURVE('',#6845,#6870,#6872,.T.);
#6870 = VERTEX_POINT('',#6871);
#6871 = CARTESIAN_POINT('',(20.995198640274,-50.7,166.48907049294));
#6872 = CIRCLE('',#6873,1.469292842571);
#6873 = AXIS2_PLACEMENT_3D('',#6874,#6875,#6876);
#6874 = CARTESIAN_POINT('',(22.036301880069,-50.7,167.52585663353));
#6875 = DIRECTION('',(0.,-1.,-0.));
#6876 = DIRECTION('',(-0.708574362871,0.,-0.705636147234));
#6877 = ORIENTED_EDGE('',*,*,#6878,.T.);
#6878 = EDGE_CURVE('',#6870,#5508,#6879,.T.);
#6879 = LINE('',#6880,#6881);
#6880 = CARTESIAN_POINT('',(20.995198640274,-50.8,166.48907049294));
#6881 = VECTOR('',#6882,1.);
#6882 = DIRECTION('',(0.,1.,0.));
#6883 = ORIENTED_EDGE('',*,*,#5516,.F.);
#6884 = CYLINDRICAL_SURFACE('',#6885,1.469292842571);
#6885 = AXIS2_PLACEMENT_3D('',#6886,#6887,#6888);
#6886 = CARTESIAN_POINT('',(22.036301880069,-50.8,167.52585663353));
#6887 = DIRECTION('',(-0.,-1.,-0.));
#6888 = DIRECTION('',(-0.708574362871,0.,-0.705636147234));
#6889 = ADVANCED_FACE('',(#6890),#6909,.T.);
#6890 = FACE_BOUND('',#6891,.T.);
#6891 = EDGE_LOOP('',(#6892,#6901,#6907,#6908));
#6892 = ORIENTED_EDGE('',*,*,#6893,.F.);
#6893 = EDGE_CURVE('',#6894,#6870,#6896,.T.);
#6894 = VERTEX_POINT('',#6895);
#6895 = CARTESIAN_POINT('',(21.04471988022,-50.7,166.28279968358));
#6896 = CIRCLE('',#6897,0.15);
#6897 = AXIS2_PLACEMENT_3D('',#6898,#6899,#6900);
#6898 = CARTESIAN_POINT('',(20.916823855567,-50.7,166.36117446829));
#6899 = DIRECTION('',(0.,-1.,0.));
#6900 = DIRECTION('',(0.852640164354,0.,-0.522498564716));
#6901 = ORIENTED_EDGE('',*,*,#6902,.T.);
#6902 = EDGE_CURVE('',#6894,#5500,#6903,.T.);
#6903 = LINE('',#6904,#6905);
#6904 = CARTESIAN_POINT('',(21.04471988022,-50.8,166.28279968358));
#6905 = VECTOR('',#6906,1.);
#6906 = DIRECTION('',(0.,1.,0.));
#6907 = ORIENTED_EDGE('',*,*,#5507,.T.);
#6908 = ORIENTED_EDGE('',*,*,#6878,.F.);
#6909 = CYLINDRICAL_SURFACE('',#6910,0.15);
#6910 = AXIS2_PLACEMENT_3D('',#6911,#6912,#6913);
#6911 = CARTESIAN_POINT('',(20.916823855567,-50.8,166.36117446829));
#6912 = DIRECTION('',(0.,-1.,0.));
#6913 = DIRECTION('',(0.852640164354,0.,-0.522498564716));
#6914 = ADVANCED_FACE('',(#6915),#6933,.T.);
#6915 = FACE_BOUND('',#6916,.T.);
#6916 = EDGE_LOOP('',(#6917,#6925,#6931,#6932));
#6917 = ORIENTED_EDGE('',*,*,#6918,.F.);
#6918 = EDGE_CURVE('',#6919,#6894,#6921,.T.);
#6919 = VERTEX_POINT('',#6920);
#6920 = CARTESIAN_POINT('',(20.726506252615,-50.7,165.80655933475));
#6921 = LINE('',#6922,#6923);
#6922 = CARTESIAN_POINT('',(20.806059659516,-50.7,165.92561942196));
#6923 = VECTOR('',#6924,1.);
#6924 = DIRECTION('',(0.55557023302,-0.,0.831469612303));
#6925 = ORIENTED_EDGE('',*,*,#6926,.T.);
#6926 = EDGE_CURVE('',#6919,#5491,#6927,.T.);
#6927 = LINE('',#6928,#6929);
#6928 = CARTESIAN_POINT('',(20.726506252615,-50.8,165.80655933475));
#6929 = VECTOR('',#6930,1.);
#6930 = DIRECTION('',(0.,1.,0.));
#6931 = ORIENTED_EDGE('',*,*,#5499,.T.);
#6932 = ORIENTED_EDGE('',*,*,#6902,.F.);
#6933 = PLANE('',#6934);
#6934 = AXIS2_PLACEMENT_3D('',#6935,#6936,#6937);
#6935 = CARTESIAN_POINT('',(20.726506252615,-50.8,165.80655933475));
#6936 = DIRECTION('',(0.831469612303,0.,-0.55557023302));
#6937 = DIRECTION('',(0.55557023302,0.,0.831469612303));
#6938 = ADVANCED_FACE('',(#6939),#6958,.T.);
#6939 = FACE_BOUND('',#6940,.T.);
#6940 = EDGE_LOOP('',(#6941,#6950,#6956,#6957));
#6941 = ORIENTED_EDGE('',*,*,#6942,.F.);
#6942 = EDGE_CURVE('',#6943,#6919,#6945,.T.);
#6943 = VERTEX_POINT('',#6944);
#6944 = CARTESIAN_POINT('',(20.516985915615,-50.7,165.77337457344));
#6945 = CIRCLE('',#6946,0.15);
#6946 = AXIS2_PLACEMENT_3D('',#6947,#6948,#6949);
#6947 = CARTESIAN_POINT('',(20.605153703459,-50.7,165.8947271226));
#6948 = DIRECTION('',(0.,-1.,0.));
#6949 = DIRECTION('',(-0.587785252292,-0.,-0.809016994375));
#6950 = ORIENTED_EDGE('',*,*,#6951,.T.);
#6951 = EDGE_CURVE('',#6943,#5482,#6952,.T.);
#6952 = LINE('',#6953,#6954);
#6953 = CARTESIAN_POINT('',(20.516985915615,-50.8,165.77337457344));
#6954 = VECTOR('',#6955,1.);
#6955 = DIRECTION('',(0.,1.,0.));
#6956 = ORIENTED_EDGE('',*,*,#5490,.T.);
#6957 = ORIENTED_EDGE('',*,*,#6926,.F.);
#6958 = CYLINDRICAL_SURFACE('',#6959,0.15);
#6959 = AXIS2_PLACEMENT_3D('',#6960,#6961,#6962);
#6960 = CARTESIAN_POINT('',(20.605153703459,-50.8,165.8947271226));
#6961 = DIRECTION('',(0.,-1.,0.));
#6962 = DIRECTION('',(-0.587785252292,-0.,-0.809016994375));
#6963 = ADVANCED_FACE('',(#6964),#6983,.F.);
#6964 = FACE_BOUND('',#6965,.T.);
#6965 = EDGE_LOOP('',(#6966,#6967,#6976,#6982));
#6966 = ORIENTED_EDGE('',*,*,#6951,.F.);
#6967 = ORIENTED_EDGE('',*,*,#6968,.T.);
#6968 = EDGE_CURVE('',#6943,#6969,#6971,.T.);
#6969 = VERTEX_POINT('',#6970);
#6970 = CARTESIAN_POINT('',(20.155081675747,-50.7,165.87071168659));
#6971 = CIRCLE('',#6972,1.46929284257);
#6972 = AXIS2_PLACEMENT_3D('',#6973,#6974,#6975);
#6973 = CARTESIAN_POINT('',(19.957533381985,-50.7,164.41475972005));
#6974 = DIRECTION('',(-0.,-1.,0.));
#6975 = DIRECTION('',(0.134451273455,-0.,0.990920206205));
#6976 = ORIENTED_EDGE('',*,*,#6977,.T.);
#6977 = EDGE_CURVE('',#6969,#5473,#6978,.T.);
#6978 = LINE('',#6979,#6980);
#6979 = CARTESIAN_POINT('',(20.155081675747,-50.8,165.87071168659));
#6980 = VECTOR('',#6981,1.);
#6981 = DIRECTION('',(0.,1.,0.));
#6982 = ORIENTED_EDGE('',*,*,#5481,.F.);
#6983 = CYLINDRICAL_SURFACE('',#6984,1.46929284257);
#6984 = AXIS2_PLACEMENT_3D('',#6985,#6986,#6987);
#6985 = CARTESIAN_POINT('',(19.957533381985,-50.8,164.41475972005));
#6986 = DIRECTION('',(-0.,-1.,-0.));
#6987 = DIRECTION('',(0.134451273455,-0.,0.990920206205));
#6988 = ADVANCED_FACE('',(#6989),#7008,.F.);
#6989 = FACE_BOUND('',#6990,.T.);
#6990 = EDGE_LOOP('',(#6991,#6992,#7001,#7007));
#6991 = ORIENTED_EDGE('',*,*,#6977,.F.);
#6992 = ORIENTED_EDGE('',*,*,#6993,.T.);
#6993 = EDGE_CURVE('',#6969,#6994,#6996,.T.);
#6994 = VERTEX_POINT('',#6995);
#6995 = CARTESIAN_POINT('',(19.6660144819,-50.7,165.19756844308));
#6996 = CIRCLE('',#6997,0.471154273188);
#6997 = AXIS2_PLACEMENT_3D('',#6998,#6999,#7000);
#6998 = CARTESIAN_POINT('',(20.089465644211,-50.7,165.40414884457));
#6999 = DIRECTION('',(0.,-1.,-0.));
#7000 = DIRECTION('',(-0.898752672763,0.,-0.438455964952));
#7001 = ORIENTED_EDGE('',*,*,#7002,.T.);
#7002 = EDGE_CURVE('',#6994,#5464,#7003,.T.);
#7003 = LINE('',#7004,#7005);
#7004 = CARTESIAN_POINT('',(19.6660144819,-50.8,165.19756844308));
#7005 = VECTOR('',#7006,1.);
#7006 = DIRECTION('',(0.,1.,0.));
#7007 = ORIENTED_EDGE('',*,*,#5472,.F.);
#7008 = CYLINDRICAL_SURFACE('',#7009,0.471154273188);
#7009 = AXIS2_PLACEMENT_3D('',#7010,#7011,#7012);
#7010 = CARTESIAN_POINT('',(20.089465644211,-50.8,165.40414884457));
#7011 = DIRECTION('',(-0.,-1.,-0.));
#7012 = DIRECTION('',(-0.898752672763,0.,-0.438455964952));
#7013 = ADVANCED_FACE('',(#7014),#7033,.F.);
#7014 = FACE_BOUND('',#7015,.T.);
#7015 = EDGE_LOOP('',(#7016,#7017,#7026,#7032));
#7016 = ORIENTED_EDGE('',*,*,#7002,.F.);
#7017 = ORIENTED_EDGE('',*,*,#7018,.T.);
#7018 = EDGE_CURVE('',#6994,#7019,#7021,.T.);
#7019 = VERTEX_POINT('',#7020);
#7020 = CARTESIAN_POINT('',(19.870422138094,-50.7,164.88345587963));
#7021 = CIRCLE('',#7022,1.469292842573);
#7022 = AXIS2_PLACEMENT_3D('',#7023,#7024,#7025);
#7023 = CARTESIAN_POINT('',(20.989661307107,-50.7,165.8353619358));
#7024 = DIRECTION('',(0.,-1.,-0.));
#7025 = DIRECTION('',(-0.76175363861,0.,-0.647866802719));
#7026 = ORIENTED_EDGE('',*,*,#7027,.T.);
#7027 = EDGE_CURVE('',#7019,#5455,#7028,.T.);
#7028 = LINE('',#7029,#7030);
#7029 = CARTESIAN_POINT('',(19.870422138094,-50.8,164.88345587963));
#7030 = VECTOR('',#7031,1.);
#7031 = DIRECTION('',(0.,1.,0.));
#7032 = ORIENTED_EDGE('',*,*,#5463,.F.);
#7033 = CYLINDRICAL_SURFACE('',#7034,1.469292842573);
#7034 = AXIS2_PLACEMENT_3D('',#7035,#7036,#7037);
#7035 = CARTESIAN_POINT('',(20.989661307107,-50.8,165.8353619358));
#7036 = DIRECTION('',(-0.,-1.,-0.));
#7037 = DIRECTION('',(-0.76175363861,0.,-0.647866802719));
#7038 = ADVANCED_FACE('',(#7039),#7058,.T.);
#7039 = FACE_BOUND('',#7040,.T.);
#7040 = EDGE_LOOP('',(#7041,#7050,#7056,#7057));
#7041 = ORIENTED_EDGE('',*,*,#7042,.F.);
#7042 = EDGE_CURVE('',#7043,#7019,#7045,.T.);
#7043 = VERTEX_POINT('',#7044);
#7044 = CARTESIAN_POINT('',(19.903606899406,-50.7,164.67393554263));
#7045 = CIRCLE('',#7046,0.15);
#7046 = AXIS2_PLACEMENT_3D('',#7047,#7048,#7049);
#7047 = CARTESIAN_POINT('',(19.78225435025,-50.7,164.76210333047));
#7048 = DIRECTION('',(0.,-1.,0.));
#7049 = DIRECTION('',(0.809016994375,0.,-0.587785252292));
#7050 = ORIENTED_EDGE('',*,*,#7051,.T.);
#7051 = EDGE_CURVE('',#7043,#5447,#7052,.T.);
#7052 = LINE('',#7053,#7054);
#7053 = CARTESIAN_POINT('',(19.903606899406,-50.8,164.67393554263));
#7054 = VECTOR('',#7055,1.);
#7055 = DIRECTION('',(0.,1.,0.));
#7056 = ORIENTED_EDGE('',*,*,#5454,.T.);
#7057 = ORIENTED_EDGE('',*,*,#7027,.F.);
#7058 = CYLINDRICAL_SURFACE('',#7059,0.15);
#7059 = AXIS2_PLACEMENT_3D('',#7060,#7061,#7062);
#7060 = CARTESIAN_POINT('',(19.78225435025,-50.8,164.76210333047));
#7061 = DIRECTION('',(0.,-1.,0.));
#7062 = DIRECTION('',(0.809016994375,0.,-0.587785252292));
#7063 = ADVANCED_FACE('',(#7064),#7082,.T.);
#7064 = FACE_BOUND('',#7065,.T.);
#7065 = EDGE_LOOP('',(#7066,#7074,#7080,#7081));
#7066 = ORIENTED_EDGE('',*,*,#7067,.F.);
#7067 = EDGE_CURVE('',#7068,#7043,#7070,.T.);
#7068 = VERTEX_POINT('',#7069);
#7069 = CARTESIAN_POINT('',(19.549008831098,-50.7,164.22413003732));
#7070 = LINE('',#7071,#7072);
#7071 = CARTESIAN_POINT('',(19.637658348175,-50.7,164.33658141365));
#7072 = VECTOR('',#7073,1.);
#7073 = DIRECTION('',(0.61909394931,-0.,0.785316930881));
#7074 = ORIENTED_EDGE('',*,*,#7075,.T.);
#7075 = EDGE_CURVE('',#7068,#5438,#7076,.T.);
#7076 = LINE('',#7077,#7078);
#7077 = CARTESIAN_POINT('',(19.549008831098,-50.8,164.22413003732));
#7078 = VECTOR('',#7079,1.);
#7079 = DIRECTION('',(0.,1.,0.));
#7080 = ORIENTED_EDGE('',*,*,#5446,.T.);
#7081 = ORIENTED_EDGE('',*,*,#7051,.F.);
#7082 = PLANE('',#7083);
#7083 = AXIS2_PLACEMENT_3D('',#7084,#7085,#7086);
#7084 = CARTESIAN_POINT('',(19.549008831098,-50.8,164.22413003732));
#7085 = DIRECTION('',(0.785316930881,0.,-0.61909394931));
#7086 = DIRECTION('',(0.61909394931,0.,0.785316930881));
#7087 = ADVANCED_FACE('',(#7088),#7107,.T.);
#7088 = FACE_BOUND('',#7089,.T.);
#7089 = EDGE_LOOP('',(#7090,#7099,#7105,#7106));
#7090 = ORIENTED_EDGE('',*,*,#7091,.F.);
#7091 = EDGE_CURVE('',#7092,#7068,#7094,.T.);
#7092 = VERTEX_POINT('',#7093);
#7093 = CARTESIAN_POINT('',(19.337530729009,-50.7,164.20748634973));
#7094 = CIRCLE('',#7095,0.15);
#7095 = AXIS2_PLACEMENT_3D('',#7096,#7097,#7098);
#7096 = CARTESIAN_POINT('',(19.434947936258,-50.7,164.32154724457));
#7097 = DIRECTION('',(0.,-1.,0.));
#7098 = DIRECTION('',(-0.64944804833,-0.,-0.7604059656));
#7099 = ORIENTED_EDGE('',*,*,#7100,.T.);
#7100 = EDGE_CURVE('',#7092,#5429,#7101,.T.);
#7101 = LINE('',#7102,#7103);
#7102 = CARTESIAN_POINT('',(19.337530729009,-50.8,164.20748634973));
#7103 = VECTOR('',#7104,1.);
#7104 = DIRECTION('',(0.,1.,0.));
#7105 = ORIENTED_EDGE('',*,*,#5437,.T.);
#7106 = ORIENTED_EDGE('',*,*,#7075,.F.);
#7107 = CYLINDRICAL_SURFACE('',#7108,0.15);
#7108 = AXIS2_PLACEMENT_3D('',#7109,#7110,#7111);
#7109 = CARTESIAN_POINT('',(19.434947936258,-50.8,164.32154724457));
#7110 = DIRECTION('',(0.,-1.,0.));
#7111 = DIRECTION('',(-0.64944804833,-0.,-0.7604059656));
#7112 = ADVANCED_FACE('',(#7113),#7132,.F.);
#7113 = FACE_BOUND('',#7114,.T.);
#7114 = EDGE_LOOP('',(#7115,#7116,#7125,#7131));
#7115 = ORIENTED_EDGE('',*,*,#7100,.F.);
#7116 = ORIENTED_EDGE('',*,*,#7117,.T.);
#7117 = EDGE_CURVE('',#7092,#7118,#7120,.T.);
#7118 = VERTEX_POINT('',#7119);
#7119 = CARTESIAN_POINT('',(18.984379101011,-50.7,164.33291808445));
#7120 = CIRCLE('',#7121,1.469292842573);
#7121 = AXIS2_PLACEMENT_3D('',#7122,#7123,#7124);
#7122 = CARTESIAN_POINT('',(18.673207107992,-50.7,162.89695379241));
#7123 = DIRECTION('',(-0.,-1.,0.));
#7124 = DIRECTION('',(0.211783508367,-0.,0.977316604578));
#7125 = ORIENTED_EDGE('',*,*,#7126,.T.);
#7126 = EDGE_CURVE('',#7118,#5420,#7127,.T.);
#7127 = LINE('',#7128,#7129);
#7128 = CARTESIAN_POINT('',(18.984379101011,-50.8,164.33291808445));
#7129 = VECTOR('',#7130,1.);
#7130 = DIRECTION('',(0.,1.,0.));
#7131 = ORIENTED_EDGE('',*,*,#5428,.F.);
#7132 = CYLINDRICAL_SURFACE('',#7133,1.469292842573);
#7133 = AXIS2_PLACEMENT_3D('',#7134,#7135,#7136);
#7134 = CARTESIAN_POINT('',(18.673207107992,-50.8,162.89695379241));
#7135 = DIRECTION('',(-0.,-1.,-0.));
#7136 = DIRECTION('',(0.211783508367,-0.,0.977316604578));
#7137 = ADVANCED_FACE('',(#7138),#7157,.F.);
#7138 = FACE_BOUND('',#7139,.T.);
#7139 = EDGE_LOOP('',(#7140,#7141,#7150,#7156));
#7140 = ORIENTED_EDGE('',*,*,#7126,.F.);
#7141 = ORIENTED_EDGE('',*,*,#7142,.T.);
#7142 = EDGE_CURVE('',#7118,#7143,#7145,.T.);
#7143 = VERTEX_POINT('',#7144);
#7144 = CARTESIAN_POINT('',(18.444005327924,-50.7,163.70022168669));
#7145 = CIRCLE('',#7146,0.471154273188);
#7146 = AXIS2_PLACEMENT_3D('',#7147,#7148,#7149);
#7147 = CARTESIAN_POINT('',(18.882359243117,-50.7,163.87294167447));
#7148 = DIRECTION('',(0.,-1.,-0.));
#7149 = DIRECTION('',(-0.930382976743,0.,-0.366589029552));
#7150 = ORIENTED_EDGE('',*,*,#7151,.T.);
#7151 = EDGE_CURVE('',#7143,#5411,#7152,.T.);
#7152 = LINE('',#7153,#7154);
#7153 = CARTESIAN_POINT('',(18.444005327924,-50.8,163.70022168669));
#7154 = VECTOR('',#7155,1.);
#7155 = DIRECTION('',(0.,1.,0.));
#7156 = ORIENTED_EDGE('',*,*,#5419,.F.);
#7157 = CYLINDRICAL_SURFACE('',#7158,0.471154273188);
#7158 = AXIS2_PLACEMENT_3D('',#7159,#7160,#7161);
#7159 = CARTESIAN_POINT('',(18.882359243117,-50.8,163.87294167447));
#7160 = DIRECTION('',(-0.,-1.,-0.));
#7161 = DIRECTION('',(-0.930382976743,0.,-0.366589029552));
#7162 = ADVANCED_FACE('',(#7163),#7182,.F.);
#7163 = FACE_BOUND('',#7164,.T.);
#7164 = EDGE_LOOP('',(#7165,#7166,#7175,#7181));
#7165 = ORIENTED_EDGE('',*,*,#7151,.F.);
#7166 = ORIENTED_EDGE('',*,*,#7167,.T.);
#7167 = EDGE_CURVE('',#7143,#7168,#7170,.T.);
#7168 = VERTEX_POINT('',#7169);
#7169 = CARTESIAN_POINT('',(18.623137875846,-50.7,163.37103978757));
#7170 = CIRCLE('',#7171,1.469292842573);
#7171 = AXIS2_PLACEMENT_3D('',#7172,#7173,#7174);
#7172 = CARTESIAN_POINT('',(19.813612492413,-50.7,164.23219694196));
#7173 = DIRECTION('',(0.,-1.,-0.));
#7174 = DIRECTION('',(-0.810236449858,0.,-0.586103143928));
#7175 = ORIENTED_EDGE('',*,*,#7176,.T.);
#7176 = EDGE_CURVE('',#7168,#5402,#7177,.T.);
#7177 = LINE('',#7178,#7179);
#7178 = CARTESIAN_POINT('',(18.623137875846,-50.8,163.37103978757));
#7179 = VECTOR('',#7180,1.);
#7180 = DIRECTION('',(0.,1.,0.));
#7181 = ORIENTED_EDGE('',*,*,#5410,.F.);
#7182 = CYLINDRICAL_SURFACE('',#7183,1.469292842573);
#7183 = AXIS2_PLACEMENT_3D('',#7184,#7185,#7186);
#7184 = CARTESIAN_POINT('',(19.813612492413,-50.8,164.23219694196));
#7185 = DIRECTION('',(-0.,-1.,-0.));
#7186 = DIRECTION('',(-0.810236449858,0.,-0.586103143928));
#7187 = ADVANCED_FACE('',(#7188),#7207,.T.);
#7188 = FACE_BOUND('',#7189,.T.);
#7189 = EDGE_LOOP('',(#7190,#7199,#7205,#7206));
#7190 = ORIENTED_EDGE('',*,*,#7191,.F.);
#7191 = EDGE_CURVE('',#7192,#7168,#7194,.T.);
#7192 = VERTEX_POINT('',#7193);
#7193 = CARTESIAN_POINT('',(18.639781563436,-50.7,163.15956168548));
#7194 = CIRCLE('',#7195,0.15);
#7195 = AXIS2_PLACEMENT_3D('',#7196,#7197,#7198);
#7196 = CARTESIAN_POINT('',(18.525720668596,-50.7,163.25697889273));
#7197 = DIRECTION('',(0.,-1.,0.));
#7198 = DIRECTION('',(0.7604059656,0.,-0.64944804833));
#7199 = ORIENTED_EDGE('',*,*,#7200,.T.);
#7200 = EDGE_CURVE('',#7192,#5394,#7201,.T.);
#7201 = LINE('',#7202,#7203);
#7202 = CARTESIAN_POINT('',(18.639781563436,-50.8,163.15956168548));
#7203 = VECTOR('',#7204,1.);
#7204 = DIRECTION('',(0.,1.,0.));
#7205 = ORIENTED_EDGE('',*,*,#5401,.T.);
#7206 = ORIENTED_EDGE('',*,*,#7176,.F.);
#7207 = CYLINDRICAL_SURFACE('',#7208,0.15);
#7208 = AXIS2_PLACEMENT_3D('',#7209,#7210,#7211);
#7209 = CARTESIAN_POINT('',(18.525720668596,-50.8,163.25697889273));
#7210 = DIRECTION('',(0.,-1.,0.));
#7211 = DIRECTION('',(0.7604059656,0.,-0.64944804833));
#7212 = ADVANCED_FACE('',(#7213),#7231,.T.);
#7213 = FACE_BOUND('',#7214,.T.);
#7214 = EDGE_LOOP('',(#7215,#7223,#7229,#7230));
#7215 = ORIENTED_EDGE('',*,*,#7216,.F.);
#7216 = EDGE_CURVE('',#7217,#7192,#7219,.T.);
#7217 = VERTEX_POINT('',#7218);
#7218 = CARTESIAN_POINT('',(18.250985269433,-50.7,162.73896422422));
#7219 = LINE('',#7220,#7221);
#7220 = CARTESIAN_POINT('',(18.348184342934,-50.7,162.84411358954));
#7221 = VECTOR('',#7222,1.);
#7222 = DIRECTION('',(0.678800745533,-0.,0.734322509436));
#7223 = ORIENTED_EDGE('',*,*,#7224,.T.);
#7224 = EDGE_CURVE('',#7217,#5385,#7225,.T.);
#7225 = LINE('',#7226,#7227);
#7226 = CARTESIAN_POINT('',(18.250985269433,-50.8,162.73896422422));
#7227 = VECTOR('',#7228,1.);
#7228 = DIRECTION('',(0.,1.,0.));
#7229 = ORIENTED_EDGE('',*,*,#5393,.T.);
#7230 = ORIENTED_EDGE('',*,*,#7200,.F.);
#7231 = PLANE('',#7232);
#7232 = AXIS2_PLACEMENT_3D('',#7233,#7234,#7235);
#7233 = CARTESIAN_POINT('',(18.250985269433,-50.8,162.73896422422));
#7234 = DIRECTION('',(0.734322509436,0.,-0.678800745533));
#7235 = DIRECTION('',(0.678800745533,0.,0.734322509436));
#7236 = ADVANCED_FACE('',(#7237),#7256,.T.);
#7237 = FACE_BOUND('',#7238,.T.);
#7238 = EDGE_LOOP('',(#7239,#7248,#7254,#7255));
#7239 = ORIENTED_EDGE('',*,*,#7240,.F.);
#7240 = EDGE_CURVE('',#7241,#7217,#7243,.T.);
#7241 = VERTEX_POINT('',#7242);
#7242 = CARTESIAN_POINT('',(18.038853235077,-50.7,162.73896422422));
#7243 = CIRCLE('',#7244,0.15);
#7244 = AXIS2_PLACEMENT_3D('',#7245,#7246,#7247);
#7245 = CARTESIAN_POINT('',(18.144919252255,-50.7,162.8450302414));
#7246 = DIRECTION('',(0.,-1.,0.));
#7247 = DIRECTION('',(-0.707106781186,-0.,-0.707106781187));
#7248 = ORIENTED_EDGE('',*,*,#7249,.T.);
#7249 = EDGE_CURVE('',#7241,#5376,#7250,.T.);
#7250 = LINE('',#7251,#7252);
#7251 = CARTESIAN_POINT('',(18.038853235077,-50.8,162.73896422422));
#7252 = VECTOR('',#7253,1.);
#7253 = DIRECTION('',(0.,1.,0.));
#7254 = ORIENTED_EDGE('',*,*,#5384,.T.);
#7255 = ORIENTED_EDGE('',*,*,#7224,.F.);
#7256 = CYLINDRICAL_SURFACE('',#7257,0.15);
#7257 = AXIS2_PLACEMENT_3D('',#7258,#7259,#7260);
#7258 = CARTESIAN_POINT('',(18.144919252255,-50.8,162.8450302414));
#7259 = DIRECTION('',(0.,-1.,0.));
#7260 = DIRECTION('',(-0.707106781186,-0.,-0.707106781187));
#7261 = ADVANCED_FACE('',(#7262),#7281,.F.);
#7262 = FACE_BOUND('',#7263,.T.);
#7263 = EDGE_LOOP('',(#7264,#7265,#7274,#7280));
#7264 = ORIENTED_EDGE('',*,*,#7249,.F.);
#7265 = ORIENTED_EDGE('',*,*,#7266,.T.);
#7266 = EDGE_CURVE('',#7241,#7267,#7269,.T.);
#7267 = VERTEX_POINT('',#7268);
#7268 = CARTESIAN_POINT('',(17.696631516171,-50.7,162.89171725215));
#7269 = CIRCLE('',#7270,1.469292842573);
#7270 = AXIS2_PLACEMENT_3D('',#7271,#7272,#7273);
#7271 = CARTESIAN_POINT('',(17.273754302707,-50.7,161.48459383199));
#7272 = DIRECTION('',(-0.,-1.,0.));
#7273 = DIRECTION('',(0.287810027525,-0.,0.957687521092));
#7274 = ORIENTED_EDGE('',*,*,#7275,.T.);
#7275 = EDGE_CURVE('',#7267,#5367,#7276,.T.);
#7276 = LINE('',#7277,#7278);
#7277 = CARTESIAN_POINT('',(17.696631516171,-50.8,162.89171725215));
#7278 = VECTOR('',#7279,1.);
#7279 = DIRECTION('',(0.,1.,0.));
#7280 = ORIENTED_EDGE('',*,*,#5375,.F.);
#7281 = CYLINDRICAL_SURFACE('',#7282,1.469292842573);
#7282 = AXIS2_PLACEMENT_3D('',#7283,#7284,#7285);
#7283 = CARTESIAN_POINT('',(17.273754302707,-50.8,161.48459383199));
#7284 = DIRECTION('',(-0.,-1.,-0.));
#7285 = DIRECTION('',(0.287810027525,-0.,0.957687521092));
#7286 = ADVANCED_FACE('',(#7287),#7306,.F.);
#7287 = FACE_BOUND('',#7288,.T.);
#7288 = EDGE_LOOP('',(#7289,#7290,#7299,#7305));
#7289 = ORIENTED_EDGE('',*,*,#7275,.F.);
#7290 = ORIENTED_EDGE('',*,*,#7291,.T.);
#7291 = EDGE_CURVE('',#7267,#7292,#7294,.T.);
#7292 = VERTEX_POINT('',#7293);
#7293 = CARTESIAN_POINT('',(17.108282747847,-50.7,162.30336848382));
#7294 = CIRCLE('',#7295,0.471154273188);
#7295 = AXIS2_PLACEMENT_3D('',#7296,#7297,#7298);
#7296 = CARTESIAN_POINT('',(17.558836818268,-50.7,162.44116318173));
#7297 = DIRECTION('',(0.,-1.,-0.));
#7298 = DIRECTION('',(-0.956277160287,0.,-0.29246195088));
#7299 = ORIENTED_EDGE('',*,*,#7300,.T.);
#7300 = EDGE_CURVE('',#7292,#5358,#7301,.T.);
#7301 = LINE('',#7302,#7303);
#7302 = CARTESIAN_POINT('',(17.108282747847,-50.8,162.30336848382));
#7303 = VECTOR('',#7304,1.);
#7304 = DIRECTION('',(0.,1.,0.));
#7305 = ORIENTED_EDGE('',*,*,#5366,.F.);
#7306 = CYLINDRICAL_SURFACE('',#7307,0.471154273188);
#7307 = AXIS2_PLACEMENT_3D('',#7308,#7309,#7310);
#7308 = CARTESIAN_POINT('',(17.558836818268,-50.8,162.44116318173));
#7309 = DIRECTION('',(-0.,-1.,-0.));
#7310 = DIRECTION('',(-0.956277160287,0.,-0.29246195088));
#7311 = ADVANCED_FACE('',(#7312),#7331,.F.);
#7312 = FACE_BOUND('',#7313,.T.);
#7313 = EDGE_LOOP('',(#7314,#7315,#7324,#7330));
#7314 = ORIENTED_EDGE('',*,*,#7300,.F.);
#7315 = ORIENTED_EDGE('',*,*,#7316,.T.);
#7316 = EDGE_CURVE('',#7292,#7317,#7319,.T.);
#7317 = VERTEX_POINT('',#7318);
#7318 = CARTESIAN_POINT('',(17.261035775771,-50.7,161.96114676492));
#7319 = CIRCLE('',#7320,1.469292842573);
#7320 = AXIS2_PLACEMENT_3D('',#7321,#7322,#7323);
#7321 = CARTESIAN_POINT('',(18.515406168009,-50.7,162.72624569729));
#7322 = DIRECTION('',(0.,-1.,-0.));
#7323 = DIRECTION('',(-0.853723883961,0.,-0.520725964356));
#7324 = ORIENTED_EDGE('',*,*,#7325,.T.);
#7325 = EDGE_CURVE('',#7317,#5349,#7326,.T.);
#7326 = LINE('',#7327,#7328);
#7327 = CARTESIAN_POINT('',(17.261035775771,-50.8,161.96114676492));
#7328 = VECTOR('',#7329,1.);
#7329 = DIRECTION('',(0.,1.,0.));
#7330 = ORIENTED_EDGE('',*,*,#5357,.F.);
#7331 = CYLINDRICAL_SURFACE('',#7332,1.469292842573);
#7332 = AXIS2_PLACEMENT_3D('',#7333,#7334,#7335);
#7333 = CARTESIAN_POINT('',(18.515406168009,-50.8,162.72624569729));
#7334 = DIRECTION('',(-0.,-1.,-0.));
#7335 = DIRECTION('',(-0.853723883961,0.,-0.520725964356));
#7336 = ADVANCED_FACE('',(#7337),#7356,.T.);
#7337 = FACE_BOUND('',#7338,.T.);
#7338 = EDGE_LOOP('',(#7339,#7348,#7354,#7355));
#7339 = ORIENTED_EDGE('',*,*,#7340,.F.);
#7340 = EDGE_CURVE('',#7341,#7317,#7343,.T.);
#7341 = VERTEX_POINT('',#7342);
#7342 = CARTESIAN_POINT('',(17.261035775772,-50.7,161.74901473056));
#7343 = CIRCLE('',#7344,0.15);
#7344 = AXIS2_PLACEMENT_3D('',#7345,#7346,#7347);
#7345 = CARTESIAN_POINT('',(17.154969758593,-50.7,161.85508074774));
#7346 = DIRECTION('',(0.,-1.,0.));
#7347 = DIRECTION('',(0.707106781187,0.,-0.707106781186));
#7348 = ORIENTED_EDGE('',*,*,#7349,.T.);
#7349 = EDGE_CURVE('',#7341,#5341,#7350,.T.);
#7350 = LINE('',#7351,#7352);
#7351 = CARTESIAN_POINT('',(17.261035775772,-50.8,161.74901473056));
#7352 = VECTOR('',#7353,1.);
#7353 = DIRECTION('',(0.,1.,0.));
#7354 = ORIENTED_EDGE('',*,*,#5348,.T.);
#7355 = ORIENTED_EDGE('',*,*,#7325,.F.);
#7356 = CYLINDRICAL_SURFACE('',#7357,0.15);
#7357 = AXIS2_PLACEMENT_3D('',#7358,#7359,#7360);
#7358 = CARTESIAN_POINT('',(17.154969758593,-50.8,161.85508074774));
#7359 = DIRECTION('',(0.,-1.,0.));
#7360 = DIRECTION('',(0.707106781187,0.,-0.707106781186));
#7361 = ADVANCED_FACE('',(#7362),#7380,.T.);
#7362 = FACE_BOUND('',#7363,.T.);
#7363 = EDGE_LOOP('',(#7364,#7372,#7378,#7379));
#7364 = ORIENTED_EDGE('',*,*,#7365,.F.);
#7365 = EDGE_CURVE('',#7366,#7341,#7368,.T.);
#7366 = VERTEX_POINT('',#7367);
#7367 = CARTESIAN_POINT('',(16.840438314512,-50.7,161.36021843656));
#7368 = LINE('',#7369,#7370);
#7369 = CARTESIAN_POINT('',(16.945587679827,-50.7,161.45741751006));
#7370 = VECTOR('',#7371,1.);
#7371 = DIRECTION('',(0.734322509436,-0.,0.678800745533));
#7372 = ORIENTED_EDGE('',*,*,#7373,.T.);
#7373 = EDGE_CURVE('',#7366,#5332,#7374,.T.);
#7374 = LINE('',#7375,#7376);
#7375 = CARTESIAN_POINT('',(16.840438314512,-50.8,161.36021843656));
#7376 = VECTOR('',#7377,1.);
#7377 = DIRECTION('',(0.,1.,0.));
#7378 = ORIENTED_EDGE('',*,*,#5340,.T.);
#7379 = ORIENTED_EDGE('',*,*,#7349,.F.);
#7380 = PLANE('',#7381);
#7381 = AXIS2_PLACEMENT_3D('',#7382,#7383,#7384);
#7382 = CARTESIAN_POINT('',(16.840438314512,-50.8,161.36021843656));
#7383 = DIRECTION('',(0.678800745533,0.,-0.734322509436));
#7384 = DIRECTION('',(0.734322509436,0.,0.678800745533));
#7385 = ADVANCED_FACE('',(#7386),#7405,.T.);
#7386 = FACE_BOUND('',#7387,.T.);
#7387 = EDGE_LOOP('',(#7388,#7397,#7403,#7404));
#7388 = ORIENTED_EDGE('',*,*,#7389,.F.);
#7389 = EDGE_CURVE('',#7390,#7366,#7392,.T.);
#7390 = VERTEX_POINT('',#7391);
#7391 = CARTESIAN_POINT('',(16.628960212423,-50.7,161.37686212415));
#7392 = CIRCLE('',#7393,0.15);
#7393 = AXIS2_PLACEMENT_3D('',#7394,#7395,#7396);
#7394 = CARTESIAN_POINT('',(16.743021107263,-50.7,161.4742793314));
#7395 = DIRECTION('',(0.,-1.,0.));
#7396 = DIRECTION('',(-0.7604059656,-0.,-0.64944804833));
#7397 = ORIENTED_EDGE('',*,*,#7398,.T.);
#7398 = EDGE_CURVE('',#7390,#5323,#7399,.T.);
#7399 = LINE('',#7400,#7401);
#7400 = CARTESIAN_POINT('',(16.628960212423,-50.8,161.37686212415));
#7401 = VECTOR('',#7402,1.);
#7402 = DIRECTION('',(0.,1.,0.));
#7403 = ORIENTED_EDGE('',*,*,#5331,.T.);
#7404 = ORIENTED_EDGE('',*,*,#7373,.F.);
#7405 = CYLINDRICAL_SURFACE('',#7406,0.15);
#7406 = AXIS2_PLACEMENT_3D('',#7407,#7408,#7409);
#7407 = CARTESIAN_POINT('',(16.743021107263,-50.8,161.4742793314));
#7408 = DIRECTION('',(0.,-1.,0.));
#7409 = DIRECTION('',(-0.7604059656,-0.,-0.64944804833));
#7410 = ADVANCED_FACE('',(#7411),#7430,.F.);
#7411 = FACE_BOUND('',#7412,.T.);
#7412 = EDGE_LOOP('',(#7413,#7414,#7423,#7429));
#7413 = ORIENTED_EDGE('',*,*,#7398,.F.);
#7414 = ORIENTED_EDGE('',*,*,#7415,.T.);
#7415 = EDGE_CURVE('',#7390,#7416,#7418,.T.);
#7416 = VERTEX_POINT('',#7417);
#7417 = CARTESIAN_POINT('',(16.299778313306,-50.7,161.55599467207));
#7418 = CIRCLE('',#7419,1.469292842572);
#7419 = AXIS2_PLACEMENT_3D('',#7420,#7421,#7422);
#7420 = CARTESIAN_POINT('',(15.76780305804,-50.7,160.18638750758));
#7421 = DIRECTION('',(-0.,-1.,0.));
#7422 = DIRECTION('',(0.362062102157,-0.,0.932153975576));
#7423 = ORIENTED_EDGE('',*,*,#7424,.T.);
#7424 = EDGE_CURVE('',#7416,#5314,#7425,.T.);
#7425 = LINE('',#7426,#7427);
#7426 = CARTESIAN_POINT('',(16.299778313306,-50.8,161.55599467207));
#7427 = VECTOR('',#7428,1.);
#7428 = DIRECTION('',(0.,1.,0.));
#7429 = ORIENTED_EDGE('',*,*,#5322,.F.);
#7430 = CYLINDRICAL_SURFACE('',#7431,1.469292842572);
#7431 = AXIS2_PLACEMENT_3D('',#7432,#7433,#7434);
#7432 = CARTESIAN_POINT('',(15.76780305804,-50.8,160.18638750758));
#7433 = DIRECTION('',(-0.,-1.,-0.));
#7434 = DIRECTION('',(0.362062102157,-0.,0.932153975576));
#7435 = ADVANCED_FACE('',(#7436),#7455,.F.);
#7436 = FACE_BOUND('',#7437,.T.);
#7437 = EDGE_LOOP('',(#7438,#7439,#7448,#7454));
#7438 = ORIENTED_EDGE('',*,*,#7424,.F.);
#7439 = ORIENTED_EDGE('',*,*,#7440,.T.);
#7440 = EDGE_CURVE('',#7416,#7441,#7443,.T.);
#7441 = VERTEX_POINT('',#7442);
#7442 = CARTESIAN_POINT('',(15.667081915548,-50.7,161.01562089898));
#7443 = CIRCLE('',#7444,0.471154273188);
#7444 = AXIS2_PLACEMENT_3D('',#7445,#7446,#7447);
#7445 = CARTESIAN_POINT('',(16.127058325529,-50.7,161.11764075688));
#7446 = DIRECTION('',(0.,-1.,-0.));
#7447 = DIRECTION('',(-0.976275577144,0.,-0.216531747029));
#7448 = ORIENTED_EDGE('',*,*,#7449,.T.);
#7449 = EDGE_CURVE('',#7441,#5305,#7450,.T.);
#7450 = LINE('',#7451,#7452);
#7451 = CARTESIAN_POINT('',(15.667081915548,-50.8,161.01562089898));
#7452 = VECTOR('',#7453,1.);
#7453 = DIRECTION('',(0.,1.,0.));
#7454 = ORIENTED_EDGE('',*,*,#5313,.F.);
#7455 = CYLINDRICAL_SURFACE('',#7456,0.471154273188);
#7456 = AXIS2_PLACEMENT_3D('',#7457,#7458,#7459);
#7457 = CARTESIAN_POINT('',(16.127058325529,-50.8,161.11764075688));
#7458 = DIRECTION('',(-0.,-1.,-0.));
#7459 = DIRECTION('',(-0.976275577144,0.,-0.216531747029));
#7460 = ADVANCED_FACE('',(#7461),#7480,.F.);
#7461 = FACE_BOUND('',#7462,.T.);
#7462 = EDGE_LOOP('',(#7463,#7464,#7473,#7479));
#7463 = ORIENTED_EDGE('',*,*,#7449,.F.);
#7464 = ORIENTED_EDGE('',*,*,#7465,.T.);
#7465 = EDGE_CURVE('',#7441,#7466,#7468,.T.);
#7466 = VERTEX_POINT('',#7467);
#7467 = CARTESIAN_POINT('',(15.792513650263,-50.7,160.66246927099));
#7468 = CIRCLE('',#7469,1.469292842572);
#7469 = AXIS2_PLACEMENT_3D('',#7470,#7471,#7472);
#7470 = CARTESIAN_POINT('',(17.103046207582,-50.7,161.326792892));
#7471 = DIRECTION('',(0.,-1.,-0.));
#7472 = DIRECTION('',(-0.891947826428,0.,-0.452138336054));
#7473 = ORIENTED_EDGE('',*,*,#7474,.T.);
#7474 = EDGE_CURVE('',#7466,#5296,#7475,.T.);
#7475 = LINE('',#7476,#7477);
#7476 = CARTESIAN_POINT('',(15.792513650263,-50.8,160.66246927099));
#7477 = VECTOR('',#7478,1.);
#7478 = DIRECTION('',(0.,1.,0.));
#7479 = ORIENTED_EDGE('',*,*,#5304,.F.);
#7480 = CYLINDRICAL_SURFACE('',#7481,1.469292842572);
#7481 = AXIS2_PLACEMENT_3D('',#7482,#7483,#7484);
#7482 = CARTESIAN_POINT('',(17.103046207582,-50.8,161.326792892));
#7483 = DIRECTION('',(-0.,-1.,-0.));
#7484 = DIRECTION('',(-0.891947826428,0.,-0.452138336054));
#7485 = ADVANCED_FACE('',(#7486),#7505,.T.);
#7486 = FACE_BOUND('',#7487,.T.);
#7487 = EDGE_LOOP('',(#7488,#7497,#7503,#7504));
#7488 = ORIENTED_EDGE('',*,*,#7489,.F.);
#7489 = EDGE_CURVE('',#7490,#7466,#7492,.T.);
#7490 = VERTEX_POINT('',#7491);
#7491 = CARTESIAN_POINT('',(15.775869962672,-50.7,160.4509911689));
#7492 = CIRCLE('',#7493,0.15);
#7493 = AXIS2_PLACEMENT_3D('',#7494,#7495,#7496);
#7494 = CARTESIAN_POINT('',(15.678452755423,-50.7,160.56505206374));
#7495 = DIRECTION('',(0.,-1.,0.));
#7496 = DIRECTION('',(0.64944804833,0.,-0.7604059656));
#7497 = ORIENTED_EDGE('',*,*,#7498,.T.);
#7498 = EDGE_CURVE('',#7490,#5288,#7499,.T.);
#7499 = LINE('',#7500,#7501);
#7500 = CARTESIAN_POINT('',(15.775869962672,-50.8,160.4509911689));
#7501 = VECTOR('',#7502,1.);
#7502 = DIRECTION('',(0.,1.,0.));
#7503 = ORIENTED_EDGE('',*,*,#5295,.T.);
#7504 = ORIENTED_EDGE('',*,*,#7474,.F.);
#7505 = CYLINDRICAL_SURFACE('',#7506,0.15);
#7506 = AXIS2_PLACEMENT_3D('',#7507,#7508,#7509);
#7507 = CARTESIAN_POINT('',(15.678452755423,-50.8,160.56505206374));
#7508 = DIRECTION('',(0.,-1.,0.));
#7509 = DIRECTION('',(0.64944804833,0.,-0.7604059656));
#7510 = ADVANCED_FACE('',(#7511),#7529,.T.);
#7511 = FACE_BOUND('',#7512,.T.);
#7512 = EDGE_LOOP('',(#7513,#7521,#7527,#7528));
#7513 = ORIENTED_EDGE('',*,*,#7514,.F.);
#7514 = EDGE_CURVE('',#7515,#7490,#7517,.T.);
#7515 = VERTEX_POINT('',#7516);
#7516 = CARTESIAN_POINT('',(15.326064457369,-50.7,160.09639310059));
#7517 = LINE('',#7518,#7519);
#7518 = CARTESIAN_POINT('',(15.438515833695,-50.7,160.18504261767));
#7519 = VECTOR('',#7520,1.);
#7520 = DIRECTION('',(0.785316930881,-0.,0.61909394931));
#7521 = ORIENTED_EDGE('',*,*,#7522,.T.);
#7522 = EDGE_CURVE('',#7515,#5279,#7523,.T.);
#7523 = LINE('',#7524,#7525);
#7524 = CARTESIAN_POINT('',(15.326064457369,-50.8,160.09639310059));
#7525 = VECTOR('',#7526,1.);
#7526 = DIRECTION('',(0.,1.,0.));
#7527 = ORIENTED_EDGE('',*,*,#5287,.T.);
#7528 = ORIENTED_EDGE('',*,*,#7498,.F.);
#7529 = PLANE('',#7530);
#7530 = AXIS2_PLACEMENT_3D('',#7531,#7532,#7533);
#7531 = CARTESIAN_POINT('',(15.326064457369,-50.8,160.09639310059));
#7532 = DIRECTION('',(0.61909394931,0.,-0.785316930881));
#7533 = DIRECTION('',(0.785316930881,0.,0.61909394931));
#7534 = ADVANCED_FACE('',(#7535),#7554,.T.);
#7535 = FACE_BOUND('',#7536,.T.);
#7536 = EDGE_LOOP('',(#7537,#7546,#7552,#7553));
#7537 = ORIENTED_EDGE('',*,*,#7538,.F.);
#7538 = EDGE_CURVE('',#7539,#7515,#7541,.T.);
#7539 = VERTEX_POINT('',#7540);
#7540 = CARTESIAN_POINT('',(15.116544120369,-50.7,160.1295778619));
#7541 = CIRCLE('',#7542,0.15);
#7542 = AXIS2_PLACEMENT_3D('',#7543,#7544,#7545);
#7543 = CARTESIAN_POINT('',(15.237896669525,-50.7,160.21774564975));
#7544 = DIRECTION('',(0.,-1.,0.));
#7545 = DIRECTION('',(-0.809016994375,-0.,-0.587785252293));
#7546 = ORIENTED_EDGE('',*,*,#7547,.T.);
#7547 = EDGE_CURVE('',#7539,#5270,#7548,.T.);
#7548 = LINE('',#7549,#7550);
#7549 = CARTESIAN_POINT('',(15.116544120369,-50.8,160.1295778619));
#7550 = VECTOR('',#7551,1.);
#7551 = DIRECTION('',(0.,1.,0.));
#7552 = ORIENTED_EDGE('',*,*,#5278,.T.);
#7553 = ORIENTED_EDGE('',*,*,#7522,.F.);
#7554 = CYLINDRICAL_SURFACE('',#7555,0.15);
#7555 = AXIS2_PLACEMENT_3D('',#7556,#7557,#7558);
#7556 = CARTESIAN_POINT('',(15.237896669525,-50.8,160.21774564975));
#7557 = DIRECTION('',(0.,-1.,0.));
#7558 = DIRECTION('',(-0.809016994375,-0.,-0.587785252293));
#7559 = ADVANCED_FACE('',(#7560),#7579,.F.);
#7560 = FACE_BOUND('',#7561,.T.);
#7561 = EDGE_LOOP('',(#7562,#7563,#7572,#7578));
#7562 = ORIENTED_EDGE('',*,*,#7547,.F.);
#7563 = ORIENTED_EDGE('',*,*,#7564,.T.);
#7564 = EDGE_CURVE('',#7539,#7565,#7567,.T.);
#7565 = VERTEX_POINT('',#7566);
#7566 = CARTESIAN_POINT('',(14.802431556914,-50.7,160.3339855181));
#7567 = CIRCLE('',#7568,1.46929284257);
#7568 = AXIS2_PLACEMENT_3D('',#7569,#7570,#7571);
#7569 = CARTESIAN_POINT('',(14.164638064195,-50.7,159.01033869289));
#7570 = DIRECTION('',(-0.,-1.,0.));
#7571 = DIRECTION('',(0.434081943531,-0.,0.900873390827));
#7572 = ORIENTED_EDGE('',*,*,#7573,.T.);
#7573 = EDGE_CURVE('',#7565,#5261,#7574,.T.);
#7574 = LINE('',#7575,#7576);
#7575 = CARTESIAN_POINT('',(14.802431556914,-50.8,160.3339855181));
#7576 = VECTOR('',#7577,1.);
#7577 = DIRECTION('',(0.,1.,0.));
#7578 = ORIENTED_EDGE('',*,*,#5269,.F.);
#7579 = CYLINDRICAL_SURFACE('',#7580,1.46929284257);
#7580 = AXIS2_PLACEMENT_3D('',#7581,#7582,#7583);
#7581 = CARTESIAN_POINT('',(14.164638064195,-50.8,159.01033869289));
#7582 = DIRECTION('',(-0.,-1.,-0.));
#7583 = DIRECTION('',(0.434081943531,-0.,0.900873390827));
#7584 = ADVANCED_FACE('',(#7585),#7604,.F.);
#7585 = FACE_BOUND('',#7586,.T.);
#7586 = EDGE_LOOP('',(#7587,#7588,#7597,#7603));
#7587 = ORIENTED_EDGE('',*,*,#7573,.F.);
#7588 = ORIENTED_EDGE('',*,*,#7589,.T.);
#7589 = EDGE_CURVE('',#7565,#7590,#7592,.T.);
#7590 = VERTEX_POINT('',#7591);
#7591 = CARTESIAN_POINT('',(14.129288313407,-50.7,159.84491832425));
#7592 = CIRCLE('',#7593,0.471154273188);
#7593 = AXIS2_PLACEMENT_3D('',#7594,#7595,#7596);
#7594 = CARTESIAN_POINT('',(14.595851155422,-50.7,159.91053435578));
#7595 = DIRECTION('',(0.,-1.,-0.));
#7596 = DIRECTION('',(-0.990254930424,0.,-0.139266552953));
#7597 = ORIENTED_EDGE('',*,*,#7598,.T.);
#7598 = EDGE_CURVE('',#7590,#5252,#7599,.T.);
#7599 = LINE('',#7600,#7601);
#7600 = CARTESIAN_POINT('',(14.129288313407,-50.8,159.84491832425));
#7601 = VECTOR('',#7602,1.);
#7602 = DIRECTION('',(0.,1.,0.));
#7603 = ORIENTED_EDGE('',*,*,#5260,.F.);
#7604 = CYLINDRICAL_SURFACE('',#7605,0.471154273188);
#7605 = AXIS2_PLACEMENT_3D('',#7606,#7607,#7608);
#7606 = CARTESIAN_POINT('',(14.595851155422,-50.8,159.91053435578));
#7607 = DIRECTION('',(-0.,-1.,-0.));
#7608 = DIRECTION('',(-0.990254930424,0.,-0.139266552953));
#7609 = ADVANCED_FACE('',(#7610),#7629,.F.);
#7610 = FACE_BOUND('',#7611,.T.);
#7611 = EDGE_LOOP('',(#7612,#7613,#7622,#7628));
#7612 = ORIENTED_EDGE('',*,*,#7598,.F.);
#7613 = ORIENTED_EDGE('',*,*,#7614,.T.);
#7614 = EDGE_CURVE('',#7590,#7615,#7617,.T.);
#7615 = VERTEX_POINT('',#7616);
#7616 = CARTESIAN_POINT('',(14.226625426557,-50.7,159.48301408438));
#7617 = CIRCLE('',#7618,1.469292842572);
#7618 = AXIS2_PLACEMENT_3D('',#7619,#7620,#7621);
#7619 = CARTESIAN_POINT('',(15.585240279945,-50.7,160.04246661801));
#7620 = DIRECTION('',(0.,-1.,-0.));
#7621 = DIRECTION('',(-0.924672613943,0.,-0.38076312456));
#7622 = ORIENTED_EDGE('',*,*,#7623,.T.);
#7623 = EDGE_CURVE('',#7615,#5243,#7624,.T.);
#7624 = LINE('',#7625,#7626);
#7625 = CARTESIAN_POINT('',(14.226625426557,-50.8,159.48301408438));
#7626 = VECTOR('',#7627,1.);
#7627 = DIRECTION('',(0.,1.,0.));
#7628 = ORIENTED_EDGE('',*,*,#5251,.F.);
#7629 = CYLINDRICAL_SURFACE('',#7630,1.469292842572);
#7630 = AXIS2_PLACEMENT_3D('',#7631,#7632,#7633);
#7631 = CARTESIAN_POINT('',(15.585240279945,-50.8,160.04246661801));
#7632 = DIRECTION('',(-0.,-1.,-0.));
#7633 = DIRECTION('',(-0.924672613943,0.,-0.38076312456));
#7634 = ADVANCED_FACE('',(#7635),#7654,.T.);
#7635 = FACE_BOUND('',#7636,.T.);
#7636 = EDGE_LOOP('',(#7637,#7646,#7652,#7653));
#7637 = ORIENTED_EDGE('',*,*,#7638,.F.);
#7638 = EDGE_CURVE('',#7639,#7615,#7641,.T.);
#7639 = VERTEX_POINT('',#7640);
#7640 = CARTESIAN_POINT('',(14.193440665244,-50.7,159.27349374738));
#7641 = CIRCLE('',#7642,0.15);
#7642 = AXIS2_PLACEMENT_3D('',#7643,#7644,#7645);
#7643 = CARTESIAN_POINT('',(14.1052728774,-50.7,159.39484629654));
#7644 = DIRECTION('',(0.,-1.,0.));
#7645 = DIRECTION('',(0.587785252293,0.,-0.809016994375));
#7646 = ORIENTED_EDGE('',*,*,#7647,.T.);
#7647 = EDGE_CURVE('',#7639,#5235,#7648,.T.);
#7648 = LINE('',#7649,#7650);
#7649 = CARTESIAN_POINT('',(14.193440665244,-50.8,159.27349374738));
#7650 = VECTOR('',#7651,1.);
#7651 = DIRECTION('',(0.,1.,0.));
#7652 = ORIENTED_EDGE('',*,*,#5242,.T.);
#7653 = ORIENTED_EDGE('',*,*,#7623,.F.);
#7654 = CYLINDRICAL_SURFACE('',#7655,0.15);
#7655 = AXIS2_PLACEMENT_3D('',#7656,#7657,#7658);
#7656 = CARTESIAN_POINT('',(14.1052728774,-50.8,159.39484629654));
#7657 = DIRECTION('',(0.,-1.,0.));
#7658 = DIRECTION('',(0.587785252293,0.,-0.809016994375));
#7659 = ADVANCED_FACE('',(#7660),#7678,.T.);
#7660 = FACE_BOUND('',#7661,.T.);
#7661 = EDGE_LOOP('',(#7662,#7670,#7676,#7677));
#7662 = ORIENTED_EDGE('',*,*,#7663,.F.);
#7663 = EDGE_CURVE('',#7664,#7639,#7666,.T.);
#7664 = VERTEX_POINT('',#7665);
#7665 = CARTESIAN_POINT('',(13.717200316413,-50.7,158.95528011978));
#7666 = LINE('',#7667,#7668);
#7667 = CARTESIAN_POINT('',(13.83626040362,-50.7,159.03483352668));
#7668 = VECTOR('',#7669,1.);
#7669 = DIRECTION('',(0.831469612303,-0.,0.55557023302));
#7670 = ORIENTED_EDGE('',*,*,#7671,.T.);
#7671 = EDGE_CURVE('',#7664,#5226,#7672,.T.);
#7672 = LINE('',#7673,#7674);
#7673 = CARTESIAN_POINT('',(13.717200316413,-50.8,158.95528011978));
#7674 = VECTOR('',#7675,1.);
#7675 = DIRECTION('',(0.,1.,0.));
#7676 = ORIENTED_EDGE('',*,*,#5234,.T.);
#7677 = ORIENTED_EDGE('',*,*,#7647,.F.);
#7678 = PLANE('',#7679);
#7679 = AXIS2_PLACEMENT_3D('',#7680,#7681,#7682);
#7680 = CARTESIAN_POINT('',(13.717200316413,-50.8,158.95528011978));
#7681 = DIRECTION('',(0.55557023302,0.,-0.831469612303));
#7682 = DIRECTION('',(0.831469612303,0.,0.55557023302));
#7683 = ADVANCED_FACE('',(#7684),#7703,.T.);
#7684 = FACE_BOUND('',#7685,.T.);
#7685 = EDGE_LOOP('',(#7686,#7695,#7701,#7702));
#7686 = ORIENTED_EDGE('',*,*,#7687,.F.);
#7687 = EDGE_CURVE('',#7688,#7664,#7690,.T.);
#7688 = VERTEX_POINT('',#7689);
#7689 = CARTESIAN_POINT('',(13.510929507052,-50.7,159.00480135972));
#7690 = CIRCLE('',#7691,0.15);
#7691 = AXIS2_PLACEMENT_3D('',#7692,#7693,#7694);
#7692 = CARTESIAN_POINT('',(13.638825531705,-50.7,159.08317614443));
#7693 = DIRECTION('',(0.,-1.,0.));
#7694 = DIRECTION('',(-0.852640164354,-0.,-0.522498564716));
#7695 = ORIENTED_EDGE('',*,*,#7696,.T.);
#7696 = EDGE_CURVE('',#7688,#5217,#7697,.T.);
#7697 = LINE('',#7698,#7699);
#7698 = CARTESIAN_POINT('',(13.510929507052,-50.8,159.00480135972));
#7699 = VECTOR('',#7700,1.);
#7700 = DIRECTION('',(0.,1.,0.));
#7701 = ORIENTED_EDGE('',*,*,#5225,.T.);
#7702 = ORIENTED_EDGE('',*,*,#7671,.F.);
#7703 = CYLINDRICAL_SURFACE('',#7704,0.15);
#7704 = AXIS2_PLACEMENT_3D('',#7705,#7706,#7707);
#7705 = CARTESIAN_POINT('',(13.638825531705,-50.8,159.08317614443));
#7706 = DIRECTION('',(0.,-1.,0.));
#7707 = DIRECTION('',(-0.852640164354,-0.,-0.522498564716));
#7708 = ADVANCED_FACE('',(#7709),#7728,.F.);
#7709 = FACE_BOUND('',#7710,.T.);
#7710 = EDGE_LOOP('',(#7711,#7712,#7721,#7727));
#7711 = ORIENTED_EDGE('',*,*,#7696,.F.);
#7712 = ORIENTED_EDGE('',*,*,#7713,.T.);
#7713 = EDGE_CURVE('',#7688,#7714,#7716,.T.);
#7714 = VERTEX_POINT('',#7715);
#7715 = CARTESIAN_POINT('',(13.213822887665,-50.7,159.23322388301));
#7716 = CIRCLE('',#7717,1.469292842573);
#7717 = AXIS2_PLACEMENT_3D('',#7718,#7719,#7720);
#7718 = CARTESIAN_POINT('',(12.474143366461,-50.7,157.96369811992));
#7719 = DIRECTION('',(-0.,-1.,0.));
#7720 = DIRECTION('',(0.503425525376,-0.,0.864038622053));
#7721 = ORIENTED_EDGE('',*,*,#7722,.T.);
#7722 = EDGE_CURVE('',#7714,#5208,#7723,.T.);
#7723 = LINE('',#7724,#7725);
#7724 = CARTESIAN_POINT('',(13.213822887665,-50.8,159.23322388301));
#7725 = VECTOR('',#7726,1.);
#7726 = DIRECTION('',(0.,1.,0.));
#7727 = ORIENTED_EDGE('',*,*,#5216,.F.);
#7728 = CYLINDRICAL_SURFACE('',#7729,1.469292842573);
#7729 = AXIS2_PLACEMENT_3D('',#7730,#7731,#7732);
#7730 = CARTESIAN_POINT('',(12.474143366461,-50.8,157.96369811992));
#7731 = DIRECTION('',(-0.,-1.,-0.));
#7732 = DIRECTION('',(0.503425525376,-0.,0.864038622053));
#7733 = ADVANCED_FACE('',(#7734),#7753,.F.);
#7734 = FACE_BOUND('',#7735,.T.);
#7735 = EDGE_LOOP('',(#7736,#7737,#7746,#7752));
#7736 = ORIENTED_EDGE('',*,*,#7722,.F.);
#7737 = ORIENTED_EDGE('',*,*,#7738,.T.);
#7738 = EDGE_CURVE('',#7714,#7739,#7741,.T.);
#7739 = VERTEX_POINT('',#7740);
#7740 = CARTESIAN_POINT('',(12.504382950349,-50.7,158.79847853029));
#7741 = CIRCLE('',#7742,0.471154273188);
#7742 = AXIS2_PLACEMENT_3D('',#7743,#7744,#7745);
#7743 = CARTESIAN_POINT('',(12.974655709328,-50.7,158.82728619081));
#7744 = DIRECTION('',(0.,-1.,-0.));
#7745 = DIRECTION('',(-0.998129032764,0.,-6.11427342666E-02));
#7746 = ORIENTED_EDGE('',*,*,#7747,.T.);
#7747 = EDGE_CURVE('',#7739,#5199,#7748,.T.);
#7748 = LINE('',#7749,#7750);
#7749 = CARTESIAN_POINT('',(12.504382950349,-50.8,158.79847853029));
#7750 = VECTOR('',#7751,1.);
#7751 = DIRECTION('',(0.,1.,0.));
#7752 = ORIENTED_EDGE('',*,*,#5207,.F.);
#7753 = CYLINDRICAL_SURFACE('',#7754,0.471154273188);
#7754 = AXIS2_PLACEMENT_3D('',#7755,#7756,#7757);
#7755 = CARTESIAN_POINT('',(12.974655709328,-50.8,158.82728619081));
#7756 = DIRECTION('',(-0.,-1.,-0.));
#7757 = DIRECTION('',(-0.998129032764,0.,-6.11427342666E-02));
#7758 = ADVANCED_FACE('',(#7759),#7778,.F.);
#7759 = FACE_BOUND('',#7760,.T.);
#7760 = EDGE_LOOP('',(#7761,#7762,#7771,#7777));
#7761 = ORIENTED_EDGE('',*,*,#7747,.F.);
#7762 = ORIENTED_EDGE('',*,*,#7763,.T.);
#7763 = EDGE_CURVE('',#7739,#7764,#7766,.T.);
#7764 = VERTEX_POINT('',#7765);
#7765 = CARTESIAN_POINT('',(12.573025326263,-50.7,158.43005293853));
#7766 = CIRCLE('',#7767,1.469292842572);
#7767 = AXIS2_PLACEMENT_3D('',#7768,#7769,#7770);
#7768 = CARTESIAN_POINT('',(13.971346163364,-50.7,158.88118517387));
#7769 = DIRECTION('',(0.,-1.,-0.));
#7770 = DIRECTION('',(-0.951696487307,0.,-0.307040381786));
#7771 = ORIENTED_EDGE('',*,*,#7772,.T.);
#7772 = EDGE_CURVE('',#7764,#5190,#7773,.T.);
#7773 = LINE('',#7774,#7775);
#7774 = CARTESIAN_POINT('',(12.573025326263,-50.8,158.43005293853));
#7775 = VECTOR('',#7776,1.);
#7776 = DIRECTION('',(0.,1.,0.));
#7777 = ORIENTED_EDGE('',*,*,#5198,.F.);
#7778 = CYLINDRICAL_SURFACE('',#7779,1.469292842572);
#7779 = AXIS2_PLACEMENT_3D('',#7780,#7781,#7782);
#7780 = CARTESIAN_POINT('',(13.971346163364,-50.8,158.88118517387));
#7781 = DIRECTION('',(-0.,-1.,-0.));
#7782 = DIRECTION('',(-0.951696487307,0.,-0.307040381786));
#7783 = ADVANCED_FACE('',(#7784),#7803,.T.);
#7784 = FACE_BOUND('',#7785,.T.);
#7785 = EDGE_LOOP('',(#7786,#7795,#7801,#7802));
#7786 = ORIENTED_EDGE('',*,*,#7787,.F.);
#7787 = EDGE_CURVE('',#7788,#7764,#7790,.T.);
#7788 = VERTEX_POINT('',#7789);
#7789 = CARTESIAN_POINT('',(12.523504086317,-50.7,158.22378212917));
#7790 = CIRCLE('',#7791,0.15);
#7791 = AXIS2_PLACEMENT_3D('',#7792,#7793,#7794);
#7792 = CARTESIAN_POINT('',(12.44512930161,-50.7,158.35167815383));
#7793 = DIRECTION('',(0.,-1.,0.));
#7794 = DIRECTION('',(0.522498564716,0.,-0.852640164354));
#7795 = ORIENTED_EDGE('',*,*,#7796,.T.);
#7796 = EDGE_CURVE('',#7788,#5182,#7797,.T.);
#7797 = LINE('',#7798,#7799);
#7798 = CARTESIAN_POINT('',(12.523504086317,-50.8,158.22378212917));
#7799 = VECTOR('',#7800,1.);
#7800 = DIRECTION('',(0.,1.,0.));
#7801 = ORIENTED_EDGE('',*,*,#5189,.T.);
#7802 = ORIENTED_EDGE('',*,*,#7772,.F.);
#7803 = CYLINDRICAL_SURFACE('',#7804,0.15);
#7804 = AXIS2_PLACEMENT_3D('',#7805,#7806,#7807);
#7805 = CARTESIAN_POINT('',(12.44512930161,-50.8,158.35167815383));
#7806 = DIRECTION('',(0.,-1.,0.));
#7807 = DIRECTION('',(0.522498564716,0.,-0.852640164354));
#7808 = ADVANCED_FACE('',(#7809),#7827,.T.);
#7809 = FACE_BOUND('',#7810,.T.);
#7810 = EDGE_LOOP('',(#7811,#7819,#7825,#7826));
#7811 = ORIENTED_EDGE('',*,*,#7812,.F.);
#7812 = EDGE_CURVE('',#7813,#7788,#7815,.T.);
#7813 = VERTEX_POINT('',#7814);
#7814 = CARTESIAN_POINT('',(12.023765074073,-50.7,157.9439148351));
#7815 = LINE('',#7816,#7817);
#7816 = CARTESIAN_POINT('',(12.148699827134,-50.7,158.01388165862));
#7817 = VECTOR('',#7818,1.);
#7818 = DIRECTION('',(0.872496007073,-0.,0.488621241497));
#7819 = ORIENTED_EDGE('',*,*,#7820,.T.);
#7820 = EDGE_CURVE('',#7813,#5173,#7821,.T.);
#7821 = LINE('',#7822,#7823);
#7822 = CARTESIAN_POINT('',(12.023765074073,-50.8,157.9439148351));
#7823 = VECTOR('',#7824,1.);
#7824 = DIRECTION('',(0.,1.,0.));
#7825 = ORIENTED_EDGE('',*,*,#5181,.T.);
#7826 = ORIENTED_EDGE('',*,*,#7796,.F.);
#7827 = PLANE('',#7828);
#7828 = AXIS2_PLACEMENT_3D('',#7829,#7830,#7831);
#7829 = CARTESIAN_POINT('',(12.023765074073,-50.8,157.9439148351));
#7830 = DIRECTION('',(0.488621241497,0.,-0.872496007073));
#7831 = DIRECTION('',(0.872496007073,0.,0.488621241497));
#7832 = ADVANCED_FACE('',(#7833),#7852,.T.);
#7833 = FACE_BOUND('',#7834,.T.);
#7834 = EDGE_LOOP('',(#7835,#7844,#7850,#7851));
#7835 = ORIENTED_EDGE('',*,*,#7836,.F.);
#7836 = EDGE_CURVE('',#7837,#7813,#7839,.T.);
#7837 = VERTEX_POINT('',#7838);
#7838 = CARTESIAN_POINT('',(11.822015520484,-50.7,158.00946723877));
#7839 = CIRCLE('',#7840,0.15);
#7840 = AXIS2_PLACEMENT_3D('',#7841,#7842,#7843);
#7841 = CARTESIAN_POINT('',(11.955666499112,-50.7,158.07756581373));
#7842 = DIRECTION('',(0.,-1.,0.));
#7843 = DIRECTION('',(-0.891006524188,-0.,-0.453990499739));
#7844 = ORIENTED_EDGE('',*,*,#7845,.T.);
#7845 = EDGE_CURVE('',#7837,#5164,#7846,.T.);
#7846 = LINE('',#7847,#7848);
#7847 = CARTESIAN_POINT('',(11.822015520484,-50.8,158.00946723877));
#7848 = VECTOR('',#7849,1.);
#7849 = DIRECTION('',(0.,1.,0.));
#7850 = ORIENTED_EDGE('',*,*,#5172,.T.);
#7851 = ORIENTED_EDGE('',*,*,#7820,.F.);
#7852 = CYLINDRICAL_SURFACE('',#7853,0.15);
#7853 = AXIS2_PLACEMENT_3D('',#7854,#7855,#7856);
#7854 = CARTESIAN_POINT('',(11.955666499112,-50.8,158.07756581373));
#7855 = DIRECTION('',(0.,-1.,0.));
#7856 = DIRECTION('',(-0.891006524188,-0.,-0.453990499739));
#7857 = ADVANCED_FACE('',(#7858),#7877,.F.);
#7858 = FACE_BOUND('',#7859,.T.);
#7859 = EDGE_LOOP('',(#7860,#7861,#7870,#7876));
#7860 = ORIENTED_EDGE('',*,*,#7845,.F.);
#7861 = ORIENTED_EDGE('',*,*,#7862,.T.);
#7862 = EDGE_CURVE('',#7837,#7863,#7865,.T.);
#7863 = VERTEX_POINT('',#7864);
#7864 = CARTESIAN_POINT('',(11.543746606272,-50.7,158.26049632835));
#7865 = CIRCLE('',#7866,1.469292842572);
#7866 = AXIS2_PLACEMENT_3D('',#7867,#7868,#7869);
#7867 = CARTESIAN_POINT('',(10.706741426802,-50.7,157.05291867587));
#7868 = DIRECTION('',(-0.,-1.,0.));
#7869 = DIRECTION('',(0.569665321451,-0.,0.821876767853));
#7870 = ORIENTED_EDGE('',*,*,#7871,.T.);
#7871 = EDGE_CURVE('',#7863,#5155,#7872,.T.);
#7872 = LINE('',#7873,#7874);
#7873 = CARTESIAN_POINT('',(11.543746606272,-50.8,158.26049632835));
#7874 = VECTOR('',#7875,1.);
#7875 = DIRECTION('',(0.,1.,0.));
#7876 = ORIENTED_EDGE('',*,*,#5163,.F.);
#7877 = CYLINDRICAL_SURFACE('',#7878,1.469292842572);
#7878 = AXIS2_PLACEMENT_3D('',#7879,#7880,#7881);
#7879 = CARTESIAN_POINT('',(10.706741426802,-50.8,157.05291867587));
#7880 = DIRECTION('',(-0.,-1.,-0.));
#7881 = DIRECTION('',(0.569665321451,-0.,0.821876767853));
#7882 = ADVANCED_FACE('',(#7883),#7902,.F.);
#7883 = FACE_BOUND('',#7884,.T.);
#7884 = EDGE_LOOP('',(#7885,#7886,#7895,#7901));
#7885 = ORIENTED_EDGE('',*,*,#7871,.F.);
#7886 = ORIENTED_EDGE('',*,*,#7887,.T.);
#7887 = EDGE_CURVE('',#7863,#7888,#7890,.T.);
#7888 = VERTEX_POINT('',#7889);
#7889 = CARTESIAN_POINT('',(10.802383908272,-50.7,157.88275316641));
#7890 = CIRCLE('',#7891,0.471154273188);
#7891 = AXIS2_PLACEMENT_3D('',#7892,#7893,#7894);
#7892 = CARTESIAN_POINT('',(11.273467196276,-50.7,157.87457484712));
#7893 = DIRECTION('',(0.,-1.,-0.));
#7894 = DIRECTION('',(-0.999849337706,-0.,1.735804970824E-02));
#7895 = ORIENTED_EDGE('',*,*,#7896,.T.);
#7896 = EDGE_CURVE('',#7888,#5146,#7897,.T.);
#7897 = LINE('',#7898,#7899);
#7898 = CARTESIAN_POINT('',(10.802383908272,-50.8,157.88275316641));
#7899 = VECTOR('',#7900,1.);
#7900 = DIRECTION('',(0.,1.,0.));
#7901 = ORIENTED_EDGE('',*,*,#5154,.F.);
#7902 = CYLINDRICAL_SURFACE('',#7903,0.471154273188);
#7903 = AXIS2_PLACEMENT_3D('',#7904,#7905,#7906);
#7904 = CARTESIAN_POINT('',(11.273467196276,-50.8,157.87457484712));
#7905 = DIRECTION('',(0.,-1.,-0.));
#7906 = DIRECTION('',(-0.999849337706,-0.,1.735804970824E-02));
#7907 = ADVANCED_FACE('',(#7908),#7927,.F.);
#7908 = FACE_BOUND('',#7909,.T.);
#7909 = EDGE_LOOP('',(#7910,#7911,#7920,#7926));
#7910 = ORIENTED_EDGE('',*,*,#7896,.F.);
#7911 = ORIENTED_EDGE('',*,*,#7912,.T.);
#7912 = EDGE_CURVE('',#7888,#7913,#7915,.T.);
#7913 = VERTEX_POINT('',#7914);
#7914 = CARTESIAN_POINT('',(10.841908343877,-50.7,157.51007768906));
#7915 = CIRCLE('',#7916,1.469292842572);
#7916 = AXIS2_PLACEMENT_3D('',#7917,#7918,#7919);
#7917 = CARTESIAN_POINT('',(12.271314051742,-50.7,157.85010824586));
#7918 = DIRECTION('',(0.,-1.,-0.));
#7919 = DIRECTION('',(-0.972852835356,0.,-0.231424632957));
#7920 = ORIENTED_EDGE('',*,*,#7921,.T.);
#7921 = EDGE_CURVE('',#7913,#5137,#7922,.T.);
#7922 = LINE('',#7923,#7924);
#7923 = CARTESIAN_POINT('',(10.841908343877,-50.8,157.51007768906));
#7924 = VECTOR('',#7925,1.);
#7925 = DIRECTION('',(0.,1.,0.));
#7926 = ORIENTED_EDGE('',*,*,#5145,.F.);
#7927 = CYLINDRICAL_SURFACE('',#7928,1.469292842572);
#7928 = AXIS2_PLACEMENT_3D('',#7929,#7930,#7931);
#7929 = CARTESIAN_POINT('',(12.271314051742,-50.8,157.85010824586));
#7930 = DIRECTION('',(-0.,-1.,-0.));
#7931 = DIRECTION('',(-0.972852835356,0.,-0.231424632957));
#7932 = ADVANCED_FACE('',(#7933),#7952,.T.);
#7933 = FACE_BOUND('',#7934,.T.);
#7934 = EDGE_LOOP('',(#7935,#7944,#7950,#7951));
#7935 = ORIENTED_EDGE('',*,*,#7936,.F.);
#7936 = EDGE_CURVE('',#7937,#7913,#7939,.T.);
#7937 = VERTEX_POINT('',#7938);
#7938 = CARTESIAN_POINT('',(10.77635594021,-50.7,157.30832813547));
#7939 = CIRCLE('',#7940,0.15);
#7940 = AXIS2_PLACEMENT_3D('',#7941,#7942,#7943);
#7941 = CARTESIAN_POINT('',(10.708257365249,-50.7,157.4419791141));
#7942 = DIRECTION('',(0.,-1.,0.));
#7943 = DIRECTION('',(0.45399049974,0.,-0.891006524188));
#7944 = ORIENTED_EDGE('',*,*,#7945,.T.);
#7945 = EDGE_CURVE('',#7937,#5129,#7946,.T.);
#7946 = LINE('',#7947,#7948);
#7947 = CARTESIAN_POINT('',(10.77635594021,-50.8,157.30832813547));
#7948 = VECTOR('',#7949,1.);
#7949 = DIRECTION('',(0.,1.,0.));
#7950 = ORIENTED_EDGE('',*,*,#5136,.T.);
#7951 = ORIENTED_EDGE('',*,*,#7921,.F.);
#7952 = CYLINDRICAL_SURFACE('',#7953,0.15);
#7953 = AXIS2_PLACEMENT_3D('',#7954,#7955,#7956);
#7954 = CARTESIAN_POINT('',(10.708257365249,-50.8,157.4419791141));
#7955 = DIRECTION('',(0.,-1.,0.));
#7956 = DIRECTION('',(0.45399049974,0.,-0.891006524188));
#7957 = ADVANCED_FACE('',(#7958),#7976,.T.);
#7958 = FACE_BOUND('',#7959,.T.);
#7959 = EDGE_LOOP('',(#7960,#7968,#7974,#7975));
#7960 = ORIENTED_EDGE('',*,*,#7961,.F.);
#7961 = EDGE_CURVE('',#7962,#7937,#7964,.T.);
#7962 = VERTEX_POINT('',#7963);
#7963 = CARTESIAN_POINT('',(10.256199321745,-50.7,157.06853264986));
#7964 = LINE('',#7965,#7966);
#7965 = CARTESIAN_POINT('',(10.386238476361,-50.7,157.12848152126));
#7966 = VECTOR('',#7967,1.);
#7967 = DIRECTION('',(0.908143173825,-0.,0.418659737537));
#7968 = ORIENTED_EDGE('',*,*,#7969,.T.);
#7969 = EDGE_CURVE('',#7962,#5120,#7970,.T.);
#7970 = LINE('',#7971,#7972);
#7971 = CARTESIAN_POINT('',(10.256199321745,-50.8,157.06853264986));
#7972 = VECTOR('',#7973,1.);
#7973 = DIRECTION('',(0.,1.,0.));
#7974 = ORIENTED_EDGE('',*,*,#5128,.T.);
#7975 = ORIENTED_EDGE('',*,*,#7945,.F.);
#7976 = PLANE('',#7977);
#7977 = AXIS2_PLACEMENT_3D('',#7978,#7979,#7980);
#7978 = CARTESIAN_POINT('',(10.256199321745,-50.8,157.06853264986));
#7979 = DIRECTION('',(0.418659737537,0.,-0.908143173825));
#7980 = DIRECTION('',(0.908143173825,0.,0.418659737537));
#7981 = ADVANCED_FACE('',(#7982),#8001,.T.);
#7982 = FACE_BOUND('',#7983,.T.);
#7983 = EDGE_LOOP('',(#7984,#7993,#7999,#8000));
#7984 = ORIENTED_EDGE('',*,*,#7985,.F.);
#7985 = EDGE_CURVE('',#7986,#7962,#7988,.T.);
#7986 = VERTEX_POINT('',#7987);
#7987 = CARTESIAN_POINT('',(10.060214877014,-50.7,157.14971206489));
#7988 = CIRCLE('',#7989,0.15);
#7989 = AXIS2_PLACEMENT_3D('',#7990,#7991,#7992);
#7990 = CARTESIAN_POINT('',(10.19879680689,-50.7,157.20711457974));
#7991 = DIRECTION('',(0.,-1.,0.));
#7992 = DIRECTION('',(-0.923879532511,-0.,-0.382683432365));
#7993 = ORIENTED_EDGE('',*,*,#7994,.T.);
#7994 = EDGE_CURVE('',#7986,#5111,#7995,.T.);
#7995 = LINE('',#7996,#7997);
#7996 = CARTESIAN_POINT('',(10.060214877014,-50.8,157.14971206489));
#7997 = VECTOR('',#7998,1.);
#7998 = DIRECTION('',(0.,1.,0.));
#7999 = ORIENTED_EDGE('',*,*,#5119,.T.);
#8000 = ORIENTED_EDGE('',*,*,#7969,.F.);
#8001 = CYLINDRICAL_SURFACE('',#8002,0.15);
#8002 = AXIS2_PLACEMENT_3D('',#8003,#8004,#8005);
#8003 = CARTESIAN_POINT('',(10.19879680689,-50.8,157.20711457974));
#8004 = DIRECTION('',(0.,-1.,0.));
#8005 = DIRECTION('',(-0.923879532511,-0.,-0.382683432365));
#8006 = ADVANCED_FACE('',(#8007),#8026,.F.);
#8007 = FACE_BOUND('',#8008,.T.);
#8008 = EDGE_LOOP('',(#8009,#8010,#8019,#8025));
#8009 = ORIENTED_EDGE('',*,*,#7994,.F.);
#8010 = ORIENTED_EDGE('',*,*,#8011,.T.);
#8011 = EDGE_CURVE('',#7986,#8012,#8014,.T.);
#8012 = VERTEX_POINT('',#8013);
#8013 = CARTESIAN_POINT('',(9.802499288366,-50.7,157.42180004294));
#8014 = CIRCLE('',#8015,1.469292842571);
#8015 = AXIS2_PLACEMENT_3D('',#8016,#8017,#8018);
#8016 = CARTESIAN_POINT('',(8.873328865894,-50.7,156.28361561885));
#8017 = DIRECTION('',(-0.,-1.,0.));
#8018 = DIRECTION('',(0.632392941387,-0.,0.774647770076));
#8019 = ORIENTED_EDGE('',*,*,#8020,.T.);
#8020 = EDGE_CURVE('',#8012,#5102,#8021,.T.);
#8021 = LINE('',#8022,#8023);
#8022 = CARTESIAN_POINT('',(9.802499288366,-50.8,157.42180004294));
#8023 = VECTOR('',#8024,1.);
#8024 = DIRECTION('',(0.,1.,0.));
#8025 = ORIENTED_EDGE('',*,*,#5110,.F.);
#8026 = CYLINDRICAL_SURFACE('',#8027,1.469292842571);
#8027 = AXIS2_PLACEMENT_3D('',#8028,#8029,#8030);
#8028 = CARTESIAN_POINT('',(8.873328865894,-50.8,156.28361561885));
#8029 = DIRECTION('',(-0.,-1.,-0.));
#8030 = DIRECTION('',(0.632392941387,-0.,0.774647770076));
#8031 = ADVANCED_FACE('',(#8032),#8051,.F.);
#8032 = FACE_BOUND('',#8033,.T.);
#8033 = EDGE_LOOP('',(#8034,#8035,#8044,#8050));
#8034 = ORIENTED_EDGE('',*,*,#8020,.F.);
#8035 = ORIENTED_EDGE('',*,*,#8036,.T.);
#8036 = EDGE_CURVE('',#8012,#8037,#8039,.T.);
#8037 = VERTEX_POINT('',#8038);
#8038 = CARTESIAN_POINT('',(9.033784577243,-50.7,157.10338798399));
#8039 = CIRCLE('',#8040,0.471154273188);
#8040 = AXIS2_PLACEMENT_3D('',#8041,#8042,#8043);
#8041 = CARTESIAN_POINT('',(9.50277400915,-50.7,157.05827410694));
#8042 = DIRECTION('',(0.,-1.,-0.));
#8043 = DIRECTION('',(-0.995405238997,-0.,9.575181553435E-02));
#8044 = ORIENTED_EDGE('',*,*,#8045,.T.);
#8045 = EDGE_CURVE('',#8037,#5093,#8046,.T.);
#8046 = LINE('',#8047,#8048);
#8047 = CARTESIAN_POINT('',(9.033784577243,-50.8,157.10338798399));
#8048 = VECTOR('',#8049,1.);
#8049 = DIRECTION('',(0.,1.,0.));
#8050 = ORIENTED_EDGE('',*,*,#5101,.F.);
#8051 = CYLINDRICAL_SURFACE('',#8052,0.471154273188);
#8052 = AXIS2_PLACEMENT_3D('',#8053,#8054,#8055);
#8053 = CARTESIAN_POINT('',(9.50277400915,-50.8,157.05827410694));
#8054 = DIRECTION('',(0.,-1.,-0.));
#8055 = DIRECTION('',(-0.995405238997,-0.,9.575181553435E-02));
#8056 = ADVANCED_FACE('',(#8057),#8076,.F.);
#8057 = FACE_BOUND('',#8058,.T.);
#8058 = EDGE_LOOP('',(#8059,#8060,#8069,#8075));
#8059 = ORIENTED_EDGE('',*,*,#8045,.F.);
#8060 = ORIENTED_EDGE('',*,*,#8061,.T.);
#8061 = EDGE_CURVE('',#8037,#8062,#8064,.T.);
#8062 = VERTEX_POINT('',#8063);
#8063 = CARTESIAN_POINT('',(9.043947391251,-50.7,156.72876028928));
#8064 = CIRCLE('',#8065,1.469292842572);
#8065 = AXIS2_PLACEMENT_3D('',#8066,#8067,#8068);
#8066 = CARTESIAN_POINT('',(10.495625208365,-50.7,156.95559276609));
#8067 = DIRECTION('',(0.,-1.,-0.));
#8068 = DIRECTION('',(-0.988011222169,0.,-0.154382074309));
#8069 = ORIENTED_EDGE('',*,*,#8070,.T.);
#8070 = EDGE_CURVE('',#8062,#5084,#8071,.T.);
#8071 = LINE('',#8072,#8073);
#8072 = CARTESIAN_POINT('',(9.043947391251,-50.8,156.72876028928));
#8073 = VECTOR('',#8074,1.);
#8074 = DIRECTION('',(0.,1.,0.));
#8075 = ORIENTED_EDGE('',*,*,#5092,.F.);
#8076 = CYLINDRICAL_SURFACE('',#8077,1.469292842572);
#8077 = AXIS2_PLACEMENT_3D('',#8078,#8079,#8080);
#8078 = CARTESIAN_POINT('',(10.495625208365,-50.8,156.95559276609));
#8079 = DIRECTION('',(-0.,-1.,-0.));
#8080 = DIRECTION('',(-0.988011222169,0.,-0.154382074309));
#8081 = ADVANCED_FACE('',(#8082),#8101,.T.);
#8082 = FACE_BOUND('',#8083,.T.);
#8083 = EDGE_LOOP('',(#8084,#8093,#8099,#8100));
#8084 = ORIENTED_EDGE('',*,*,#8085,.F.);
#8085 = EDGE_CURVE('',#8086,#8062,#8088,.T.);
#8086 = VERTEX_POINT('',#8087);
#8087 = CARTESIAN_POINT('',(8.962767976229,-50.7,156.53277584455));
#8088 = CIRCLE('',#8089,0.15);
#8089 = AXIS2_PLACEMENT_3D('',#8090,#8091,#8092);
#8090 = CARTESIAN_POINT('',(8.905365461374,-50.7,156.67135777443));
#8091 = DIRECTION('',(0.,-1.,0.));
#8092 = DIRECTION('',(0.382683432365,0.,-0.923879532511));
#8093 = ORIENTED_EDGE('',*,*,#8094,.T.);
#8094 = EDGE_CURVE('',#8086,#5076,#8095,.T.);
#8095 = LINE('',#8096,#8097);
#8096 = CARTESIAN_POINT('',(8.962767976229,-50.8,156.53277584455));
#8097 = VECTOR('',#8098,1.);
#8098 = DIRECTION('',(0.,1.,0.));
#8099 = ORIENTED_EDGE('',*,*,#5083,.T.);
#8100 = ORIENTED_EDGE('',*,*,#8070,.F.);
#8101 = CYLINDRICAL_SURFACE('',#8102,0.15);
#8102 = AXIS2_PLACEMENT_3D('',#8103,#8104,#8105);
#8103 = CARTESIAN_POINT('',(8.905365461374,-50.8,156.67135777443));
#8104 = DIRECTION('',(0.,-1.,0.));
#8105 = DIRECTION('',(0.382683432365,0.,-0.923879532511));
#8106 = ADVANCED_FACE('',(#8107),#8125,.T.);
#8107 = FACE_BOUND('',#8108,.T.);
#8108 = EDGE_LOOP('',(#8109,#8117,#8123,#8124));
#8109 = ORIENTED_EDGE('',*,*,#8110,.F.);
#8110 = EDGE_CURVE('',#8111,#8086,#8113,.T.);
#8111 = VERTEX_POINT('',#8112);
#8112 = CARTESIAN_POINT('',(8.425400690066,-50.7,156.33453058633));
#8113 = LINE('',#8114,#8115);
#8114 = CARTESIAN_POINT('',(8.559742511607,-50.7,156.38409190088));
#8115 = VECTOR('',#8116,1.);
#8116 = DIRECTION('',(0.938191335922,-0.,0.346117057078));
#8117 = ORIENTED_EDGE('',*,*,#8118,.T.);
#8118 = EDGE_CURVE('',#8111,#5067,#8119,.T.);
#8119 = LINE('',#8120,#8121);
#8120 = CARTESIAN_POINT('',(8.425400690066,-50.8,156.33453058633));
#8121 = VECTOR('',#8122,1.);
#8122 = DIRECTION('',(0.,1.,0.));
#8123 = ORIENTED_EDGE('',*,*,#5075,.T.);
#8124 = ORIENTED_EDGE('',*,*,#8094,.F.);
#8125 = PLANE('',#8126);
#8126 = AXIS2_PLACEMENT_3D('',#8127,#8128,#8129);
#8127 = CARTESIAN_POINT('',(8.425400690066,-50.8,156.33453058633));
#8128 = DIRECTION('',(0.346117057078,0.,-0.938191335922));
#8129 = DIRECTION('',(0.938191335922,0.,0.346117057078));
#8130 = ADVANCED_FACE('',(#8131),#8150,.T.);
#8131 = FACE_BOUND('',#8132,.T.);
#8132 = EDGE_LOOP('',(#8133,#8142,#8148,#8149));
#8133 = ORIENTED_EDGE('',*,*,#8134,.F.);
#8134 = EDGE_CURVE('',#8135,#8111,#8137,.T.);
#8135 = VERTEX_POINT('',#8136);
#8136 = CARTESIAN_POINT('',(8.236389663465,-50.7,156.43083651461));
#8137 = CIRCLE('',#8138,0.15);
#8138 = AXIS2_PLACEMENT_3D('',#8139,#8140,#8141);
#8139 = CARTESIAN_POINT('',(8.379048140909,-50.7,156.47718906377));
#8140 = DIRECTION('',(0.,-1.,0.));
#8141 = DIRECTION('',(-0.951056516295,-0.,-0.309016994375));
#8142 = ORIENTED_EDGE('',*,*,#8143,.T.);
#8143 = EDGE_CURVE('',#8135,#5058,#8144,.T.);
#8144 = LINE('',#8145,#8146);
#8145 = CARTESIAN_POINT('',(8.236389663465,-50.8,156.43083651461));
#8146 = VECTOR('',#8147,1.);
#8147 = DIRECTION('',(0.,1.,0.));
#8148 = ORIENTED_EDGE('',*,*,#5066,.T.);
#8149 = ORIENTED_EDGE('',*,*,#8118,.F.);
#8150 = CYLINDRICAL_SURFACE('',#8151,0.15);
#8151 = AXIS2_PLACEMENT_3D('',#8152,#8153,#8154);
#8152 = CARTESIAN_POINT('',(8.379048140909,-50.8,156.47718906377));
#8153 = DIRECTION('',(0.,-1.,0.));
#8154 = DIRECTION('',(-0.951056516295,-0.,-0.309016994375));
#8155 = ADVANCED_FACE('',(#8156),#8175,.F.);
#8156 = FACE_BOUND('',#8157,.T.);
#8157 = EDGE_LOOP('',(#8158,#8159,#8168,#8174));
#8158 = ORIENTED_EDGE('',*,*,#8143,.F.);
#8159 = ORIENTED_EDGE('',*,*,#8160,.T.);
#8160 = EDGE_CURVE('',#8135,#8161,#8163,.T.);
#8161 = VERTEX_POINT('',#8162);
#8162 = CARTESIAN_POINT('',(8.000816302685,-50.7,156.72230586827));
#8163 = CIRCLE('',#8164,1.469292842573);
#8164 = AXIS2_PLACEMENT_3D('',#8165,#8166,#8167);
#8165 = CARTESIAN_POINT('',(6.985209281843,-50.7,155.66053195804));
#8166 = DIRECTION('',(-0.,-1.,0.));
#8167 = DIRECTION('',(0.691221648547,-0.,0.722642811201));
#8168 = ORIENTED_EDGE('',*,*,#8169,.T.);
#8169 = EDGE_CURVE('',#8161,#5049,#8170,.T.);
#8170 = LINE('',#8171,#8172);
#8171 = CARTESIAN_POINT('',(8.000816302685,-50.8,156.72230586827));
#8172 = VECTOR('',#8173,1.);
#8173 = DIRECTION('',(0.,1.,0.));
#8174 = ORIENTED_EDGE('',*,*,#5057,.F.);
#8175 = CYLINDRICAL_SURFACE('',#8176,1.469292842573);
#8176 = AXIS2_PLACEMENT_3D('',#8177,#8178,#8179);
#8177 = CARTESIAN_POINT('',(6.985209281843,-50.8,155.66053195804));
#8178 = DIRECTION('',(-0.,-1.,-0.));
#8179 = DIRECTION('',(0.691221648547,-0.,0.722642811201));
#8180 = ADVANCED_FACE('',(#8181),#8200,.F.);
#8181 = FACE_BOUND('',#8182,.T.);
#8182 = EDGE_LOOP('',(#8183,#8184,#8193,#8199));
#8183 = ORIENTED_EDGE('',*,*,#8169,.F.);
#8184 = ORIENTED_EDGE('',*,*,#8185,.T.);
#8185 = EDGE_CURVE('',#8161,#8186,#8188,.T.);
#8186 = VERTEX_POINT('',#8187);
#8187 = CARTESIAN_POINT('',(7.209488960258,-50.7,156.46518802855));
#8188 = CIRCLE('',#8189,0.471154273188);
#8189 = AXIS2_PLACEMENT_3D('',#8190,#8191,#8192);
#8190 = CARTESIAN_POINT('',(7.673493060265,-50.7,156.38341673579));
#8191 = DIRECTION('',(0.,-1.,-0.));
#8192 = DIRECTION('',(-0.984824135983,-0.,0.173555239577));
#8193 = ORIENTED_EDGE('',*,*,#8194,.T.);
#8194 = EDGE_CURVE('',#8186,#5040,#8195,.T.);
#8195 = LINE('',#8196,#8197);
#8196 = CARTESIAN_POINT('',(7.209488960258,-50.8,156.46518802855));
#8197 = VECTOR('',#8198,1.);
#8198 = DIRECTION('',(0.,1.,0.));
#8199 = ORIENTED_EDGE('',*,*,#5048,.F.);
#8200 = CYLINDRICAL_SURFACE('',#8201,0.471154273188);
#8201 = AXIS2_PLACEMENT_3D('',#8202,#8203,#8204);
#8202 = CARTESIAN_POINT('',(7.673493060265,-50.8,156.38341673579));
#8203 = DIRECTION('',(0.,-1.,-0.));
#8204 = DIRECTION('',(-0.984824135983,-0.,0.173555239577));
#8205 = ADVANCED_FACE('',(#8206),#8225,.F.);
#8206 = FACE_BOUND('',#8207,.T.);
#8207 = EDGE_LOOP('',(#8208,#8209,#8218,#8224));
#8208 = ORIENTED_EDGE('',*,*,#8194,.F.);
#8209 = ORIENTED_EDGE('',*,*,#8210,.T.);
#8210 = EDGE_CURVE('',#8186,#8211,#8213,.T.);
#8211 = VERTEX_POINT('',#8212);
#8212 = CARTESIAN_POINT('',(7.19022749554,-50.7,156.0909178208));
#8213 = CIRCLE('',#8214,1.469292842572);
#8214 = AXIS2_PLACEMENT_3D('',#8215,#8216,#8217);
#8215 = CARTESIAN_POINT('',(8.655227345429,-50.7,156.20315371996));
#8216 = DIRECTION('',(0.,-1.,-0.));
#8217 = DIRECTION('',(-0.99707819125,0.,-7.638769883618E-02));
#8218 = ORIENTED_EDGE('',*,*,#8219,.T.);
#8219 = EDGE_CURVE('',#8211,#5031,#8220,.T.);
#8220 = LINE('',#8221,#8222);
#8221 = CARTESIAN_POINT('',(7.19022749554,-50.8,156.0909178208));
#8222 = VECTOR('',#8223,1.);
#8223 = DIRECTION('',(0.,1.,0.));
#8224 = ORIENTED_EDGE('',*,*,#5039,.F.);
#8225 = CYLINDRICAL_SURFACE('',#8226,1.469292842572);
#8226 = AXIS2_PLACEMENT_3D('',#8227,#8228,#8229);
#8227 = CARTESIAN_POINT('',(8.655227345429,-50.8,156.20315371996));
#8228 = DIRECTION('',(-0.,-1.,-0.));
#8229 = DIRECTION('',(-0.99707819125,0.,-7.638769883618E-02));
#8230 = ADVANCED_FACE('',(#8231),#8250,.T.);
#8231 = FACE_BOUND('',#8232,.T.);
#8232 = EDGE_LOOP('',(#8233,#8242,#8248,#8249));
#8233 = ORIENTED_EDGE('',*,*,#8234,.F.);
#8234 = EDGE_CURVE('',#8235,#8211,#8237,.T.);
#8235 = VERTEX_POINT('',#8236);
#8236 = CARTESIAN_POINT('',(7.093921567252,-50.7,155.9019067942));
#8237 = CIRCLE('',#8238,0.15);
#8238 = AXIS2_PLACEMENT_3D('',#8239,#8240,#8241);
#8239 = CARTESIAN_POINT('',(7.047569018096,-50.7,156.04456527164));
#8240 = DIRECTION('',(0.,-1.,0.));
#8241 = DIRECTION('',(0.309016994375,0.,-0.951056516295));
#8242 = ORIENTED_EDGE('',*,*,#8243,.T.);
#8243 = EDGE_CURVE('',#8235,#5023,#8244,.T.);
#8244 = LINE('',#8245,#8246);
#8245 = CARTESIAN_POINT('',(7.093921567252,-50.8,155.9019067942));
#8246 = VECTOR('',#8247,1.);
#8247 = DIRECTION('',(0.,1.,0.));
#8248 = ORIENTED_EDGE('',*,*,#5030,.T.);
#8249 = ORIENTED_EDGE('',*,*,#8219,.F.);
#8250 = CYLINDRICAL_SURFACE('',#8251,0.15);
#8251 = AXIS2_PLACEMENT_3D('',#8252,#8253,#8254);
#8252 = CARTESIAN_POINT('',(7.047569018096,-50.8,156.04456527164));
#8253 = DIRECTION('',(0.,-1.,0.));
#8254 = DIRECTION('',(0.309016994375,0.,-0.951056516295));
#8255 = ADVANCED_FACE('',(#8256),#8274,.T.);
#8256 = FACE_BOUND('',#8257,.T.);
#8257 = EDGE_LOOP('',(#8258,#8266,#8272,#8273));
#8258 = ORIENTED_EDGE('',*,*,#8259,.F.);
#8259 = EDGE_CURVE('',#8260,#8235,#8262,.T.);
#8260 = VERTEX_POINT('',#8261);
#8261 = CARTESIAN_POINT('',(6.542656661402,-50.7,155.74643401129));
#8262 = LINE('',#8263,#8264);
#8263 = CARTESIAN_POINT('',(6.680472887864,-50.7,155.78530220702));
#8264 = VECTOR('',#8265,1.);
#8265 = DIRECTION('',(0.962455236454,-0.,0.271440449865));
#8266 = ORIENTED_EDGE('',*,*,#8267,.T.);
#8267 = EDGE_CURVE('',#8260,#5014,#8268,.T.);
#8268 = LINE('',#8269,#8270);
#8269 = CARTESIAN_POINT('',(6.542656661402,-50.8,155.74643401129));
#8270 = VECTOR('',#8271,1.);
#8271 = DIRECTION('',(0.,1.,0.));
#8272 = ORIENTED_EDGE('',*,*,#5022,.T.);
#8273 = ORIENTED_EDGE('',*,*,#8243,.F.);
#8274 = PLANE('',#8275);
#8275 = AXIS2_PLACEMENT_3D('',#8276,#8277,#8278);
#8276 = CARTESIAN_POINT('',(6.542656661402,-50.8,155.74643401129));
#8277 = DIRECTION('',(0.271440449865,0.,-0.962455236454));
#8278 = DIRECTION('',(0.962455236454,0.,0.271440449865));
#8279 = ADVANCED_FACE('',(#8280),#8299,.T.);
#8280 = FACE_BOUND('',#8281,.T.);
#8281 = EDGE_LOOP('',(#8282,#8291,#8297,#8298));
#8282 = ORIENTED_EDGE('',*,*,#8283,.F.);
#8283 = EDGE_CURVE('',#8284,#8260,#8286,.T.);
#8284 = VERTEX_POINT('',#8285);
#8285 = CARTESIAN_POINT('',(6.361784368764,-50.7,155.85727269477));
#8286 = CIRCLE('',#8287,0.15);
#8287 = AXIS2_PLACEMENT_3D('',#8288,#8289,#8290);
#8288 = CARTESIAN_POINT('',(6.507639856824,-50.7,155.89228949935));
#8289 = DIRECTION('',(0.,-1.,0.));
#8290 = DIRECTION('',(-0.972369920398,-0.,-0.233445363856));
#8291 = ORIENTED_EDGE('',*,*,#8292,.T.);
#8292 = EDGE_CURVE('',#8284,#5005,#8293,.T.);
#8293 = LINE('',#8294,#8295);
#8294 = CARTESIAN_POINT('',(6.361784368764,-50.8,155.85727269477));
#8295 = VECTOR('',#8296,1.);
#8296 = DIRECTION('',(0.,1.,0.));
#8297 = ORIENTED_EDGE('',*,*,#5013,.T.);
#8298 = ORIENTED_EDGE('',*,*,#8267,.F.);
#8299 = CYLINDRICAL_SURFACE('',#8300,0.15);
#8300 = AXIS2_PLACEMENT_3D('',#8301,#8302,#8303);
#8301 = CARTESIAN_POINT('',(6.507639856824,-50.8,155.89228949935));
#8302 = DIRECTION('',(0.,-1.,0.));
#8303 = DIRECTION('',(-0.972369920398,-0.,-0.233445363856));
#8304 = ADVANCED_FACE('',(#8305),#8324,.F.);
#8305 = FACE_BOUND('',#8306,.T.);
#8306 = EDGE_LOOP('',(#8307,#8308,#8317,#8323));
#8307 = ORIENTED_EDGE('',*,*,#8292,.F.);
#8308 = ORIENTED_EDGE('',*,*,#8309,.T.);
#8309 = EDGE_CURVE('',#8284,#8310,#8312,.T.);
#8310 = VERTEX_POINT('',#8311);
#8311 = CARTESIAN_POINT('',(6.149805623957,-50.7,156.16632641855));
#8312 = CIRCLE('',#8313,1.469292842574);
#8313 = AXIS2_PLACEMENT_3D('',#8314,#8315,#8316);
#8314 = CARTESIAN_POINT('',(5.054023559754,-50.7,155.1875092114));
#8315 = DIRECTION('',(-0.,-1.,0.));
#8316 = DIRECTION('',(0.745788744389,-0.,0.666182519091));
#8317 = ORIENTED_EDGE('',*,*,#8318,.T.);
#8318 = EDGE_CURVE('',#8310,#4996,#8319,.T.);
#8319 = LINE('',#8320,#8321);
#8320 = CARTESIAN_POINT('',(6.149805623957,-50.8,156.16632641855));
#8321 = VECTOR('',#8322,1.);
#8322 = DIRECTION('',(0.,1.,0.));
#8323 = ORIENTED_EDGE('',*,*,#5004,.F.);
#8324 = CYLINDRICAL_SURFACE('',#8325,1.469292842574);
#8325 = AXIS2_PLACEMENT_3D('',#8326,#8327,#8328);
#8326 = CARTESIAN_POINT('',(5.054023559754,-50.8,155.1875092114));
#8327 = DIRECTION('',(-0.,-1.,-0.));
#8328 = DIRECTION('',(0.745788744389,-0.,0.666182519091));
#8329 = ADVANCED_FACE('',(#8330),#8349,.F.);
#8330 = FACE_BOUND('',#8331,.T.);
#8331 = EDGE_LOOP('',(#8332,#8333,#8342,#8348));
#8332 = ORIENTED_EDGE('',*,*,#8318,.F.);
#8333 = ORIENTED_EDGE('',*,*,#8334,.T.);
#8334 = EDGE_CURVE('',#8310,#8335,#8337,.T.);
#8335 = VERTEX_POINT('',#8336);
#8336 = CARTESIAN_POINT('',(5.340744446434,-50.7,155.97208801503));
#8337 = CIRCLE('',#8338,0.471154273188);
#8338 = AXIS2_PLACEMENT_3D('',#8339,#8340,#8341);
#8339 = CARTESIAN_POINT('',(5.796902474968,-50.7,155.85416345377));
#8340 = DIRECTION('',(0.,-1.,-0.));
#8341 = DIRECTION('',(-0.968171264685,-0.,0.250288637855));
#8342 = ORIENTED_EDGE('',*,*,#8343,.T.);
#8343 = EDGE_CURVE('',#8335,#4987,#8344,.T.);
#8344 = LINE('',#8345,#8346);
#8345 = CARTESIAN_POINT('',(5.340744446434,-50.8,155.97208801503));
#8346 = VECTOR('',#8347,1.);
#8347 = DIRECTION('',(0.,1.,0.));
#8348 = ORIENTED_EDGE('',*,*,#4995,.F.);
#8349 = CYLINDRICAL_SURFACE('',#8350,0.471154273188);
#8350 = AXIS2_PLACEMENT_3D('',#8351,#8352,#8353);
#8351 = CARTESIAN_POINT('',(5.796902474968,-50.8,155.85416345377));
#8352 = DIRECTION('',(0.,-1.,-0.));
#8353 = DIRECTION('',(-0.968171264685,-0.,0.250288637855));
#8354 = ADVANCED_FACE('',(#8355),#8374,.F.);
#8355 = FACE_BOUND('',#8356,.T.);
#8356 = EDGE_LOOP('',(#8357,#8358,#8367,#8373));
#8357 = ORIENTED_EDGE('',*,*,#8343,.F.);
#8358 = ORIENTED_EDGE('',*,*,#8359,.T.);
#8359 = EDGE_CURVE('',#8335,#8360,#8362,.T.);
#8360 = VERTEX_POINT('',#8361);
#8361 = CARTESIAN_POINT('',(5.292177456326,-50.7,155.60048279453));
#8362 = CIRCLE('',#8363,1.469292842572);
#8363 = AXIS2_PLACEMENT_3D('',#8364,#8365,#8366);
#8364 = CARTESIAN_POINT('',(6.761467127753,-50.7,155.59743014441));
#8365 = DIRECTION('',(-0.,-1.,0.));
#8366 = DIRECTION('',(-0.99999784172,0.,2.077632201687E-03));
#8367 = ORIENTED_EDGE('',*,*,#8368,.T.);
#8368 = EDGE_CURVE('',#8360,#4978,#8369,.T.);
#8369 = LINE('',#8370,#8371);
#8370 = CARTESIAN_POINT('',(5.292177456326,-50.8,155.60048279453));
#8371 = VECTOR('',#8372,1.);
#8372 = DIRECTION('',(0.,1.,0.));
#8373 = ORIENTED_EDGE('',*,*,#4986,.F.);
#8374 = CYLINDRICAL_SURFACE('',#8375,1.469292842572);
#8375 = AXIS2_PLACEMENT_3D('',#8376,#8377,#8378);
#8376 = CARTESIAN_POINT('',(6.761467127753,-50.8,155.59743014441));
#8377 = DIRECTION('',(-0.,-1.,-0.));
#8378 = DIRECTION('',(-0.99999784172,0.,2.077632201687E-03));
#8379 = ADVANCED_FACE('',(#8380),#8399,.T.);
#8380 = FACE_BOUND('',#8381,.T.);
#8381 = EDGE_LOOP('',(#8382,#8391,#8397,#8398));
#8382 = ORIENTED_EDGE('',*,*,#8383,.F.);
#8383 = EDGE_CURVE('',#8384,#8360,#8386,.T.);
#8384 = VERTEX_POINT('',#8385);
#8385 = CARTESIAN_POINT('',(5.181338772845,-50.7,155.41961050189));
#8386 = CIRCLE('',#8387,0.15);
#8387 = AXIS2_PLACEMENT_3D('',#8388,#8389,#8390);
#8388 = CARTESIAN_POINT('',(5.146321968267,-50.7,155.56546598995));
#8389 = DIRECTION('',(0.,-1.,0.));
#8390 = DIRECTION('',(0.233445363856,0.,-0.972369920398));
#8391 = ORIENTED_EDGE('',*,*,#8392,.T.);
#8392 = EDGE_CURVE('',#8384,#4970,#8393,.T.);
#8393 = LINE('',#8394,#8395);
#8394 = CARTESIAN_POINT('',(5.181338772845,-50.8,155.41961050189));
#8395 = VECTOR('',#8396,1.);
#8396 = DIRECTION('',(0.,1.,0.));
#8397 = ORIENTED_EDGE('',*,*,#4977,.T.);
#8398 = ORIENTED_EDGE('',*,*,#8368,.F.);
#8399 = CYLINDRICAL_SURFACE('',#8400,0.15);
#8400 = AXIS2_PLACEMENT_3D('',#8401,#8402,#8403);
#8401 = CARTESIAN_POINT('',(5.146321968267,-50.8,155.56546598995));
#8402 = DIRECTION('',(0.,-1.,0.));
#8403 = DIRECTION('',(0.233445363856,0.,-0.972369920398));
#8404 = ADVANCED_FACE('',(#8405),#8423,.T.);
#8405 = FACE_BOUND('',#8406,.T.);
#8406 = EDGE_LOOP('',(#8407,#8415,#8421,#8422));
#8407 = ORIENTED_EDGE('',*,*,#8408,.F.);
#8408 = EDGE_CURVE('',#8409,#8384,#8411,.T.);
#8409 = VERTEX_POINT('',#8410);
#8410 = CARTESIAN_POINT('',(4.619574978767,-50.7,155.3078687357));
#8411 = LINE('',#8412,#8413);
#8412 = CARTESIAN_POINT('',(4.760015927286,-50.7,155.33580417725));
#8413 = VECTOR('',#8414,1.);
#8414 = DIRECTION('',(0.980785280403,-0.,0.195090322016));
#8415 = ORIENTED_EDGE('',*,*,#8416,.T.);
#8416 = EDGE_CURVE('',#8409,#4961,#8417,.T.);
#8417 = LINE('',#8418,#8419);
#8418 = CARTESIAN_POINT('',(4.619574978767,-50.8,155.3078687357));
#8419 = VECTOR('',#8420,1.);
#8420 = DIRECTION('',(0.,1.,0.));
#8421 = ORIENTED_EDGE('',*,*,#4969,.T.);
#8422 = ORIENTED_EDGE('',*,*,#8392,.F.);
#8423 = PLANE('',#8424);
#8424 = AXIS2_PLACEMENT_3D('',#8425,#8426,#8427);
#8425 = CARTESIAN_POINT('',(4.619574978767,-50.8,155.3078687357));
#8426 = DIRECTION('',(0.195090322016,0.,-0.980785280403));
#8427 = DIRECTION('',(0.980785280403,0.,0.195090322016));
#8428 = ADVANCED_FACE('',(#8429),#8448,.T.);
#8429 = FACE_BOUND('',#8430,.T.);
#8430 = EDGE_LOOP('',(#8431,#8440,#8446,#8447));
#8431 = ORIENTED_EDGE('',*,*,#8432,.F.);
#8432 = EDGE_CURVE('',#8433,#8409,#8435,.T.);
#8433 = VERTEX_POINT('',#8434);
#8434 = CARTESIAN_POINT('',(4.447956557921,-50.7,155.43255681704));
#8435 = CIRCLE('',#8436,0.15);
#8436 = AXIS2_PLACEMENT_3D('',#8437,#8438,#8439);
#8437 = CARTESIAN_POINT('',(4.596109809011,-50.7,155.45602198679));
#8438 = DIRECTION('',(0.,-1.,0.));
#8439 = DIRECTION('',(-0.987688340595,-0.,-0.15643446504));
#8440 = ORIENTED_EDGE('',*,*,#8441,.T.);
#8441 = EDGE_CURVE('',#8433,#4952,#8442,.T.);
#8442 = LINE('',#8443,#8444);
#8443 = CARTESIAN_POINT('',(4.447956557921,-50.8,155.43255681704));
#8444 = VECTOR('',#8445,1.);
#8445 = DIRECTION('',(0.,1.,0.));
#8446 = ORIENTED_EDGE('',*,*,#4960,.T.);
#8447 = ORIENTED_EDGE('',*,*,#8416,.F.);
#8448 = CYLINDRICAL_SURFACE('',#8449,0.15);
#8449 = AXIS2_PLACEMENT_3D('',#8450,#8451,#8452);
#8450 = CARTESIAN_POINT('',(4.596109809011,-50.8,155.45602198679));
#8451 = DIRECTION('',(0.,-1.,0.));
#8452 = DIRECTION('',(-0.987688340595,-0.,-0.15643446504));
#8453 = ADVANCED_FACE('',(#8454),#8473,.F.);
#8454 = FACE_BOUND('',#8455,.T.);
#8455 = EDGE_LOOP('',(#8456,#8457,#8466,#8472));
#8456 = ORIENTED_EDGE('',*,*,#8441,.F.);
#8457 = ORIENTED_EDGE('',*,*,#8458,.T.);
#8458 = EDGE_CURVE('',#8433,#8459,#8461,.T.);
#8459 = VERTEX_POINT('',#8460);
#8460 = CARTESIAN_POINT('',(4.260879348539,-50.7,155.75728949196));
#8461 = CIRCLE('',#8462,1.469292842572);
#8462 = AXIS2_PLACEMENT_3D('',#8463,#8464,#8465);
#8463 = CARTESIAN_POINT('',(3.091678101787,-50.7,154.86746372147));
#8464 = DIRECTION('',(-0.,-1.,0.));
#8465 = DIRECTION('',(0.795757804622,-0.,0.605614990223));
#8466 = ORIENTED_EDGE('',*,*,#8467,.T.);
#8467 = EDGE_CURVE('',#8459,#4943,#8468,.T.);
#8468 = LINE('',#8469,#8470);
#8469 = CARTESIAN_POINT('',(4.260879348539,-50.8,155.75728949196));
#8470 = VECTOR('',#8471,1.);
#8471 = DIRECTION('',(0.,1.,0.));
#8472 = ORIENTED_EDGE('',*,*,#4951,.F.);
#8473 = CYLINDRICAL_SURFACE('',#8474,1.469292842572);
#8474 = AXIS2_PLACEMENT_3D('',#8475,#8476,#8477);
#8475 = CARTESIAN_POINT('',(3.091678101787,-50.8,154.86746372147));
#8476 = DIRECTION('',(-0.,-1.,-0.));
#8477 = DIRECTION('',(0.795757804622,-0.,0.605614990223));
#8478 = ADVANCED_FACE('',(#8479),#8498,.F.);
#8479 = FACE_BOUND('',#8480,.T.);
#8480 = EDGE_LOOP('',(#8481,#8482,#8491,#8497));
#8481 = ORIENTED_EDGE('',*,*,#8467,.F.);
#8482 = ORIENTED_EDGE('',*,*,#8483,.T.);
#8483 = EDGE_CURVE('',#8459,#8484,#8486,.T.);
#8484 = VERTEX_POINT('',#8485);
#8485 = CARTESIAN_POINT('',(3.439072467121,-50.7,155.62712806899));
#8486 = CIRCLE('',#8487,0.471154273188);
#8487 = AXIS2_PLACEMENT_3D('',#8488,#8489,#8490);
#8488 = CARTESIAN_POINT('',(3.884572058247,-50.7,155.47377728337));
#8489 = DIRECTION('',(0.,-1.,-0.));
#8490 = DIRECTION('',(-0.945549295589,-0.,0.325478923451));
#8491 = ORIENTED_EDGE('',*,*,#8492,.T.);
#8492 = EDGE_CURVE('',#8484,#4934,#8493,.T.);
#8493 = LINE('',#8494,#8495);
#8494 = CARTESIAN_POINT('',(3.439072467121,-50.8,155.62712806899));
#8495 = VECTOR('',#8496,1.);
#8496 = DIRECTION('',(0.,1.,0.));
#8497 = ORIENTED_EDGE('',*,*,#4942,.F.);
#8498 = CYLINDRICAL_SURFACE('',#8499,0.471154273188);
#8499 = AXIS2_PLACEMENT_3D('',#8500,#8501,#8502);
#8500 = CARTESIAN_POINT('',(3.884572058247,-50.8,155.47377728337));
#8501 = DIRECTION('',(0.,-1.,-0.));
#8502 = DIRECTION('',(-0.945549295589,-0.,0.325478923451));
#8503 = ADVANCED_FACE('',(#8504),#8523,.F.);
#8504 = FACE_BOUND('',#8505,.T.);
#8505 = EDGE_LOOP('',(#8506,#8507,#8516,#8522));
#8506 = ORIENTED_EDGE('',*,*,#8492,.F.);
#8507 = ORIENTED_EDGE('',*,*,#8508,.T.);
#8508 = EDGE_CURVE('',#8484,#8509,#8511,.T.);
#8509 = VERTEX_POINT('',#8510);
#8510 = CARTESIAN_POINT('',(3.361499383267,-50.7,155.26047890549));
#8511 = CIRCLE('',#8512,1.469292842572);
#8512 = AXIS2_PLACEMENT_3D('',#8513,#8514,#8515);
#8513 = CARTESIAN_POINT('',(4.826020216819,-50.7,155.14215652669));
#8514 = DIRECTION('',(-0.,-1.,0.));
#8515 = DIRECTION('',(-0.996752172962,0.,8.053015394611E-02));
#8516 = ORIENTED_EDGE('',*,*,#8517,.T.);
#8517 = EDGE_CURVE('',#8509,#4925,#8518,.T.);
#8518 = LINE('',#8519,#8520);
#8519 = CARTESIAN_POINT('',(3.361499383267,-50.8,155.26047890549));
#8520 = VECTOR('',#8521,1.);
#8521 = DIRECTION('',(0.,1.,0.));
#8522 = ORIENTED_EDGE('',*,*,#4933,.F.);
#8523 = CYLINDRICAL_SURFACE('',#8524,1.469292842572);
#8524 = AXIS2_PLACEMENT_3D('',#8525,#8526,#8527);
#8525 = CARTESIAN_POINT('',(4.826020216819,-50.8,155.14215652669));
#8526 = DIRECTION('',(-0.,-1.,-0.));
#8527 = DIRECTION('',(-0.996752172962,0.,8.053015394611E-02));
#8528 = ADVANCED_FACE('',(#8529),#8548,.T.);
#8529 = FACE_BOUND('',#8530,.T.);
#8530 = EDGE_LOOP('',(#8531,#8540,#8546,#8547));
#8531 = ORIENTED_EDGE('',*,*,#8532,.F.);
#8532 = EDGE_CURVE('',#8533,#8509,#8535,.T.);
#8533 = VERTEX_POINT('',#8534);
#8534 = CARTESIAN_POINT('',(3.236811301933,-50.7,155.08886048465));
#8535 = CIRCLE('',#8536,0.15);
#8536 = AXIS2_PLACEMENT_3D('',#8537,#8538,#8539);
#8537 = CARTESIAN_POINT('',(3.213346132177,-50.7,155.23701373574));
#8538 = DIRECTION('',(0.,-1.,0.));
#8539 = DIRECTION('',(0.15643446504,0.,-0.987688340595));
#8540 = ORIENTED_EDGE('',*,*,#8541,.T.);
#8541 = EDGE_CURVE('',#8533,#4917,#8542,.T.);
#8542 = LINE('',#8543,#8544);
#8543 = CARTESIAN_POINT('',(3.236811301933,-50.8,155.08886048465));
#8544 = VECTOR('',#8545,1.);
#8545 = DIRECTION('',(0.,1.,0.));
#8546 = ORIENTED_EDGE('',*,*,#4924,.T.);
#8547 = ORIENTED_EDGE('',*,*,#8517,.F.);
#8548 = CYLINDRICAL_SURFACE('',#8549,0.15);
#8549 = AXIS2_PLACEMENT_3D('',#8550,#8551,#8552);
#8550 = CARTESIAN_POINT('',(3.213346132177,-50.8,155.23701373574));
#8551 = DIRECTION('',(0.,-1.,0.));
#8552 = DIRECTION('',(0.15643446504,0.,-0.987688340595));
#8553 = ADVANCED_FACE('',(#8554),#8572,.T.);
#8554 = FACE_BOUND('',#8555,.T.);
#8555 = EDGE_LOOP('',(#8556,#8564,#8570,#8571));
#8556 = ORIENTED_EDGE('',*,*,#8557,.F.);
#8557 = EDGE_CURVE('',#8558,#8533,#8560,.T.);
#8558 = VERTEX_POINT('',#8559);
#8559 = CARTESIAN_POINT('',(2.668012080223,-50.7,155.02153866033));
#8560 = LINE('',#8561,#8562);
#8561 = CARTESIAN_POINT('',(2.81021188565,-50.7,155.03836911641));
#8562 = VECTOR('',#8563,1.);
#8563 = DIRECTION('',(0.993068456955,-0.,0.117537397458));
#8564 = ORIENTED_EDGE('',*,*,#8565,.T.);
#8565 = EDGE_CURVE('',#8558,#4908,#8566,.T.);
#8566 = LINE('',#8567,#8568);
#8567 = CARTESIAN_POINT('',(2.668012080223,-50.8,155.02153866033));
#8568 = VECTOR('',#8569,1.);
#8569 = DIRECTION('',(0.,1.,0.));
#8570 = ORIENTED_EDGE('',*,*,#4916,.T.);
#8571 = ORIENTED_EDGE('',*,*,#8541,.F.);
#8572 = PLANE('',#8573);
#8573 = AXIS2_PLACEMENT_3D('',#8574,#8575,#8576);
#8574 = CARTESIAN_POINT('',(2.668012080223,-50.8,155.02153866033));
#8575 = DIRECTION('',(0.117537397458,0.,-0.993068456955));
#8576 = DIRECTION('',(0.993068456955,0.,0.117537397458));
#8577 = ADVANCED_FACE('',(#8578),#8597,.T.);
#8578 = FACE_BOUND('',#8579,.T.);
#8579 = EDGE_LOOP('',(#8580,#8589,#8595,#8596));
#8580 = ORIENTED_EDGE('',*,*,#8581,.F.);
#8581 = EDGE_CURVE('',#8582,#8558,#8584,.T.);
#8582 = VERTEX_POINT('',#8583);
#8583 = CARTESIAN_POINT('',(2.506705615803,-50.7,155.15930739603));
#8584 = CIRCLE('',#8585,0.15);
#8585 = AXIS2_PLACEMENT_3D('',#8586,#8587,#8588);
#8586 = CARTESIAN_POINT('',(2.656243215863,-50.7,155.17107626039));
#8587 = DIRECTION('',(0.,-1.,0.));
#8588 = DIRECTION('',(-0.996917333733,-0.,-7.845909572779E-02));
#8589 = ORIENTED_EDGE('',*,*,#8590,.T.);
#8590 = EDGE_CURVE('',#8582,#4899,#8591,.T.);
#8591 = LINE('',#8592,#8593);
#8592 = CARTESIAN_POINT('',(2.506705615803,-50.8,155.15930739603));
#8593 = VECTOR('',#8594,1.);
#8594 = DIRECTION('',(0.,1.,0.));
#8595 = ORIENTED_EDGE('',*,*,#4907,.T.);
#8596 = ORIENTED_EDGE('',*,*,#8565,.F.);
#8597 = CYLINDRICAL_SURFACE('',#8598,0.15);
#8598 = AXIS2_PLACEMENT_3D('',#8599,#8600,#8601);
#8599 = CARTESIAN_POINT('',(2.656243215863,-50.8,155.17107626039));
#8600 = DIRECTION('',(0.,-1.,0.));
#8601 = DIRECTION('',(-0.996917333733,-0.,-7.845909572779E-02));
#8602 = ADVANCED_FACE('',(#8603),#8622,.F.);
#8603 = FACE_BOUND('',#8604,.T.);
#8604 = EDGE_LOOP('',(#8605,#8606,#8615,#8621));
#8605 = ORIENTED_EDGE('',*,*,#8590,.F.);
#8606 = ORIENTED_EDGE('',*,*,#8607,.T.);
#8607 = EDGE_CURVE('',#8582,#8608,#8610,.T.);
#8608 = VERTEX_POINT('',#8609);
#8609 = CARTESIAN_POINT('',(2.345683335052,-50.7,155.49771693717));
#8610 = CIRCLE('',#8611,1.469292842572);
#8611 = AXIS2_PLACEMENT_3D('',#8612,#8613,#8614);
#8612 = CARTESIAN_POINT('',(1.110271420235,-50.7,154.70236867511));
#8613 = DIRECTION('',(-0.,-1.,0.));
#8614 = DIRECTION('',(0.840820753373,-0.,0.541313643553));
#8615 = ORIENTED_EDGE('',*,*,#8616,.T.);
#8616 = EDGE_CURVE('',#8608,#4890,#8617,.T.);
#8617 = LINE('',#8618,#8619);
#8618 = CARTESIAN_POINT('',(2.345683335052,-50.8,155.49771693717));
#8619 = VECTOR('',#8620,1.);
#8620 = DIRECTION('',(0.,1.,0.));
#8621 = ORIENTED_EDGE('',*,*,#4898,.F.);
#8622 = CYLINDRICAL_SURFACE('',#8623,1.469292842572);
#8623 = AXIS2_PLACEMENT_3D('',#8624,#8625,#8626);
#8624 = CARTESIAN_POINT('',(1.110271420235,-50.8,154.70236867511));
#8625 = DIRECTION('',(-0.,-1.,-0.));
#8626 = DIRECTION('',(0.840820753373,-0.,0.541313643553));
#8627 = ADVANCED_FACE('',(#8628),#8647,.F.);
#8628 = FACE_BOUND('',#8629,.T.);
#8629 = EDGE_LOOP('',(#8630,#8631,#8640,#8646));
#8630 = ORIENTED_EDGE('',*,*,#8616,.F.);
#8631 = ORIENTED_EDGE('',*,*,#8632,.T.);
#8632 = EDGE_CURVE('',#8608,#8633,#8635,.T.);
#8633 = VERTEX_POINT('',#8634);
#8634 = CARTESIAN_POINT('',(1.516197462439,-50.7,155.4324349832));
#8635 = CIRCLE('',#8636,0.471154273188);
#8636 = AXIS2_PLACEMENT_3D('',#8637,#8638,#8639);
#8637 = CARTESIAN_POINT('',(1.948291963036,-50.7,155.24460343181));
#8638 = DIRECTION('',(0.,-1.,-0.));
#8639 = DIRECTION('',(-0.91709770066,-0.,0.398662523251));
#8640 = ORIENTED_EDGE('',*,*,#8641,.T.);
#8641 = EDGE_CURVE('',#8633,#4881,#8642,.T.);
#8642 = LINE('',#8643,#8644);
#8643 = CARTESIAN_POINT('',(1.516197462439,-50.8,155.4324349832));
#8644 = VECTOR('',#8645,1.);
#8645 = DIRECTION('',(0.,1.,0.));
#8646 = ORIENTED_EDGE('',*,*,#4889,.F.);
#8647 = CYLINDRICAL_SURFACE('',#8648,0.471154273188);
#8648 = AXIS2_PLACEMENT_3D('',#8649,#8650,#8651);
#8649 = CARTESIAN_POINT('',(1.948291963036,-50.8,155.24460343181));
#8650 = DIRECTION('',(0.,-1.,-0.));
#8651 = DIRECTION('',(-0.91709770066,-0.,0.398662523251));
#8652 = ADVANCED_FACE('',(#8653),#8672,.F.);
#8653 = FACE_BOUND('',#8654,.T.);
#8654 = EDGE_LOOP('',(#8655,#8656,#8665,#8671));
#8655 = ORIENTED_EDGE('',*,*,#8641,.F.);
#8656 = ORIENTED_EDGE('',*,*,#8657,.T.);
#8657 = EDGE_CURVE('',#8633,#8658,#8660,.T.);
#8658 = VERTEX_POINT('',#8659);
#8659 = CARTESIAN_POINT('',(1.410096548697,-50.7,155.07300239073));
#8660 = CIRCLE('',#8661,1.469292842572);
#8661 = AXIS2_PLACEMENT_3D('',#8662,#8663,#8664);
#8662 = CARTESIAN_POINT('',(2.860819286433,-50.7,154.84013978005));
#8663 = DIRECTION('',(-0.,-1.,0.));
#8664 = DIRECTION('',(-0.987361195605,0.,0.158486180512));
#8665 = ORIENTED_EDGE('',*,*,#8666,.T.);
#8666 = EDGE_CURVE('',#8658,#4872,#8667,.T.);
#8667 = LINE('',#8668,#8669);
#8668 = CARTESIAN_POINT('',(1.410096548697,-50.8,155.07300239073));
#8669 = VECTOR('',#8670,1.);
#8670 = DIRECTION('',(0.,1.,0.));
#8671 = ORIENTED_EDGE('',*,*,#4880,.F.);
#8672 = CYLINDRICAL_SURFACE('',#8673,1.469292842572);
#8673 = AXIS2_PLACEMENT_3D('',#8674,#8675,#8676);
#8674 = CARTESIAN_POINT('',(2.860819286433,-50.8,154.84013978005));
#8675 = DIRECTION('',(-0.,-1.,-0.));
#8676 = DIRECTION('',(-0.987361195605,0.,0.158486180512));
#8677 = ADVANCED_FACE('',(#8678),#8697,.T.);
#8678 = FACE_BOUND('',#8679,.T.);
#8679 = EDGE_LOOP('',(#8680,#8689,#8695,#8696));
#8680 = ORIENTED_EDGE('',*,*,#8681,.F.);
#8681 = EDGE_CURVE('',#8682,#8658,#8684,.T.);
#8682 = VERTEX_POINT('',#8683);
#8683 = CARTESIAN_POINT('',(1.272327812996,-50.7,154.91169592631));
#8684 = CIRCLE('',#8685,0.15);
#8685 = AXIS2_PLACEMENT_3D('',#8686,#8687,#8688);
#8686 = CARTESIAN_POINT('',(1.260558948637,-50.7,155.06123352637));
#8687 = DIRECTION('',(0.,-1.,0.));
#8688 = DIRECTION('',(7.845909572799E-02,0.,-0.996917333733));
#8689 = ORIENTED_EDGE('',*,*,#8690,.T.);
#8690 = EDGE_CURVE('',#8682,#4864,#8691,.T.);
#8691 = LINE('',#8692,#8693);
#8692 = CARTESIAN_POINT('',(1.272327812996,-50.8,154.91169592631));
#8693 = VECTOR('',#8694,1.);
#8694 = DIRECTION('',(0.,1.,0.));
#8695 = ORIENTED_EDGE('',*,*,#4871,.T.);
#8696 = ORIENTED_EDGE('',*,*,#8666,.F.);
#8697 = CYLINDRICAL_SURFACE('',#8698,0.15);
#8698 = AXIS2_PLACEMENT_3D('',#8699,#8700,#8701);
#8699 = CARTESIAN_POINT('',(1.260558948637,-50.8,155.06123352637));
#8700 = DIRECTION('',(0.,-1.,0.));
#8701 = DIRECTION('',(7.845909572799E-02,0.,-0.996917333733));
#8702 = ADVANCED_FACE('',(#8703),#8721,.T.);
#8703 = FACE_BOUND('',#8704,.T.);
#8704 = EDGE_LOOP('',(#8705,#8713,#8719,#8720));
#8705 = ORIENTED_EDGE('',*,*,#8706,.F.);
#8706 = EDGE_CURVE('',#8707,#8682,#8709,.T.);
#8707 = VERTEX_POINT('',#8708);
#8708 = CARTESIAN_POINT('',(0.7,-50.7,154.88920910529));
#8709 = LINE('',#8710,#8711);
#8710 = CARTESIAN_POINT('',(0.843081953249,-50.7,154.89483081055));
#8711 = VECTOR('',#8712,1.);
#8712 = DIRECTION('',(0.999229036241,-0.,3.925981575907E-02));
#8713 = ORIENTED_EDGE('',*,*,#8714,.T.);
#8714 = EDGE_CURVE('',#8707,#4855,#8715,.T.);
#8715 = LINE('',#8716,#8717);
#8716 = CARTESIAN_POINT('',(0.7,-50.8,154.88920910529));
#8717 = VECTOR('',#8718,1.);
#8718 = DIRECTION('',(0.,1.,0.));
#8719 = ORIENTED_EDGE('',*,*,#4863,.T.);
#8720 = ORIENTED_EDGE('',*,*,#8690,.F.);
#8721 = PLANE('',#8722);
#8722 = AXIS2_PLACEMENT_3D('',#8723,#8724,#8725);
#8723 = CARTESIAN_POINT('',(0.7,-50.8,154.88920910529));
#8724 = DIRECTION('',(3.925981575907E-02,0.,-0.999229036241));
#8725 = DIRECTION('',(0.999229036241,0.,3.925981575907E-02));
#8726 = ADVANCED_FACE('',(#8727),#8746,.T.);
#8727 = FACE_BOUND('',#8728,.T.);
#8728 = EDGE_LOOP('',(#8729,#8738,#8744,#8745));
#8729 = ORIENTED_EDGE('',*,*,#8730,.F.);
#8730 = EDGE_CURVE('',#8731,#8707,#8733,.T.);
#8731 = VERTEX_POINT('',#8732);
#8732 = CARTESIAN_POINT('',(0.55,-50.7,155.03920910529));
#8733 = CIRCLE('',#8734,0.15);
#8734 = AXIS2_PLACEMENT_3D('',#8735,#8736,#8737);
#8735 = CARTESIAN_POINT('',(0.7,-50.7,155.03920910529));
#8736 = DIRECTION('',(0.,-1.,0.));
#8737 = DIRECTION('',(-1.,0.,0.));
#8738 = ORIENTED_EDGE('',*,*,#8739,.T.);
#8739 = EDGE_CURVE('',#8731,#4846,#8740,.T.);
#8740 = LINE('',#8741,#8742);
#8741 = CARTESIAN_POINT('',(0.55,-50.8,155.03920910529));
#8742 = VECTOR('',#8743,1.);
#8743 = DIRECTION('',(0.,1.,0.));
#8744 = ORIENTED_EDGE('',*,*,#4854,.T.);
#8745 = ORIENTED_EDGE('',*,*,#8714,.F.);
#8746 = CYLINDRICAL_SURFACE('',#8747,0.15);
#8747 = AXIS2_PLACEMENT_3D('',#8748,#8749,#8750);
#8748 = CARTESIAN_POINT('',(0.7,-50.8,155.03920910529));
#8749 = DIRECTION('',(0.,-1.,0.));
#8750 = DIRECTION('',(-1.,0.,0.));
#8751 = ADVANCED_FACE('',(#8752),#8771,.F.);
#8752 = FACE_BOUND('',#8753,.T.);
#8753 = EDGE_LOOP('',(#8754,#8755,#8764,#8770));
#8754 = ORIENTED_EDGE('',*,*,#8739,.F.);
#8755 = ORIENTED_EDGE('',*,*,#8756,.T.);
#8756 = EDGE_CURVE('',#8731,#8757,#8759,.T.);
#8757 = VERTEX_POINT('',#8758);
#8758 = CARTESIAN_POINT('',(0.416025403784,-50.7,155.38920910529));
#8759 = CIRCLE('',#8760,1.469292842572);
#8760 = AXIS2_PLACEMENT_3D('',#8761,#8762,#8763);
#8761 = CARTESIAN_POINT('',(-0.877980453827,-50.7,154.69324193818));
#8762 = DIRECTION('',(-0.,-1.,0.));
#8763 = DIRECTION('',(0.880699762579,-0.,0.473674918265));
#8764 = ORIENTED_EDGE('',*,*,#8765,.T.);
#8765 = EDGE_CURVE('',#8757,#4837,#8766,.T.);
#8766 = LINE('',#8767,#8768);
#8767 = CARTESIAN_POINT('',(0.416025403784,-50.8,155.38920910529));
#8768 = VECTOR('',#8769,1.);
#8769 = DIRECTION('',(0.,1.,0.));
#8770 = ORIENTED_EDGE('',*,*,#4845,.F.);
#8771 = CYLINDRICAL_SURFACE('',#8772,1.469292842572);
#8772 = AXIS2_PLACEMENT_3D('',#8773,#8774,#8775);
#8773 = CARTESIAN_POINT('',(-0.877980453827,-50.8,154.69324193818));
#8774 = DIRECTION('',(-0.,-1.,-0.));
#8775 = DIRECTION('',(0.880699762579,-0.,0.473674918265));
#8776 = ADVANCED_FACE('',(#8777),#8796,.F.);
#8777 = FACE_BOUND('',#8778,.T.);
#8778 = EDGE_LOOP('',(#8779,#8780,#8789,#8795));
#8779 = ORIENTED_EDGE('',*,*,#8765,.F.);
#8780 = ORIENTED_EDGE('',*,*,#8781,.T.);
#8781 = EDGE_CURVE('',#8757,#8782,#8784,.T.);
#8782 = VERTEX_POINT('',#8783);
#8783 = CARTESIAN_POINT('',(-0.416025403784,-50.7,155.38920910529));
#8784 = CIRCLE('',#8785,0.471154273188);
#8785 = AXIS2_PLACEMENT_3D('',#8786,#8787,#8788);
#8786 = CARTESIAN_POINT('',(-4.482525461924E-15,-50.7,155.1680548321));
#8787 = DIRECTION('',(0.,-1.,-0.));
#8788 = DIRECTION('',(-0.88299189344,-0.,0.469388236026));
#8789 = ORIENTED_EDGE('',*,*,#8790,.T.);
#8790 = EDGE_CURVE('',#8782,#4828,#8791,.T.);
#8791 = LINE('',#8792,#8793);
#8792 = CARTESIAN_POINT('',(-0.416025403784,-50.8,155.38920910529));
#8793 = VECTOR('',#8794,1.);
#8794 = DIRECTION('',(0.,1.,0.));
#8795 = ORIENTED_EDGE('',*,*,#4836,.F.);
#8796 = CYLINDRICAL_SURFACE('',#8797,0.471154273188);
#8797 = AXIS2_PLACEMENT_3D('',#8798,#8799,#8800);
#8798 = CARTESIAN_POINT('',(-4.482525461924E-15,-50.8,155.1680548321));
#8799 = DIRECTION('',(0.,-1.,-0.));
#8800 = DIRECTION('',(-0.88299189344,-0.,0.469388236026));
#8801 = ADVANCED_FACE('',(#8802),#8821,.F.);
#8802 = FACE_BOUND('',#8803,.T.);
#8803 = EDGE_LOOP('',(#8804,#8805,#8814,#8820));
#8804 = ORIENTED_EDGE('',*,*,#8790,.F.);
#8805 = ORIENTED_EDGE('',*,*,#8806,.T.);
#8806 = EDGE_CURVE('',#8782,#8807,#8809,.T.);
#8807 = VERTEX_POINT('',#8808);
#8808 = CARTESIAN_POINT('',(-0.55,-50.7,155.03920910529));
#8809 = CIRCLE('',#8810,1.469292842572);
#8810 = AXIS2_PLACEMENT_3D('',#8811,#8812,#8813);
#8811 = CARTESIAN_POINT('',(0.877980453827,-50.7,154.69324193818));
#8812 = DIRECTION('',(-0.,-1.,0.));
#8813 = DIRECTION('',(-0.971882808146,0.,0.235465087074));
#8814 = ORIENTED_EDGE('',*,*,#8815,.T.);
#8815 = EDGE_CURVE('',#8807,#4819,#8816,.T.);
#8816 = LINE('',#8817,#8818);
#8817 = CARTESIAN_POINT('',(-0.55,-50.8,155.03920910529));
#8818 = VECTOR('',#8819,1.);
#8819 = DIRECTION('',(0.,1.,0.));
#8820 = ORIENTED_EDGE('',*,*,#4827,.F.);
#8821 = CYLINDRICAL_SURFACE('',#8822,1.469292842572);
#8822 = AXIS2_PLACEMENT_3D('',#8823,#8824,#8825);
#8823 = CARTESIAN_POINT('',(0.877980453827,-50.8,154.69324193818));
#8824 = DIRECTION('',(-0.,-1.,-0.));
#8825 = DIRECTION('',(-0.971882808146,0.,0.235465087074));
#8826 = ADVANCED_FACE('',(#8827),#8846,.T.);
#8827 = FACE_BOUND('',#8828,.T.);
#8828 = EDGE_LOOP('',(#8829,#8838,#8844,#8845));
#8829 = ORIENTED_EDGE('',*,*,#8830,.F.);
#8830 = EDGE_CURVE('',#8831,#8807,#8833,.T.);
#8831 = VERTEX_POINT('',#8832);
#8832 = CARTESIAN_POINT('',(-0.7,-50.7,154.88920910529));
#8833 = CIRCLE('',#8834,0.15);
#8834 = AXIS2_PLACEMENT_3D('',#8835,#8836,#8837);
#8835 = CARTESIAN_POINT('',(-0.7,-50.7,155.03920910529));
#8836 = DIRECTION('',(0.,-1.,0.));
#8837 = DIRECTION('',(-3.256654205567E-14,-0.,-1.));
#8838 = ORIENTED_EDGE('',*,*,#8839,.T.);
#8839 = EDGE_CURVE('',#8831,#4811,#8840,.T.);
#8840 = LINE('',#8841,#8842);
#8841 = CARTESIAN_POINT('',(-0.7,-50.8,154.88920910529));
#8842 = VECTOR('',#8843,1.);
#8843 = DIRECTION('',(0.,1.,0.));
#8844 = ORIENTED_EDGE('',*,*,#4818,.T.);
#8845 = ORIENTED_EDGE('',*,*,#8815,.F.);
#8846 = CYLINDRICAL_SURFACE('',#8847,0.15);
#8847 = AXIS2_PLACEMENT_3D('',#8848,#8849,#8850);
#8848 = CARTESIAN_POINT('',(-0.7,-50.8,155.03920910529));
#8849 = DIRECTION('',(0.,-1.,0.));
#8850 = DIRECTION('',(-3.256654205567E-14,-0.,-1.));
#8851 = ADVANCED_FACE('',(#8852),#8870,.T.);
#8852 = FACE_BOUND('',#8853,.T.);
#8853 = EDGE_LOOP('',(#8854,#8862,#8868,#8869));
#8854 = ORIENTED_EDGE('',*,*,#8855,.F.);
#8855 = EDGE_CURVE('',#8856,#8831,#8858,.T.);
#8856 = VERTEX_POINT('',#8857);
#8857 = CARTESIAN_POINT('',(-1.272327812996,-50.7,154.91169592631));
#8858 = LINE('',#8859,#8860);
#8859 = CARTESIAN_POINT('',(-1.129245859747,-50.7,154.90607422105));
#8860 = VECTOR('',#8861,1.);
#8861 = DIRECTION('',(0.999229036241,0.,-3.925981575907E-02));
#8862 = ORIENTED_EDGE('',*,*,#8863,.T.);
#8863 = EDGE_CURVE('',#8856,#4802,#8864,.T.);
#8864 = LINE('',#8865,#8866);
#8865 = CARTESIAN_POINT('',(-1.272327812996,-50.8,154.91169592631));
#8866 = VECTOR('',#8867,1.);
#8867 = DIRECTION('',(0.,1.,0.));
#8868 = ORIENTED_EDGE('',*,*,#4810,.T.);
#8869 = ORIENTED_EDGE('',*,*,#8839,.F.);
#8870 = PLANE('',#8871);
#8871 = AXIS2_PLACEMENT_3D('',#8872,#8873,#8874);
#8872 = CARTESIAN_POINT('',(-1.272327812996,-50.8,154.91169592631));
#8873 = DIRECTION('',(-3.925981575907E-02,0.,-0.999229036241));
#8874 = DIRECTION('',(0.999229036241,0.,-3.925981575907E-02));
#8875 = ADVANCED_FACE('',(#8876),#8895,.T.);
#8876 = FACE_BOUND('',#8877,.T.);
#8877 = EDGE_LOOP('',(#8878,#8887,#8893,#8894));
#8878 = ORIENTED_EDGE('',*,*,#8879,.F.);
#8879 = EDGE_CURVE('',#8880,#8856,#8882,.T.);
#8880 = VERTEX_POINT('',#8881);
#8881 = CARTESIAN_POINT('',(-1.410096548697,-50.7,155.07300239073));
#8882 = CIRCLE('',#8883,0.15);
#8883 = AXIS2_PLACEMENT_3D('',#8884,#8885,#8886);
#8884 = CARTESIAN_POINT('',(-1.260558948637,-50.7,155.06123352637));
#8885 = DIRECTION('',(0.,-1.,0.));
#8886 = DIRECTION('',(-0.996917333733,0.,7.845909572778E-02));
#8887 = ORIENTED_EDGE('',*,*,#8888,.T.);
#8888 = EDGE_CURVE('',#8880,#4793,#8889,.T.);
#8889 = LINE('',#8890,#8891);
#8890 = CARTESIAN_POINT('',(-1.410096548697,-50.8,155.07300239073));
#8891 = VECTOR('',#8892,1.);
#8892 = DIRECTION('',(0.,1.,0.));
#8893 = ORIENTED_EDGE('',*,*,#4801,.T.);
#8894 = ORIENTED_EDGE('',*,*,#8863,.F.);
#8895 = CYLINDRICAL_SURFACE('',#8896,0.15);
#8896 = AXIS2_PLACEMENT_3D('',#8897,#8898,#8899);
#8897 = CARTESIAN_POINT('',(-1.260558948637,-50.8,155.06123352637));
#8898 = DIRECTION('',(0.,-1.,0.));
#8899 = DIRECTION('',(-0.996917333733,0.,7.845909572778E-02));
#8900 = ADVANCED_FACE('',(#8901),#8920,.F.);
#8901 = FACE_BOUND('',#8902,.T.);
#8902 = EDGE_LOOP('',(#8903,#8904,#8913,#8919));
#8903 = ORIENTED_EDGE('',*,*,#8888,.F.);
#8904 = ORIENTED_EDGE('',*,*,#8905,.T.);
#8905 = EDGE_CURVE('',#8880,#8906,#8908,.T.);
#8906 = VERTEX_POINT('',#8907);
#8907 = CARTESIAN_POINT('',(-1.516197462439,-50.7,155.4324349832));
#8908 = CIRCLE('',#8909,1.469292842572);
#8909 = AXIS2_PLACEMENT_3D('',#8910,#8911,#8912);
#8910 = CARTESIAN_POINT('',(-2.860819286433,-50.7,154.84013978005));
#8911 = DIRECTION('',(-0.,-1.,0.));
#8912 = DIRECTION('',(0.915148964885,-0.,0.403115829594));
#8913 = ORIENTED_EDGE('',*,*,#8914,.T.);
#8914 = EDGE_CURVE('',#8906,#4784,#8915,.T.);
#8915 = LINE('',#8916,#8917);
#8916 = CARTESIAN_POINT('',(-1.516197462439,-50.8,155.4324349832));
#8917 = VECTOR('',#8918,1.);
#8918 = DIRECTION('',(0.,1.,0.));
#8919 = ORIENTED_EDGE('',*,*,#4792,.F.);
#8920 = CYLINDRICAL_SURFACE('',#8921,1.469292842572);
#8921 = AXIS2_PLACEMENT_3D('',#8922,#8923,#8924);
#8922 = CARTESIAN_POINT('',(-2.860819286433,-50.8,154.84013978005));
#8923 = DIRECTION('',(-0.,-1.,-0.));
#8924 = DIRECTION('',(0.915148964885,-0.,0.403115829594));
#8925 = ADVANCED_FACE('',(#8926),#8945,.F.);
#8926 = FACE_BOUND('',#8927,.T.);
#8927 = EDGE_LOOP('',(#8928,#8929,#8938,#8944));
#8928 = ORIENTED_EDGE('',*,*,#8914,.F.);
#8929 = ORIENTED_EDGE('',*,*,#8930,.T.);
#8930 = EDGE_CURVE('',#8906,#8931,#8933,.T.);
#8931 = VERTEX_POINT('',#8932);
#8932 = CARTESIAN_POINT('',(-2.345683335052,-50.7,155.49771693717));
#8933 = CIRCLE('',#8934,0.471154273188);
#8934 = AXIS2_PLACEMENT_3D('',#8935,#8936,#8937);
#8935 = CARTESIAN_POINT('',(-1.948291963036,-50.7,155.24460343181));
#8936 = DIRECTION('',(0.,-1.,-0.));
#8937 = DIRECTION('',(-0.843442147572,-0.,0.537220014239));
#8938 = ORIENTED_EDGE('',*,*,#8939,.T.);
#8939 = EDGE_CURVE('',#8931,#4775,#8940,.T.);
#8940 = LINE('',#8941,#8942);
#8941 = CARTESIAN_POINT('',(-2.345683335052,-50.8,155.49771693717));
#8942 = VECTOR('',#8943,1.);
#8943 = DIRECTION('',(0.,1.,0.));
#8944 = ORIENTED_EDGE('',*,*,#4783,.F.);
#8945 = CYLINDRICAL_SURFACE('',#8946,0.471154273188);
#8946 = AXIS2_PLACEMENT_3D('',#8947,#8948,#8949);
#8947 = CARTESIAN_POINT('',(-1.948291963036,-50.8,155.24460343181));
#8948 = DIRECTION('',(0.,-1.,-0.));
#8949 = DIRECTION('',(-0.843442147572,-0.,0.537220014239));
#8950 = ADVANCED_FACE('',(#8951),#8970,.F.);
#8951 = FACE_BOUND('',#8952,.T.);
#8952 = EDGE_LOOP('',(#8953,#8954,#8963,#8969));
#8953 = ORIENTED_EDGE('',*,*,#8939,.F.);
#8954 = ORIENTED_EDGE('',*,*,#8955,.T.);
#8955 = EDGE_CURVE('',#8931,#8956,#8958,.T.);
#8956 = VERTEX_POINT('',#8957);
#8957 = CARTESIAN_POINT('',(-2.506705615803,-50.7,155.15930739603));
#8958 = CIRCLE('',#8959,1.469292842572);
#8959 = AXIS2_PLACEMENT_3D('',#8960,#8961,#8962);
#8960 = CARTESIAN_POINT('',(-1.110271420235,-50.7,154.70236867511));
#8961 = DIRECTION('',(-0.,-1.,0.));
#8962 = DIRECTION('',(-0.95041243999,0.,0.310992273073));
#8963 = ORIENTED_EDGE('',*,*,#8964,.T.);
#8964 = EDGE_CURVE('',#8956,#4766,#8965,.T.);
#8965 = LINE('',#8966,#8967);
#8966 = CARTESIAN_POINT('',(-2.506705615803,-50.8,155.15930739603));
#8967 = VECTOR('',#8968,1.);
#8968 = DIRECTION('',(0.,1.,0.));
#8969 = ORIENTED_EDGE('',*,*,#4774,.F.);
#8970 = CYLINDRICAL_SURFACE('',#8971,1.469292842572);
#8971 = AXIS2_PLACEMENT_3D('',#8972,#8973,#8974);
#8972 = CARTESIAN_POINT('',(-1.110271420235,-50.8,154.70236867511));
#8973 = DIRECTION('',(-0.,-1.,-0.));
#8974 = DIRECTION('',(-0.95041243999,0.,0.310992273073));
#8975 = ADVANCED_FACE('',(#8976),#8995,.T.);
#8976 = FACE_BOUND('',#8977,.T.);
#8977 = EDGE_LOOP('',(#8978,#8987,#8993,#8994));
#8978 = ORIENTED_EDGE('',*,*,#8979,.F.);
#8979 = EDGE_CURVE('',#8980,#8956,#8982,.T.);
#8980 = VERTEX_POINT('',#8981);
#8981 = CARTESIAN_POINT('',(-2.668012080223,-50.7,155.02153866033));
#8982 = CIRCLE('',#8983,0.15);
#8983 = AXIS2_PLACEMENT_3D('',#8984,#8985,#8986);
#8984 = CARTESIAN_POINT('',(-2.656243215863,-50.7,155.17107626039));
#8985 = DIRECTION('',(0.,-1.,0.));
#8986 = DIRECTION('',(-7.845909572787E-02,-0.,-0.996917333733));
#8987 = ORIENTED_EDGE('',*,*,#8988,.T.);
#8988 = EDGE_CURVE('',#8980,#4758,#8989,.T.);
#8989 = LINE('',#8990,#8991);
#8990 = CARTESIAN_POINT('',(-2.668012080223,-50.8,155.02153866033));
#8991 = VECTOR('',#8992,1.);
#8992 = DIRECTION('',(0.,1.,0.));
#8993 = ORIENTED_EDGE('',*,*,#4765,.T.);
#8994 = ORIENTED_EDGE('',*,*,#8964,.F.);
#8995 = CYLINDRICAL_SURFACE('',#8996,0.15);
#8996 = AXIS2_PLACEMENT_3D('',#8997,#8998,#8999);
#8997 = CARTESIAN_POINT('',(-2.656243215863,-50.8,155.17107626039));
#8998 = DIRECTION('',(0.,-1.,0.));
#8999 = DIRECTION('',(-7.845909572787E-02,-0.,-0.996917333733));
#9000 = ADVANCED_FACE('',(#9001),#9019,.T.);
#9001 = FACE_BOUND('',#9002,.T.);
#9002 = EDGE_LOOP('',(#9003,#9011,#9017,#9018));
#9003 = ORIENTED_EDGE('',*,*,#9004,.F.);
#9004 = EDGE_CURVE('',#9005,#8980,#9007,.T.);
#9005 = VERTEX_POINT('',#9006);
#9006 = CARTESIAN_POINT('',(-3.236811301933,-50.7,155.08886048465));
#9007 = LINE('',#9008,#9009);
#9008 = CARTESIAN_POINT('',(-3.094611496506,-50.7,155.07203002857));
#9009 = VECTOR('',#9010,1.);
#9010 = DIRECTION('',(0.993068456955,0.,-0.117537397458));
#9011 = ORIENTED_EDGE('',*,*,#9012,.T.);
#9012 = EDGE_CURVE('',#9005,#4749,#9013,.T.);
#9013 = LINE('',#9014,#9015);
#9014 = CARTESIAN_POINT('',(-3.236811301933,-50.8,155.08886048465));
#9015 = VECTOR('',#9016,1.);
#9016 = DIRECTION('',(0.,1.,0.));
#9017 = ORIENTED_EDGE('',*,*,#4757,.T.);
#9018 = ORIENTED_EDGE('',*,*,#8988,.F.);
#9019 = PLANE('',#9020);
#9020 = AXIS2_PLACEMENT_3D('',#9021,#9022,#9023);
#9021 = CARTESIAN_POINT('',(-3.236811301933,-50.8,155.08886048465));
#9022 = DIRECTION('',(-0.117537397458,0.,-0.993068456955));
#9023 = DIRECTION('',(0.993068456955,0.,-0.117537397458));
#9024 = ADVANCED_FACE('',(#9025),#9044,.T.);
#9025 = FACE_BOUND('',#9026,.T.);
#9026 = EDGE_LOOP('',(#9027,#9036,#9042,#9043));
#9027 = ORIENTED_EDGE('',*,*,#9028,.F.);
#9028 = EDGE_CURVE('',#9029,#9005,#9031,.T.);
#9029 = VERTEX_POINT('',#9030);
#9030 = CARTESIAN_POINT('',(-3.361499383267,-50.7,155.26047890549));
#9031 = CIRCLE('',#9032,0.15);
#9032 = AXIS2_PLACEMENT_3D('',#9033,#9034,#9035);
#9033 = CARTESIAN_POINT('',(-3.213346132177,-50.7,155.23701373574));
#9034 = DIRECTION('',(0.,-1.,0.));
#9035 = DIRECTION('',(-0.987688340595,0.,0.15643446504));
#9036 = ORIENTED_EDGE('',*,*,#9037,.T.);
#9037 = EDGE_CURVE('',#9029,#4740,#9038,.T.);
#9038 = LINE('',#9039,#9040);
#9039 = CARTESIAN_POINT('',(-3.361499383267,-50.8,155.26047890549));
#9040 = VECTOR('',#9041,1.);
#9041 = DIRECTION('',(0.,1.,0.));
#9042 = ORIENTED_EDGE('',*,*,#4748,.T.);
#9043 = ORIENTED_EDGE('',*,*,#9012,.F.);
#9044 = CYLINDRICAL_SURFACE('',#9045,0.15);
#9045 = AXIS2_PLACEMENT_3D('',#9046,#9047,#9048);
#9046 = CARTESIAN_POINT('',(-3.213346132177,-50.8,155.23701373574));
#9047 = DIRECTION('',(0.,-1.,0.));
#9048 = DIRECTION('',(-0.987688340595,0.,0.15643446504));
#9049 = ADVANCED_FACE('',(#9050),#9069,.F.);
#9050 = FACE_BOUND('',#9051,.T.);
#9051 = EDGE_LOOP('',(#9052,#9053,#9062,#9068));
#9052 = ORIENTED_EDGE('',*,*,#9037,.F.);
#9053 = ORIENTED_EDGE('',*,*,#9054,.T.);
#9054 = EDGE_CURVE('',#9029,#9055,#9057,.T.);
#9055 = VERTEX_POINT('',#9056);
#9056 = CARTESIAN_POINT('',(-3.439072467121,-50.7,155.62712806899));
#9057 = CIRCLE('',#9058,1.469292842572);
#9058 = AXIS2_PLACEMENT_3D('',#9059,#9060,#9061);
#9059 = CARTESIAN_POINT('',(-4.826020216819,-50.7,155.14215652669));
#9060 = DIRECTION('',(-0.,-1.,0.));
#9061 = DIRECTION('',(0.943955969506,-0.,0.330071397783));
#9062 = ORIENTED_EDGE('',*,*,#9063,.T.);
#9063 = EDGE_CURVE('',#9055,#4731,#9064,.T.);
#9064 = LINE('',#9065,#9066);
#9065 = CARTESIAN_POINT('',(-3.439072467121,-50.8,155.62712806899));
#9066 = VECTOR('',#9067,1.);
#9067 = DIRECTION('',(0.,1.,0.));
#9068 = ORIENTED_EDGE('',*,*,#4739,.F.);
#9069 = CYLINDRICAL_SURFACE('',#9070,1.469292842572);
#9070 = AXIS2_PLACEMENT_3D('',#9071,#9072,#9073);
#9071 = CARTESIAN_POINT('',(-4.826020216819,-50.8,155.14215652669));
#9072 = DIRECTION('',(-0.,-1.,-0.));
#9073 = DIRECTION('',(0.943955969506,-0.,0.330071397783));
#9074 = ADVANCED_FACE('',(#9075),#9094,.F.);
#9075 = FACE_BOUND('',#9076,.T.);
#9076 = EDGE_LOOP('',(#9077,#9078,#9087,#9093));
#9077 = ORIENTED_EDGE('',*,*,#9063,.F.);
#9078 = ORIENTED_EDGE('',*,*,#9079,.T.);
#9079 = EDGE_CURVE('',#9055,#9080,#9082,.T.);
#9080 = VERTEX_POINT('',#9081);
#9081 = CARTESIAN_POINT('',(-4.260879348539,-50.7,155.75728949196));
#9082 = CIRCLE('',#9083,0.471154273188);
#9083 = AXIS2_PLACEMENT_3D('',#9084,#9085,#9086);
#9084 = CARTESIAN_POINT('',(-3.884572058247,-50.7,155.47377728337));
#9085 = DIRECTION('',(0.,-1.,-0.));
#9086 = DIRECTION('',(-0.798692300391,-0.,0.601739652421));
#9087 = ORIENTED_EDGE('',*,*,#9088,.T.);
#9088 = EDGE_CURVE('',#9080,#4722,#9089,.T.);
#9089 = LINE('',#9090,#9091);
#9090 = CARTESIAN_POINT('',(-4.260879348539,-50.8,155.75728949196));
#9091 = VECTOR('',#9092,1.);
#9092 = DIRECTION('',(0.,1.,0.));
#9093 = ORIENTED_EDGE('',*,*,#4730,.F.);
#9094 = CYLINDRICAL_SURFACE('',#9095,0.471154273188);
#9095 = AXIS2_PLACEMENT_3D('',#9096,#9097,#9098);
#9096 = CARTESIAN_POINT('',(-3.884572058247,-50.8,155.47377728337));
#9097 = DIRECTION('',(0.,-1.,-0.));
#9098 = DIRECTION('',(-0.798692300391,-0.,0.601739652421));
#9099 = ADVANCED_FACE('',(#9100),#9119,.F.);
#9100 = FACE_BOUND('',#9101,.T.);
#9101 = EDGE_LOOP('',(#9102,#9103,#9112,#9118));
#9102 = ORIENTED_EDGE('',*,*,#9088,.F.);
#9103 = ORIENTED_EDGE('',*,*,#9104,.T.);
#9104 = EDGE_CURVE('',#9080,#9105,#9107,.T.);
#9105 = VERTEX_POINT('',#9106);
#9106 = CARTESIAN_POINT('',(-4.447956557921,-50.7,155.43255681704));
#9107 = CIRCLE('',#9108,1.469292842572);
#9108 = AXIS2_PLACEMENT_3D('',#9109,#9110,#9111);
#9109 = CARTESIAN_POINT('',(-3.091678101787,-50.7,154.86746372147));
#9110 = DIRECTION('',(-0.,-1.,0.));
#9111 = DIRECTION('',(-0.923082463098,0.,0.384602088294));
#9112 = ORIENTED_EDGE('',*,*,#9113,.T.);
#9113 = EDGE_CURVE('',#9105,#4713,#9114,.T.);
#9114 = LINE('',#9115,#9116);
#9115 = CARTESIAN_POINT('',(-4.447956557921,-50.8,155.43255681704));
#9116 = VECTOR('',#9117,1.);
#9117 = DIRECTION('',(0.,1.,0.));
#9118 = ORIENTED_EDGE('',*,*,#4721,.F.);
#9119 = CYLINDRICAL_SURFACE('',#9120,1.469292842572);
#9120 = AXIS2_PLACEMENT_3D('',#9121,#9122,#9123);
#9121 = CARTESIAN_POINT('',(-3.091678101787,-50.8,154.86746372147));
#9122 = DIRECTION('',(-0.,-1.,-0.));
#9123 = DIRECTION('',(-0.923082463098,0.,0.384602088294));
#9124 = ADVANCED_FACE('',(#9125),#9144,.T.);
#9125 = FACE_BOUND('',#9126,.T.);
#9126 = EDGE_LOOP('',(#9127,#9136,#9142,#9143));
#9127 = ORIENTED_EDGE('',*,*,#9128,.F.);
#9128 = EDGE_CURVE('',#9129,#9105,#9131,.T.);
#9129 = VERTEX_POINT('',#9130);
#9130 = CARTESIAN_POINT('',(-4.619574978767,-50.7,155.3078687357));
#9131 = CIRCLE('',#9132,0.15);
#9132 = AXIS2_PLACEMENT_3D('',#9133,#9134,#9135);
#9133 = CARTESIAN_POINT('',(-4.596109809011,-50.7,155.45602198679));
#9134 = DIRECTION('',(0.,-1.,0.));
#9135 = DIRECTION('',(-0.15643446504,-0.,-0.987688340595));
#9136 = ORIENTED_EDGE('',*,*,#9137,.T.);
#9137 = EDGE_CURVE('',#9129,#4705,#9138,.T.);
#9138 = LINE('',#9139,#9140);
#9139 = CARTESIAN_POINT('',(-4.619574978767,-50.8,155.3078687357));
#9140 = VECTOR('',#9141,1.);
#9141 = DIRECTION('',(0.,1.,0.));
#9142 = ORIENTED_EDGE('',*,*,#4712,.T.);
#9143 = ORIENTED_EDGE('',*,*,#9113,.F.);
#9144 = CYLINDRICAL_SURFACE('',#9145,0.15);
#9145 = AXIS2_PLACEMENT_3D('',#9146,#9147,#9148);
#9146 = CARTESIAN_POINT('',(-4.596109809011,-50.8,155.45602198679));
#9147 = DIRECTION('',(0.,-1.,0.));
#9148 = DIRECTION('',(-0.15643446504,-0.,-0.987688340595));
#9149 = ADVANCED_FACE('',(#9150),#9168,.T.);
#9150 = FACE_BOUND('',#9151,.T.);
#9151 = EDGE_LOOP('',(#9152,#9160,#9166,#9167));
#9152 = ORIENTED_EDGE('',*,*,#9153,.F.);
#9153 = EDGE_CURVE('',#9154,#9129,#9156,.T.);
#9154 = VERTEX_POINT('',#9155);
#9155 = CARTESIAN_POINT('',(-5.181338772845,-50.7,155.41961050189));
#9156 = LINE('',#9157,#9158);
#9157 = CARTESIAN_POINT('',(-5.040897824325,-50.7,155.39167506034));
#9158 = VECTOR('',#9159,1.);
#9159 = DIRECTION('',(0.980785280403,0.,-0.195090322016));
#9160 = ORIENTED_EDGE('',*,*,#9161,.T.);
#9161 = EDGE_CURVE('',#9154,#4696,#9162,.T.);
#9162 = LINE('',#9163,#9164);
#9163 = CARTESIAN_POINT('',(-5.181338772845,-50.8,155.41961050189));
#9164 = VECTOR('',#9165,1.);
#9165 = DIRECTION('',(0.,1.,0.));
#9166 = ORIENTED_EDGE('',*,*,#4704,.T.);
#9167 = ORIENTED_EDGE('',*,*,#9137,.F.);
#9168 = PLANE('',#9169);
#9169 = AXIS2_PLACEMENT_3D('',#9170,#9171,#9172);
#9170 = CARTESIAN_POINT('',(-5.181338772845,-50.8,155.41961050189));
#9171 = DIRECTION('',(-0.195090322016,0.,-0.980785280403));
#9172 = DIRECTION('',(0.980785280403,0.,-0.195090322016));
#9173 = ADVANCED_FACE('',(#9174),#9193,.T.);
#9174 = FACE_BOUND('',#9175,.T.);
#9175 = EDGE_LOOP('',(#9176,#9185,#9191,#9192));
#9176 = ORIENTED_EDGE('',*,*,#9177,.F.);
#9177 = EDGE_CURVE('',#9178,#9154,#9180,.T.);
#9178 = VERTEX_POINT('',#9179);
#9179 = CARTESIAN_POINT('',(-5.292177456326,-50.7,155.60048279453));
#9180 = CIRCLE('',#9181,0.15);
#9181 = AXIS2_PLACEMENT_3D('',#9182,#9183,#9184);
#9182 = CARTESIAN_POINT('',(-5.146321968267,-50.7,155.56546598995));
#9183 = DIRECTION('',(0.,-1.,0.));
#9184 = DIRECTION('',(-0.972369920398,0.,0.233445363856));
#9185 = ORIENTED_EDGE('',*,*,#9186,.T.);
#9186 = EDGE_CURVE('',#9178,#4687,#9187,.T.);
#9187 = LINE('',#9188,#9189);
#9188 = CARTESIAN_POINT('',(-5.292177456326,-50.8,155.60048279453));
#9189 = VECTOR('',#9190,1.);
#9190 = DIRECTION('',(0.,1.,0.));
#9191 = ORIENTED_EDGE('',*,*,#4695,.T.);
#9192 = ORIENTED_EDGE('',*,*,#9161,.F.);
#9193 = CYLINDRICAL_SURFACE('',#9194,0.15);
#9194 = AXIS2_PLACEMENT_3D('',#9195,#9196,#9197);
#9195 = CARTESIAN_POINT('',(-5.146321968267,-50.8,155.56546598995));
#9196 = DIRECTION('',(0.,-1.,0.));
#9197 = DIRECTION('',(-0.972369920398,0.,0.233445363856));
#9198 = ADVANCED_FACE('',(#9199),#9218,.F.);
#9199 = FACE_BOUND('',#9200,.T.);
#9200 = EDGE_LOOP('',(#9201,#9202,#9211,#9217));
#9201 = ORIENTED_EDGE('',*,*,#9186,.F.);
#9202 = ORIENTED_EDGE('',*,*,#9203,.T.);
#9203 = EDGE_CURVE('',#9178,#9204,#9206,.T.);
#9204 = VERTEX_POINT('',#9205);
#9205 = CARTESIAN_POINT('',(-5.340744446434,-50.7,155.97208801503));
#9206 = CIRCLE('',#9207,1.469292842572);
#9207 = AXIS2_PLACEMENT_3D('',#9208,#9209,#9210);
#9208 = CARTESIAN_POINT('',(-6.761467127753,-50.7,155.59743014441));
#9209 = DIRECTION('',(-0.,-1.,0.));
#9210 = DIRECTION('',(0.966943171677,-0.,0.254991966045));
#9211 = ORIENTED_EDGE('',*,*,#9212,.T.);
#9212 = EDGE_CURVE('',#9204,#4678,#9213,.T.);
#9213 = LINE('',#9214,#9215);
#9214 = CARTESIAN_POINT('',(-5.340744446434,-50.8,155.97208801503));
#9215 = VECTOR('',#9216,1.);
#9216 = DIRECTION('',(0.,1.,0.));
#9217 = ORIENTED_EDGE('',*,*,#4686,.F.);
#9218 = CYLINDRICAL_SURFACE('',#9219,1.469292842572);
#9219 = AXIS2_PLACEMENT_3D('',#9220,#9221,#9222);
#9220 = CARTESIAN_POINT('',(-6.761467127753,-50.8,155.59743014441));
#9221 = DIRECTION('',(-0.,-1.,-0.));
#9222 = DIRECTION('',(0.966943171677,-0.,0.254991966045));
#9223 = ADVANCED_FACE('',(#9224),#9243,.F.);
#9224 = FACE_BOUND('',#9225,.T.);
#9225 = EDGE_LOOP('',(#9226,#9227,#9236,#9242));
#9226 = ORIENTED_EDGE('',*,*,#9212,.F.);
#9227 = ORIENTED_EDGE('',*,*,#9228,.T.);
#9228 = EDGE_CURVE('',#9204,#9229,#9231,.T.);
#9229 = VERTEX_POINT('',#9230);
#9230 = CARTESIAN_POINT('',(-6.149805623957,-50.7,156.16632641855));
#9231 = CIRCLE('',#9232,0.471154273188);
#9232 = AXIS2_PLACEMENT_3D('',#9233,#9234,#9235);
#9233 = CARTESIAN_POINT('',(-5.796902474968,-50.7,155.85416345377));
#9234 = DIRECTION('',(0.,-1.,-0.));
#9235 = DIRECTION('',(-0.749018249587,-0.,0.662549365546));
#9236 = ORIENTED_EDGE('',*,*,#9237,.T.);
#9237 = EDGE_CURVE('',#9229,#4669,#9238,.T.);
#9238 = LINE('',#9239,#9240);
#9239 = CARTESIAN_POINT('',(-6.149805623957,-50.8,156.16632641855));
#9240 = VECTOR('',#9241,1.);
#9241 = DIRECTION('',(0.,1.,0.));
#9242 = ORIENTED_EDGE('',*,*,#4677,.F.);
#9243 = CYLINDRICAL_SURFACE('',#9244,0.471154273188);
#9244 = AXIS2_PLACEMENT_3D('',#9245,#9246,#9247);
#9245 = CARTESIAN_POINT('',(-5.796902474968,-50.8,155.85416345377));
#9246 = DIRECTION('',(0.,-1.,-0.));
#9247 = DIRECTION('',(-0.749018249587,-0.,0.662549365546));
#9248 = ADVANCED_FACE('',(#9249),#9268,.F.);
#9249 = FACE_BOUND('',#9250,.T.);
#9250 = EDGE_LOOP('',(#9251,#9252,#9261,#9267));
#9251 = ORIENTED_EDGE('',*,*,#9237,.F.);
#9252 = ORIENTED_EDGE('',*,*,#9253,.T.);
#9253 = EDGE_CURVE('',#9229,#9254,#9256,.T.);
#9254 = VERTEX_POINT('',#9255);
#9255 = CARTESIAN_POINT('',(-6.361784368764,-50.7,155.85727269477));
#9256 = CIRCLE('',#9257,1.469292842573);
#9257 = AXIS2_PLACEMENT_3D('',#9258,#9259,#9260);
#9258 = CARTESIAN_POINT('',(-5.054023559755,-50.7,155.1875092114));
#9259 = DIRECTION('',(-0.,-1.,0.));
#9260 = DIRECTION('',(-0.890061375865,0.,0.455840703747));
#9261 = ORIENTED_EDGE('',*,*,#9262,.T.);
#9262 = EDGE_CURVE('',#9254,#4660,#9263,.T.);
#9263 = LINE('',#9264,#9265);
#9264 = CARTESIAN_POINT('',(-6.361784368764,-50.8,155.85727269477));
#9265 = VECTOR('',#9266,1.);
#9266 = DIRECTION('',(0.,1.,0.));
#9267 = ORIENTED_EDGE('',*,*,#4668,.F.);
#9268 = CYLINDRICAL_SURFACE('',#9269,1.469292842573);
#9269 = AXIS2_PLACEMENT_3D('',#9270,#9271,#9272);
#9270 = CARTESIAN_POINT('',(-5.054023559755,-50.8,155.1875092114));
#9271 = DIRECTION('',(-0.,-1.,-0.));
#9272 = DIRECTION('',(-0.890061375865,0.,0.455840703747));
#9273 = ADVANCED_FACE('',(#9274),#9293,.T.);
#9274 = FACE_BOUND('',#9275,.T.);
#9275 = EDGE_LOOP('',(#9276,#9285,#9291,#9292));
#9276 = ORIENTED_EDGE('',*,*,#9277,.F.);
#9277 = EDGE_CURVE('',#9278,#9254,#9280,.T.);
#9278 = VERTEX_POINT('',#9279);
#9279 = CARTESIAN_POINT('',(-6.542656661402,-50.7,155.74643401129));
#9280 = CIRCLE('',#9281,0.15);
#9281 = AXIS2_PLACEMENT_3D('',#9282,#9283,#9284);
#9282 = CARTESIAN_POINT('',(-6.507639856824,-50.7,155.89228949935));
#9283 = DIRECTION('',(0.,-1.,0.));
#9284 = DIRECTION('',(-0.233445363856,-0.,-0.972369920398));
#9285 = ORIENTED_EDGE('',*,*,#9286,.T.);
#9286 = EDGE_CURVE('',#9278,#4652,#9287,.T.);
#9287 = LINE('',#9288,#9289);
#9288 = CARTESIAN_POINT('',(-6.542656661402,-50.8,155.74643401129));
#9289 = VECTOR('',#9290,1.);
#9290 = DIRECTION('',(0.,1.,0.));
#9291 = ORIENTED_EDGE('',*,*,#4659,.T.);
#9292 = ORIENTED_EDGE('',*,*,#9262,.F.);
#9293 = CYLINDRICAL_SURFACE('',#9294,0.15);
#9294 = AXIS2_PLACEMENT_3D('',#9295,#9296,#9297);
#9295 = CARTESIAN_POINT('',(-6.507639856824,-50.8,155.89228949935));
#9296 = DIRECTION('',(0.,-1.,0.));
#9297 = DIRECTION('',(-0.233445363856,-0.,-0.972369920398));
#9298 = ADVANCED_FACE('',(#9299),#9317,.T.);
#9299 = FACE_BOUND('',#9300,.T.);
#9300 = EDGE_LOOP('',(#9301,#9309,#9315,#9316));
#9301 = ORIENTED_EDGE('',*,*,#9302,.F.);
#9302 = EDGE_CURVE('',#9303,#9278,#9305,.T.);
#9303 = VERTEX_POINT('',#9304);
#9304 = CARTESIAN_POINT('',(-7.093921567252,-50.7,155.9019067942));
#9305 = LINE('',#9306,#9307);
#9306 = CARTESIAN_POINT('',(-6.95610534079,-50.7,155.86303859847));
#9307 = VECTOR('',#9308,1.);
#9308 = DIRECTION('',(0.962455236454,0.,-0.271440449865));
#9309 = ORIENTED_EDGE('',*,*,#9310,.T.);
#9310 = EDGE_CURVE('',#9303,#4643,#9311,.T.);
#9311 = LINE('',#9312,#9313);
#9312 = CARTESIAN_POINT('',(-7.093921567252,-50.8,155.9019067942));
#9313 = VECTOR('',#9314,1.);
#9314 = DIRECTION('',(0.,1.,0.));
#9315 = ORIENTED_EDGE('',*,*,#4651,.T.);
#9316 = ORIENTED_EDGE('',*,*,#9286,.F.);
#9317 = PLANE('',#9318);
#9318 = AXIS2_PLACEMENT_3D('',#9319,#9320,#9321);
#9319 = CARTESIAN_POINT('',(-7.093921567252,-50.8,155.9019067942));
#9320 = DIRECTION('',(-0.271440449865,0.,-0.962455236454));
#9321 = DIRECTION('',(0.962455236454,0.,-0.271440449865));
#9322 = ADVANCED_FACE('',(#9323),#9342,.T.);
#9323 = FACE_BOUND('',#9324,.T.);
#9324 = EDGE_LOOP('',(#9325,#9334,#9340,#9341));
#9325 = ORIENTED_EDGE('',*,*,#9326,.F.);
#9326 = EDGE_CURVE('',#9327,#9303,#9329,.T.);
#9327 = VERTEX_POINT('',#9328);
#9328 = CARTESIAN_POINT('',(-7.19022749554,-50.7,156.0909178208));
#9329 = CIRCLE('',#9330,0.15);
#9330 = AXIS2_PLACEMENT_3D('',#9331,#9332,#9333);
#9331 = CARTESIAN_POINT('',(-7.047569018096,-50.7,156.04456527164));
#9332 = DIRECTION('',(0.,-1.,0.));
#9333 = DIRECTION('',(-0.951056516295,0.,0.309016994375));
#9334 = ORIENTED_EDGE('',*,*,#9335,.T.);
#9335 = EDGE_CURVE('',#9327,#4634,#9336,.T.);
#9336 = LINE('',#9337,#9338);
#9337 = CARTESIAN_POINT('',(-7.19022749554,-50.8,156.0909178208));
#9338 = VECTOR('',#9339,1.);
#9339 = DIRECTION('',(0.,1.,0.));
#9340 = ORIENTED_EDGE('',*,*,#4642,.T.);
#9341 = ORIENTED_EDGE('',*,*,#9310,.F.);
#9342 = CYLINDRICAL_SURFACE('',#9343,0.15);
#9343 = AXIS2_PLACEMENT_3D('',#9344,#9345,#9346);
#9344 = CARTESIAN_POINT('',(-7.047569018096,-50.8,156.04456527164));
#9345 = DIRECTION('',(0.,-1.,0.));
#9346 = DIRECTION('',(-0.951056516295,0.,0.309016994375));
#9347 = ADVANCED_FACE('',(#9348),#9367,.F.);
#9348 = FACE_BOUND('',#9349,.T.);
#9349 = EDGE_LOOP('',(#9350,#9351,#9360,#9366));
#9350 = ORIENTED_EDGE('',*,*,#9335,.F.);
#9351 = ORIENTED_EDGE('',*,*,#9352,.T.);
#9352 = EDGE_CURVE('',#9327,#9353,#9355,.T.);
#9353 = VERTEX_POINT('',#9354);
#9354 = CARTESIAN_POINT('',(-7.209488960258,-50.7,156.46518802855));
#9355 = CIRCLE('',#9356,1.469292842572);
#9356 = AXIS2_PLACEMENT_3D('',#9357,#9358,#9359);
#9357 = CARTESIAN_POINT('',(-8.655227345429,-50.7,156.20315371996));
#9358 = DIRECTION('',(-0.,-1.,0.));
#9359 = DIRECTION('',(0.983968847653,-0.,0.178340424043));
#9360 = ORIENTED_EDGE('',*,*,#9361,.T.);
#9361 = EDGE_CURVE('',#9353,#4625,#9362,.T.);
#9362 = LINE('',#9363,#9364);
#9363 = CARTESIAN_POINT('',(-7.209488960258,-50.8,156.46518802855));
#9364 = VECTOR('',#9365,1.);
#9365 = DIRECTION('',(0.,1.,0.));
#9366 = ORIENTED_EDGE('',*,*,#4633,.F.);
#9367 = CYLINDRICAL_SURFACE('',#9368,1.469292842572);
#9368 = AXIS2_PLACEMENT_3D('',#9369,#9370,#9371);
#9369 = CARTESIAN_POINT('',(-8.655227345429,-50.8,156.20315371996));
#9370 = DIRECTION('',(-0.,-1.,-0.));
#9371 = DIRECTION('',(0.983968847653,-0.,0.178340424043));
#9372 = ADVANCED_FACE('',(#9373),#9392,.F.);
#9373 = FACE_BOUND('',#9374,.T.);
#9374 = EDGE_LOOP('',(#9375,#9376,#9385,#9391));
#9375 = ORIENTED_EDGE('',*,*,#9361,.F.);
#9376 = ORIENTED_EDGE('',*,*,#9377,.T.);
#9377 = EDGE_CURVE('',#9353,#9378,#9380,.T.);
#9378 = VERTEX_POINT('',#9379);
#9379 = CARTESIAN_POINT('',(-8.000816302685,-50.7,156.72230586827));
#9380 = CIRCLE('',#9381,0.471154273188);
#9381 = AXIS2_PLACEMENT_3D('',#9382,#9383,#9384);
#9382 = CARTESIAN_POINT('',(-7.673493060265,-50.7,156.38341673579));
#9383 = DIRECTION('',(0.,-1.,-0.));
#9384 = DIRECTION('',(-0.6947262522,-0.,0.719274241513));
#9385 = ORIENTED_EDGE('',*,*,#9386,.T.);
#9386 = EDGE_CURVE('',#9378,#4616,#9387,.T.);
#9387 = LINE('',#9388,#9389);
#9388 = CARTESIAN_POINT('',(-8.000816302685,-50.8,156.72230586827));
#9389 = VECTOR('',#9390,1.);
#9390 = DIRECTION('',(0.,1.,0.));
#9391 = ORIENTED_EDGE('',*,*,#4624,.F.);
#9392 = CYLINDRICAL_SURFACE('',#9393,0.471154273188);
#9393 = AXIS2_PLACEMENT_3D('',#9394,#9395,#9396);
#9394 = CARTESIAN_POINT('',(-7.673493060265,-50.8,156.38341673579));
#9395 = DIRECTION('',(0.,-1.,-0.));
#9396 = DIRECTION('',(-0.6947262522,-0.,0.719274241513));
#9397 = ADVANCED_FACE('',(#9398),#9417,.F.);
#9398 = FACE_BOUND('',#9399,.T.);
#9399 = EDGE_LOOP('',(#9400,#9401,#9410,#9416));
#9400 = ORIENTED_EDGE('',*,*,#9386,.F.);
#9401 = ORIENTED_EDGE('',*,*,#9402,.T.);
#9402 = EDGE_CURVE('',#9378,#9403,#9405,.T.);
#9403 = VERTEX_POINT('',#9404);
#9404 = CARTESIAN_POINT('',(-8.236389663465,-50.7,156.43083651461));
#9405 = CIRCLE('',#9406,1.469292842573);
#9406 = AXIS2_PLACEMENT_3D('',#9407,#9408,#9409);
#9407 = CARTESIAN_POINT('',(-6.985209281843,-50.7,155.66053195804));
#9408 = DIRECTION('',(-0.,-1.,0.));
#9409 = DIRECTION('',(-0.851552764274,0.,0.52426890968));
#9410 = ORIENTED_EDGE('',*,*,#9411,.T.);
#9411 = EDGE_CURVE('',#9403,#4607,#9412,.T.);
#9412 = LINE('',#9413,#9414);
#9413 = CARTESIAN_POINT('',(-8.236389663465,-50.8,156.43083651461));
#9414 = VECTOR('',#9415,1.);
#9415 = DIRECTION('',(0.,1.,0.));
#9416 = ORIENTED_EDGE('',*,*,#4615,.F.);
#9417 = CYLINDRICAL_SURFACE('',#9418,1.469292842573);
#9418 = AXIS2_PLACEMENT_3D('',#9419,#9420,#9421);
#9419 = CARTESIAN_POINT('',(-6.985209281843,-50.8,155.66053195804));
#9420 = DIRECTION('',(-0.,-1.,-0.));
#9421 = DIRECTION('',(-0.851552764274,0.,0.52426890968));
#9422 = ADVANCED_FACE('',(#9423),#9442,.T.);
#9423 = FACE_BOUND('',#9424,.T.);
#9424 = EDGE_LOOP('',(#9425,#9434,#9440,#9441));
#9425 = ORIENTED_EDGE('',*,*,#9426,.F.);
#9426 = EDGE_CURVE('',#9427,#9403,#9429,.T.);
#9427 = VERTEX_POINT('',#9428);
#9428 = CARTESIAN_POINT('',(-8.425400690066,-50.7,156.33453058633));
#9429 = CIRCLE('',#9430,0.15);
#9430 = AXIS2_PLACEMENT_3D('',#9431,#9432,#9433);
#9431 = CARTESIAN_POINT('',(-8.379048140909,-50.7,156.47718906377));
#9432 = DIRECTION('',(0.,-1.,0.));
#9433 = DIRECTION('',(-0.309016994375,-0.,-0.951056516295));
#9434 = ORIENTED_EDGE('',*,*,#9435,.T.);
#9435 = EDGE_CURVE('',#9427,#4599,#9436,.T.);
#9436 = LINE('',#9437,#9438);
#9437 = CARTESIAN_POINT('',(-8.425400690066,-50.8,156.33453058633));
#9438 = VECTOR('',#9439,1.);
#9439 = DIRECTION('',(0.,1.,0.));
#9440 = ORIENTED_EDGE('',*,*,#4606,.T.);
#9441 = ORIENTED_EDGE('',*,*,#9411,.F.);
#9442 = CYLINDRICAL_SURFACE('',#9443,0.15);
#9443 = AXIS2_PLACEMENT_3D('',#9444,#9445,#9446);
#9444 = CARTESIAN_POINT('',(-8.379048140909,-50.8,156.47718906377));
#9445 = DIRECTION('',(0.,-1.,0.));
#9446 = DIRECTION('',(-0.309016994375,-0.,-0.951056516295));
#9447 = ADVANCED_FACE('',(#9448),#9466,.T.);
#9448 = FACE_BOUND('',#9449,.T.);
#9449 = EDGE_LOOP('',(#9450,#9458,#9464,#9465));
#9450 = ORIENTED_EDGE('',*,*,#9451,.F.);
#9451 = EDGE_CURVE('',#9452,#9427,#9454,.T.);
#9452 = VERTEX_POINT('',#9453);
#9453 = CARTESIAN_POINT('',(-8.962767976229,-50.7,156.53277584455));
#9454 = LINE('',#9455,#9456);
#9455 = CARTESIAN_POINT('',(-8.828426154688,-50.7,156.48321453));
#9456 = VECTOR('',#9457,1.);
#9457 = DIRECTION('',(0.938191335922,0.,-0.346117057077));
#9458 = ORIENTED_EDGE('',*,*,#9459,.T.);
#9459 = EDGE_CURVE('',#9452,#4590,#9460,.T.);
#9460 = LINE('',#9461,#9462);
#9461 = CARTESIAN_POINT('',(-8.962767976229,-50.8,156.53277584455));
#9462 = VECTOR('',#9463,1.);
#9463 = DIRECTION('',(0.,1.,0.));
#9464 = ORIENTED_EDGE('',*,*,#4598,.T.);
#9465 = ORIENTED_EDGE('',*,*,#9435,.F.);
#9466 = PLANE('',#9467);
#9467 = AXIS2_PLACEMENT_3D('',#9468,#9469,#9470);
#9468 = CARTESIAN_POINT('',(-8.962767976229,-50.8,156.53277584455));
#9469 = DIRECTION('',(-0.346117057077,0.,-0.938191335922));
#9470 = DIRECTION('',(0.938191335922,0.,-0.346117057077));
#9471 = ADVANCED_FACE('',(#9472),#9491,.T.);
#9472 = FACE_BOUND('',#9473,.T.);
#9473 = EDGE_LOOP('',(#9474,#9483,#9489,#9490));
#9474 = ORIENTED_EDGE('',*,*,#9475,.F.);
#9475 = EDGE_CURVE('',#9476,#9452,#9478,.T.);
#9476 = VERTEX_POINT('',#9477);
#9477 = CARTESIAN_POINT('',(-9.043947391251,-50.7,156.72876028928));
#9478 = CIRCLE('',#9479,0.15);
#9479 = AXIS2_PLACEMENT_3D('',#9480,#9481,#9482);
#9480 = CARTESIAN_POINT('',(-8.905365461374,-50.7,156.67135777443));
#9481 = DIRECTION('',(0.,-1.,0.));
#9482 = DIRECTION('',(-0.923879532511,0.,0.382683432365));
#9483 = ORIENTED_EDGE('',*,*,#9484,.T.);
#9484 = EDGE_CURVE('',#9476,#4581,#9485,.T.);
#9485 = LINE('',#9486,#9487);
#9486 = CARTESIAN_POINT('',(-9.043947391251,-50.8,156.72876028928));
#9487 = VECTOR('',#9488,1.);
#9488 = DIRECTION('',(0.,1.,0.));
#9489 = ORIENTED_EDGE('',*,*,#4589,.T.);
#9490 = ORIENTED_EDGE('',*,*,#9459,.F.);
#9491 = CYLINDRICAL_SURFACE('',#9492,0.15);
#9492 = AXIS2_PLACEMENT_3D('',#9493,#9494,#9495);
#9493 = CARTESIAN_POINT('',(-8.905365461374,-50.8,156.67135777443));
#9494 = DIRECTION('',(0.,-1.,0.));
#9495 = DIRECTION('',(-0.923879532511,0.,0.382683432365));
#9496 = ADVANCED_FACE('',(#9497),#9516,.F.);
#9497 = FACE_BOUND('',#9498,.T.);
#9498 = EDGE_LOOP('',(#9499,#9500,#9509,#9515));
#9499 = ORIENTED_EDGE('',*,*,#9484,.F.);
#9500 = ORIENTED_EDGE('',*,*,#9501,.T.);
#9501 = EDGE_CURVE('',#9476,#9502,#9504,.T.);
#9502 = VERTEX_POINT('',#9503);
#9503 = CARTESIAN_POINT('',(-9.033784577243,-50.7,157.10338798399));
#9504 = CIRCLE('',#9505,1.469292842572);
#9505 = AXIS2_PLACEMENT_3D('',#9506,#9507,#9508);
#9506 = CARTESIAN_POINT('',(-10.49562520836,-50.7,156.95559276609));
#9507 = DIRECTION('',(-0.,-1.,0.));
#9508 = DIRECTION('',(0.994928028481,-0.,0.100589354023));
#9509 = ORIENTED_EDGE('',*,*,#9510,.T.);
#9510 = EDGE_CURVE('',#9502,#4572,#9511,.T.);
#9511 = LINE('',#9512,#9513);
#9512 = CARTESIAN_POINT('',(-9.033784577243,-50.8,157.10338798399));
#9513 = VECTOR('',#9514,1.);
#9514 = DIRECTION('',(0.,1.,0.));
#9515 = ORIENTED_EDGE('',*,*,#4580,.F.);
#9516 = CYLINDRICAL_SURFACE('',#9517,1.469292842572);
#9517 = AXIS2_PLACEMENT_3D('',#9518,#9519,#9520);
#9518 = CARTESIAN_POINT('',(-10.49562520836,-50.8,156.95559276609));
#9519 = DIRECTION('',(-0.,-1.,-0.));
#9520 = DIRECTION('',(0.994928028481,-0.,0.100589354023));
#9521 = ADVANCED_FACE('',(#9522),#9541,.F.);
#9522 = FACE_BOUND('',#9523,.T.);
#9523 = EDGE_LOOP('',(#9524,#9525,#9534,#9540));
#9524 = ORIENTED_EDGE('',*,*,#9510,.F.);
#9525 = ORIENTED_EDGE('',*,*,#9526,.T.);
#9526 = EDGE_CURVE('',#9502,#9527,#9529,.T.);
#9527 = VERTEX_POINT('',#9528);
#9528 = CARTESIAN_POINT('',(-9.802499288366,-50.7,157.42180004294));
#9529 = CIRCLE('',#9530,0.471154273188);
#9530 = AXIS2_PLACEMENT_3D('',#9531,#9532,#9533);
#9531 = CARTESIAN_POINT('',(-9.50277400915,-50.7,157.05827410694));
#9532 = DIRECTION('',(0.,-1.,-0.));
#9533 = DIRECTION('',(-0.636151036448,-0.,0.771564552598));
#9534 = ORIENTED_EDGE('',*,*,#9535,.T.);
#9535 = EDGE_CURVE('',#9527,#4563,#9536,.T.);
#9536 = LINE('',#9537,#9538);
#9537 = CARTESIAN_POINT('',(-9.802499288366,-50.8,157.42180004294));
#9538 = VECTOR('',#9539,1.);
#9539 = DIRECTION('',(0.,1.,0.));
#9540 = ORIENTED_EDGE('',*,*,#4571,.F.);
#9541 = CYLINDRICAL_SURFACE('',#9542,0.471154273188);
#9542 = AXIS2_PLACEMENT_3D('',#9543,#9544,#9545);
#9543 = CARTESIAN_POINT('',(-9.50277400915,-50.8,157.05827410694));
#9544 = DIRECTION('',(0.,-1.,-0.));
#9545 = DIRECTION('',(-0.636151036448,-0.,0.771564552598));
#9546 = ADVANCED_FACE('',(#9547),#9566,.F.);
#9547 = FACE_BOUND('',#9548,.T.);
#9548 = EDGE_LOOP('',(#9549,#9550,#9559,#9565));
#9549 = ORIENTED_EDGE('',*,*,#9535,.F.);
#9550 = ORIENTED_EDGE('',*,*,#9551,.T.);
#9551 = EDGE_CURVE('',#9527,#9552,#9554,.T.);
#9552 = VERTEX_POINT('',#9553);
#9553 = CARTESIAN_POINT('',(-10.06021487701,-50.7,157.14971206489));
#9554 = CIRCLE('',#9555,1.469292842573);
#9555 = AXIS2_PLACEMENT_3D('',#9556,#9557,#9558);
#9556 = CARTESIAN_POINT('',(-8.873328865892,-50.7,156.28361561885));
#9557 = DIRECTION('',(-0.,-1.,0.));
#9558 = DIRECTION('',(-0.807794046722,0.,0.589464823447));
#9559 = ORIENTED_EDGE('',*,*,#9560,.T.);
#9560 = EDGE_CURVE('',#9552,#4554,#9561,.T.);
#9561 = LINE('',#9562,#9563);
#9562 = CARTESIAN_POINT('',(-10.06021487701,-50.8,157.14971206489));
#9563 = VECTOR('',#9564,1.);
#9564 = DIRECTION('',(0.,1.,0.));
#9565 = ORIENTED_EDGE('',*,*,#4562,.F.);
#9566 = CYLINDRICAL_SURFACE('',#9567,1.469292842573);
#9567 = AXIS2_PLACEMENT_3D('',#9568,#9569,#9570);
#9568 = CARTESIAN_POINT('',(-8.873328865892,-50.8,156.28361561885));
#9569 = DIRECTION('',(-0.,-1.,-0.));
#9570 = DIRECTION('',(-0.807794046722,0.,0.589464823447));
#9571 = ADVANCED_FACE('',(#9572),#9591,.T.);
#9572 = FACE_BOUND('',#9573,.T.);
#9573 = EDGE_LOOP('',(#9574,#9583,#9589,#9590));
#9574 = ORIENTED_EDGE('',*,*,#9575,.F.);
#9575 = EDGE_CURVE('',#9576,#9552,#9578,.T.);
#9576 = VERTEX_POINT('',#9577);
#9577 = CARTESIAN_POINT('',(-10.25619932174,-50.7,157.06853264986));
#9578 = CIRCLE('',#9579,0.15);
#9579 = AXIS2_PLACEMENT_3D('',#9580,#9581,#9582);
#9580 = CARTESIAN_POINT('',(-10.19879680689,-50.7,157.20711457974));
#9581 = DIRECTION('',(0.,-1.,0.));
#9582 = DIRECTION('',(-0.382683432365,-0.,-0.923879532511));
#9583 = ORIENTED_EDGE('',*,*,#9584,.T.);
#9584 = EDGE_CURVE('',#9576,#4546,#9585,.T.);
#9585 = LINE('',#9586,#9587);
#9586 = CARTESIAN_POINT('',(-10.25619932174,-50.8,157.06853264986));
#9587 = VECTOR('',#9588,1.);
#9588 = DIRECTION('',(0.,1.,0.));
#9589 = ORIENTED_EDGE('',*,*,#4553,.T.);
#9590 = ORIENTED_EDGE('',*,*,#9560,.F.);
#9591 = CYLINDRICAL_SURFACE('',#9592,0.15);
#9592 = AXIS2_PLACEMENT_3D('',#9593,#9594,#9595);
#9593 = CARTESIAN_POINT('',(-10.19879680689,-50.8,157.20711457974));
#9594 = DIRECTION('',(0.,-1.,0.));
#9595 = DIRECTION('',(-0.382683432365,-0.,-0.923879532511));
#9596 = ADVANCED_FACE('',(#9597),#9615,.T.);
#9597 = FACE_BOUND('',#9598,.T.);
#9598 = EDGE_LOOP('',(#9599,#9607,#9613,#9614));
#9599 = ORIENTED_EDGE('',*,*,#9600,.F.);
#9600 = EDGE_CURVE('',#9601,#9576,#9603,.T.);
#9601 = VERTEX_POINT('',#9602);
#9602 = CARTESIAN_POINT('',(-10.77635594021,-50.7,157.30832813547));
#9603 = LINE('',#9604,#9605);
#9604 = CARTESIAN_POINT('',(-10.64631678559,-50.7,157.24837926407));
#9605 = VECTOR('',#9606,1.);
#9606 = DIRECTION('',(0.908143173825,0.,-0.418659737537));
#9607 = ORIENTED_EDGE('',*,*,#9608,.T.);
#9608 = EDGE_CURVE('',#9601,#4537,#9609,.T.);
#9609 = LINE('',#9610,#9611);
#9610 = CARTESIAN_POINT('',(-10.77635594021,-50.8,157.30832813547));
#9611 = VECTOR('',#9612,1.);
#9612 = DIRECTION('',(0.,1.,0.));
#9613 = ORIENTED_EDGE('',*,*,#4545,.T.);
#9614 = ORIENTED_EDGE('',*,*,#9584,.F.);
#9615 = PLANE('',#9616);
#9616 = AXIS2_PLACEMENT_3D('',#9617,#9618,#9619);
#9617 = CARTESIAN_POINT('',(-10.77635594021,-50.8,157.30832813547));
#9618 = DIRECTION('',(-0.418659737537,0.,-0.908143173825));
#9619 = DIRECTION('',(0.908143173825,0.,-0.418659737537));
#9620 = ADVANCED_FACE('',(#9621),#9640,.T.);
#9621 = FACE_BOUND('',#9622,.T.);
#9622 = EDGE_LOOP('',(#9623,#9632,#9638,#9639));
#9623 = ORIENTED_EDGE('',*,*,#9624,.F.);
#9624 = EDGE_CURVE('',#9625,#9601,#9627,.T.);
#9625 = VERTEX_POINT('',#9626);
#9626 = CARTESIAN_POINT('',(-10.84190834387,-50.7,157.51007768906));
#9627 = CIRCLE('',#9628,0.15);
#9628 = AXIS2_PLACEMENT_3D('',#9629,#9630,#9631);
#9629 = CARTESIAN_POINT('',(-10.70825736524,-50.7,157.4419791141));
#9630 = DIRECTION('',(0.,-1.,-0.));
#9631 = DIRECTION('',(-0.891006524188,-0.,0.45399049974));
#9632 = ORIENTED_EDGE('',*,*,#9633,.T.);
#9633 = EDGE_CURVE('',#9625,#4528,#9634,.T.);
#9634 = LINE('',#9635,#9636);
#9635 = CARTESIAN_POINT('',(-10.84190834387,-50.8,157.51007768906));
#9636 = VECTOR('',#9637,1.);
#9637 = DIRECTION('',(0.,1.,0.));
#9638 = ORIENTED_EDGE('',*,*,#4536,.T.);
#9639 = ORIENTED_EDGE('',*,*,#9608,.F.);
#9640 = CYLINDRICAL_SURFACE('',#9641,0.15);
#9641 = AXIS2_PLACEMENT_3D('',#9642,#9643,#9644);
#9642 = CARTESIAN_POINT('',(-10.70825736524,-50.8,157.4419791141));
#9643 = DIRECTION('',(0.,-1.,-0.));
#9644 = DIRECTION('',(-0.891006524188,-0.,0.45399049974));
#9645 = ADVANCED_FACE('',(#9646),#9665,.F.);
#9646 = FACE_BOUND('',#9647,.T.);
#9647 = EDGE_LOOP('',(#9648,#9649,#9658,#9664));
#9648 = ORIENTED_EDGE('',*,*,#9633,.F.);
#9649 = ORIENTED_EDGE('',*,*,#9650,.T.);
#9650 = EDGE_CURVE('',#9625,#9651,#9653,.T.);
#9651 = VERTEX_POINT('',#9652);
#9652 = CARTESIAN_POINT('',(-10.80238390827,-50.7,157.88275316641));
#9653 = CIRCLE('',#9654,1.469292842572);
#9654 = AXIS2_PLACEMENT_3D('',#9655,#9656,#9657);
#9655 = CARTESIAN_POINT('',(-12.27131405174,-50.7,157.85010824585));
#9656 = DIRECTION('',(-0.,-1.,0.));
#9657 = DIRECTION('',(0.999753147166,-0.,2.221811718532E-02));
#9658 = ORIENTED_EDGE('',*,*,#9659,.T.);
#9659 = EDGE_CURVE('',#9651,#4519,#9660,.T.);
#9660 = LINE('',#9661,#9662);
#9661 = CARTESIAN_POINT('',(-10.80238390827,-50.8,157.88275316641));
#9662 = VECTOR('',#9663,1.);
#9663 = DIRECTION('',(0.,1.,0.));
#9664 = ORIENTED_EDGE('',*,*,#4527,.F.);
#9665 = CYLINDRICAL_SURFACE('',#9666,1.469292842572);
#9666 = AXIS2_PLACEMENT_3D('',#9667,#9668,#9669);
#9667 = CARTESIAN_POINT('',(-12.27131405174,-50.8,157.85010824585));
#9668 = DIRECTION('',(-0.,-1.,-0.));
#9669 = DIRECTION('',(0.999753147166,-0.,2.221811718532E-02));
#9670 = ADVANCED_FACE('',(#9671),#9690,.F.);
#9671 = FACE_BOUND('',#9672,.T.);
#9672 = EDGE_LOOP('',(#9673,#9674,#9683,#9689));
#9673 = ORIENTED_EDGE('',*,*,#9659,.F.);
#9674 = ORIENTED_EDGE('',*,*,#9675,.T.);
#9675 = EDGE_CURVE('',#9651,#9676,#9678,.T.);
#9676 = VERTEX_POINT('',#9677);
#9677 = CARTESIAN_POINT('',(-11.54374660627,-50.7,158.26049632835));
#9678 = CIRCLE('',#9679,0.471154273188);
#9679 = AXIS2_PLACEMENT_3D('',#9680,#9681,#9682);
#9680 = CARTESIAN_POINT('',(-11.27346719627,-50.7,157.87457484712));
#9681 = DIRECTION('',(0.,-1.,-0.));
#9682 = DIRECTION('',(-0.573653738015,-0.,0.819097911645));
#9683 = ORIENTED_EDGE('',*,*,#9684,.T.);
#9684 = EDGE_CURVE('',#9676,#4510,#9685,.T.);
#9685 = LINE('',#9686,#9687);
#9686 = CARTESIAN_POINT('',(-11.54374660627,-50.8,158.26049632835));
#9687 = VECTOR('',#9688,1.);
#9688 = DIRECTION('',(0.,1.,0.));
#9689 = ORIENTED_EDGE('',*,*,#4518,.F.);
#9690 = CYLINDRICAL_SURFACE('',#9691,0.471154273188);
#9691 = AXIS2_PLACEMENT_3D('',#9692,#9693,#9694);
#9692 = CARTESIAN_POINT('',(-11.27346719627,-50.8,157.87457484712));
#9693 = DIRECTION('',(0.,-1.,-0.));
#9694 = DIRECTION('',(-0.573653738015,-0.,0.819097911645));
#9695 = ADVANCED_FACE('',(#9696),#9715,.F.);
#9696 = FACE_BOUND('',#9697,.T.);
#9697 = EDGE_LOOP('',(#9698,#9699,#9708,#9714));
#9698 = ORIENTED_EDGE('',*,*,#9684,.F.);
#9699 = ORIENTED_EDGE('',*,*,#9700,.T.);
#9700 = EDGE_CURVE('',#9676,#9701,#9703,.T.);
#9701 = VERTEX_POINT('',#9702);
#9702 = CARTESIAN_POINT('',(-11.82201552048,-50.7,158.00946723877));
#9703 = CIRCLE('',#9704,1.469292842573);
#9704 = AXIS2_PLACEMENT_3D('',#9705,#9706,#9707);
#9705 = CARTESIAN_POINT('',(-10.7067414268,-50.7,157.05291867586));
#9706 = DIRECTION('',(-0.,-1.,0.));
#9707 = DIRECTION('',(-0.759055010252,0.,0.65102649056));
#9708 = ORIENTED_EDGE('',*,*,#9709,.T.);
#9709 = EDGE_CURVE('',#9701,#4501,#9710,.T.);
#9710 = LINE('',#9711,#9712);
#9711 = CARTESIAN_POINT('',(-11.82201552048,-50.8,158.00946723877));
#9712 = VECTOR('',#9713,1.);
#9713 = DIRECTION('',(0.,1.,0.));
#9714 = ORIENTED_EDGE('',*,*,#4509,.F.);
#9715 = CYLINDRICAL_SURFACE('',#9716,1.469292842573);
#9716 = AXIS2_PLACEMENT_3D('',#9717,#9718,#9719);
#9717 = CARTESIAN_POINT('',(-10.7067414268,-50.8,157.05291867586));
#9718 = DIRECTION('',(-0.,-1.,-0.));
#9719 = DIRECTION('',(-0.759055010252,0.,0.65102649056));
#9720 = ADVANCED_FACE('',(#9721),#9740,.T.);
#9721 = FACE_BOUND('',#9722,.T.);
#9722 = EDGE_LOOP('',(#9723,#9732,#9738,#9739));
#9723 = ORIENTED_EDGE('',*,*,#9724,.F.);
#9724 = EDGE_CURVE('',#9725,#9701,#9727,.T.);
#9725 = VERTEX_POINT('',#9726);
#9726 = CARTESIAN_POINT('',(-12.02376507407,-50.7,157.9439148351));
#9727 = CIRCLE('',#9728,0.15);
#9728 = AXIS2_PLACEMENT_3D('',#9729,#9730,#9731);
#9729 = CARTESIAN_POINT('',(-11.95566649911,-50.7,158.07756581373));
#9730 = DIRECTION('',(0.,-1.,0.));
#9731 = DIRECTION('',(-0.453990499739,-0.,-0.891006524188));
#9732 = ORIENTED_EDGE('',*,*,#9733,.T.);
#9733 = EDGE_CURVE('',#9725,#4493,#9734,.T.);
#9734 = LINE('',#9735,#9736);
#9735 = CARTESIAN_POINT('',(-12.02376507407,-50.8,157.9439148351));
#9736 = VECTOR('',#9737,1.);
#9737 = DIRECTION('',(0.,1.,0.));
#9738 = ORIENTED_EDGE('',*,*,#4500,.T.);
#9739 = ORIENTED_EDGE('',*,*,#9709,.F.);
#9740 = CYLINDRICAL_SURFACE('',#9741,0.15);
#9741 = AXIS2_PLACEMENT_3D('',#9742,#9743,#9744);
#9742 = CARTESIAN_POINT('',(-11.95566649911,-50.8,158.07756581373));
#9743 = DIRECTION('',(0.,-1.,0.));
#9744 = DIRECTION('',(-0.453990499739,-0.,-0.891006524188));
#9745 = ADVANCED_FACE('',(#9746),#9764,.T.);
#9746 = FACE_BOUND('',#9747,.T.);
#9747 = EDGE_LOOP('',(#9748,#9756,#9762,#9763));
#9748 = ORIENTED_EDGE('',*,*,#9749,.F.);
#9749 = EDGE_CURVE('',#9750,#9725,#9752,.T.);
#9750 = VERTEX_POINT('',#9751);
#9751 = CARTESIAN_POINT('',(-12.52350408631,-50.7,158.22378212917));
#9752 = LINE('',#9753,#9754);
#9753 = CARTESIAN_POINT('',(-12.39856933325,-50.7,158.15381530566));
#9754 = VECTOR('',#9755,1.);
#9755 = DIRECTION('',(0.872496007073,0.,-0.488621241497));
#9756 = ORIENTED_EDGE('',*,*,#9757,.T.);
#9757 = EDGE_CURVE('',#9750,#4484,#9758,.T.);
#9758 = LINE('',#9759,#9760);
#9759 = CARTESIAN_POINT('',(-12.52350408631,-50.8,158.22378212917));
#9760 = VECTOR('',#9761,1.);
#9761 = DIRECTION('',(0.,1.,0.));
#9762 = ORIENTED_EDGE('',*,*,#4492,.T.);
#9763 = ORIENTED_EDGE('',*,*,#9733,.F.);
#9764 = PLANE('',#9765);
#9765 = AXIS2_PLACEMENT_3D('',#9766,#9767,#9768);
#9766 = CARTESIAN_POINT('',(-12.52350408631,-50.8,158.22378212917));
#9767 = DIRECTION('',(-0.488621241497,0.,-0.872496007073));
#9768 = DIRECTION('',(0.872496007073,0.,-0.488621241497));
#9769 = ADVANCED_FACE('',(#9770),#9789,.T.);
#9770 = FACE_BOUND('',#9771,.T.);
#9771 = EDGE_LOOP('',(#9772,#9781,#9787,#9788));
#9772 = ORIENTED_EDGE('',*,*,#9773,.F.);
#9773 = EDGE_CURVE('',#9774,#9750,#9776,.T.);
#9774 = VERTEX_POINT('',#9775);
#9775 = CARTESIAN_POINT('',(-12.57302532626,-50.7,158.43005293853));
#9776 = CIRCLE('',#9777,0.15);
#9777 = AXIS2_PLACEMENT_3D('',#9778,#9779,#9780);
#9778 = CARTESIAN_POINT('',(-12.4451293016,-50.7,158.35167815383));
#9779 = DIRECTION('',(0.,-1.,-0.));
#9780 = DIRECTION('',(-0.852640164354,-0.,0.522498564716));
#9781 = ORIENTED_EDGE('',*,*,#9782,.T.);
#9782 = EDGE_CURVE('',#9774,#4475,#9783,.T.);
#9783 = LINE('',#9784,#9785);
#9784 = CARTESIAN_POINT('',(-12.57302532626,-50.8,158.43005293853));
#9785 = VECTOR('',#9786,1.);
#9786 = DIRECTION('',(0.,1.,0.));
#9787 = ORIENTED_EDGE('',*,*,#4483,.T.);
#9788 = ORIENTED_EDGE('',*,*,#9757,.F.);
#9789 = CYLINDRICAL_SURFACE('',#9790,0.15);
#9790 = AXIS2_PLACEMENT_3D('',#9791,#9792,#9793);
#9791 = CARTESIAN_POINT('',(-12.4451293016,-50.8,158.35167815383));
#9792 = DIRECTION('',(0.,-1.,-0.));
#9793 = DIRECTION('',(-0.852640164354,-0.,0.522498564716));
#9794 = ADVANCED_FACE('',(#9795),#9814,.F.);
#9795 = FACE_BOUND('',#9796,.T.);
#9796 = EDGE_LOOP('',(#9797,#9798,#9807,#9813));
#9797 = ORIENTED_EDGE('',*,*,#9782,.F.);
#9798 = ORIENTED_EDGE('',*,*,#9799,.T.);
#9799 = EDGE_CURVE('',#9774,#9800,#9802,.T.);
#9800 = VERTEX_POINT('',#9801);
#9801 = CARTESIAN_POINT('',(-12.50438295034,-50.7,158.79847853029));
#9802 = CIRCLE('',#9803,1.469292842572);
#9803 = AXIS2_PLACEMENT_3D('',#9804,#9805,#9806);
#9804 = CARTESIAN_POINT('',(-13.97134616336,-50.7,158.88118517387));
#9805 = DIRECTION('',(0.,-1.,-0.));
#9806 = DIRECTION('',(0.998414455247,0.,-5.629010173277E-02));
#9807 = ORIENTED_EDGE('',*,*,#9808,.T.);
#9808 = EDGE_CURVE('',#9800,#4466,#9809,.T.);
#9809 = LINE('',#9810,#9811);
#9810 = CARTESIAN_POINT('',(-12.50438295034,-50.8,158.79847853029));
#9811 = VECTOR('',#9812,1.);
#9812 = DIRECTION('',(0.,1.,0.));
#9813 = ORIENTED_EDGE('',*,*,#4474,.F.);
#9814 = CYLINDRICAL_SURFACE('',#9815,1.469292842572);
#9815 = AXIS2_PLACEMENT_3D('',#9816,#9817,#9818);
#9816 = CARTESIAN_POINT('',(-13.97134616336,-50.8,158.88118517387));
#9817 = DIRECTION('',(-0.,-1.,-0.));
#9818 = DIRECTION('',(0.998414455247,0.,-5.629010173277E-02));
#9819 = ADVANCED_FACE('',(#9820),#9839,.F.);
#9820 = FACE_BOUND('',#9821,.T.);
#9821 = EDGE_LOOP('',(#9822,#9823,#9832,#9838));
#9822 = ORIENTED_EDGE('',*,*,#9808,.F.);
#9823 = ORIENTED_EDGE('',*,*,#9824,.T.);
#9824 = EDGE_CURVE('',#9800,#9825,#9827,.T.);
#9825 = VERTEX_POINT('',#9826);
#9826 = CARTESIAN_POINT('',(-13.21382288766,-50.7,159.23322388301));
#9827 = CIRCLE('',#9828,0.471154273188);
#9828 = AXIS2_PLACEMENT_3D('',#9829,#9830,#9831);
#9829 = CARTESIAN_POINT('',(-12.97465570932,-50.7,158.82728619081));
#9830 = DIRECTION('',(-0.,-1.,0.));
#9831 = DIRECTION('',(-0.507619673527,0.,0.861581259689));
#9832 = ORIENTED_EDGE('',*,*,#9833,.T.);
#9833 = EDGE_CURVE('',#9825,#4457,#9834,.T.);
#9834 = LINE('',#9835,#9836);
#9835 = CARTESIAN_POINT('',(-13.21382288766,-50.8,159.23322388301));
#9836 = VECTOR('',#9837,1.);
#9837 = DIRECTION('',(0.,1.,0.));
#9838 = ORIENTED_EDGE('',*,*,#4465,.F.);
#9839 = CYLINDRICAL_SURFACE('',#9840,0.471154273188);
#9840 = AXIS2_PLACEMENT_3D('',#9841,#9842,#9843);
#9841 = CARTESIAN_POINT('',(-12.97465570932,-50.8,158.82728619081));
#9842 = DIRECTION('',(-0.,-1.,-0.));
#9843 = DIRECTION('',(-0.507619673527,0.,0.861581259689));
#9844 = ADVANCED_FACE('',(#9845),#9864,.F.);
#9845 = FACE_BOUND('',#9846,.T.);
#9846 = EDGE_LOOP('',(#9847,#9848,#9857,#9863));
#9847 = ORIENTED_EDGE('',*,*,#9833,.F.);
#9848 = ORIENTED_EDGE('',*,*,#9849,.T.);
#9849 = EDGE_CURVE('',#9825,#9850,#9852,.T.);
#9850 = VERTEX_POINT('',#9851);
#9851 = CARTESIAN_POINT('',(-13.51092950705,-50.7,159.00480135972));
#9852 = CIRCLE('',#9853,1.469292842571);
#9853 = AXIS2_PLACEMENT_3D('',#9854,#9855,#9856);
#9854 = CARTESIAN_POINT('',(-12.47414336646,-50.7,157.96369811993));
#9855 = DIRECTION('',(-0.,-1.,0.));
#9856 = DIRECTION('',(-0.705636147233,0.,0.708574362871));
#9857 = ORIENTED_EDGE('',*,*,#9858,.T.);
#9858 = EDGE_CURVE('',#9850,#4448,#9859,.T.);
#9859 = LINE('',#9860,#9861);
#9860 = CARTESIAN_POINT('',(-13.51092950705,-50.8,159.00480135972));
#9861 = VECTOR('',#9862,1.);
#9862 = DIRECTION('',(0.,1.,0.));
#9863 = ORIENTED_EDGE('',*,*,#4456,.F.);
#9864 = CYLINDRICAL_SURFACE('',#9865,1.469292842571);
#9865 = AXIS2_PLACEMENT_3D('',#9866,#9867,#9868);
#9866 = CARTESIAN_POINT('',(-12.47414336646,-50.8,157.96369811993));
#9867 = DIRECTION('',(-0.,-1.,-0.));
#9868 = DIRECTION('',(-0.705636147233,0.,0.708574362871));
#9869 = ADVANCED_FACE('',(#9870),#9889,.T.);
#9870 = FACE_BOUND('',#9871,.T.);
#9871 = EDGE_LOOP('',(#9872,#9881,#9887,#9888));
#9872 = ORIENTED_EDGE('',*,*,#9873,.F.);
#9873 = EDGE_CURVE('',#9874,#9850,#9876,.T.);
#9874 = VERTEX_POINT('',#9875);
#9875 = CARTESIAN_POINT('',(-13.71720031641,-50.7,158.95528011978));
#9876 = CIRCLE('',#9877,0.15);
#9877 = AXIS2_PLACEMENT_3D('',#9878,#9879,#9880);
#9878 = CARTESIAN_POINT('',(-13.6388255317,-50.7,159.08317614443));
#9879 = DIRECTION('',(0.,-1.,0.));
#9880 = DIRECTION('',(-0.522498564716,-0.,-0.852640164354));
#9881 = ORIENTED_EDGE('',*,*,#9882,.T.);
#9882 = EDGE_CURVE('',#9874,#4440,#9883,.T.);
#9883 = LINE('',#9884,#9885);
#9884 = CARTESIAN_POINT('',(-13.71720031641,-50.8,158.95528011978));
#9885 = VECTOR('',#9886,1.);
#9886 = DIRECTION('',(0.,1.,0.));
#9887 = ORIENTED_EDGE('',*,*,#4447,.T.);
#9888 = ORIENTED_EDGE('',*,*,#9858,.F.);
#9889 = CYLINDRICAL_SURFACE('',#9890,0.15);
#9890 = AXIS2_PLACEMENT_3D('',#9891,#9892,#9893);
#9891 = CARTESIAN_POINT('',(-13.6388255317,-50.8,159.08317614443));
#9892 = DIRECTION('',(0.,-1.,0.));
#9893 = DIRECTION('',(-0.522498564716,-0.,-0.852640164354));
#9894 = ADVANCED_FACE('',(#9895),#9913,.T.);
#9895 = FACE_BOUND('',#9896,.T.);
#9896 = EDGE_LOOP('',(#9897,#9905,#9911,#9912));
#9897 = ORIENTED_EDGE('',*,*,#9898,.F.);
#9898 = EDGE_CURVE('',#9899,#9874,#9901,.T.);
#9899 = VERTEX_POINT('',#9900);
#9900 = CARTESIAN_POINT('',(-14.19344066524,-50.7,159.27349374738));
#9901 = LINE('',#9902,#9903);
#9902 = CARTESIAN_POINT('',(-14.07438057803,-50.7,159.19394034048));
#9903 = VECTOR('',#9904,1.);
#9904 = DIRECTION('',(0.831469612303,0.,-0.55557023302));
#9905 = ORIENTED_EDGE('',*,*,#9906,.T.);
#9906 = EDGE_CURVE('',#9899,#4431,#9907,.T.);
#9907 = LINE('',#9908,#9909);
#9908 = CARTESIAN_POINT('',(-14.19344066524,-50.8,159.27349374738));
#9909 = VECTOR('',#9910,1.);
#9910 = DIRECTION('',(0.,1.,0.));
#9911 = ORIENTED_EDGE('',*,*,#4439,.T.);
#9912 = ORIENTED_EDGE('',*,*,#9882,.F.);
#9913 = PLANE('',#9914);
#9914 = AXIS2_PLACEMENT_3D('',#9915,#9916,#9917);
#9915 = CARTESIAN_POINT('',(-14.19344066524,-50.8,159.27349374738));
#9916 = DIRECTION('',(-0.55557023302,0.,-0.831469612303));
#9917 = DIRECTION('',(0.831469612303,0.,-0.55557023302));
#9918 = ADVANCED_FACE('',(#9919),#9938,.T.);
#9919 = FACE_BOUND('',#9920,.T.);
#9920 = EDGE_LOOP('',(#9921,#9930,#9936,#9937));
#9921 = ORIENTED_EDGE('',*,*,#9922,.F.);
#9922 = EDGE_CURVE('',#9923,#9899,#9925,.T.);
#9923 = VERTEX_POINT('',#9924);
#9924 = CARTESIAN_POINT('',(-14.22662542655,-50.7,159.48301408438));
#9925 = CIRCLE('',#9926,0.15);
#9926 = AXIS2_PLACEMENT_3D('',#9927,#9928,#9929);
#9927 = CARTESIAN_POINT('',(-14.1052728774,-50.7,159.39484629654));
#9928 = DIRECTION('',(0.,-1.,-0.));
#9929 = DIRECTION('',(-0.809016994375,-0.,0.587785252292));
#9930 = ORIENTED_EDGE('',*,*,#9931,.T.);
#9931 = EDGE_CURVE('',#9923,#4422,#9932,.T.);
#9932 = LINE('',#9933,#9934);
#9933 = CARTESIAN_POINT('',(-14.22662542655,-50.8,159.48301408438));
#9934 = VECTOR('',#9935,1.);
#9935 = DIRECTION('',(0.,1.,0.));
#9936 = ORIENTED_EDGE('',*,*,#4430,.T.);
#9937 = ORIENTED_EDGE('',*,*,#9906,.F.);
#9938 = CYLINDRICAL_SURFACE('',#9939,0.15);
#9939 = AXIS2_PLACEMENT_3D('',#9940,#9941,#9942);
#9940 = CARTESIAN_POINT('',(-14.1052728774,-50.8,159.39484629654));
#9941 = DIRECTION('',(0.,-1.,-0.));
#9942 = DIRECTION('',(-0.809016994375,-0.,0.587785252292));
#9943 = ADVANCED_FACE('',(#9944),#9963,.F.);
#9944 = FACE_BOUND('',#9945,.T.);
#9945 = EDGE_LOOP('',(#9946,#9947,#9956,#9962));
#9946 = ORIENTED_EDGE('',*,*,#9931,.F.);
#9947 = ORIENTED_EDGE('',*,*,#9948,.T.);
#9948 = EDGE_CURVE('',#9923,#9949,#9951,.T.);
#9949 = VERTEX_POINT('',#9950);
#9950 = CARTESIAN_POINT('',(-14.1292883134,-50.7,159.84491832425));
#9951 = CIRCLE('',#9952,1.469292842572);
#9952 = AXIS2_PLACEMENT_3D('',#9953,#9954,#9955);
#9953 = CARTESIAN_POINT('',(-15.58524027994,-50.7,160.04246661801));
#9954 = DIRECTION('',(0.,-1.,-0.));
#9955 = DIRECTION('',(0.990920206205,0.,-0.134451273455));
#9956 = ORIENTED_EDGE('',*,*,#9957,.T.);
#9957 = EDGE_CURVE('',#9949,#4413,#9958,.T.);
#9958 = LINE('',#9959,#9960);
#9959 = CARTESIAN_POINT('',(-14.1292883134,-50.8,159.84491832425));
#9960 = VECTOR('',#9961,1.);
#9961 = DIRECTION('',(0.,1.,0.));
#9962 = ORIENTED_EDGE('',*,*,#4421,.F.);
#9963 = CYLINDRICAL_SURFACE('',#9964,1.469292842572);
#9964 = AXIS2_PLACEMENT_3D('',#9965,#9966,#9967);
#9965 = CARTESIAN_POINT('',(-15.58524027994,-50.8,160.04246661801));
#9966 = DIRECTION('',(-0.,-1.,-0.));
#9967 = DIRECTION('',(0.990920206205,0.,-0.134451273455));
#9968 = ADVANCED_FACE('',(#9969),#9988,.F.);
#9969 = FACE_BOUND('',#9970,.T.);
#9970 = EDGE_LOOP('',(#9971,#9972,#9981,#9987));
#9971 = ORIENTED_EDGE('',*,*,#9957,.F.);
#9972 = ORIENTED_EDGE('',*,*,#9973,.T.);
#9973 = EDGE_CURVE('',#9949,#9974,#9976,.T.);
#9974 = VERTEX_POINT('',#9975);
#9975 = CARTESIAN_POINT('',(-14.80243155691,-50.7,160.3339855181));
#9976 = CIRCLE('',#9977,0.471154273188);
#9977 = AXIS2_PLACEMENT_3D('',#9978,#9979,#9980);
#9978 = CARTESIAN_POINT('',(-14.59585115542,-50.7,159.91053435578));
#9979 = DIRECTION('',(-0.,-1.,0.));
#9980 = DIRECTION('',(-0.438455964952,0.,0.898752672763));
#9981 = ORIENTED_EDGE('',*,*,#9982,.T.);
#9982 = EDGE_CURVE('',#9974,#4404,#9983,.T.);
#9983 = LINE('',#9984,#9985);
#9984 = CARTESIAN_POINT('',(-14.80243155691,-50.8,160.3339855181));
#9985 = VECTOR('',#9986,1.);
#9986 = DIRECTION('',(0.,1.,0.));
#9987 = ORIENTED_EDGE('',*,*,#4412,.F.);
#9988 = CYLINDRICAL_SURFACE('',#9989,0.471154273188);
#9989 = AXIS2_PLACEMENT_3D('',#9990,#9991,#9992);
#9990 = CARTESIAN_POINT('',(-14.59585115542,-50.8,159.91053435578));
#9991 = DIRECTION('',(-0.,-1.,-0.));
#9992 = DIRECTION('',(-0.438455964952,0.,0.898752672763));
#9993 = ADVANCED_FACE('',(#9994),#10013,.F.);
#9994 = FACE_BOUND('',#9995,.T.);
#9995 = EDGE_LOOP('',(#9996,#9997,#10006,#10012));
#9996 = ORIENTED_EDGE('',*,*,#9982,.F.);
#9997 = ORIENTED_EDGE('',*,*,#9998,.T.);
#9998 = EDGE_CURVE('',#9974,#9999,#10001,.T.);
#9999 = VERTEX_POINT('',#10000);
#10000 = CARTESIAN_POINT('',(-15.11654412036,-50.7,160.1295778619));
#10001 = CIRCLE('',#10002,1.469292842572);
#10002 = AXIS2_PLACEMENT_3D('',#10003,#10004,#10005);
#10003 = CARTESIAN_POINT('',(-14.16463806419,-50.7,159.01033869289));
#10004 = DIRECTION('',(-0.,-1.,0.));
#10005 = DIRECTION('',(-0.647866802719,0.,0.761753638609));
#10006 = ORIENTED_EDGE('',*,*,#10007,.T.);
#10007 = EDGE_CURVE('',#9999,#4395,#10008,.T.);
#10008 = LINE('',#10009,#10010);
#10009 = CARTESIAN_POINT('',(-15.11654412036,-50.8,160.1295778619));
#10010 = VECTOR('',#10011,1.);
#10011 = DIRECTION('',(0.,1.,0.));
#10012 = ORIENTED_EDGE('',*,*,#4403,.F.);
#10013 = CYLINDRICAL_SURFACE('',#10014,1.469292842572);
#10014 = AXIS2_PLACEMENT_3D('',#10015,#10016,#10017);
#10015 = CARTESIAN_POINT('',(-14.16463806419,-50.8,159.01033869289));
#10016 = DIRECTION('',(-0.,-1.,-0.));
#10017 = DIRECTION('',(-0.647866802719,0.,0.761753638609));
#10018 = ADVANCED_FACE('',(#10019),#10038,.T.);
#10019 = FACE_BOUND('',#10020,.T.);
#10020 = EDGE_LOOP('',(#10021,#10030,#10036,#10037));
#10021 = ORIENTED_EDGE('',*,*,#10022,.F.);
#10022 = EDGE_CURVE('',#10023,#9999,#10025,.T.);
#10023 = VERTEX_POINT('',#10024);
#10024 = CARTESIAN_POINT('',(-15.32606445736,-50.7,160.09639310059));
#10025 = CIRCLE('',#10026,0.15);
#10026 = AXIS2_PLACEMENT_3D('',#10027,#10028,#10029);
#10027 = CARTESIAN_POINT('',(-15.23789666952,-50.7,160.21774564975));
#10028 = DIRECTION('',(0.,-1.,0.));
#10029 = DIRECTION('',(-0.587785252292,-0.,-0.809016994375));
#10030 = ORIENTED_EDGE('',*,*,#10031,.T.);
#10031 = EDGE_CURVE('',#10023,#4387,#10032,.T.);
#10032 = LINE('',#10033,#10034);
#10033 = CARTESIAN_POINT('',(-15.32606445736,-50.8,160.09639310059));
#10034 = VECTOR('',#10035,1.);
#10035 = DIRECTION('',(0.,1.,0.));
#10036 = ORIENTED_EDGE('',*,*,#4394,.T.);
#10037 = ORIENTED_EDGE('',*,*,#10007,.F.);
#10038 = CYLINDRICAL_SURFACE('',#10039,0.15);
#10039 = AXIS2_PLACEMENT_3D('',#10040,#10041,#10042);
#10040 = CARTESIAN_POINT('',(-15.23789666952,-50.8,160.21774564975));
#10041 = DIRECTION('',(0.,-1.,0.));
#10042 = DIRECTION('',(-0.587785252292,-0.,-0.809016994375));
#10043 = ADVANCED_FACE('',(#10044),#10062,.T.);
#10044 = FACE_BOUND('',#10045,.T.);
#10045 = EDGE_LOOP('',(#10046,#10054,#10060,#10061));
#10046 = ORIENTED_EDGE('',*,*,#10047,.F.);
#10047 = EDGE_CURVE('',#10048,#10023,#10050,.T.);
#10048 = VERTEX_POINT('',#10049);
#10049 = CARTESIAN_POINT('',(-15.77586996267,-50.7,160.4509911689));
#10050 = LINE('',#10051,#10052);
#10051 = CARTESIAN_POINT('',(-15.66341858634,-50.7,160.36234165182));
#10052 = VECTOR('',#10053,1.);
#10053 = DIRECTION('',(0.785316930881,0.,-0.61909394931));
#10054 = ORIENTED_EDGE('',*,*,#10055,.T.);
#10055 = EDGE_CURVE('',#10048,#4378,#10056,.T.);
#10056 = LINE('',#10057,#10058);
#10057 = CARTESIAN_POINT('',(-15.77586996267,-50.8,160.4509911689));
#10058 = VECTOR('',#10059,1.);
#10059 = DIRECTION('',(0.,1.,0.));
#10060 = ORIENTED_EDGE('',*,*,#4386,.T.);
#10061 = ORIENTED_EDGE('',*,*,#10031,.F.);
#10062 = PLANE('',#10063);
#10063 = AXIS2_PLACEMENT_3D('',#10064,#10065,#10066);
#10064 = CARTESIAN_POINT('',(-15.77586996267,-50.8,160.4509911689));
#10065 = DIRECTION('',(-0.61909394931,0.,-0.785316930881));
#10066 = DIRECTION('',(0.785316930881,0.,-0.61909394931));
#10067 = ADVANCED_FACE('',(#10068),#10087,.T.);
#10068 = FACE_BOUND('',#10069,.T.);
#10069 = EDGE_LOOP('',(#10070,#10079,#10085,#10086));
#10070 = ORIENTED_EDGE('',*,*,#10071,.F.);
#10071 = EDGE_CURVE('',#10072,#10048,#10074,.T.);
#10072 = VERTEX_POINT('',#10073);
#10073 = CARTESIAN_POINT('',(-15.79251365026,-50.7,160.66246927099));
#10074 = CIRCLE('',#10075,0.15);
#10075 = AXIS2_PLACEMENT_3D('',#10076,#10077,#10078);
#10076 = CARTESIAN_POINT('',(-15.67845275542,-50.7,160.56505206374));
#10077 = DIRECTION('',(0.,-1.,-0.));
#10078 = DIRECTION('',(-0.7604059656,-0.,0.64944804833));
#10079 = ORIENTED_EDGE('',*,*,#10080,.T.);
#10080 = EDGE_CURVE('',#10072,#4369,#10081,.T.);
#10081 = LINE('',#10082,#10083);
#10082 = CARTESIAN_POINT('',(-15.79251365026,-50.8,160.66246927099));
#10083 = VECTOR('',#10084,1.);
#10084 = DIRECTION('',(0.,1.,0.));
#10085 = ORIENTED_EDGE('',*,*,#4377,.T.);
#10086 = ORIENTED_EDGE('',*,*,#10055,.F.);
#10087 = CYLINDRICAL_SURFACE('',#10088,0.15);
#10088 = AXIS2_PLACEMENT_3D('',#10089,#10090,#10091);
#10089 = CARTESIAN_POINT('',(-15.67845275542,-50.8,160.56505206374));
#10090 = DIRECTION('',(0.,-1.,-0.));
#10091 = DIRECTION('',(-0.7604059656,-0.,0.64944804833));
#10092 = ADVANCED_FACE('',(#10093),#10112,.F.);
#10093 = FACE_BOUND('',#10094,.T.);
#10094 = EDGE_LOOP('',(#10095,#10096,#10105,#10111));
#10095 = ORIENTED_EDGE('',*,*,#10080,.F.);
#10096 = ORIENTED_EDGE('',*,*,#10097,.T.);
#10097 = EDGE_CURVE('',#10072,#10098,#10100,.T.);
#10098 = VERTEX_POINT('',#10099);
#10099 = CARTESIAN_POINT('',(-15.66708191554,-50.7,161.01562089898));
#10100 = CIRCLE('',#10101,1.469292842572);
#10101 = AXIS2_PLACEMENT_3D('',#10102,#10103,#10104);
#10102 = CARTESIAN_POINT('',(-17.10304620758,-50.7,161.326792892));
#10103 = DIRECTION('',(0.,-1.,-0.));
#10104 = DIRECTION('',(0.977316604578,0.,-0.211783508367));
#10105 = ORIENTED_EDGE('',*,*,#10106,.T.);
#10106 = EDGE_CURVE('',#10098,#4360,#10107,.T.);
#10107 = LINE('',#10108,#10109);
#10108 = CARTESIAN_POINT('',(-15.66708191554,-50.8,161.01562089898));
#10109 = VECTOR('',#10110,1.);
#10110 = DIRECTION('',(0.,1.,0.));
#10111 = ORIENTED_EDGE('',*,*,#4368,.F.);
#10112 = CYLINDRICAL_SURFACE('',#10113,1.469292842572);
#10113 = AXIS2_PLACEMENT_3D('',#10114,#10115,#10116);
#10114 = CARTESIAN_POINT('',(-17.10304620758,-50.8,161.326792892));
#10115 = DIRECTION('',(-0.,-1.,-0.));
#10116 = DIRECTION('',(0.977316604578,0.,-0.211783508367));
#10117 = ADVANCED_FACE('',(#10118),#10137,.F.);
#10118 = FACE_BOUND('',#10119,.T.);
#10119 = EDGE_LOOP('',(#10120,#10121,#10130,#10136));
#10120 = ORIENTED_EDGE('',*,*,#10106,.F.);
#10121 = ORIENTED_EDGE('',*,*,#10122,.T.);
#10122 = EDGE_CURVE('',#10098,#10123,#10125,.T.);
#10123 = VERTEX_POINT('',#10124);
#10124 = CARTESIAN_POINT('',(-16.2997783133,-50.7,161.55599467207));
#10125 = CIRCLE('',#10126,0.471154273188);
#10126 = AXIS2_PLACEMENT_3D('',#10127,#10128,#10129);
#10127 = CARTESIAN_POINT('',(-16.12705832552,-50.7,161.11764075688));
#10128 = DIRECTION('',(-0.,-1.,0.));
#10129 = DIRECTION('',(-0.366589029551,0.,0.930382976743));
#10130 = ORIENTED_EDGE('',*,*,#10131,.T.);
#10131 = EDGE_CURVE('',#10123,#4351,#10132,.T.);
#10132 = LINE('',#10133,#10134);
#10133 = CARTESIAN_POINT('',(-16.2997783133,-50.8,161.55599467207));
#10134 = VECTOR('',#10135,1.);
#10135 = DIRECTION('',(0.,1.,0.));
#10136 = ORIENTED_EDGE('',*,*,#4359,.F.);
#10137 = CYLINDRICAL_SURFACE('',#10138,0.471154273188);
#10138 = AXIS2_PLACEMENT_3D('',#10139,#10140,#10141);
#10139 = CARTESIAN_POINT('',(-16.12705832552,-50.8,161.11764075688));
#10140 = DIRECTION('',(-0.,-1.,-0.));
#10141 = DIRECTION('',(-0.366589029551,0.,0.930382976743));
#10142 = ADVANCED_FACE('',(#10143),#10162,.F.);
#10143 = FACE_BOUND('',#10144,.T.);
#10144 = EDGE_LOOP('',(#10145,#10146,#10155,#10161));
#10145 = ORIENTED_EDGE('',*,*,#10131,.F.);
#10146 = ORIENTED_EDGE('',*,*,#10147,.T.);
#10147 = EDGE_CURVE('',#10123,#10148,#10150,.T.);
#10148 = VERTEX_POINT('',#10149);
#10149 = CARTESIAN_POINT('',(-16.62896021242,-50.7,161.37686212415));
#10150 = CIRCLE('',#10151,1.469292842572);
#10151 = AXIS2_PLACEMENT_3D('',#10152,#10153,#10154);
#10152 = CARTESIAN_POINT('',(-15.76780305804,-50.7,160.18638750758));
#10153 = DIRECTION('',(-0.,-1.,0.));
#10154 = DIRECTION('',(-0.586103143928,0.,0.810236449857));
#10155 = ORIENTED_EDGE('',*,*,#10156,.T.);
#10156 = EDGE_CURVE('',#10148,#4342,#10157,.T.);
#10157 = LINE('',#10158,#10159);
#10158 = CARTESIAN_POINT('',(-16.62896021242,-50.8,161.37686212415));
#10159 = VECTOR('',#10160,1.);
#10160 = DIRECTION('',(0.,1.,0.));
#10161 = ORIENTED_EDGE('',*,*,#4350,.F.);
#10162 = CYLINDRICAL_SURFACE('',#10163,1.469292842572);
#10163 = AXIS2_PLACEMENT_3D('',#10164,#10165,#10166);
#10164 = CARTESIAN_POINT('',(-15.76780305804,-50.8,160.18638750758));
#10165 = DIRECTION('',(-0.,-1.,-0.));
#10166 = DIRECTION('',(-0.586103143928,0.,0.810236449857));
#10167 = ADVANCED_FACE('',(#10168),#10187,.T.);
#10168 = FACE_BOUND('',#10169,.T.);
#10169 = EDGE_LOOP('',(#10170,#10179,#10185,#10186));
#10170 = ORIENTED_EDGE('',*,*,#10171,.F.);
#10171 = EDGE_CURVE('',#10172,#10148,#10174,.T.);
#10172 = VERTEX_POINT('',#10173);
#10173 = CARTESIAN_POINT('',(-16.84043831451,-50.7,161.36021843656));
#10174 = CIRCLE('',#10175,0.15);
#10175 = AXIS2_PLACEMENT_3D('',#10176,#10177,#10178);
#10176 = CARTESIAN_POINT('',(-16.74302110726,-50.7,161.4742793314));
#10177 = DIRECTION('',(0.,-1.,0.));
#10178 = DIRECTION('',(-0.64944804833,-0.,-0.7604059656));
#10179 = ORIENTED_EDGE('',*,*,#10180,.T.);
#10180 = EDGE_CURVE('',#10172,#4334,#10181,.T.);
#10181 = LINE('',#10182,#10183);
#10182 = CARTESIAN_POINT('',(-16.84043831451,-50.8,161.36021843656));
#10183 = VECTOR('',#10184,1.);
#10184 = DIRECTION('',(0.,1.,0.));
#10185 = ORIENTED_EDGE('',*,*,#4341,.T.);
#10186 = ORIENTED_EDGE('',*,*,#10156,.F.);
#10187 = CYLINDRICAL_SURFACE('',#10188,0.15);
#10188 = AXIS2_PLACEMENT_3D('',#10189,#10190,#10191);
#10189 = CARTESIAN_POINT('',(-16.74302110726,-50.8,161.4742793314));
#10190 = DIRECTION('',(0.,-1.,0.));
#10191 = DIRECTION('',(-0.64944804833,-0.,-0.7604059656));
#10192 = ADVANCED_FACE('',(#10193),#10211,.T.);
#10193 = FACE_BOUND('',#10194,.T.);
#10194 = EDGE_LOOP('',(#10195,#10203,#10209,#10210));
#10195 = ORIENTED_EDGE('',*,*,#10196,.F.);
#10196 = EDGE_CURVE('',#10197,#10172,#10199,.T.);
#10197 = VERTEX_POINT('',#10198);
#10198 = CARTESIAN_POINT('',(-17.26103577577,-50.7,161.74901473056));
#10199 = LINE('',#10200,#10201);
#10200 = CARTESIAN_POINT('',(-17.15588641045,-50.7,161.65181565706));
#10201 = VECTOR('',#10202,1.);
#10202 = DIRECTION('',(0.734322509436,0.,-0.678800745533));
#10203 = ORIENTED_EDGE('',*,*,#10204,.T.);
#10204 = EDGE_CURVE('',#10197,#4325,#10205,.T.);
#10205 = LINE('',#10206,#10207);
#10206 = CARTESIAN_POINT('',(-17.26103577577,-50.8,161.74901473056));
#10207 = VECTOR('',#10208,1.);
#10208 = DIRECTION('',(0.,1.,0.));
#10209 = ORIENTED_EDGE('',*,*,#4333,.T.);
#10210 = ORIENTED_EDGE('',*,*,#10180,.F.);
#10211 = PLANE('',#10212);
#10212 = AXIS2_PLACEMENT_3D('',#10213,#10214,#10215);
#10213 = CARTESIAN_POINT('',(-17.26103577577,-50.8,161.74901473056));
#10214 = DIRECTION('',(-0.678800745533,0.,-0.734322509436));
#10215 = DIRECTION('',(0.734322509436,0.,-0.678800745533));
#10216 = ADVANCED_FACE('',(#10217),#10236,.T.);
#10217 = FACE_BOUND('',#10218,.T.);
#10218 = EDGE_LOOP('',(#10219,#10228,#10234,#10235));
#10219 = ORIENTED_EDGE('',*,*,#10220,.F.);
#10220 = EDGE_CURVE('',#10221,#10197,#10223,.T.);
#10221 = VERTEX_POINT('',#10222);
#10222 = CARTESIAN_POINT('',(-17.26103577577,-50.7,161.96114676492));
#10223 = CIRCLE('',#10224,0.15);
#10224 = AXIS2_PLACEMENT_3D('',#10225,#10226,#10227);
#10225 = CARTESIAN_POINT('',(-17.15496975859,-50.7,161.85508074774));
#10226 = DIRECTION('',(0.,-1.,-0.));
#10227 = DIRECTION('',(-0.707106781187,-0.,0.707106781186));
#10228 = ORIENTED_EDGE('',*,*,#10229,.T.);
#10229 = EDGE_CURVE('',#10221,#4316,#10230,.T.);
#10230 = LINE('',#10231,#10232);
#10231 = CARTESIAN_POINT('',(-17.26103577577,-50.8,161.96114676492));
#10232 = VECTOR('',#10233,1.);
#10233 = DIRECTION('',(0.,1.,0.));
#10234 = ORIENTED_EDGE('',*,*,#4324,.T.);
#10235 = ORIENTED_EDGE('',*,*,#10204,.F.);
#10236 = CYLINDRICAL_SURFACE('',#10237,0.15);
#10237 = AXIS2_PLACEMENT_3D('',#10238,#10239,#10240);
#10238 = CARTESIAN_POINT('',(-17.15496975859,-50.8,161.85508074774));
#10239 = DIRECTION('',(0.,-1.,-0.));
#10240 = DIRECTION('',(-0.707106781187,-0.,0.707106781186));
#10241 = ADVANCED_FACE('',(#10242),#10261,.F.);
#10242 = FACE_BOUND('',#10243,.T.);
#10243 = EDGE_LOOP('',(#10244,#10245,#10254,#10260));
#10244 = ORIENTED_EDGE('',*,*,#10229,.F.);
#10245 = ORIENTED_EDGE('',*,*,#10246,.T.);
#10246 = EDGE_CURVE('',#10221,#10247,#10249,.T.);
#10247 = VERTEX_POINT('',#10248);
#10248 = CARTESIAN_POINT('',(-17.10828274784,-50.7,162.30336848382));
#10249 = CIRCLE('',#10250,1.469292842572);
#10250 = AXIS2_PLACEMENT_3D('',#10251,#10252,#10253);
#10251 = CARTESIAN_POINT('',(-18.515406168,-50.7,162.72624569729));
#10252 = DIRECTION('',(0.,-1.,-0.));
#10253 = DIRECTION('',(0.957687521092,0.,-0.287810027525));
#10254 = ORIENTED_EDGE('',*,*,#10255,.T.);
#10255 = EDGE_CURVE('',#10247,#4307,#10256,.T.);
#10256 = LINE('',#10257,#10258);
#10257 = CARTESIAN_POINT('',(-17.10828274784,-50.8,162.30336848382));
#10258 = VECTOR('',#10259,1.);
#10259 = DIRECTION('',(0.,1.,0.));
#10260 = ORIENTED_EDGE('',*,*,#4315,.F.);
#10261 = CYLINDRICAL_SURFACE('',#10262,1.469292842572);
#10262 = AXIS2_PLACEMENT_3D('',#10263,#10264,#10265);
#10263 = CARTESIAN_POINT('',(-18.515406168,-50.8,162.72624569729));
#10264 = DIRECTION('',(-0.,-1.,-0.));
#10265 = DIRECTION('',(0.957687521092,0.,-0.287810027525));
#10266 = ADVANCED_FACE('',(#10267),#10286,.F.);
#10267 = FACE_BOUND('',#10268,.T.);
#10268 = EDGE_LOOP('',(#10269,#10270,#10279,#10285));
#10269 = ORIENTED_EDGE('',*,*,#10255,.F.);
#10270 = ORIENTED_EDGE('',*,*,#10271,.T.);
#10271 = EDGE_CURVE('',#10247,#10272,#10274,.T.);
#10272 = VERTEX_POINT('',#10273);
#10273 = CARTESIAN_POINT('',(-17.69663151617,-50.7,162.89171725215));
#10274 = CIRCLE('',#10275,0.471154273188);
#10275 = AXIS2_PLACEMENT_3D('',#10276,#10277,#10278);
#10276 = CARTESIAN_POINT('',(-17.55883681826,-50.7,162.44116318173));
#10277 = DIRECTION('',(-0.,-1.,0.));
#10278 = DIRECTION('',(-0.29246195088,0.,0.956277160287));
#10279 = ORIENTED_EDGE('',*,*,#10280,.T.);
#10280 = EDGE_CURVE('',#10272,#4298,#10281,.T.);
#10281 = LINE('',#10282,#10283);
#10282 = CARTESIAN_POINT('',(-17.69663151617,-50.8,162.89171725215));
#10283 = VECTOR('',#10284,1.);
#10284 = DIRECTION('',(0.,1.,0.));
#10285 = ORIENTED_EDGE('',*,*,#4306,.F.);
#10286 = CYLINDRICAL_SURFACE('',#10287,0.471154273188);
#10287 = AXIS2_PLACEMENT_3D('',#10288,#10289,#10290);
#10288 = CARTESIAN_POINT('',(-17.55883681826,-50.8,162.44116318173));
#10289 = DIRECTION('',(-0.,-1.,-0.));
#10290 = DIRECTION('',(-0.29246195088,0.,0.956277160287));
#10291 = ADVANCED_FACE('',(#10292),#10311,.F.);
#10292 = FACE_BOUND('',#10293,.T.);
#10293 = EDGE_LOOP('',(#10294,#10295,#10304,#10310));
#10294 = ORIENTED_EDGE('',*,*,#10280,.F.);
#10295 = ORIENTED_EDGE('',*,*,#10296,.T.);
#10296 = EDGE_CURVE('',#10272,#10297,#10299,.T.);
#10297 = VERTEX_POINT('',#10298);
#10298 = CARTESIAN_POINT('',(-18.03885323507,-50.7,162.73896422422));
#10299 = CIRCLE('',#10300,1.469292842571);
#10300 = AXIS2_PLACEMENT_3D('',#10301,#10302,#10303);
#10301 = CARTESIAN_POINT('',(-17.2737543027,-50.7,161.48459383199));
#10302 = DIRECTION('',(-0.,-1.,0.));
#10303 = DIRECTION('',(-0.520725964356,0.,0.853723883961));
#10304 = ORIENTED_EDGE('',*,*,#10305,.T.);
#10305 = EDGE_CURVE('',#10297,#4289,#10306,.T.);
#10306 = LINE('',#10307,#10308);
#10307 = CARTESIAN_POINT('',(-18.03885323507,-50.8,162.73896422422));
#10308 = VECTOR('',#10309,1.);
#10309 = DIRECTION('',(0.,1.,0.));
#10310 = ORIENTED_EDGE('',*,*,#4297,.F.);
#10311 = CYLINDRICAL_SURFACE('',#10312,1.469292842571);
#10312 = AXIS2_PLACEMENT_3D('',#10313,#10314,#10315);
#10313 = CARTESIAN_POINT('',(-17.2737543027,-50.8,161.48459383199));
#10314 = DIRECTION('',(-0.,-1.,-0.));
#10315 = DIRECTION('',(-0.520725964356,0.,0.853723883961));
#10316 = ADVANCED_FACE('',(#10317),#10336,.T.);
#10317 = FACE_BOUND('',#10318,.T.);
#10318 = EDGE_LOOP('',(#10319,#10328,#10334,#10335));
#10319 = ORIENTED_EDGE('',*,*,#10320,.F.);
#10320 = EDGE_CURVE('',#10321,#10297,#10323,.T.);
#10321 = VERTEX_POINT('',#10322);
#10322 = CARTESIAN_POINT('',(-18.25098526943,-50.7,162.73896422422));
#10323 = CIRCLE('',#10324,0.15);
#10324 = AXIS2_PLACEMENT_3D('',#10325,#10326,#10327);
#10325 = CARTESIAN_POINT('',(-18.14491925225,-50.7,162.8450302414));
#10326 = DIRECTION('',(0.,-1.,0.));
#10327 = DIRECTION('',(-0.707106781187,-0.,-0.707106781186));
#10328 = ORIENTED_EDGE('',*,*,#10329,.T.);
#10329 = EDGE_CURVE('',#10321,#4281,#10330,.T.);
#10330 = LINE('',#10331,#10332);
#10331 = CARTESIAN_POINT('',(-18.25098526943,-50.8,162.73896422422));
#10332 = VECTOR('',#10333,1.);
#10333 = DIRECTION('',(0.,1.,0.));
#10334 = ORIENTED_EDGE('',*,*,#4288,.T.);
#10335 = ORIENTED_EDGE('',*,*,#10305,.F.);
#10336 = CYLINDRICAL_SURFACE('',#10337,0.15);
#10337 = AXIS2_PLACEMENT_3D('',#10338,#10339,#10340);
#10338 = CARTESIAN_POINT('',(-18.14491925225,-50.8,162.8450302414));
#10339 = DIRECTION('',(0.,-1.,0.));
#10340 = DIRECTION('',(-0.707106781187,-0.,-0.707106781186));
#10341 = ADVANCED_FACE('',(#10342),#10360,.T.);
#10342 = FACE_BOUND('',#10343,.T.);
#10343 = EDGE_LOOP('',(#10344,#10352,#10358,#10359));
#10344 = ORIENTED_EDGE('',*,*,#10345,.F.);
#10345 = EDGE_CURVE('',#10346,#10321,#10348,.T.);
#10346 = VERTEX_POINT('',#10347);
#10347 = CARTESIAN_POINT('',(-18.63978156343,-50.7,163.15956168548));
#10348 = LINE('',#10349,#10350);
#10349 = CARTESIAN_POINT('',(-18.54258248993,-50.7,163.05441232017));
#10350 = VECTOR('',#10351,1.);
#10351 = DIRECTION('',(0.678800745533,0.,-0.734322509436));
#10352 = ORIENTED_EDGE('',*,*,#10353,.T.);
#10353 = EDGE_CURVE('',#10346,#4272,#10354,.T.);
#10354 = LINE('',#10355,#10356);
#10355 = CARTESIAN_POINT('',(-18.63978156343,-50.8,163.15956168548));
#10356 = VECTOR('',#10357,1.);
#10357 = DIRECTION('',(0.,1.,0.));
#10358 = ORIENTED_EDGE('',*,*,#4280,.T.);
#10359 = ORIENTED_EDGE('',*,*,#10329,.F.);
#10360 = PLANE('',#10361);
#10361 = AXIS2_PLACEMENT_3D('',#10362,#10363,#10364);
#10362 = CARTESIAN_POINT('',(-18.63978156343,-50.8,163.15956168548));
#10363 = DIRECTION('',(-0.734322509436,0.,-0.678800745533));
#10364 = DIRECTION('',(0.678800745533,0.,-0.734322509436));
#10365 = ADVANCED_FACE('',(#10366),#10385,.T.);
#10366 = FACE_BOUND('',#10367,.T.);
#10367 = EDGE_LOOP('',(#10368,#10377,#10383,#10384));
#10368 = ORIENTED_EDGE('',*,*,#10369,.F.);
#10369 = EDGE_CURVE('',#10370,#10346,#10372,.T.);
#10370 = VERTEX_POINT('',#10371);
#10371 = CARTESIAN_POINT('',(-18.62313787584,-50.7,163.37103978757));
#10372 = CIRCLE('',#10373,0.15);
#10373 = AXIS2_PLACEMENT_3D('',#10374,#10375,#10376);
#10374 = CARTESIAN_POINT('',(-18.52572066859,-50.7,163.25697889273));
#10375 = DIRECTION('',(0.,-1.,-0.));
#10376 = DIRECTION('',(-0.64944804833,-0.,0.7604059656));
#10377 = ORIENTED_EDGE('',*,*,#10378,.T.);
#10378 = EDGE_CURVE('',#10370,#4263,#10379,.T.);
#10379 = LINE('',#10380,#10381);
#10380 = CARTESIAN_POINT('',(-18.62313787584,-50.8,163.37103978757));
#10381 = VECTOR('',#10382,1.);
#10382 = DIRECTION('',(0.,1.,0.));
#10383 = ORIENTED_EDGE('',*,*,#4271,.T.);
#10384 = ORIENTED_EDGE('',*,*,#10353,.F.);
#10385 = CYLINDRICAL_SURFACE('',#10386,0.15);
#10386 = AXIS2_PLACEMENT_3D('',#10387,#10388,#10389);
#10387 = CARTESIAN_POINT('',(-18.52572066859,-50.8,163.25697889273));
#10388 = DIRECTION('',(0.,-1.,-0.));
#10389 = DIRECTION('',(-0.64944804833,-0.,0.7604059656));
#10390 = ADVANCED_FACE('',(#10391),#10410,.F.);
#10391 = FACE_BOUND('',#10392,.T.);
#10392 = EDGE_LOOP('',(#10393,#10394,#10403,#10409));
#10393 = ORIENTED_EDGE('',*,*,#10378,.F.);
#10394 = ORIENTED_EDGE('',*,*,#10395,.T.);
#10395 = EDGE_CURVE('',#10370,#10396,#10398,.T.);
#10396 = VERTEX_POINT('',#10397);
#10397 = CARTESIAN_POINT('',(-18.44400532792,-50.7,163.70022168669));
#10398 = CIRCLE('',#10399,1.469292842573);
#10399 = AXIS2_PLACEMENT_3D('',#10400,#10401,#10402);
#10400 = CARTESIAN_POINT('',(-19.81361249241,-50.7,164.23219694196));
#10401 = DIRECTION('',(0.,-1.,-0.));
#10402 = DIRECTION('',(0.932153975576,0.,-0.362062102157));
#10403 = ORIENTED_EDGE('',*,*,#10404,.T.);
#10404 = EDGE_CURVE('',#10396,#4254,#10405,.T.);
#10405 = LINE('',#10406,#10407);
#10406 = CARTESIAN_POINT('',(-18.44400532792,-50.8,163.70022168669));
#10407 = VECTOR('',#10408,1.);
#10408 = DIRECTION('',(0.,1.,0.));
#10409 = ORIENTED_EDGE('',*,*,#4262,.F.);
#10410 = CYLINDRICAL_SURFACE('',#10411,1.469292842573);
#10411 = AXIS2_PLACEMENT_3D('',#10412,#10413,#10414);
#10412 = CARTESIAN_POINT('',(-19.81361249241,-50.8,164.23219694196));
#10413 = DIRECTION('',(-0.,-1.,-0.));
#10414 = DIRECTION('',(0.932153975576,0.,-0.362062102157));
#10415 = ADVANCED_FACE('',(#10416),#10435,.F.);
#10416 = FACE_BOUND('',#10417,.T.);
#10417 = EDGE_LOOP('',(#10418,#10419,#10428,#10434));
#10418 = ORIENTED_EDGE('',*,*,#10404,.F.);
#10419 = ORIENTED_EDGE('',*,*,#10420,.T.);
#10420 = EDGE_CURVE('',#10396,#10421,#10423,.T.);
#10421 = VERTEX_POINT('',#10422);
#10422 = CARTESIAN_POINT('',(-18.98437910101,-50.7,164.33291808445));
#10423 = CIRCLE('',#10424,0.471154273188);
#10424 = AXIS2_PLACEMENT_3D('',#10425,#10426,#10427);
#10425 = CARTESIAN_POINT('',(-18.88235924311,-50.7,163.87294167447));
#10426 = DIRECTION('',(-0.,-1.,0.));
#10427 = DIRECTION('',(-0.216531747029,0.,0.976275577144));
#10428 = ORIENTED_EDGE('',*,*,#10429,.T.);
#10429 = EDGE_CURVE('',#10421,#4245,#10430,.T.);
#10430 = LINE('',#10431,#10432);
#10431 = CARTESIAN_POINT('',(-18.98437910101,-50.8,164.33291808445));
#10432 = VECTOR('',#10433,1.);
#10433 = DIRECTION('',(0.,1.,0.));
#10434 = ORIENTED_EDGE('',*,*,#4253,.F.);
#10435 = CYLINDRICAL_SURFACE('',#10436,0.471154273188);
#10436 = AXIS2_PLACEMENT_3D('',#10437,#10438,#10439);
#10437 = CARTESIAN_POINT('',(-18.88235924311,-50.8,163.87294167447));
#10438 = DIRECTION('',(-0.,-1.,-0.));
#10439 = DIRECTION('',(-0.216531747029,0.,0.976275577144));
#10440 = ADVANCED_FACE('',(#10441),#10460,.F.);
#10441 = FACE_BOUND('',#10442,.T.);
#10442 = EDGE_LOOP('',(#10443,#10444,#10453,#10459));
#10443 = ORIENTED_EDGE('',*,*,#10429,.F.);
#10444 = ORIENTED_EDGE('',*,*,#10445,.T.);
#10445 = EDGE_CURVE('',#10421,#10446,#10448,.T.);
#10446 = VERTEX_POINT('',#10447);
#10447 = CARTESIAN_POINT('',(-19.337530729,-50.7,164.20748634973));
#10448 = CIRCLE('',#10449,1.469292842573);
#10449 = AXIS2_PLACEMENT_3D('',#10450,#10451,#10452);
#10450 = CARTESIAN_POINT('',(-18.67320710799,-50.7,162.89695379241));
#10451 = DIRECTION('',(-0.,-1.,0.));
#10452 = DIRECTION('',(-0.452138336054,0.,0.891947826428));
#10453 = ORIENTED_EDGE('',*,*,#10454,.T.);
#10454 = EDGE_CURVE('',#10446,#4236,#10455,.T.);
#10455 = LINE('',#10456,#10457);
#10456 = CARTESIAN_POINT('',(-19.337530729,-50.8,164.20748634973));
#10457 = VECTOR('',#10458,1.);
#10458 = DIRECTION('',(0.,1.,0.));
#10459 = ORIENTED_EDGE('',*,*,#4244,.F.);
#10460 = CYLINDRICAL_SURFACE('',#10461,1.469292842573);
#10461 = AXIS2_PLACEMENT_3D('',#10462,#10463,#10464);
#10462 = CARTESIAN_POINT('',(-18.67320710799,-50.8,162.89695379241));
#10463 = DIRECTION('',(-0.,-1.,-0.));
#10464 = DIRECTION('',(-0.452138336054,0.,0.891947826428));
#10465 = ADVANCED_FACE('',(#10466),#10485,.T.);
#10466 = FACE_BOUND('',#10467,.T.);
#10467 = EDGE_LOOP('',(#10468,#10477,#10483,#10484));
#10468 = ORIENTED_EDGE('',*,*,#10469,.F.);
#10469 = EDGE_CURVE('',#10470,#10446,#10472,.T.);
#10470 = VERTEX_POINT('',#10471);
#10471 = CARTESIAN_POINT('',(-19.54900883109,-50.7,164.22413003732));
#10472 = CIRCLE('',#10473,0.15);
#10473 = AXIS2_PLACEMENT_3D('',#10474,#10475,#10476);
#10474 = CARTESIAN_POINT('',(-19.43494793625,-50.7,164.32154724457));
#10475 = DIRECTION('',(0.,-1.,0.));
#10476 = DIRECTION('',(-0.7604059656,-0.,-0.64944804833));
#10477 = ORIENTED_EDGE('',*,*,#10478,.T.);
#10478 = EDGE_CURVE('',#10470,#4228,#10479,.T.);
#10479 = LINE('',#10480,#10481);
#10480 = CARTESIAN_POINT('',(-19.54900883109,-50.8,164.22413003732));
#10481 = VECTOR('',#10482,1.);
#10482 = DIRECTION('',(0.,1.,0.));
#10483 = ORIENTED_EDGE('',*,*,#4235,.T.);
#10484 = ORIENTED_EDGE('',*,*,#10454,.F.);
#10485 = CYLINDRICAL_SURFACE('',#10486,0.15);
#10486 = AXIS2_PLACEMENT_3D('',#10487,#10488,#10489);
#10487 = CARTESIAN_POINT('',(-19.43494793625,-50.8,164.32154724457));
#10488 = DIRECTION('',(0.,-1.,0.));
#10489 = DIRECTION('',(-0.7604059656,-0.,-0.64944804833));
#10490 = ADVANCED_FACE('',(#10491),#10509,.T.);
#10491 = FACE_BOUND('',#10492,.T.);
#10492 = EDGE_LOOP('',(#10493,#10501,#10507,#10508));
#10493 = ORIENTED_EDGE('',*,*,#10494,.F.);
#10494 = EDGE_CURVE('',#10495,#10470,#10497,.T.);
#10495 = VERTEX_POINT('',#10496);
#10496 = CARTESIAN_POINT('',(-19.9036068994,-50.7,164.67393554263));
#10497 = LINE('',#10498,#10499);
#10498 = CARTESIAN_POINT('',(-19.81495738232,-50.7,164.5614841663));
#10499 = VECTOR('',#10500,1.);
#10500 = DIRECTION('',(0.61909394931,0.,-0.785316930881));
#10501 = ORIENTED_EDGE('',*,*,#10502,.T.);
#10502 = EDGE_CURVE('',#10495,#4219,#10503,.T.);
#10503 = LINE('',#10504,#10505);
#10504 = CARTESIAN_POINT('',(-19.9036068994,-50.8,164.67393554263));
#10505 = VECTOR('',#10506,1.);
#10506 = DIRECTION('',(0.,1.,0.));
#10507 = ORIENTED_EDGE('',*,*,#4227,.T.);
#10508 = ORIENTED_EDGE('',*,*,#10478,.F.);
#10509 = PLANE('',#10510);
#10510 = AXIS2_PLACEMENT_3D('',#10511,#10512,#10513);
#10511 = CARTESIAN_POINT('',(-19.9036068994,-50.8,164.67393554263));
#10512 = DIRECTION('',(-0.785316930881,0.,-0.61909394931));
#10513 = DIRECTION('',(0.61909394931,0.,-0.785316930881));
#10514 = ADVANCED_FACE('',(#10515),#10534,.T.);
#10515 = FACE_BOUND('',#10516,.T.);
#10516 = EDGE_LOOP('',(#10517,#10526,#10532,#10533));
#10517 = ORIENTED_EDGE('',*,*,#10518,.F.);
#10518 = EDGE_CURVE('',#10519,#10495,#10521,.T.);
#10519 = VERTEX_POINT('',#10520);
#10520 = CARTESIAN_POINT('',(-19.87042213809,-50.7,164.88345587963));
#10521 = CIRCLE('',#10522,0.15);
#10522 = AXIS2_PLACEMENT_3D('',#10523,#10524,#10525);
#10523 = CARTESIAN_POINT('',(-19.78225435025,-50.7,164.76210333047));
#10524 = DIRECTION('',(0.,-1.,-0.));
#10525 = DIRECTION('',(-0.587785252293,-0.,0.809016994375));
#10526 = ORIENTED_EDGE('',*,*,#10527,.T.);
#10527 = EDGE_CURVE('',#10519,#4210,#10528,.T.);
#10528 = LINE('',#10529,#10530);
#10529 = CARTESIAN_POINT('',(-19.87042213809,-50.8,164.88345587963));
#10530 = VECTOR('',#10531,1.);
#10531 = DIRECTION('',(0.,1.,0.));
#10532 = ORIENTED_EDGE('',*,*,#4218,.T.);
#10533 = ORIENTED_EDGE('',*,*,#10502,.F.);
#10534 = CYLINDRICAL_SURFACE('',#10535,0.15);
#10535 = AXIS2_PLACEMENT_3D('',#10536,#10537,#10538);
#10536 = CARTESIAN_POINT('',(-19.78225435025,-50.8,164.76210333047));
#10537 = DIRECTION('',(0.,-1.,-0.));
#10538 = DIRECTION('',(-0.587785252293,-0.,0.809016994375));
#10539 = ADVANCED_FACE('',(#10540),#10559,.F.);
#10540 = FACE_BOUND('',#10541,.T.);
#10541 = EDGE_LOOP('',(#10542,#10543,#10552,#10558));
#10542 = ORIENTED_EDGE('',*,*,#10527,.F.);
#10543 = ORIENTED_EDGE('',*,*,#10544,.T.);
#10544 = EDGE_CURVE('',#10519,#10545,#10547,.T.);
#10545 = VERTEX_POINT('',#10546);
#10546 = CARTESIAN_POINT('',(-19.6660144819,-50.7,165.19756844308));
#10547 = CIRCLE('',#10548,1.469292842572);
#10548 = AXIS2_PLACEMENT_3D('',#10549,#10550,#10551);
#10549 = CARTESIAN_POINT('',(-20.9896613071,-50.7,165.8353619358));
#10550 = DIRECTION('',(0.,-1.,-0.));
#10551 = DIRECTION('',(0.900873390827,0.,-0.434081943531));
#10552 = ORIENTED_EDGE('',*,*,#10553,.T.);
#10553 = EDGE_CURVE('',#10545,#4201,#10554,.T.);
#10554 = LINE('',#10555,#10556);
#10555 = CARTESIAN_POINT('',(-19.6660144819,-50.8,165.19756844308));
#10556 = VECTOR('',#10557,1.);
#10557 = DIRECTION('',(0.,1.,0.));
#10558 = ORIENTED_EDGE('',*,*,#4209,.F.);
#10559 = CYLINDRICAL_SURFACE('',#10560,1.469292842572);
#10560 = AXIS2_PLACEMENT_3D('',#10561,#10562,#10563);
#10561 = CARTESIAN_POINT('',(-20.9896613071,-50.8,165.8353619358));
#10562 = DIRECTION('',(-0.,-1.,-0.));
#10563 = DIRECTION('',(0.900873390827,0.,-0.434081943531));
#10564 = ADVANCED_FACE('',(#10565),#10584,.F.);
#10565 = FACE_BOUND('',#10566,.T.);
#10566 = EDGE_LOOP('',(#10567,#10568,#10577,#10583));
#10567 = ORIENTED_EDGE('',*,*,#10553,.F.);
#10568 = ORIENTED_EDGE('',*,*,#10569,.T.);
#10569 = EDGE_CURVE('',#10545,#10570,#10572,.T.);
#10570 = VERTEX_POINT('',#10571);
#10571 = CARTESIAN_POINT('',(-20.15508167574,-50.7,165.87071168659));
#10572 = CIRCLE('',#10573,0.471154273188);
#10573 = AXIS2_PLACEMENT_3D('',#10574,#10575,#10576);
#10574 = CARTESIAN_POINT('',(-20.08946564421,-50.7,165.40414884457));
#10575 = DIRECTION('',(-0.,-1.,0.));
#10576 = DIRECTION('',(-0.139266552953,0.,0.990254930424));
#10577 = ORIENTED_EDGE('',*,*,#10578,.T.);
#10578 = EDGE_CURVE('',#10570,#4192,#10579,.T.);
#10579 = LINE('',#10580,#10581);
#10580 = CARTESIAN_POINT('',(-20.15508167574,-50.8,165.87071168659));
#10581 = VECTOR('',#10582,1.);
#10582 = DIRECTION('',(0.,1.,0.));
#10583 = ORIENTED_EDGE('',*,*,#4200,.F.);
#10584 = CYLINDRICAL_SURFACE('',#10585,0.471154273188);
#10585 = AXIS2_PLACEMENT_3D('',#10586,#10587,#10588);
#10586 = CARTESIAN_POINT('',(-20.08946564421,-50.8,165.40414884457));
#10587 = DIRECTION('',(-0.,-1.,-0.));
#10588 = DIRECTION('',(-0.139266552953,0.,0.990254930424));
#10589 = ADVANCED_FACE('',(#10590),#10609,.F.);
#10590 = FACE_BOUND('',#10591,.T.);
#10591 = EDGE_LOOP('',(#10592,#10593,#10602,#10608));
#10592 = ORIENTED_EDGE('',*,*,#10578,.F.);
#10593 = ORIENTED_EDGE('',*,*,#10594,.T.);
#10594 = EDGE_CURVE('',#10570,#10595,#10597,.T.);
#10595 = VERTEX_POINT('',#10596);
#10596 = CARTESIAN_POINT('',(-20.51698591561,-50.7,165.77337457344));
#10597 = CIRCLE('',#10598,1.469292842572);
#10598 = AXIS2_PLACEMENT_3D('',#10599,#10600,#10601);
#10599 = CARTESIAN_POINT('',(-19.95753338198,-50.7,164.41475972005));
#10600 = DIRECTION('',(-0.,-1.,0.));
#10601 = DIRECTION('',(-0.38076312456,0.,0.924672613943));
#10602 = ORIENTED_EDGE('',*,*,#10603,.T.);
#10603 = EDGE_CURVE('',#10595,#4183,#10604,.T.);
#10604 = LINE('',#10605,#10606);
#10605 = CARTESIAN_POINT('',(-20.51698591561,-50.8,165.77337457344));
#10606 = VECTOR('',#10607,1.);
#10607 = DIRECTION('',(0.,1.,0.));
#10608 = ORIENTED_EDGE('',*,*,#4191,.F.);
#10609 = CYLINDRICAL_SURFACE('',#10610,1.469292842572);
#10610 = AXIS2_PLACEMENT_3D('',#10611,#10612,#10613);
#10611 = CARTESIAN_POINT('',(-19.95753338198,-50.8,164.41475972005));
#10612 = DIRECTION('',(-0.,-1.,-0.));
#10613 = DIRECTION('',(-0.38076312456,0.,0.924672613943));
#10614 = ADVANCED_FACE('',(#10615),#10634,.T.);
#10615 = FACE_BOUND('',#10616,.T.);
#10616 = EDGE_LOOP('',(#10617,#10626,#10632,#10633));
#10617 = ORIENTED_EDGE('',*,*,#10618,.F.);
#10618 = EDGE_CURVE('',#10619,#10595,#10621,.T.);
#10619 = VERTEX_POINT('',#10620);
#10620 = CARTESIAN_POINT('',(-20.72650625261,-50.7,165.80655933475));
#10621 = CIRCLE('',#10622,0.15);
#10622 = AXIS2_PLACEMENT_3D('',#10623,#10624,#10625);
#10623 = CARTESIAN_POINT('',(-20.60515370345,-50.7,165.8947271226));
#10624 = DIRECTION('',(0.,-1.,0.));
#10625 = DIRECTION('',(-0.809016994375,-0.,-0.587785252293));
#10626 = ORIENTED_EDGE('',*,*,#10627,.T.);
#10627 = EDGE_CURVE('',#10619,#4175,#10628,.T.);
#10628 = LINE('',#10629,#10630);
#10629 = CARTESIAN_POINT('',(-20.72650625261,-50.8,165.80655933475));
#10630 = VECTOR('',#10631,1.);
#10631 = DIRECTION('',(0.,1.,0.));
#10632 = ORIENTED_EDGE('',*,*,#4182,.T.);
#10633 = ORIENTED_EDGE('',*,*,#10603,.F.);
#10634 = CYLINDRICAL_SURFACE('',#10635,0.15);
#10635 = AXIS2_PLACEMENT_3D('',#10636,#10637,#10638);
#10636 = CARTESIAN_POINT('',(-20.60515370345,-50.8,165.8947271226));
#10637 = DIRECTION('',(0.,-1.,0.));
#10638 = DIRECTION('',(-0.809016994375,-0.,-0.587785252293));
#10639 = ADVANCED_FACE('',(#10640),#10658,.T.);
#10640 = FACE_BOUND('',#10641,.T.);
#10641 = EDGE_LOOP('',(#10642,#10650,#10656,#10657));
#10642 = ORIENTED_EDGE('',*,*,#10643,.F.);
#10643 = EDGE_CURVE('',#10644,#10619,#10646,.T.);
#10644 = VERTEX_POINT('',#10645);
#10645 = CARTESIAN_POINT('',(-21.04471988022,-50.7,166.28279968358));
#10646 = LINE('',#10647,#10648);
#10647 = CARTESIAN_POINT('',(-20.96516647331,-50.7,166.16373959638));
#10648 = VECTOR('',#10649,1.);
#10649 = DIRECTION('',(0.55557023302,0.,-0.831469612303));
#10650 = ORIENTED_EDGE('',*,*,#10651,.T.);
#10651 = EDGE_CURVE('',#10644,#4166,#10652,.T.);
#10652 = LINE('',#10653,#10654);
#10653 = CARTESIAN_POINT('',(-21.04471988022,-50.8,166.28279968358));
#10654 = VECTOR('',#10655,1.);
#10655 = DIRECTION('',(0.,1.,0.));
#10656 = ORIENTED_EDGE('',*,*,#4174,.T.);
#10657 = ORIENTED_EDGE('',*,*,#10627,.F.);
#10658 = PLANE('',#10659);
#10659 = AXIS2_PLACEMENT_3D('',#10660,#10661,#10662);
#10660 = CARTESIAN_POINT('',(-21.04471988022,-50.8,166.28279968358));
#10661 = DIRECTION('',(-0.831469612303,0.,-0.55557023302));
#10662 = DIRECTION('',(0.55557023302,0.,-0.831469612303));
#10663 = ADVANCED_FACE('',(#10664),#10683,.T.);
#10664 = FACE_BOUND('',#10665,.T.);
#10665 = EDGE_LOOP('',(#10666,#10675,#10681,#10682));
#10666 = ORIENTED_EDGE('',*,*,#10667,.F.);
#10667 = EDGE_CURVE('',#10668,#10644,#10670,.T.);
#10668 = VERTEX_POINT('',#10669);
#10669 = CARTESIAN_POINT('',(-20.99519864027,-50.7,166.48907049294));
#10670 = CIRCLE('',#10671,0.15);
#10671 = AXIS2_PLACEMENT_3D('',#10672,#10673,#10674);
#10672 = CARTESIAN_POINT('',(-20.91682385556,-50.7,166.36117446829));
#10673 = DIRECTION('',(0.,-1.,-0.));
#10674 = DIRECTION('',(-0.522498564716,-0.,0.852640164354));
#10675 = ORIENTED_EDGE('',*,*,#10676,.T.);
#10676 = EDGE_CURVE('',#10668,#4157,#10677,.T.);
#10677 = LINE('',#10678,#10679);
#10678 = CARTESIAN_POINT('',(-20.99519864027,-50.8,166.48907049294));
#10679 = VECTOR('',#10680,1.);
#10680 = DIRECTION('',(0.,1.,0.));
#10681 = ORIENTED_EDGE('',*,*,#4165,.T.);
#10682 = ORIENTED_EDGE('',*,*,#10651,.F.);
#10683 = CYLINDRICAL_SURFACE('',#10684,0.15);
#10684 = AXIS2_PLACEMENT_3D('',#10685,#10686,#10687);
#10685 = CARTESIAN_POINT('',(-20.91682385556,-50.8,166.36117446829));
#10686 = DIRECTION('',(0.,-1.,-0.));
#10687 = DIRECTION('',(-0.522498564716,-0.,0.852640164354));
#10688 = ADVANCED_FACE('',(#10689),#10708,.F.);
#10689 = FACE_BOUND('',#10690,.T.);
#10690 = EDGE_LOOP('',(#10691,#10692,#10701,#10707));
#10691 = ORIENTED_EDGE('',*,*,#10676,.F.);
#10692 = ORIENTED_EDGE('',*,*,#10693,.T.);
#10693 = EDGE_CURVE('',#10668,#10694,#10696,.T.);
#10694 = VERTEX_POINT('',#10695);
#10695 = CARTESIAN_POINT('',(-20.76677611698,-50.7,166.78617711233));
#10696 = CIRCLE('',#10697,1.469292842571);
#10697 = AXIS2_PLACEMENT_3D('',#10698,#10699,#10700);
#10698 = CARTESIAN_POINT('',(-22.03630188006,-50.7,167.52585663353));
#10699 = DIRECTION('',(0.,-1.,-0.));
#10700 = DIRECTION('',(0.864038622053,0.,-0.503425525376));
#10701 = ORIENTED_EDGE('',*,*,#10702,.T.);
#10702 = EDGE_CURVE('',#10694,#4148,#10703,.T.);
#10703 = LINE('',#10704,#10705);
#10704 = CARTESIAN_POINT('',(-20.76677611698,-50.8,166.78617711233));
#10705 = VECTOR('',#10706,1.);
#10706 = DIRECTION('',(0.,1.,0.));
#10707 = ORIENTED_EDGE('',*,*,#4156,.F.);
#10708 = CYLINDRICAL_SURFACE('',#10709,1.469292842571);
#10709 = AXIS2_PLACEMENT_3D('',#10710,#10711,#10712);
#10710 = CARTESIAN_POINT('',(-22.03630188006,-50.8,167.52585663353));
#10711 = DIRECTION('',(-0.,-1.,-0.));
#10712 = DIRECTION('',(0.864038622053,0.,-0.503425525376));
#10713 = ADVANCED_FACE('',(#10714),#10733,.F.);
#10714 = FACE_BOUND('',#10715,.T.);
#10715 = EDGE_LOOP('',(#10716,#10717,#10726,#10732));
#10716 = ORIENTED_EDGE('',*,*,#10702,.F.);
#10717 = ORIENTED_EDGE('',*,*,#10718,.T.);
#10718 = EDGE_CURVE('',#10694,#10719,#10721,.T.);
#10719 = VERTEX_POINT('',#10720);
#10720 = CARTESIAN_POINT('',(-21.2015214697,-50.7,167.49561704965));
#10721 = CIRCLE('',#10722,0.471154273188);
#10722 = AXIS2_PLACEMENT_3D('',#10723,#10724,#10725);
#10723 = CARTESIAN_POINT('',(-21.17271380918,-50.7,167.02534429067));
#10724 = DIRECTION('',(-0.,-1.,0.));
#10725 = DIRECTION('',(-6.11427342666E-02,0.,0.998129032764));
#10726 = ORIENTED_EDGE('',*,*,#10727,.T.);
#10727 = EDGE_CURVE('',#10719,#4139,#10728,.T.);
#10728 = LINE('',#10729,#10730);
#10729 = CARTESIAN_POINT('',(-21.2015214697,-50.8,167.49561704965));
#10730 = VECTOR('',#10731,1.);
#10731 = DIRECTION('',(0.,1.,0.));
#10732 = ORIENTED_EDGE('',*,*,#4147,.F.);
#10733 = CYLINDRICAL_SURFACE('',#10734,0.471154273188);
#10734 = AXIS2_PLACEMENT_3D('',#10735,#10736,#10737);
#10735 = CARTESIAN_POINT('',(-21.17271380918,-50.8,167.02534429067));
#10736 = DIRECTION('',(-0.,-1.,-0.));
#10737 = DIRECTION('',(-6.11427342666E-02,0.,0.998129032764));
#10738 = ADVANCED_FACE('',(#10739),#10758,.F.);
#10739 = FACE_BOUND('',#10740,.T.);
#10740 = EDGE_LOOP('',(#10741,#10742,#10751,#10757));
#10741 = ORIENTED_EDGE('',*,*,#10727,.F.);
#10742 = ORIENTED_EDGE('',*,*,#10743,.T.);
#10743 = EDGE_CURVE('',#10719,#10744,#10746,.T.);
#10744 = VERTEX_POINT('',#10745);
#10745 = CARTESIAN_POINT('',(-21.56994706146,-50.7,167.42697467373));
#10746 = CIRCLE('',#10747,1.469292842572);
#10747 = AXIS2_PLACEMENT_3D('',#10748,#10749,#10750);
#10748 = CARTESIAN_POINT('',(-21.11881482612,-50.7,166.02865383663));
#10749 = DIRECTION('',(-0.,-1.,0.));
#10750 = DIRECTION('',(-0.307040381786,0.,0.951696487307));
#10751 = ORIENTED_EDGE('',*,*,#10752,.T.);
#10752 = EDGE_CURVE('',#10744,#4130,#10753,.T.);
#10753 = LINE('',#10754,#10755);
#10754 = CARTESIAN_POINT('',(-21.56994706146,-50.8,167.42697467373));
#10755 = VECTOR('',#10756,1.);
#10756 = DIRECTION('',(0.,1.,0.));
#10757 = ORIENTED_EDGE('',*,*,#4138,.F.);
#10758 = CYLINDRICAL_SURFACE('',#10759,1.469292842572);
#10759 = AXIS2_PLACEMENT_3D('',#10760,#10761,#10762);
#10760 = CARTESIAN_POINT('',(-21.11881482612,-50.8,166.02865383663));
#10761 = DIRECTION('',(-0.,-1.,-0.));
#10762 = DIRECTION('',(-0.307040381786,0.,0.951696487307));
#10763 = ADVANCED_FACE('',(#10764),#10783,.T.);
#10764 = FACE_BOUND('',#10765,.T.);
#10765 = EDGE_LOOP('',(#10766,#10775,#10781,#10782));
#10766 = ORIENTED_EDGE('',*,*,#10767,.F.);
#10767 = EDGE_CURVE('',#10768,#10744,#10770,.T.);
#10768 = VERTEX_POINT('',#10769);
#10769 = CARTESIAN_POINT('',(-21.77621787082,-50.7,167.47649591368));
#10770 = CIRCLE('',#10771,0.15);
#10771 = AXIS2_PLACEMENT_3D('',#10772,#10773,#10774);
#10772 = CARTESIAN_POINT('',(-21.64832184616,-50.7,167.55487069839));
#10773 = DIRECTION('',(0.,-1.,0.));
#10774 = DIRECTION('',(-0.852640164354,-0.,-0.522498564716));
#10775 = ORIENTED_EDGE('',*,*,#10776,.T.);
#10776 = EDGE_CURVE('',#10768,#4122,#10777,.T.);
#10777 = LINE('',#10778,#10779);
#10778 = CARTESIAN_POINT('',(-21.77621787082,-50.8,167.47649591368));
#10779 = VECTOR('',#10780,1.);
#10780 = DIRECTION('',(0.,1.,0.));
#10781 = ORIENTED_EDGE('',*,*,#4129,.T.);
#10782 = ORIENTED_EDGE('',*,*,#10752,.F.);
#10783 = CYLINDRICAL_SURFACE('',#10784,0.15);
#10784 = AXIS2_PLACEMENT_3D('',#10785,#10786,#10787);
#10785 = CARTESIAN_POINT('',(-21.64832184616,-50.8,167.55487069839));
#10786 = DIRECTION('',(0.,-1.,0.));
#10787 = DIRECTION('',(-0.852640164354,-0.,-0.522498564716));
#10788 = ADVANCED_FACE('',(#10789),#10807,.T.);
#10789 = FACE_BOUND('',#10790,.T.);
#10790 = EDGE_LOOP('',(#10791,#10799,#10805,#10806));
#10791 = ORIENTED_EDGE('',*,*,#10792,.F.);
#10792 = EDGE_CURVE('',#10793,#10768,#10795,.T.);
#10793 = VERTEX_POINT('',#10794);
#10794 = CARTESIAN_POINT('',(-22.05608516489,-50.7,167.97623492592));
#10795 = LINE('',#10796,#10797);
#10796 = CARTESIAN_POINT('',(-21.98611834137,-50.7,167.85130017286));
#10797 = VECTOR('',#10798,1.);
#10798 = DIRECTION('',(0.488621241497,0.,-0.872496007073));
#10799 = ORIENTED_EDGE('',*,*,#10800,.T.);
#10800 = EDGE_CURVE('',#10793,#4113,#10801,.T.);
#10801 = LINE('',#10802,#10803);
#10802 = CARTESIAN_POINT('',(-22.05608516489,-50.8,167.97623492592));
#10803 = VECTOR('',#10804,1.);
#10804 = DIRECTION('',(0.,1.,0.));
#10805 = ORIENTED_EDGE('',*,*,#4121,.T.);
#10806 = ORIENTED_EDGE('',*,*,#10776,.F.);
#10807 = PLANE('',#10808);
#10808 = AXIS2_PLACEMENT_3D('',#10809,#10810,#10811);
#10809 = CARTESIAN_POINT('',(-22.05608516489,-50.8,167.97623492592));
#10810 = DIRECTION('',(-0.872496007073,0.,-0.488621241497));
#10811 = DIRECTION('',(0.488621241497,0.,-0.872496007073));
#10812 = ADVANCED_FACE('',(#10813),#10832,.T.);
#10813 = FACE_BOUND('',#10814,.T.);
#10814 = EDGE_LOOP('',(#10815,#10824,#10830,#10831));
#10815 = ORIENTED_EDGE('',*,*,#10816,.F.);
#10816 = EDGE_CURVE('',#10817,#10793,#10819,.T.);
#10817 = VERTEX_POINT('',#10818);
#10818 = CARTESIAN_POINT('',(-21.99053276122,-50.7,168.17798447951));
#10819 = CIRCLE('',#10820,0.15);
#10820 = AXIS2_PLACEMENT_3D('',#10821,#10822,#10823);
#10821 = CARTESIAN_POINT('',(-21.92243418626,-50.7,168.04433350088));
#10822 = DIRECTION('',(0.,-1.,-0.));
#10823 = DIRECTION('',(-0.45399049974,-0.,0.891006524188));
#10824 = ORIENTED_EDGE('',*,*,#10825,.T.);
#10825 = EDGE_CURVE('',#10817,#4104,#10826,.T.);
#10826 = LINE('',#10827,#10828);
#10827 = CARTESIAN_POINT('',(-21.99053276122,-50.8,168.17798447951));
#10828 = VECTOR('',#10829,1.);
#10829 = DIRECTION('',(0.,1.,0.));
#10830 = ORIENTED_EDGE('',*,*,#4112,.T.);
#10831 = ORIENTED_EDGE('',*,*,#10800,.F.);
#10832 = CYLINDRICAL_SURFACE('',#10833,0.15);
#10833 = AXIS2_PLACEMENT_3D('',#10834,#10835,#10836);
#10834 = CARTESIAN_POINT('',(-21.92243418626,-50.8,168.04433350088));
#10835 = DIRECTION('',(0.,-1.,-0.));
#10836 = DIRECTION('',(-0.45399049974,-0.,0.891006524188));
#10837 = ADVANCED_FACE('',(#10838),#10857,.F.);
#10838 = FACE_BOUND('',#10839,.T.);
#10839 = EDGE_LOOP('',(#10840,#10841,#10850,#10856));
#10840 = ORIENTED_EDGE('',*,*,#10825,.F.);
#10841 = ORIENTED_EDGE('',*,*,#10842,.T.);
#10842 = EDGE_CURVE('',#10817,#10843,#10845,.T.);
#10843 = VERTEX_POINT('',#10844);
#10844 = CARTESIAN_POINT('',(-21.73950367164,-50.7,168.45625339372));
#10845 = CIRCLE('',#10846,1.469292842571);
#10846 = AXIS2_PLACEMENT_3D('',#10847,#10848,#10849);
#10847 = CARTESIAN_POINT('',(-22.94708132412,-50.7,169.29325857319));
#10848 = DIRECTION('',(0.,-1.,-0.));
#10849 = DIRECTION('',(0.821876767853,0.,-0.569665321451));
#10850 = ORIENTED_EDGE('',*,*,#10851,.T.);
#10851 = EDGE_CURVE('',#10843,#4095,#10852,.T.);
#10852 = LINE('',#10853,#10854);
#10853 = CARTESIAN_POINT('',(-21.73950367164,-50.8,168.45625339372));
#10854 = VECTOR('',#10855,1.);
#10855 = DIRECTION('',(0.,1.,0.));
#10856 = ORIENTED_EDGE('',*,*,#4103,.F.);
#10857 = CYLINDRICAL_SURFACE('',#10858,1.469292842571);
#10858 = AXIS2_PLACEMENT_3D('',#10859,#10860,#10861);
#10859 = CARTESIAN_POINT('',(-22.94708132412,-50.8,169.29325857319));
#10860 = DIRECTION('',(-0.,-1.,-0.));
#10861 = DIRECTION('',(0.821876767853,0.,-0.569665321451));
#10862 = ADVANCED_FACE('',(#10863),#10882,.F.);
#10863 = FACE_BOUND('',#10864,.T.);
#10864 = EDGE_LOOP('',(#10865,#10866,#10875,#10881));
#10865 = ORIENTED_EDGE('',*,*,#10851,.F.);
#10866 = ORIENTED_EDGE('',*,*,#10867,.T.);
#10867 = EDGE_CURVE('',#10843,#10868,#10870,.T.);
#10868 = VERTEX_POINT('',#10869);
#10869 = CARTESIAN_POINT('',(-22.11724683358,-50.7,169.19761609172));
#10870 = CIRCLE('',#10871,0.471154273188);
#10871 = AXIS2_PLACEMENT_3D('',#10872,#10873,#10874);
#10872 = CARTESIAN_POINT('',(-22.12542515287,-50.7,168.72653280372));
#10873 = DIRECTION('',(-0.,-1.,0.));
#10874 = DIRECTION('',(1.735804970809E-02,-0.,0.999849337706));
#10875 = ORIENTED_EDGE('',*,*,#10876,.T.);
#10876 = EDGE_CURVE('',#10868,#4086,#10877,.T.);
#10877 = LINE('',#10878,#10879);
#10878 = CARTESIAN_POINT('',(-22.11724683358,-50.8,169.19761609172));
#10879 = VECTOR('',#10880,1.);
#10880 = DIRECTION('',(0.,1.,0.));
#10881 = ORIENTED_EDGE('',*,*,#4094,.F.);
#10882 = CYLINDRICAL_SURFACE('',#10883,0.471154273188);
#10883 = AXIS2_PLACEMENT_3D('',#10884,#10885,#10886);
#10884 = CARTESIAN_POINT('',(-22.12542515287,-50.8,168.72653280372));
#10885 = DIRECTION('',(-0.,-1.,-0.));
#10886 = DIRECTION('',(1.735804970809E-02,-0.,0.999849337706));
#10887 = ADVANCED_FACE('',(#10888),#10907,.F.);
#10888 = FACE_BOUND('',#10889,.T.);
#10889 = EDGE_LOOP('',(#10890,#10891,#10900,#10906));
#10890 = ORIENTED_EDGE('',*,*,#10876,.F.);
#10891 = ORIENTED_EDGE('',*,*,#10892,.T.);
#10892 = EDGE_CURVE('',#10868,#10893,#10895,.T.);
#10893 = VERTEX_POINT('',#10894);
#10894 = CARTESIAN_POINT('',(-22.48992231093,-50.7,169.15809165612));
#10895 = CIRCLE('',#10896,1.469292842572);
#10896 = AXIS2_PLACEMENT_3D('',#10897,#10898,#10899);
#10897 = CARTESIAN_POINT('',(-22.14989175414,-50.7,167.72868594825));
#10898 = DIRECTION('',(-0.,-1.,0.));
#10899 = DIRECTION('',(-0.231424632957,0.,0.972852835356));
#10900 = ORIENTED_EDGE('',*,*,#10901,.T.);
#10901 = EDGE_CURVE('',#10893,#4077,#10902,.T.);
#10902 = LINE('',#10903,#10904);
#10903 = CARTESIAN_POINT('',(-22.48992231093,-50.8,169.15809165612));
#10904 = VECTOR('',#10905,1.);
#10905 = DIRECTION('',(0.,1.,0.));
#10906 = ORIENTED_EDGE('',*,*,#4085,.F.);
#10907 = CYLINDRICAL_SURFACE('',#10908,1.469292842572);
#10908 = AXIS2_PLACEMENT_3D('',#10909,#10910,#10911);
#10909 = CARTESIAN_POINT('',(-22.14989175414,-50.8,167.72868594825));
#10910 = DIRECTION('',(-0.,-1.,-0.));
#10911 = DIRECTION('',(-0.231424632957,0.,0.972852835356));
#10912 = ADVANCED_FACE('',(#10913),#10932,.T.);
#10913 = FACE_BOUND('',#10914,.T.);
#10914 = EDGE_LOOP('',(#10915,#10924,#10930,#10931));
#10915 = ORIENTED_EDGE('',*,*,#10916,.F.);
#10916 = EDGE_CURVE('',#10917,#10893,#10919,.T.);
#10917 = VERTEX_POINT('',#10918);
#10918 = CARTESIAN_POINT('',(-22.69167186452,-50.7,169.22364405979));
#10919 = CIRCLE('',#10920,0.15);
#10920 = AXIS2_PLACEMENT_3D('',#10921,#10922,#10923);
#10921 = CARTESIAN_POINT('',(-22.5580208859,-50.7,169.29174263475));
#10922 = DIRECTION('',(0.,-1.,0.));
#10923 = DIRECTION('',(-0.891006524188,-0.,-0.45399049974));
#10924 = ORIENTED_EDGE('',*,*,#10925,.T.);
#10925 = EDGE_CURVE('',#10917,#4069,#10926,.T.);
#10926 = LINE('',#10927,#10928);
#10927 = CARTESIAN_POINT('',(-22.69167186452,-50.8,169.22364405979));
#10928 = VECTOR('',#10929,1.);
#10929 = DIRECTION('',(0.,1.,0.));
#10930 = ORIENTED_EDGE('',*,*,#4076,.T.);
#10931 = ORIENTED_EDGE('',*,*,#10901,.F.);
#10932 = CYLINDRICAL_SURFACE('',#10933,0.15);
#10933 = AXIS2_PLACEMENT_3D('',#10934,#10935,#10936);
#10934 = CARTESIAN_POINT('',(-22.5580208859,-50.8,169.29174263475));
#10935 = DIRECTION('',(0.,-1.,0.));
#10936 = DIRECTION('',(-0.891006524188,-0.,-0.45399049974));
#10937 = ADVANCED_FACE('',(#10938),#10956,.T.);
#10938 = FACE_BOUND('',#10939,.T.);
#10939 = EDGE_LOOP('',(#10940,#10948,#10954,#10955));
#10940 = ORIENTED_EDGE('',*,*,#10941,.F.);
#10941 = EDGE_CURVE('',#10942,#10917,#10944,.T.);
#10942 = VERTEX_POINT('',#10943);
#10943 = CARTESIAN_POINT('',(-22.93146735013,-50.7,169.74380067825));
#10944 = LINE('',#10945,#10946);
#10945 = CARTESIAN_POINT('',(-22.87151847873,-50.7,169.61376152363));
#10946 = VECTOR('',#10947,1.);
#10947 = DIRECTION('',(0.418659737537,0.,-0.908143173825));
#10948 = ORIENTED_EDGE('',*,*,#10949,.T.);
#10949 = EDGE_CURVE('',#10942,#4060,#10950,.T.);
#10950 = LINE('',#10951,#10952);
#10951 = CARTESIAN_POINT('',(-22.93146735013,-50.8,169.74380067825));
#10952 = VECTOR('',#10953,1.);
#10953 = DIRECTION('',(0.,1.,0.));
#10954 = ORIENTED_EDGE('',*,*,#4068,.T.);
#10955 = ORIENTED_EDGE('',*,*,#10925,.F.);
#10956 = PLANE('',#10957);
#10957 = AXIS2_PLACEMENT_3D('',#10958,#10959,#10960);
#10958 = CARTESIAN_POINT('',(-22.93146735013,-50.8,169.74380067825));
#10959 = DIRECTION('',(-0.908143173825,0.,-0.418659737537));
#10960 = DIRECTION('',(0.418659737537,0.,-0.908143173825));
#10961 = ADVANCED_FACE('',(#10962),#10981,.T.);
#10962 = FACE_BOUND('',#10963,.T.);
#10963 = EDGE_LOOP('',(#10964,#10973,#10979,#10980));
#10964 = ORIENTED_EDGE('',*,*,#10965,.F.);
#10965 = EDGE_CURVE('',#10966,#10942,#10968,.T.);
#10966 = VERTEX_POINT('',#10967);
#10967 = CARTESIAN_POINT('',(-22.85028793511,-50.7,169.93978512298));
#10968 = CIRCLE('',#10969,0.15);
#10969 = AXIS2_PLACEMENT_3D('',#10970,#10971,#10972);
#10970 = CARTESIAN_POINT('',(-22.79288542025,-50.7,169.80120319311));
#10971 = DIRECTION('',(0.,-1.,-0.));
#10972 = DIRECTION('',(-0.382683432365,-0.,0.923879532511));
#10973 = ORIENTED_EDGE('',*,*,#10974,.T.);
#10974 = EDGE_CURVE('',#10966,#4051,#10975,.T.);
#10975 = LINE('',#10976,#10977);
#10976 = CARTESIAN_POINT('',(-22.85028793511,-50.8,169.93978512298));
#10977 = VECTOR('',#10978,1.);
#10978 = DIRECTION('',(0.,1.,0.));
#10979 = ORIENTED_EDGE('',*,*,#4059,.T.);
#10980 = ORIENTED_EDGE('',*,*,#10949,.F.);
#10981 = CYLINDRICAL_SURFACE('',#10982,0.15);
#10982 = AXIS2_PLACEMENT_3D('',#10983,#10984,#10985);
#10983 = CARTESIAN_POINT('',(-22.79288542025,-50.8,169.80120319311));
#10984 = DIRECTION('',(0.,-1.,-0.));
#10985 = DIRECTION('',(-0.382683432365,-0.,0.923879532511));
#10986 = ADVANCED_FACE('',(#10987),#11006,.F.);
#10987 = FACE_BOUND('',#10988,.T.);
#10988 = EDGE_LOOP('',(#10989,#10990,#10999,#11005));
#10989 = ORIENTED_EDGE('',*,*,#10974,.F.);
#10990 = ORIENTED_EDGE('',*,*,#10991,.T.);
#10991 = EDGE_CURVE('',#10966,#10992,#10994,.T.);
#10992 = VERTEX_POINT('',#10993);
#10993 = CARTESIAN_POINT('',(-22.57819995706,-50.7,170.19750071163));
#10994 = CIRCLE('',#10995,1.46929284257);
#10995 = AXIS2_PLACEMENT_3D('',#10996,#10997,#10998);
#10996 = CARTESIAN_POINT('',(-23.71638438114,-50.7,171.1266711341));
#10997 = DIRECTION('',(0.,-1.,-0.));
#10998 = DIRECTION('',(0.774647770076,0.,-0.632392941387));
#10999 = ORIENTED_EDGE('',*,*,#11000,.T.);
#11000 = EDGE_CURVE('',#10992,#4042,#11001,.T.);
#11001 = LINE('',#11002,#11003);
#11002 = CARTESIAN_POINT('',(-22.57819995706,-50.8,170.19750071163));
#11003 = VECTOR('',#11004,1.);
#11004 = DIRECTION('',(0.,1.,0.));
#11005 = ORIENTED_EDGE('',*,*,#4050,.F.);
#11006 = CYLINDRICAL_SURFACE('',#11007,1.46929284257);
#11007 = AXIS2_PLACEMENT_3D('',#11008,#11009,#11010);
#11008 = CARTESIAN_POINT('',(-23.71638438114,-50.8,171.1266711341));
#11009 = DIRECTION('',(-0.,-1.,-0.));
#11010 = DIRECTION('',(0.774647770076,0.,-0.632392941387));
#11011 = ADVANCED_FACE('',(#11012),#11031,.F.);
#11012 = FACE_BOUND('',#11013,.T.);
#11013 = EDGE_LOOP('',(#11014,#11015,#11024,#11030));
#11014 = ORIENTED_EDGE('',*,*,#11000,.F.);
#11015 = ORIENTED_EDGE('',*,*,#11016,.T.);
#11016 = EDGE_CURVE('',#10992,#11017,#11019,.T.);
#11017 = VERTEX_POINT('',#11018);
#11018 = CARTESIAN_POINT('',(-22.896612016,-50.7,170.96621542275));
#11019 = CIRCLE('',#11020,0.471154273188);
#11020 = AXIS2_PLACEMENT_3D('',#11021,#11022,#11023);
#11021 = CARTESIAN_POINT('',(-22.94172589305,-50.7,170.49722599085));
#11022 = DIRECTION('',(-0.,-1.,0.));
#11023 = DIRECTION('',(9.575181553432E-02,-0.,0.995405238997));
#11024 = ORIENTED_EDGE('',*,*,#11025,.T.);
#11025 = EDGE_CURVE('',#11017,#4033,#11026,.T.);
#11026 = LINE('',#11027,#11028);
#11027 = CARTESIAN_POINT('',(-22.896612016,-50.8,170.96621542275));
#11028 = VECTOR('',#11029,1.);
#11029 = DIRECTION('',(0.,1.,0.));
#11030 = ORIENTED_EDGE('',*,*,#4041,.F.);
#11031 = CYLINDRICAL_SURFACE('',#11032,0.471154273188);
#11032 = AXIS2_PLACEMENT_3D('',#11033,#11034,#11035);
#11033 = CARTESIAN_POINT('',(-22.94172589305,-50.8,170.49722599085));
#11034 = DIRECTION('',(-0.,-1.,-0.));
#11035 = DIRECTION('',(9.575181553432E-02,-0.,0.995405238997));
#11036 = ADVANCED_FACE('',(#11037),#11056,.F.);
#11037 = FACE_BOUND('',#11038,.T.);
#11038 = EDGE_LOOP('',(#11039,#11040,#11049,#11055));
#11039 = ORIENTED_EDGE('',*,*,#11025,.F.);
#11040 = ORIENTED_EDGE('',*,*,#11041,.T.);
#11041 = EDGE_CURVE('',#11017,#11042,#11044,.T.);
#11042 = VERTEX_POINT('',#11043);
#11043 = CARTESIAN_POINT('',(-23.27123971071,-50.7,170.95605260874));
#11044 = CIRCLE('',#11045,1.469292842573);
#11045 = AXIS2_PLACEMENT_3D('',#11046,#11047,#11048);
#11046 = CARTESIAN_POINT('',(-23.0444072339,-50.7,169.50437479163));
#11047 = DIRECTION('',(0.,-1.,-0.));
#11048 = DIRECTION('',(-0.154382074309,-0.,0.988011222169));
#11049 = ORIENTED_EDGE('',*,*,#11050,.T.);
#11050 = EDGE_CURVE('',#11042,#4024,#11051,.T.);
#11051 = LINE('',#11052,#11053);
#11052 = CARTESIAN_POINT('',(-23.27123971071,-50.8,170.95605260874));
#11053 = VECTOR('',#11054,1.);
#11054 = DIRECTION('',(0.,1.,0.));
#11055 = ORIENTED_EDGE('',*,*,#4032,.F.);
#11056 = CYLINDRICAL_SURFACE('',#11057,1.469292842573);
#11057 = AXIS2_PLACEMENT_3D('',#11058,#11059,#11060);
#11058 = CARTESIAN_POINT('',(-23.0444072339,-50.8,169.50437479163));
#11059 = DIRECTION('',(0.,-1.,-0.));
#11060 = DIRECTION('',(-0.154382074309,-0.,0.988011222169));
#11061 = ADVANCED_FACE('',(#11062),#11081,.T.);
#11062 = FACE_BOUND('',#11063,.T.);
#11063 = EDGE_LOOP('',(#11064,#11073,#11079,#11080));
#11064 = ORIENTED_EDGE('',*,*,#11065,.F.);
#11065 = EDGE_CURVE('',#11066,#11042,#11068,.T.);
#11066 = VERTEX_POINT('',#11067);
#11067 = CARTESIAN_POINT('',(-23.46722415544,-50.7,171.03723202377));
#11068 = CIRCLE('',#11069,0.15);
#11069 = AXIS2_PLACEMENT_3D('',#11070,#11071,#11072);
#11070 = CARTESIAN_POINT('',(-23.32864222556,-50.7,171.09463453862));
#11071 = DIRECTION('',(0.,-1.,0.));
#11072 = DIRECTION('',(-0.923879532511,-0.,-0.382683432365));
#11073 = ORIENTED_EDGE('',*,*,#11074,.T.);
#11074 = EDGE_CURVE('',#11066,#4016,#11075,.T.);
#11075 = LINE('',#11076,#11077);
#11076 = CARTESIAN_POINT('',(-23.46722415544,-50.8,171.03723202377));
#11077 = VECTOR('',#11078,1.);
#11078 = DIRECTION('',(0.,1.,0.));
#11079 = ORIENTED_EDGE('',*,*,#4023,.T.);
#11080 = ORIENTED_EDGE('',*,*,#11050,.F.);
#11081 = CYLINDRICAL_SURFACE('',#11082,0.15);
#11082 = AXIS2_PLACEMENT_3D('',#11083,#11084,#11085);
#11083 = CARTESIAN_POINT('',(-23.32864222556,-50.8,171.09463453862));
#11084 = DIRECTION('',(0.,-1.,0.));
#11085 = DIRECTION('',(-0.923879532511,-0.,-0.382683432365));
#11086 = ADVANCED_FACE('',(#11087),#11105,.T.);
#11087 = FACE_BOUND('',#11088,.T.);
#11088 = EDGE_LOOP('',(#11089,#11097,#11103,#11104));
#11089 = ORIENTED_EDGE('',*,*,#11090,.F.);
#11090 = EDGE_CURVE('',#11091,#11066,#11093,.T.);
#11091 = VERTEX_POINT('',#11092);
#11092 = CARTESIAN_POINT('',(-23.66546941367,-50.7,171.57459930993));
#11093 = LINE('',#11094,#11095);
#11094 = CARTESIAN_POINT('',(-23.61590809911,-50.7,171.44025748839));
#11095 = VECTOR('',#11096,1.);
#11096 = DIRECTION('',(0.346117057077,0.,-0.938191335922));
#11097 = ORIENTED_EDGE('',*,*,#11098,.T.);
#11098 = EDGE_CURVE('',#11091,#4007,#11099,.T.);
#11099 = LINE('',#11100,#11101);
#11100 = CARTESIAN_POINT('',(-23.66546941367,-50.8,171.57459930993));
#11101 = VECTOR('',#11102,1.);
#11102 = DIRECTION('',(0.,1.,0.));
#11103 = ORIENTED_EDGE('',*,*,#4015,.T.);
#11104 = ORIENTED_EDGE('',*,*,#11074,.F.);
#11105 = PLANE('',#11106);
#11106 = AXIS2_PLACEMENT_3D('',#11107,#11108,#11109);
#11107 = CARTESIAN_POINT('',(-23.66546941367,-50.8,171.57459930993));
#11108 = DIRECTION('',(-0.938191335922,0.,-0.346117057077));
#11109 = DIRECTION('',(0.346117057077,0.,-0.938191335922));
#11110 = ADVANCED_FACE('',(#11111),#11130,.T.);
#11111 = FACE_BOUND('',#11112,.T.);
#11112 = EDGE_LOOP('',(#11113,#11122,#11128,#11129));
#11113 = ORIENTED_EDGE('',*,*,#11114,.F.);
#11114 = EDGE_CURVE('',#11115,#11091,#11117,.T.);
#11115 = VERTEX_POINT('',#11116);
#11116 = CARTESIAN_POINT('',(-23.56916348538,-50.7,171.76361033653));
#11117 = CIRCLE('',#11118,0.15);
#11118 = AXIS2_PLACEMENT_3D('',#11119,#11120,#11121);
#11119 = CARTESIAN_POINT('',(-23.52281093622,-50.7,171.62095185909));
#11120 = DIRECTION('',(0.,-1.,0.));
#11121 = DIRECTION('',(-0.309016994375,0.,0.951056516295));
#11122 = ORIENTED_EDGE('',*,*,#11123,.T.);
#11123 = EDGE_CURVE('',#11115,#3998,#11124,.T.);
#11124 = LINE('',#11125,#11126);
#11125 = CARTESIAN_POINT('',(-23.56916348538,-50.8,171.76361033653));
#11126 = VECTOR('',#11127,1.);
#11127 = DIRECTION('',(0.,1.,0.));
#11128 = ORIENTED_EDGE('',*,*,#4006,.T.);
#11129 = ORIENTED_EDGE('',*,*,#11098,.F.);
#11130 = CYLINDRICAL_SURFACE('',#11131,0.15);
#11131 = AXIS2_PLACEMENT_3D('',#11132,#11133,#11134);
#11132 = CARTESIAN_POINT('',(-23.52281093622,-50.8,171.62095185909));
#11133 = DIRECTION('',(0.,-1.,0.));
#11134 = DIRECTION('',(-0.309016994375,0.,0.951056516295));
#11135 = ADVANCED_FACE('',(#11136),#11155,.F.);
#11136 = FACE_BOUND('',#11137,.T.);
#11137 = EDGE_LOOP('',(#11138,#11139,#11148,#11154));
#11138 = ORIENTED_EDGE('',*,*,#11123,.F.);
#11139 = ORIENTED_EDGE('',*,*,#11140,.T.);
#11140 = EDGE_CURVE('',#11115,#11141,#11143,.T.);
#11141 = VERTEX_POINT('',#11142);
#11142 = CARTESIAN_POINT('',(-23.27769413172,-50.7,171.99918369731));
#11143 = CIRCLE('',#11144,1.469292842572);
#11144 = AXIS2_PLACEMENT_3D('',#11145,#11146,#11147);
#11145 = CARTESIAN_POINT('',(-24.33946804195,-50.7,173.01479071815));
#11146 = DIRECTION('',(0.,-1.,-0.));
#11147 = DIRECTION('',(0.722642811201,0.,-0.691221648547));
#11148 = ORIENTED_EDGE('',*,*,#11149,.T.);
#11149 = EDGE_CURVE('',#11141,#3989,#11150,.T.);
#11150 = LINE('',#11151,#11152);
#11151 = CARTESIAN_POINT('',(-23.27769413172,-50.8,171.99918369731));
#11152 = VECTOR('',#11153,1.);
#11153 = DIRECTION('',(0.,1.,0.));
#11154 = ORIENTED_EDGE('',*,*,#3997,.F.);
#11155 = CYLINDRICAL_SURFACE('',#11156,1.469292842572);
#11156 = AXIS2_PLACEMENT_3D('',#11157,#11158,#11159);
#11157 = CARTESIAN_POINT('',(-24.33946804195,-50.8,173.01479071815));
#11158 = DIRECTION('',(-0.,-1.,-0.));
#11159 = DIRECTION('',(0.722642811201,0.,-0.691221648547));
#11160 = ADVANCED_FACE('',(#11161),#11180,.F.);
#11161 = FACE_BOUND('',#11162,.T.);
#11162 = EDGE_LOOP('',(#11163,#11164,#11173,#11179));
#11163 = ORIENTED_EDGE('',*,*,#11149,.F.);
#11164 = ORIENTED_EDGE('',*,*,#11165,.T.);
#11165 = EDGE_CURVE('',#11141,#11166,#11168,.T.);
#11166 = VERTEX_POINT('',#11167);
#11167 = CARTESIAN_POINT('',(-23.53481197144,-50.7,172.79051103974));
#11168 = CIRCLE('',#11169,0.471154273188);
#11169 = AXIS2_PLACEMENT_3D('',#11170,#11171,#11172);
#11170 = CARTESIAN_POINT('',(-23.6165832642,-50.7,172.32650693973));
#11171 = DIRECTION('',(-0.,-1.,0.));
#11172 = DIRECTION('',(0.173555239577,-0.,0.984824135983));
#11173 = ORIENTED_EDGE('',*,*,#11174,.T.);
#11174 = EDGE_CURVE('',#11166,#3980,#11175,.T.);
#11175 = LINE('',#11176,#11177);
#11176 = CARTESIAN_POINT('',(-23.53481197144,-50.8,172.79051103974));
#11177 = VECTOR('',#11178,1.);
#11178 = DIRECTION('',(0.,1.,0.));
#11179 = ORIENTED_EDGE('',*,*,#3988,.F.);
#11180 = CYLINDRICAL_SURFACE('',#11181,0.471154273188);
#11181 = AXIS2_PLACEMENT_3D('',#11182,#11183,#11184);
#11182 = CARTESIAN_POINT('',(-23.6165832642,-50.8,172.32650693973));
#11183 = DIRECTION('',(-0.,-1.,-0.));
#11184 = DIRECTION('',(0.173555239577,-0.,0.984824135983));
#11185 = ADVANCED_FACE('',(#11186),#11205,.F.);
#11186 = FACE_BOUND('',#11187,.T.);
#11187 = EDGE_LOOP('',(#11188,#11189,#11198,#11204));
#11188 = ORIENTED_EDGE('',*,*,#11174,.F.);
#11189 = ORIENTED_EDGE('',*,*,#11190,.T.);
#11190 = EDGE_CURVE('',#11166,#11191,#11193,.T.);
#11191 = VERTEX_POINT('',#11192);
#11192 = CARTESIAN_POINT('',(-23.90908217919,-50.7,172.80977250446));
#11193 = CIRCLE('',#11194,1.469292842571);
#11194 = AXIS2_PLACEMENT_3D('',#11195,#11196,#11197);
#11195 = CARTESIAN_POINT('',(-23.79684628003,-50.7,171.34477265457));
#11196 = DIRECTION('',(0.,-1.,-0.));
#11197 = DIRECTION('',(-7.638769883634E-02,-0.,0.99707819125));
#11198 = ORIENTED_EDGE('',*,*,#11199,.T.);
#11199 = EDGE_CURVE('',#11191,#3971,#11200,.T.);
#11200 = LINE('',#11201,#11202);
#11201 = CARTESIAN_POINT('',(-23.90908217919,-50.8,172.80977250446));
#11202 = VECTOR('',#11203,1.);
#11203 = DIRECTION('',(0.,1.,0.));
#11204 = ORIENTED_EDGE('',*,*,#3979,.F.);
#11205 = CYLINDRICAL_SURFACE('',#11206,1.469292842571);
#11206 = AXIS2_PLACEMENT_3D('',#11207,#11208,#11209);
#11207 = CARTESIAN_POINT('',(-23.79684628003,-50.8,171.34477265457));
#11208 = DIRECTION('',(0.,-1.,-0.));
#11209 = DIRECTION('',(-7.638769883634E-02,-0.,0.99707819125));
#11210 = ADVANCED_FACE('',(#11211),#11230,.T.);
#11211 = FACE_BOUND('',#11212,.T.);
#11212 = EDGE_LOOP('',(#11213,#11222,#11228,#11229));
#11213 = ORIENTED_EDGE('',*,*,#11214,.F.);
#11214 = EDGE_CURVE('',#11215,#11191,#11217,.T.);
#11215 = VERTEX_POINT('',#11216);
#11216 = CARTESIAN_POINT('',(-24.09809320579,-50.7,172.90607843274));
#11217 = CIRCLE('',#11218,0.15);
#11218 = AXIS2_PLACEMENT_3D('',#11219,#11220,#11221);
#11219 = CARTESIAN_POINT('',(-23.95543472835,-50.7,172.9524309819));
#11220 = DIRECTION('',(0.,-1.,0.));
#11221 = DIRECTION('',(-0.951056516295,-0.,-0.309016994375));
#11222 = ORIENTED_EDGE('',*,*,#11223,.T.);
#11223 = EDGE_CURVE('',#11215,#3963,#11224,.T.);
#11224 = LINE('',#11225,#11226);
#11225 = CARTESIAN_POINT('',(-24.09809320579,-50.8,172.90607843274));
#11226 = VECTOR('',#11227,1.);
#11227 = DIRECTION('',(0.,1.,0.));
#11228 = ORIENTED_EDGE('',*,*,#3970,.T.);
#11229 = ORIENTED_EDGE('',*,*,#11199,.F.);
#11230 = CYLINDRICAL_SURFACE('',#11231,0.15);
#11231 = AXIS2_PLACEMENT_3D('',#11232,#11233,#11234);
#11232 = CARTESIAN_POINT('',(-23.95543472835,-50.8,172.9524309819));
#11233 = DIRECTION('',(0.,-1.,0.));
#11234 = DIRECTION('',(-0.951056516295,-0.,-0.309016994375));
#11235 = ADVANCED_FACE('',(#11236),#11254,.T.);
#11236 = FACE_BOUND('',#11237,.T.);
#11237 = EDGE_LOOP('',(#11238,#11246,#11252,#11253));
#11238 = ORIENTED_EDGE('',*,*,#11239,.F.);
#11239 = EDGE_CURVE('',#11240,#11215,#11242,.T.);
#11240 = VERTEX_POINT('',#11241);
#11241 = CARTESIAN_POINT('',(-24.2535659887,-50.7,173.45734333859));
#11242 = LINE('',#11243,#11244);
#11243 = CARTESIAN_POINT('',(-24.21469779297,-50.7,173.31952711213));
#11244 = VECTOR('',#11245,1.);
#11245 = DIRECTION('',(0.271440449865,0.,-0.962455236454));
#11246 = ORIENTED_EDGE('',*,*,#11247,.T.);
#11247 = EDGE_CURVE('',#11240,#3954,#11248,.T.);
#11248 = LINE('',#11249,#11250);
#11249 = CARTESIAN_POINT('',(-24.2535659887,-50.8,173.45734333859));
#11250 = VECTOR('',#11251,1.);
#11251 = DIRECTION('',(0.,1.,0.));
#11252 = ORIENTED_EDGE('',*,*,#3962,.T.);
#11253 = ORIENTED_EDGE('',*,*,#11223,.F.);
#11254 = PLANE('',#11255);
#11255 = AXIS2_PLACEMENT_3D('',#11256,#11257,#11258);
#11256 = CARTESIAN_POINT('',(-24.2535659887,-50.8,173.45734333859));
#11257 = DIRECTION('',(-0.962455236454,0.,-0.271440449865));
#11258 = DIRECTION('',(0.271440449865,0.,-0.962455236454));
#11259 = ADVANCED_FACE('',(#11260),#11279,.T.);
#11260 = FACE_BOUND('',#11261,.T.);
#11261 = EDGE_LOOP('',(#11262,#11271,#11277,#11278));
#11262 = ORIENTED_EDGE('',*,*,#11263,.F.);
#11263 = EDGE_CURVE('',#11264,#11240,#11266,.T.);
#11264 = VERTEX_POINT('',#11265);
#11265 = CARTESIAN_POINT('',(-24.14272730522,-50.7,173.63821563123));
#11266 = CIRCLE('',#11267,0.15);
#11267 = AXIS2_PLACEMENT_3D('',#11268,#11269,#11270);
#11268 = CARTESIAN_POINT('',(-24.10771050064,-50.7,173.49236014317));
#11269 = DIRECTION('',(0.,-1.,0.));
#11270 = DIRECTION('',(-0.233445363856,0.,0.972369920398));
#11271 = ORIENTED_EDGE('',*,*,#11272,.T.);
#11272 = EDGE_CURVE('',#11264,#3945,#11273,.T.);
#11273 = LINE('',#11274,#11275);
#11274 = CARTESIAN_POINT('',(-24.14272730522,-50.8,173.63821563123));
#11275 = VECTOR('',#11276,1.);
#11276 = DIRECTION('',(0.,1.,0.));
#11277 = ORIENTED_EDGE('',*,*,#3953,.T.);
#11278 = ORIENTED_EDGE('',*,*,#11247,.F.);
#11279 = CYLINDRICAL_SURFACE('',#11280,0.15);
#11280 = AXIS2_PLACEMENT_3D('',#11281,#11282,#11283);
#11281 = CARTESIAN_POINT('',(-24.10771050064,-50.8,173.49236014317));
#11282 = DIRECTION('',(0.,-1.,0.));
#11283 = DIRECTION('',(-0.233445363856,0.,0.972369920398));
#11284 = ADVANCED_FACE('',(#11285),#11304,.F.);
#11285 = FACE_BOUND('',#11286,.T.);
#11286 = EDGE_LOOP('',(#11287,#11288,#11297,#11303));
#11287 = ORIENTED_EDGE('',*,*,#11272,.F.);
#11288 = ORIENTED_EDGE('',*,*,#11289,.T.);
#11289 = EDGE_CURVE('',#11264,#11290,#11292,.T.);
#11290 = VERTEX_POINT('',#11291);
#11291 = CARTESIAN_POINT('',(-23.83367358144,-50.7,173.85019437604));
#11292 = CIRCLE('',#11293,1.469292842571);
#11293 = AXIS2_PLACEMENT_3D('',#11294,#11295,#11296);
#11294 = CARTESIAN_POINT('',(-24.81249078859,-50.7,174.94597644024));
#11295 = DIRECTION('',(0.,-1.,-0.));
#11296 = DIRECTION('',(0.666182519091,0.,-0.745788744389));
#11297 = ORIENTED_EDGE('',*,*,#11298,.T.);
#11298 = EDGE_CURVE('',#11290,#3936,#11299,.T.);
#11299 = LINE('',#11300,#11301);
#11300 = CARTESIAN_POINT('',(-23.83367358144,-50.8,173.85019437604));
#11301 = VECTOR('',#11302,1.);
#11302 = DIRECTION('',(0.,1.,0.));
#11303 = ORIENTED_EDGE('',*,*,#3944,.F.);
#11304 = CYLINDRICAL_SURFACE('',#11305,1.469292842571);
#11305 = AXIS2_PLACEMENT_3D('',#11306,#11307,#11308);
#11306 = CARTESIAN_POINT('',(-24.81249078859,-50.8,174.94597644024));
#11307 = DIRECTION('',(-0.,-1.,-0.));
#11308 = DIRECTION('',(0.666182519091,0.,-0.745788744389));
#11309 = ADVANCED_FACE('',(#11310),#11329,.F.);
#11310 = FACE_BOUND('',#11311,.T.);
#11311 = EDGE_LOOP('',(#11312,#11313,#11322,#11328));
#11312 = ORIENTED_EDGE('',*,*,#11298,.F.);
#11313 = ORIENTED_EDGE('',*,*,#11314,.T.);
#11314 = EDGE_CURVE('',#11290,#11315,#11317,.T.);
#11315 = VERTEX_POINT('',#11316);
#11316 = CARTESIAN_POINT('',(-24.02791198496,-50.7,174.65925555356));
#11317 = CIRCLE('',#11318,0.471154273188);
#11318 = AXIS2_PLACEMENT_3D('',#11319,#11320,#11321);
#11319 = CARTESIAN_POINT('',(-24.14583654622,-50.7,174.20309752503));
#11320 = DIRECTION('',(-0.,-1.,0.));
#11321 = DIRECTION('',(0.250288637855,-0.,0.968171264685));
#11322 = ORIENTED_EDGE('',*,*,#11323,.T.);
#11323 = EDGE_CURVE('',#11315,#3927,#11324,.T.);
#11324 = LINE('',#11325,#11326);
#11325 = CARTESIAN_POINT('',(-24.02791198496,-50.8,174.65925555356));
#11326 = VECTOR('',#11327,1.);
#11327 = DIRECTION('',(0.,1.,0.));
#11328 = ORIENTED_EDGE('',*,*,#3935,.F.);
#11329 = CYLINDRICAL_SURFACE('',#11330,0.471154273188);
#11330 = AXIS2_PLACEMENT_3D('',#11331,#11332,#11333);
#11331 = CARTESIAN_POINT('',(-24.14583654622,-50.8,174.20309752503));
#11332 = DIRECTION('',(-0.,-1.,-0.));
#11333 = DIRECTION('',(0.250288637855,-0.,0.968171264685));
#11334 = ADVANCED_FACE('',(#11335),#11354,.F.);
#11335 = FACE_BOUND('',#11336,.T.);
#11336 = EDGE_LOOP('',(#11337,#11338,#11347,#11353));
#11337 = ORIENTED_EDGE('',*,*,#11323,.F.);
#11338 = ORIENTED_EDGE('',*,*,#11339,.T.);
#11339 = EDGE_CURVE('',#11315,#11340,#11342,.T.);
#11340 = VERTEX_POINT('',#11341);
#11341 = CARTESIAN_POINT('',(-24.39951720546,-50.7,174.70782254367));
#11342 = CIRCLE('',#11343,1.469292842574);
#11343 = AXIS2_PLACEMENT_3D('',#11344,#11345,#11346);
#11344 = CARTESIAN_POINT('',(-24.40256985559,-50.7,173.23853287224));
#11345 = DIRECTION('',(-0.,-1.,0.));
#11346 = DIRECTION('',(2.077632201815E-03,-0.,0.99999784172));
#11347 = ORIENTED_EDGE('',*,*,#11348,.T.);
#11348 = EDGE_CURVE('',#11340,#3918,#11349,.T.);
#11349 = LINE('',#11350,#11351);
#11350 = CARTESIAN_POINT('',(-24.39951720546,-50.8,174.70782254367));
#11351 = VECTOR('',#11352,1.);
#11352 = DIRECTION('',(0.,1.,0.));
#11353 = ORIENTED_EDGE('',*,*,#3926,.F.);
#11354 = CYLINDRICAL_SURFACE('',#11355,1.469292842574);
#11355 = AXIS2_PLACEMENT_3D('',#11356,#11357,#11358);
#11356 = CARTESIAN_POINT('',(-24.40256985559,-50.8,173.23853287224));
#11357 = DIRECTION('',(-0.,-1.,-0.));
#11358 = DIRECTION('',(2.077632201815E-03,-0.,0.99999784172));
#11359 = ADVANCED_FACE('',(#11360),#11379,.T.);
#11360 = FACE_BOUND('',#11361,.T.);
#11361 = EDGE_LOOP('',(#11362,#11371,#11377,#11378));
#11362 = ORIENTED_EDGE('',*,*,#11363,.F.);
#11363 = EDGE_CURVE('',#11364,#11340,#11366,.T.);
#11364 = VERTEX_POINT('',#11365);
#11365 = CARTESIAN_POINT('',(-24.5803894981,-50.7,174.81866122715));
#11366 = CIRCLE('',#11367,0.15);
#11367 = AXIS2_PLACEMENT_3D('',#11368,#11369,#11370);
#11368 = CARTESIAN_POINT('',(-24.43453401004,-50.7,174.85367803173));
#11369 = DIRECTION('',(0.,-1.,0.));
#11370 = DIRECTION('',(-0.972369920398,-0.,-0.233445363856));
#11371 = ORIENTED_EDGE('',*,*,#11372,.T.);
#11372 = EDGE_CURVE('',#11364,#3910,#11373,.T.);
#11373 = LINE('',#11374,#11375);
#11374 = CARTESIAN_POINT('',(-24.5803894981,-50.8,174.81866122715));
#11375 = VECTOR('',#11376,1.);
#11376 = DIRECTION('',(0.,1.,0.));
#11377 = ORIENTED_EDGE('',*,*,#3917,.T.);
#11378 = ORIENTED_EDGE('',*,*,#11348,.F.);
#11379 = CYLINDRICAL_SURFACE('',#11380,0.15);
#11380 = AXIS2_PLACEMENT_3D('',#11381,#11382,#11383);
#11381 = CARTESIAN_POINT('',(-24.43453401004,-50.8,174.85367803173));
#11382 = DIRECTION('',(0.,-1.,0.));
#11383 = DIRECTION('',(-0.972369920398,-0.,-0.233445363856));
#11384 = ADVANCED_FACE('',(#11385),#11403,.T.);
#11385 = FACE_BOUND('',#11386,.T.);
#11386 = EDGE_LOOP('',(#11387,#11395,#11401,#11402));
#11387 = ORIENTED_EDGE('',*,*,#11388,.F.);
#11388 = EDGE_CURVE('',#11389,#11364,#11391,.T.);
#11389 = VERTEX_POINT('',#11390);
#11390 = CARTESIAN_POINT('',(-24.69213126429,-50.7,175.38042502123));
#11391 = LINE('',#11392,#11393);
#11392 = CARTESIAN_POINT('',(-24.66419582274,-50.7,175.23998407271));
#11393 = VECTOR('',#11394,1.);
#11394 = DIRECTION('',(0.195090322016,0.,-0.980785280403));
#11395 = ORIENTED_EDGE('',*,*,#11396,.T.);
#11396 = EDGE_CURVE('',#11389,#3901,#11397,.T.);
#11397 = LINE('',#11398,#11399);
#11398 = CARTESIAN_POINT('',(-24.69213126429,-50.8,175.38042502123));
#11399 = VECTOR('',#11400,1.);
#11400 = DIRECTION('',(0.,1.,0.));
#11401 = ORIENTED_EDGE('',*,*,#3909,.T.);
#11402 = ORIENTED_EDGE('',*,*,#11372,.F.);
#11403 = PLANE('',#11404);
#11404 = AXIS2_PLACEMENT_3D('',#11405,#11406,#11407);
#11405 = CARTESIAN_POINT('',(-24.69213126429,-50.8,175.38042502123));
#11406 = DIRECTION('',(-0.980785280403,0.,-0.195090322016));
#11407 = DIRECTION('',(0.195090322016,0.,-0.980785280403));
#11408 = ADVANCED_FACE('',(#11409),#11428,.T.);
#11409 = FACE_BOUND('',#11410,.T.);
#11410 = EDGE_LOOP('',(#11411,#11420,#11426,#11427));
#11411 = ORIENTED_EDGE('',*,*,#11412,.F.);
#11412 = EDGE_CURVE('',#11413,#11389,#11415,.T.);
#11413 = VERTEX_POINT('',#11414);
#11414 = CARTESIAN_POINT('',(-24.56744318296,-50.7,175.55204344207));
#11415 = CIRCLE('',#11416,0.15);
#11416 = AXIS2_PLACEMENT_3D('',#11417,#11418,#11419);
#11417 = CARTESIAN_POINT('',(-24.5439780132,-50.7,175.40389019098));
#11418 = DIRECTION('',(0.,-1.,0.));
#11419 = DIRECTION('',(-0.15643446504,0.,0.987688340595));
#11420 = ORIENTED_EDGE('',*,*,#11421,.T.);
#11421 = EDGE_CURVE('',#11413,#3892,#11422,.T.);
#11422 = LINE('',#11423,#11424);
#11423 = CARTESIAN_POINT('',(-24.56744318296,-50.8,175.55204344207));
#11424 = VECTOR('',#11425,1.);
#11425 = DIRECTION('',(0.,1.,0.));
#11426 = ORIENTED_EDGE('',*,*,#3900,.T.);
#11427 = ORIENTED_EDGE('',*,*,#11396,.F.);
#11428 = CYLINDRICAL_SURFACE('',#11429,0.15);
#11429 = AXIS2_PLACEMENT_3D('',#11430,#11431,#11432);
#11430 = CARTESIAN_POINT('',(-24.5439780132,-50.8,175.40389019098));
#11431 = DIRECTION('',(0.,-1.,0.));
#11432 = DIRECTION('',(-0.15643446504,0.,0.987688340595));
#11433 = ADVANCED_FACE('',(#11434),#11453,.F.);
#11434 = FACE_BOUND('',#11435,.T.);
#11435 = EDGE_LOOP('',(#11436,#11437,#11446,#11452));
#11436 = ORIENTED_EDGE('',*,*,#11421,.F.);
#11437 = ORIENTED_EDGE('',*,*,#11438,.T.);
#11438 = EDGE_CURVE('',#11413,#11439,#11441,.T.);
#11439 = VERTEX_POINT('',#11440);
#11440 = CARTESIAN_POINT('',(-24.24271050803,-50.7,175.73912065146));
#11441 = CIRCLE('',#11442,1.469292842573);
#11442 = AXIS2_PLACEMENT_3D('',#11443,#11444,#11445);
#11443 = CARTESIAN_POINT('',(-25.13253627852,-50.7,176.90832189821));
#11444 = DIRECTION('',(0.,-1.,-0.));
#11445 = DIRECTION('',(0.605614990223,0.,-0.795757804622));
#11446 = ORIENTED_EDGE('',*,*,#11447,.T.);
#11447 = EDGE_CURVE('',#11439,#3883,#11448,.T.);
#11448 = LINE('',#11449,#11450);
#11449 = CARTESIAN_POINT('',(-24.24271050803,-50.8,175.73912065146));
#11450 = VECTOR('',#11451,1.);
#11451 = DIRECTION('',(0.,1.,0.));
#11452 = ORIENTED_EDGE('',*,*,#3891,.F.);
#11453 = CYLINDRICAL_SURFACE('',#11454,1.469292842573);
#11454 = AXIS2_PLACEMENT_3D('',#11455,#11456,#11457);
#11455 = CARTESIAN_POINT('',(-25.13253627852,-50.8,176.90832189821));
#11456 = DIRECTION('',(-0.,-1.,-0.));
#11457 = DIRECTION('',(0.605614990223,0.,-0.795757804622));
#11458 = ADVANCED_FACE('',(#11459),#11478,.F.);
#11459 = FACE_BOUND('',#11460,.T.);
#11460 = EDGE_LOOP('',(#11461,#11462,#11471,#11477));
#11461 = ORIENTED_EDGE('',*,*,#11447,.F.);
#11462 = ORIENTED_EDGE('',*,*,#11463,.T.);
#11463 = EDGE_CURVE('',#11439,#11464,#11466,.T.);
#11464 = VERTEX_POINT('',#11465);
#11465 = CARTESIAN_POINT('',(-24.372871931,-50.7,176.56092753287));
#11466 = CIRCLE('',#11467,0.471154273188);
#11467 = AXIS2_PLACEMENT_3D('',#11468,#11469,#11470);
#11468 = CARTESIAN_POINT('',(-24.52622271662,-50.7,176.11542794175));
#11469 = DIRECTION('',(-0.,-1.,0.));
#11470 = DIRECTION('',(0.325478923451,-0.,0.945549295589));
#11471 = ORIENTED_EDGE('',*,*,#11472,.T.);
#11472 = EDGE_CURVE('',#11464,#3874,#11473,.T.);
#11473 = LINE('',#11474,#11475);
#11474 = CARTESIAN_POINT('',(-24.372871931,-50.8,176.56092753287));
#11475 = VECTOR('',#11476,1.);
#11476 = DIRECTION('',(0.,1.,0.));
#11477 = ORIENTED_EDGE('',*,*,#3882,.F.);
#11478 = CYLINDRICAL_SURFACE('',#11479,0.471154273188);
#11479 = AXIS2_PLACEMENT_3D('',#11480,#11481,#11482);
#11480 = CARTESIAN_POINT('',(-24.52622271662,-50.8,176.11542794175));
#11481 = DIRECTION('',(-0.,-1.,-0.));
#11482 = DIRECTION('',(0.325478923451,-0.,0.945549295589));
#11483 = ADVANCED_FACE('',(#11484),#11503,.F.);
#11484 = FACE_BOUND('',#11485,.T.);
#11485 = EDGE_LOOP('',(#11486,#11487,#11496,#11502));
#11486 = ORIENTED_EDGE('',*,*,#11472,.F.);
#11487 = ORIENTED_EDGE('',*,*,#11488,.T.);
#11488 = EDGE_CURVE('',#11464,#11489,#11491,.T.);
#11489 = VERTEX_POINT('',#11490);
#11490 = CARTESIAN_POINT('',(-24.7395210945,-50.7,176.63850061673));
#11491 = CIRCLE('',#11492,1.469292842571);
#11492 = AXIS2_PLACEMENT_3D('',#11493,#11494,#11495);
#11493 = CARTESIAN_POINT('',(-24.8578434733,-50.7,175.17397978318));
#11494 = DIRECTION('',(-0.,-1.,0.));
#11495 = DIRECTION('',(8.053015394598E-02,-0.,0.996752172962));
#11496 = ORIENTED_EDGE('',*,*,#11497,.T.);
#11497 = EDGE_CURVE('',#11489,#3865,#11498,.T.);
#11498 = LINE('',#11499,#11500);
#11499 = CARTESIAN_POINT('',(-24.7395210945,-50.8,176.63850061673));
#11500 = VECTOR('',#11501,1.);
#11501 = DIRECTION('',(0.,1.,0.));
#11502 = ORIENTED_EDGE('',*,*,#3873,.F.);
#11503 = CYLINDRICAL_SURFACE('',#11504,1.469292842571);
#11504 = AXIS2_PLACEMENT_3D('',#11505,#11506,#11507);
#11505 = CARTESIAN_POINT('',(-24.8578434733,-50.8,175.17397978318));
#11506 = DIRECTION('',(-0.,-1.,-0.));
#11507 = DIRECTION('',(8.053015394598E-02,-0.,0.996752172962));
#11508 = ADVANCED_FACE('',(#11509),#11528,.T.);
#11509 = FACE_BOUND('',#11510,.T.);
#11510 = EDGE_LOOP('',(#11511,#11520,#11526,#11527));
#11511 = ORIENTED_EDGE('',*,*,#11512,.F.);
#11512 = EDGE_CURVE('',#11513,#11489,#11515,.T.);
#11513 = VERTEX_POINT('',#11514);
#11514 = CARTESIAN_POINT('',(-24.91113951534,-50.7,176.76318869806));
#11515 = CIRCLE('',#11516,0.15);
#11516 = AXIS2_PLACEMENT_3D('',#11517,#11518,#11519);
#11517 = CARTESIAN_POINT('',(-24.76298626426,-50.7,176.78665386782));
#11518 = DIRECTION('',(0.,-1.,0.));
#11519 = DIRECTION('',(-0.987688340595,-0.,-0.156434465041));
#11520 = ORIENTED_EDGE('',*,*,#11521,.T.);
#11521 = EDGE_CURVE('',#11513,#3857,#11522,.T.);
#11522 = LINE('',#11523,#11524);
#11523 = CARTESIAN_POINT('',(-24.91113951534,-50.8,176.76318869806));
#11524 = VECTOR('',#11525,1.);
#11525 = DIRECTION('',(0.,1.,0.));
#11526 = ORIENTED_EDGE('',*,*,#3864,.T.);
#11527 = ORIENTED_EDGE('',*,*,#11497,.F.);
#11528 = CYLINDRICAL_SURFACE('',#11529,0.15);
#11529 = AXIS2_PLACEMENT_3D('',#11530,#11531,#11532);
#11530 = CARTESIAN_POINT('',(-24.76298626426,-50.8,176.78665386782));
#11531 = DIRECTION('',(0.,-1.,0.));
#11532 = DIRECTION('',(-0.987688340595,-0.,-0.156434465041));
#11533 = ADVANCED_FACE('',(#11534),#11552,.T.);
#11534 = FACE_BOUND('',#11535,.T.);
#11535 = EDGE_LOOP('',(#11536,#11544,#11550,#11551));
#11536 = ORIENTED_EDGE('',*,*,#11537,.F.);
#11537 = EDGE_CURVE('',#11538,#11513,#11540,.T.);
#11538 = VERTEX_POINT('',#11539);
#11539 = CARTESIAN_POINT('',(-24.97846133966,-50.7,177.33198791977));
#11540 = LINE('',#11541,#11542);
#11541 = CARTESIAN_POINT('',(-24.96163088358,-50.7,177.18978811435));
#11542 = VECTOR('',#11543,1.);
#11543 = DIRECTION('',(0.117537397458,0.,-0.993068456955));
#11544 = ORIENTED_EDGE('',*,*,#11545,.T.);
#11545 = EDGE_CURVE('',#11538,#3848,#11546,.T.);
#11546 = LINE('',#11547,#11548);
#11547 = CARTESIAN_POINT('',(-24.97846133966,-50.8,177.33198791977));
#11548 = VECTOR('',#11549,1.);
#11549 = DIRECTION('',(0.,1.,0.));
#11550 = ORIENTED_EDGE('',*,*,#3856,.T.);
#11551 = ORIENTED_EDGE('',*,*,#11521,.F.);
#11552 = PLANE('',#11553);
#11553 = AXIS2_PLACEMENT_3D('',#11554,#11555,#11556);
#11554 = CARTESIAN_POINT('',(-24.97846133966,-50.8,177.33198791977));
#11555 = DIRECTION('',(-0.993068456955,0.,-0.117537397458));
#11556 = DIRECTION('',(0.117537397458,0.,-0.993068456955));
#11557 = ADVANCED_FACE('',(#11558),#11577,.T.);
#11558 = FACE_BOUND('',#11559,.T.);
#11559 = EDGE_LOOP('',(#11560,#11569,#11575,#11576));
#11560 = ORIENTED_EDGE('',*,*,#11561,.F.);
#11561 = EDGE_CURVE('',#11562,#11538,#11564,.T.);
#11562 = VERTEX_POINT('',#11563);
#11563 = CARTESIAN_POINT('',(-24.84069260396,-50.7,177.49329438419));
#11564 = CIRCLE('',#11565,0.15);
#11565 = AXIS2_PLACEMENT_3D('',#11566,#11567,#11568);
#11566 = CARTESIAN_POINT('',(-24.8289237396,-50.7,177.34375678413));
#11567 = DIRECTION('',(0.,-1.,0.));
#11568 = DIRECTION('',(-7.845909572771E-02,0.,0.996917333733));
#11569 = ORIENTED_EDGE('',*,*,#11570,.T.);
#11570 = EDGE_CURVE('',#11562,#3839,#11571,.T.);
#11571 = LINE('',#11572,#11573);
#11572 = CARTESIAN_POINT('',(-24.84069260396,-50.8,177.49329438419));
#11573 = VECTOR('',#11574,1.);
#11574 = DIRECTION('',(0.,1.,0.));
#11575 = ORIENTED_EDGE('',*,*,#3847,.T.);
#11576 = ORIENTED_EDGE('',*,*,#11545,.F.);
#11577 = CYLINDRICAL_SURFACE('',#11578,0.15);
#11578 = AXIS2_PLACEMENT_3D('',#11579,#11580,#11581);
#11579 = CARTESIAN_POINT('',(-24.8289237396,-50.8,177.34375678413));
#11580 = DIRECTION('',(0.,-1.,0.));
#11581 = DIRECTION('',(-7.845909572771E-02,0.,0.996917333733));
#11582 = ADVANCED_FACE('',(#11583),#11602,.F.);
#11583 = FACE_BOUND('',#11584,.T.);
#11584 = EDGE_LOOP('',(#11585,#11586,#11595,#11601));
#11585 = ORIENTED_EDGE('',*,*,#11570,.F.);
#11586 = ORIENTED_EDGE('',*,*,#11587,.T.);
#11587 = EDGE_CURVE('',#11562,#11588,#11590,.T.);
#11588 = VERTEX_POINT('',#11589);
#11589 = CARTESIAN_POINT('',(-24.50228306283,-50.7,177.65431666494));
#11590 = CIRCLE('',#11591,1.469292842574);
#11591 = AXIS2_PLACEMENT_3D('',#11592,#11593,#11594);
#11592 = CARTESIAN_POINT('',(-25.29763132489,-50.7,178.88972857976));
#11593 = DIRECTION('',(0.,-1.,-0.));
#11594 = DIRECTION('',(0.541313643553,0.,-0.840820753373));
#11595 = ORIENTED_EDGE('',*,*,#11596,.T.);
#11596 = EDGE_CURVE('',#11588,#3830,#11597,.T.);
#11597 = LINE('',#11598,#11599);
#11598 = CARTESIAN_POINT('',(-24.50228306283,-50.8,177.65431666494));
#11599 = VECTOR('',#11600,1.);
#11600 = DIRECTION('',(0.,1.,0.));
#11601 = ORIENTED_EDGE('',*,*,#3838,.F.);
#11602 = CYLINDRICAL_SURFACE('',#11603,1.469292842574);
#11603 = AXIS2_PLACEMENT_3D('',#11604,#11605,#11606);
#11604 = CARTESIAN_POINT('',(-25.29763132489,-50.8,178.88972857976));
#11605 = DIRECTION('',(-0.,-1.,-0.));
#11606 = DIRECTION('',(0.541313643553,0.,-0.840820753373));
#11607 = ADVANCED_FACE('',(#11608),#11627,.F.);
#11608 = FACE_BOUND('',#11609,.T.);
#11609 = EDGE_LOOP('',(#11610,#11611,#11620,#11626));
#11610 = ORIENTED_EDGE('',*,*,#11596,.F.);
#11611 = ORIENTED_EDGE('',*,*,#11612,.T.);
#11612 = EDGE_CURVE('',#11588,#11613,#11615,.T.);
#11613 = VERTEX_POINT('',#11614);
#11614 = CARTESIAN_POINT('',(-24.56756501679,-50.7,178.48380253756));
#11615 = CIRCLE('',#11616,0.471154273188);
#11616 = AXIS2_PLACEMENT_3D('',#11617,#11618,#11619);
#11617 = CARTESIAN_POINT('',(-24.75539656818,-50.7,178.05170803696));
#11618 = DIRECTION('',(-0.,-1.,0.));
#11619 = DIRECTION('',(0.398662523251,-0.,0.91709770066));
#11620 = ORIENTED_EDGE('',*,*,#11621,.T.);
#11621 = EDGE_CURVE('',#11613,#3821,#11622,.T.);
#11622 = LINE('',#11623,#11624);
#11623 = CARTESIAN_POINT('',(-24.56756501679,-50.8,178.48380253756));
#11624 = VECTOR('',#11625,1.);
#11625 = DIRECTION('',(0.,1.,0.));
#11626 = ORIENTED_EDGE('',*,*,#3829,.F.);
#11627 = CYLINDRICAL_SURFACE('',#11628,0.471154273188);
#11628 = AXIS2_PLACEMENT_3D('',#11629,#11630,#11631);
#11629 = CARTESIAN_POINT('',(-24.75539656818,-50.8,178.05170803696));
#11630 = DIRECTION('',(-0.,-1.,-0.));
#11631 = DIRECTION('',(0.398662523251,-0.,0.91709770066));
#11632 = ADVANCED_FACE('',(#11633),#11652,.F.);
#11633 = FACE_BOUND('',#11634,.T.);
#11634 = EDGE_LOOP('',(#11635,#11636,#11645,#11651));
#11635 = ORIENTED_EDGE('',*,*,#11621,.F.);
#11636 = ORIENTED_EDGE('',*,*,#11637,.T.);
#11637 = EDGE_CURVE('',#11613,#11638,#11640,.T.);
#11638 = VERTEX_POINT('',#11639);
#11639 = CARTESIAN_POINT('',(-24.92699760926,-50.7,178.5899034513));
#11640 = CIRCLE('',#11641,1.469292842573);
#11641 = AXIS2_PLACEMENT_3D('',#11642,#11643,#11644);
#11642 = CARTESIAN_POINT('',(-25.15986021994,-50.7,177.13918071356));
#11643 = DIRECTION('',(-0.,-1.,0.));
#11644 = DIRECTION('',(0.158486180513,-0.,0.987361195605));
#11645 = ORIENTED_EDGE('',*,*,#11646,.T.);
#11646 = EDGE_CURVE('',#11638,#3812,#11647,.T.);
#11647 = LINE('',#11648,#11649);
#11648 = CARTESIAN_POINT('',(-24.92699760926,-50.8,178.5899034513));
#11649 = VECTOR('',#11650,1.);
#11650 = DIRECTION('',(0.,1.,0.));
#11651 = ORIENTED_EDGE('',*,*,#3820,.F.);
#11652 = CYLINDRICAL_SURFACE('',#11653,1.469292842573);
#11653 = AXIS2_PLACEMENT_3D('',#11654,#11655,#11656);
#11654 = CARTESIAN_POINT('',(-25.15986021994,-50.8,177.13918071356));
#11655 = DIRECTION('',(-0.,-1.,-0.));
#11656 = DIRECTION('',(0.158486180513,-0.,0.987361195605));
#11657 = ADVANCED_FACE('',(#11658),#11677,.T.);
#11658 = FACE_BOUND('',#11659,.T.);
#11659 = EDGE_LOOP('',(#11660,#11669,#11675,#11676));
#11660 = ORIENTED_EDGE('',*,*,#11661,.F.);
#11661 = EDGE_CURVE('',#11662,#11638,#11664,.T.);
#11662 = VERTEX_POINT('',#11663);
#11663 = CARTESIAN_POINT('',(-25.08830407368,-50.7,178.727672187));
#11664 = CIRCLE('',#11665,0.15);
#11665 = AXIS2_PLACEMENT_3D('',#11666,#11667,#11668);
#11666 = CARTESIAN_POINT('',(-24.93876647362,-50.7,178.73944105136));
#11667 = DIRECTION('',(0.,-1.,0.));
#11668 = DIRECTION('',(-0.996917333733,-0.,-7.845909572779E-02));
#11669 = ORIENTED_EDGE('',*,*,#11670,.T.);
#11670 = EDGE_CURVE('',#11662,#3804,#11671,.T.);
#11671 = LINE('',#11672,#11673);
#11672 = CARTESIAN_POINT('',(-25.08830407368,-50.8,178.727672187));
#11673 = VECTOR('',#11674,1.);
#11674 = DIRECTION('',(0.,1.,0.));
#11675 = ORIENTED_EDGE('',*,*,#3811,.T.);
#11676 = ORIENTED_EDGE('',*,*,#11646,.F.);
#11677 = CYLINDRICAL_SURFACE('',#11678,0.15);
#11678 = AXIS2_PLACEMENT_3D('',#11679,#11680,#11681);
#11679 = CARTESIAN_POINT('',(-24.93876647362,-50.8,178.73944105136));
#11680 = DIRECTION('',(0.,-1.,0.));
#11681 = DIRECTION('',(-0.996917333733,-0.,-7.845909572779E-02));
#11682 = ADVANCED_FACE('',(#11683),#11701,.T.);
#11683 = FACE_BOUND('',#11684,.T.);
#11684 = EDGE_LOOP('',(#11685,#11693,#11699,#11700));
#11685 = ORIENTED_EDGE('',*,*,#11686,.F.);
#11686 = EDGE_CURVE('',#11687,#11662,#11689,.T.);
#11687 = VERTEX_POINT('',#11688);
#11688 = CARTESIAN_POINT('',(-25.1107908947,-50.7,179.3));
#11689 = LINE('',#11690,#11691);
#11690 = CARTESIAN_POINT('',(-25.10516918944,-50.7,179.15691804675));
#11691 = VECTOR('',#11692,1.);
#11692 = DIRECTION('',(3.925981575907E-02,0.,-0.999229036241));
#11693 = ORIENTED_EDGE('',*,*,#11694,.T.);
#11694 = EDGE_CURVE('',#11687,#3795,#11695,.T.);
#11695 = LINE('',#11696,#11697);
#11696 = CARTESIAN_POINT('',(-25.1107908947,-50.8,179.3));
#11697 = VECTOR('',#11698,1.);
#11698 = DIRECTION('',(0.,1.,0.));
#11699 = ORIENTED_EDGE('',*,*,#3803,.T.);
#11700 = ORIENTED_EDGE('',*,*,#11670,.F.);
#11701 = PLANE('',#11702);
#11702 = AXIS2_PLACEMENT_3D('',#11703,#11704,#11705);
#11703 = CARTESIAN_POINT('',(-25.1107908947,-50.8,179.3));
#11704 = DIRECTION('',(-0.999229036241,0.,-3.925981575907E-02));
#11705 = DIRECTION('',(3.925981575907E-02,0.,-0.999229036241));
#11706 = ADVANCED_FACE('',(#11707),#11726,.T.);
#11707 = FACE_BOUND('',#11708,.T.);
#11708 = EDGE_LOOP('',(#11709,#11718,#11724,#11725));
#11709 = ORIENTED_EDGE('',*,*,#11710,.F.);
#11710 = EDGE_CURVE('',#11711,#11687,#11713,.T.);
#11711 = VERTEX_POINT('',#11712);
#11712 = CARTESIAN_POINT('',(-24.9607908947,-50.7,179.45));
#11713 = CIRCLE('',#11714,0.15);
#11714 = AXIS2_PLACEMENT_3D('',#11715,#11716,#11717);
#11715 = CARTESIAN_POINT('',(-24.9607908947,-50.7,179.3));
#11716 = DIRECTION('',(0.,-1.,0.));
#11717 = DIRECTION('',(-3.079018521626E-13,0.,1.));
#11718 = ORIENTED_EDGE('',*,*,#11719,.T.);
#11719 = EDGE_CURVE('',#11711,#3786,#11720,.T.);
#11720 = LINE('',#11721,#11722);
#11721 = CARTESIAN_POINT('',(-24.9607908947,-50.8,179.45));
#11722 = VECTOR('',#11723,1.);
#11723 = DIRECTION('',(0.,1.,0.));
#11724 = ORIENTED_EDGE('',*,*,#3794,.T.);
#11725 = ORIENTED_EDGE('',*,*,#11694,.F.);
#11726 = CYLINDRICAL_SURFACE('',#11727,0.15);
#11727 = AXIS2_PLACEMENT_3D('',#11728,#11729,#11730);
#11728 = CARTESIAN_POINT('',(-24.9607908947,-50.8,179.3));
#11729 = DIRECTION('',(0.,-1.,0.));
#11730 = DIRECTION('',(-3.079018521626E-13,0.,1.));
#11731 = ADVANCED_FACE('',(#11732),#11751,.F.);
#11732 = FACE_BOUND('',#11733,.T.);
#11733 = EDGE_LOOP('',(#11734,#11735,#11744,#11750));
#11734 = ORIENTED_EDGE('',*,*,#11719,.F.);
#11735 = ORIENTED_EDGE('',*,*,#11736,.T.);
#11736 = EDGE_CURVE('',#11711,#11737,#11739,.T.);
#11737 = VERTEX_POINT('',#11738);
#11738 = CARTESIAN_POINT('',(-24.6107908947,-50.7,179.58397459621));
#11739 = CIRCLE('',#11740,1.469292842572);
#11740 = AXIS2_PLACEMENT_3D('',#11741,#11742,#11743);
#11741 = CARTESIAN_POINT('',(-25.30675806181,-50.7,180.87798045382));
#11742 = DIRECTION('',(0.,-1.,-0.));
#11743 = DIRECTION('',(0.473674918265,0.,-0.880699762579));
#11744 = ORIENTED_EDGE('',*,*,#11745,.T.);
#11745 = EDGE_CURVE('',#11737,#3777,#11746,.T.);
#11746 = LINE('',#11747,#11748);
#11747 = CARTESIAN_POINT('',(-24.6107908947,-50.8,179.58397459621));
#11748 = VECTOR('',#11749,1.);
#11749 = DIRECTION('',(0.,1.,0.));
#11750 = ORIENTED_EDGE('',*,*,#3785,.F.);
#11751 = CYLINDRICAL_SURFACE('',#11752,1.469292842572);
#11752 = AXIS2_PLACEMENT_3D('',#11753,#11754,#11755);
#11753 = CARTESIAN_POINT('',(-25.30675806181,-50.8,180.87798045382));
#11754 = DIRECTION('',(-0.,-1.,-0.));
#11755 = DIRECTION('',(0.473674918265,0.,-0.880699762579));
#11756 = ADVANCED_FACE('',(#11757),#11776,.F.);
#11757 = FACE_BOUND('',#11758,.T.);
#11758 = EDGE_LOOP('',(#11759,#11760,#11769,#11775));
#11759 = ORIENTED_EDGE('',*,*,#11745,.F.);
#11760 = ORIENTED_EDGE('',*,*,#11761,.T.);
#11761 = EDGE_CURVE('',#11737,#11762,#11764,.T.);
#11762 = VERTEX_POINT('',#11763);
#11763 = CARTESIAN_POINT('',(-24.6107908947,-50.7,180.41602540378));
#11764 = CIRCLE('',#11765,0.471154273188);
#11765 = AXIS2_PLACEMENT_3D('',#11766,#11767,#11768);
#11766 = CARTESIAN_POINT('',(-24.83194516789,-50.7,180.));
#11767 = DIRECTION('',(-0.,-1.,0.));
#11768 = DIRECTION('',(0.469388236026,-0.,0.88299189344));
#11769 = ORIENTED_EDGE('',*,*,#11770,.T.);
#11770 = EDGE_CURVE('',#11762,#3768,#11771,.T.);
#11771 = LINE('',#11772,#11773);
#11772 = CARTESIAN_POINT('',(-24.6107908947,-50.8,180.41602540378));
#11773 = VECTOR('',#11774,1.);
#11774 = DIRECTION('',(0.,1.,0.));
#11775 = ORIENTED_EDGE('',*,*,#3776,.F.);
#11776 = CYLINDRICAL_SURFACE('',#11777,0.471154273188);
#11777 = AXIS2_PLACEMENT_3D('',#11778,#11779,#11780);
#11778 = CARTESIAN_POINT('',(-24.83194516789,-50.8,180.));
#11779 = DIRECTION('',(-0.,-1.,-0.));
#11780 = DIRECTION('',(0.469388236026,-0.,0.88299189344));
#11781 = ADVANCED_FACE('',(#11782),#11801,.F.);
#11782 = FACE_BOUND('',#11783,.T.);
#11783 = EDGE_LOOP('',(#11784,#11785,#11794,#11800));
#11784 = ORIENTED_EDGE('',*,*,#11770,.F.);
#11785 = ORIENTED_EDGE('',*,*,#11786,.T.);
#11786 = EDGE_CURVE('',#11762,#11787,#11789,.T.);
#11787 = VERTEX_POINT('',#11788);
#11788 = CARTESIAN_POINT('',(-24.9607908947,-50.7,180.55));
#11789 = CIRCLE('',#11790,1.469292842573);
#11790 = AXIS2_PLACEMENT_3D('',#11791,#11792,#11793);
#11791 = CARTESIAN_POINT('',(-25.30675806181,-50.7,179.12201954617));
#11792 = DIRECTION('',(-0.,-1.,0.));
#11793 = DIRECTION('',(0.235465087074,-0.,0.971882808146));
#11794 = ORIENTED_EDGE('',*,*,#11795,.T.);
#11795 = EDGE_CURVE('',#11787,#3759,#11796,.T.);
#11796 = LINE('',#11797,#11798);
#11797 = CARTESIAN_POINT('',(-24.9607908947,-50.8,180.55));
#11798 = VECTOR('',#11799,1.);
#11799 = DIRECTION('',(0.,1.,0.));
#11800 = ORIENTED_EDGE('',*,*,#3767,.F.);
#11801 = CYLINDRICAL_SURFACE('',#11802,1.469292842573);
#11802 = AXIS2_PLACEMENT_3D('',#11803,#11804,#11805);
#11803 = CARTESIAN_POINT('',(-25.30675806181,-50.8,179.12201954617));
#11804 = DIRECTION('',(-0.,-1.,-0.));
#11805 = DIRECTION('',(0.235465087074,-0.,0.971882808146));
#11806 = ADVANCED_FACE('',(#11807),#11826,.T.);
#11807 = FACE_BOUND('',#11808,.T.);
#11808 = EDGE_LOOP('',(#11809,#11818,#11824,#11825));
#11809 = ORIENTED_EDGE('',*,*,#11810,.F.);
#11810 = EDGE_CURVE('',#11811,#11787,#11813,.T.);
#11811 = VERTEX_POINT('',#11812);
#11812 = CARTESIAN_POINT('',(-25.1107908947,-50.7,180.7));
#11813 = CIRCLE('',#11814,0.15);
#11814 = AXIS2_PLACEMENT_3D('',#11815,#11816,#11817);
#11815 = CARTESIAN_POINT('',(-24.9607908947,-50.7,180.7));
#11816 = DIRECTION('',(0.,-1.,0.));
#11817 = DIRECTION('',(-1.,0.,0.));
#11818 = ORIENTED_EDGE('',*,*,#11819,.T.);
#11819 = EDGE_CURVE('',#11811,#3751,#11820,.T.);
#11820 = LINE('',#11821,#11822);
#11821 = CARTESIAN_POINT('',(-25.1107908947,-50.8,180.7));
#11822 = VECTOR('',#11823,1.);
#11823 = DIRECTION('',(0.,1.,0.));
#11824 = ORIENTED_EDGE('',*,*,#3758,.T.);
#11825 = ORIENTED_EDGE('',*,*,#11795,.F.);
#11826 = CYLINDRICAL_SURFACE('',#11827,0.15);
#11827 = AXIS2_PLACEMENT_3D('',#11828,#11829,#11830);
#11828 = CARTESIAN_POINT('',(-24.9607908947,-50.8,180.7));
#11829 = DIRECTION('',(0.,-1.,0.));
#11830 = DIRECTION('',(-1.,0.,0.));
#11831 = ADVANCED_FACE('',(#11832),#11850,.T.);
#11832 = FACE_BOUND('',#11833,.T.);
#11833 = EDGE_LOOP('',(#11834,#11842,#11848,#11849));
#11834 = ORIENTED_EDGE('',*,*,#11835,.F.);
#11835 = EDGE_CURVE('',#11836,#11811,#11838,.T.);
#11836 = VERTEX_POINT('',#11837);
#11837 = CARTESIAN_POINT('',(-25.08830407368,-50.7,181.27232781299));
#11838 = LINE('',#11839,#11840);
#11839 = CARTESIAN_POINT('',(-25.09392577894,-50.7,181.12924585974));
#11840 = VECTOR('',#11841,1.);
#11841 = DIRECTION('',(-3.925981575907E-02,0.,-0.999229036241));
#11842 = ORIENTED_EDGE('',*,*,#11843,.T.);
#11843 = EDGE_CURVE('',#11836,#3742,#11844,.T.);
#11844 = LINE('',#11845,#11846);
#11845 = CARTESIAN_POINT('',(-25.08830407368,-50.8,181.27232781299));
#11846 = VECTOR('',#11847,1.);
#11847 = DIRECTION('',(0.,1.,0.));
#11848 = ORIENTED_EDGE('',*,*,#3750,.T.);
#11849 = ORIENTED_EDGE('',*,*,#11819,.F.);
#11850 = PLANE('',#11851);
#11851 = AXIS2_PLACEMENT_3D('',#11852,#11853,#11854);
#11852 = CARTESIAN_POINT('',(-25.08830407368,-50.8,181.27232781299));
#11853 = DIRECTION('',(-0.999229036241,0.,3.925981575907E-02));
#11854 = DIRECTION('',(-3.925981575907E-02,0.,-0.999229036241));
#11855 = ADVANCED_FACE('',(#11856),#11875,.T.);
#11856 = FACE_BOUND('',#11857,.T.);
#11857 = EDGE_LOOP('',(#11858,#11867,#11873,#11874));
#11858 = ORIENTED_EDGE('',*,*,#11859,.F.);
#11859 = EDGE_CURVE('',#11860,#11836,#11862,.T.);
#11860 = VERTEX_POINT('',#11861);
#11861 = CARTESIAN_POINT('',(-24.92699760926,-50.7,181.41009654869));
#11862 = CIRCLE('',#11863,0.15);
#11863 = AXIS2_PLACEMENT_3D('',#11864,#11865,#11866);
#11864 = CARTESIAN_POINT('',(-24.93876647362,-50.7,181.26055894863));
#11865 = DIRECTION('',(0.,-1.,0.));
#11866 = DIRECTION('',(7.845909572782E-02,0.,0.996917333733));
#11867 = ORIENTED_EDGE('',*,*,#11868,.T.);
#11868 = EDGE_CURVE('',#11860,#3733,#11869,.T.);
#11869 = LINE('',#11870,#11871);
#11870 = CARTESIAN_POINT('',(-24.92699760926,-50.8,181.41009654869));
#11871 = VECTOR('',#11872,1.);
#11872 = DIRECTION('',(0.,1.,0.));
#11873 = ORIENTED_EDGE('',*,*,#3741,.T.);
#11874 = ORIENTED_EDGE('',*,*,#11843,.F.);
#11875 = CYLINDRICAL_SURFACE('',#11876,0.15);
#11876 = AXIS2_PLACEMENT_3D('',#11877,#11878,#11879);
#11877 = CARTESIAN_POINT('',(-24.93876647362,-50.8,181.26055894863));
#11878 = DIRECTION('',(0.,-1.,0.));
#11879 = DIRECTION('',(7.845909572782E-02,0.,0.996917333733));
#11880 = ADVANCED_FACE('',(#11881),#11900,.F.);
#11881 = FACE_BOUND('',#11882,.T.);
#11882 = EDGE_LOOP('',(#11883,#11884,#11893,#11899));
#11883 = ORIENTED_EDGE('',*,*,#11868,.F.);
#11884 = ORIENTED_EDGE('',*,*,#11885,.T.);
#11885 = EDGE_CURVE('',#11860,#11886,#11888,.T.);
#11886 = VERTEX_POINT('',#11887);
#11887 = CARTESIAN_POINT('',(-24.56756501679,-50.7,181.51619746243));
#11888 = CIRCLE('',#11889,1.469292842573);
#11889 = AXIS2_PLACEMENT_3D('',#11890,#11891,#11892);
#11890 = CARTESIAN_POINT('',(-25.15986021994,-50.7,182.86081928643));
#11891 = DIRECTION('',(0.,-1.,-0.));
#11892 = DIRECTION('',(0.403115829594,0.,-0.915148964885));
#11893 = ORIENTED_EDGE('',*,*,#11894,.T.);
#11894 = EDGE_CURVE('',#11886,#3724,#11895,.T.);
#11895 = LINE('',#11896,#11897);
#11896 = CARTESIAN_POINT('',(-24.56756501679,-50.8,181.51619746243));
#11897 = VECTOR('',#11898,1.);
#11898 = DIRECTION('',(0.,1.,0.));
#11899 = ORIENTED_EDGE('',*,*,#3732,.F.);
#11900 = CYLINDRICAL_SURFACE('',#11901,1.469292842573);
#11901 = AXIS2_PLACEMENT_3D('',#11902,#11903,#11904);
#11902 = CARTESIAN_POINT('',(-25.15986021994,-50.8,182.86081928643));
#11903 = DIRECTION('',(-0.,-1.,-0.));
#11904 = DIRECTION('',(0.403115829594,0.,-0.915148964885));
#11905 = ADVANCED_FACE('',(#11906),#11925,.F.);
#11906 = FACE_BOUND('',#11907,.T.);
#11907 = EDGE_LOOP('',(#11908,#11909,#11918,#11924));
#11908 = ORIENTED_EDGE('',*,*,#11894,.F.);
#11909 = ORIENTED_EDGE('',*,*,#11910,.T.);
#11910 = EDGE_CURVE('',#11886,#11911,#11913,.T.);
#11911 = VERTEX_POINT('',#11912);
#11912 = CARTESIAN_POINT('',(-24.50228306283,-50.7,182.34568333505));
#11913 = CIRCLE('',#11914,0.471154273188);
#11914 = AXIS2_PLACEMENT_3D('',#11915,#11916,#11917);
#11915 = CARTESIAN_POINT('',(-24.75539656818,-50.7,181.94829196303));
#11916 = DIRECTION('',(-0.,-1.,0.));
#11917 = DIRECTION('',(0.537220014239,-0.,0.843442147572));
#11918 = ORIENTED_EDGE('',*,*,#11919,.T.);
#11919 = EDGE_CURVE('',#11911,#3715,#11920,.T.);
#11920 = LINE('',#11921,#11922);
#11921 = CARTESIAN_POINT('',(-24.50228306283,-50.8,182.34568333505));
#11922 = VECTOR('',#11923,1.);
#11923 = DIRECTION('',(0.,1.,0.));
#11924 = ORIENTED_EDGE('',*,*,#3723,.F.);
#11925 = CYLINDRICAL_SURFACE('',#11926,0.471154273188);
#11926 = AXIS2_PLACEMENT_3D('',#11927,#11928,#11929);
#11927 = CARTESIAN_POINT('',(-24.75539656818,-50.8,181.94829196303));
#11928 = DIRECTION('',(-0.,-1.,-0.));
#11929 = DIRECTION('',(0.537220014239,-0.,0.843442147572));
#11930 = ADVANCED_FACE('',(#11931),#11950,.F.);
#11931 = FACE_BOUND('',#11932,.T.);
#11932 = EDGE_LOOP('',(#11933,#11934,#11943,#11949));
#11933 = ORIENTED_EDGE('',*,*,#11919,.F.);
#11934 = ORIENTED_EDGE('',*,*,#11935,.T.);
#11935 = EDGE_CURVE('',#11911,#11936,#11938,.T.);
#11936 = VERTEX_POINT('',#11937);
#11937 = CARTESIAN_POINT('',(-24.84069260396,-50.7,182.5067056158));
#11938 = CIRCLE('',#11939,1.46929284257);
#11939 = AXIS2_PLACEMENT_3D('',#11940,#11941,#11942);
#11940 = CARTESIAN_POINT('',(-25.29763132488,-50.7,181.11027142023));
#11941 = DIRECTION('',(-0.,-1.,0.));
#11942 = DIRECTION('',(0.310992273073,-0.,0.95041243999));
#11943 = ORIENTED_EDGE('',*,*,#11944,.T.);
#11944 = EDGE_CURVE('',#11936,#3706,#11945,.T.);
#11945 = LINE('',#11946,#11947);
#11946 = CARTESIAN_POINT('',(-24.84069260396,-50.8,182.5067056158));
#11947 = VECTOR('',#11948,1.);
#11948 = DIRECTION('',(0.,1.,0.));
#11949 = ORIENTED_EDGE('',*,*,#3714,.F.);
#11950 = CYLINDRICAL_SURFACE('',#11951,1.46929284257);
#11951 = AXIS2_PLACEMENT_3D('',#11952,#11953,#11954);
#11952 = CARTESIAN_POINT('',(-25.29763132488,-50.8,181.11027142023));
#11953 = DIRECTION('',(-0.,-1.,-0.));
#11954 = DIRECTION('',(0.310992273073,-0.,0.95041243999));
#11955 = ADVANCED_FACE('',(#11956),#11975,.T.);
#11956 = FACE_BOUND('',#11957,.T.);
#11957 = EDGE_LOOP('',(#11958,#11967,#11973,#11974));
#11958 = ORIENTED_EDGE('',*,*,#11959,.F.);
#11959 = EDGE_CURVE('',#11960,#11936,#11962,.T.);
#11960 = VERTEX_POINT('',#11961);
#11961 = CARTESIAN_POINT('',(-24.97846133966,-50.7,182.66801208022));
#11962 = CIRCLE('',#11963,0.15);
#11963 = AXIS2_PLACEMENT_3D('',#11964,#11965,#11966);
#11964 = CARTESIAN_POINT('',(-24.8289237396,-50.7,182.65624321586));
#11965 = DIRECTION('',(0.,-1.,0.));
#11966 = DIRECTION('',(-0.996917333733,0.,7.845909572779E-02));
#11967 = ORIENTED_EDGE('',*,*,#11968,.T.);
#11968 = EDGE_CURVE('',#11960,#3698,#11969,.T.);
#11969 = LINE('',#11970,#11971);
#11970 = CARTESIAN_POINT('',(-24.97846133966,-50.8,182.66801208022));
#11971 = VECTOR('',#11972,1.);
#11972 = DIRECTION('',(0.,1.,0.));
#11973 = ORIENTED_EDGE('',*,*,#3705,.T.);
#11974 = ORIENTED_EDGE('',*,*,#11944,.F.);
#11975 = CYLINDRICAL_SURFACE('',#11976,0.15);
#11976 = AXIS2_PLACEMENT_3D('',#11977,#11978,#11979);
#11977 = CARTESIAN_POINT('',(-24.8289237396,-50.8,182.65624321586));
#11978 = DIRECTION('',(0.,-1.,0.));
#11979 = DIRECTION('',(-0.996917333733,0.,7.845909572779E-02));
#11980 = ADVANCED_FACE('',(#11981),#11999,.T.);
#11981 = FACE_BOUND('',#11982,.T.);
#11982 = EDGE_LOOP('',(#11983,#11991,#11997,#11998));
#11983 = ORIENTED_EDGE('',*,*,#11984,.F.);
#11984 = EDGE_CURVE('',#11985,#11960,#11987,.T.);
#11985 = VERTEX_POINT('',#11986);
#11986 = CARTESIAN_POINT('',(-24.91113951534,-50.7,183.23681130193));
#11987 = LINE('',#11988,#11989);
#11988 = CARTESIAN_POINT('',(-24.92796997142,-50.7,183.0946114965));
#11989 = VECTOR('',#11990,1.);
#11990 = DIRECTION('',(-0.117537397458,0.,-0.993068456955));
#11991 = ORIENTED_EDGE('',*,*,#11992,.T.);
#11992 = EDGE_CURVE('',#11985,#3689,#11993,.T.);
#11993 = LINE('',#11994,#11995);
#11994 = CARTESIAN_POINT('',(-24.91113951534,-50.8,183.23681130193));
#11995 = VECTOR('',#11996,1.);
#11996 = DIRECTION('',(0.,1.,0.));
#11997 = ORIENTED_EDGE('',*,*,#3697,.T.);
#11998 = ORIENTED_EDGE('',*,*,#11968,.F.);
#11999 = PLANE('',#12000);
#12000 = AXIS2_PLACEMENT_3D('',#12001,#12002,#12003);
#12001 = CARTESIAN_POINT('',(-24.91113951534,-50.8,183.23681130193));
#12002 = DIRECTION('',(-0.993068456955,0.,0.117537397458));
#12003 = DIRECTION('',(-0.117537397458,0.,-0.993068456955));
#12004 = ADVANCED_FACE('',(#12005),#12024,.T.);
#12005 = FACE_BOUND('',#12006,.T.);
#12006 = EDGE_LOOP('',(#12007,#12016,#12022,#12023));
#12007 = ORIENTED_EDGE('',*,*,#12008,.F.);
#12008 = EDGE_CURVE('',#12009,#11985,#12011,.T.);
#12009 = VERTEX_POINT('',#12010);
#12010 = CARTESIAN_POINT('',(-24.7395210945,-50.7,183.36149938326));
#12011 = CIRCLE('',#12012,0.15);
#12012 = AXIS2_PLACEMENT_3D('',#12013,#12014,#12015);
#12013 = CARTESIAN_POINT('',(-24.76298626426,-50.7,183.21334613217));
#12014 = DIRECTION('',(0.,-1.,0.));
#12015 = DIRECTION('',(0.15643446504,0.,0.987688340595));
#12016 = ORIENTED_EDGE('',*,*,#12017,.T.);
#12017 = EDGE_CURVE('',#12009,#3680,#12018,.T.);
#12018 = LINE('',#12019,#12020);
#12019 = CARTESIAN_POINT('',(-24.7395210945,-50.8,183.36149938326));
#12020 = VECTOR('',#12021,1.);
#12021 = DIRECTION('',(0.,1.,0.));
#12022 = ORIENTED_EDGE('',*,*,#3688,.T.);
#12023 = ORIENTED_EDGE('',*,*,#11992,.F.);
#12024 = CYLINDRICAL_SURFACE('',#12025,0.15);
#12025 = AXIS2_PLACEMENT_3D('',#12026,#12027,#12028);
#12026 = CARTESIAN_POINT('',(-24.76298626426,-50.8,183.21334613217));
#12027 = DIRECTION('',(0.,-1.,0.));
#12028 = DIRECTION('',(0.15643446504,0.,0.987688340595));
#12029 = ADVANCED_FACE('',(#12030),#12049,.F.);
#12030 = FACE_BOUND('',#12031,.T.);
#12031 = EDGE_LOOP('',(#12032,#12033,#12042,#12048));
#12032 = ORIENTED_EDGE('',*,*,#12017,.F.);
#12033 = ORIENTED_EDGE('',*,*,#12034,.T.);
#12034 = EDGE_CURVE('',#12009,#12035,#12037,.T.);
#12035 = VERTEX_POINT('',#12036);
#12036 = CARTESIAN_POINT('',(-24.372871931,-50.7,183.43907246712));
#12037 = CIRCLE('',#12038,1.469292842571);
#12038 = AXIS2_PLACEMENT_3D('',#12039,#12040,#12041);
#12039 = CARTESIAN_POINT('',(-24.8578434733,-50.7,184.82602021681));
#12040 = DIRECTION('',(0.,-1.,-0.));
#12041 = DIRECTION('',(0.330071397783,0.,-0.943955969506));
#12042 = ORIENTED_EDGE('',*,*,#12043,.T.);
#12043 = EDGE_CURVE('',#12035,#3671,#12044,.T.);
#12044 = LINE('',#12045,#12046);
#12045 = CARTESIAN_POINT('',(-24.372871931,-50.8,183.43907246712));
#12046 = VECTOR('',#12047,1.);
#12047 = DIRECTION('',(0.,1.,0.));
#12048 = ORIENTED_EDGE('',*,*,#3679,.F.);
#12049 = CYLINDRICAL_SURFACE('',#12050,1.469292842571);
#12050 = AXIS2_PLACEMENT_3D('',#12051,#12052,#12053);
#12051 = CARTESIAN_POINT('',(-24.8578434733,-50.8,184.82602021681));
#12052 = DIRECTION('',(-0.,-1.,-0.));
#12053 = DIRECTION('',(0.330071397783,0.,-0.943955969506));
#12054 = ADVANCED_FACE('',(#12055),#12074,.F.);
#12055 = FACE_BOUND('',#12056,.T.);
#12056 = EDGE_LOOP('',(#12057,#12058,#12067,#12073));
#12057 = ORIENTED_EDGE('',*,*,#12043,.F.);
#12058 = ORIENTED_EDGE('',*,*,#12059,.T.);
#12059 = EDGE_CURVE('',#12035,#12060,#12062,.T.);
#12060 = VERTEX_POINT('',#12061);
#12061 = CARTESIAN_POINT('',(-24.24271050803,-50.7,184.26087934853));
#12062 = CIRCLE('',#12063,0.471154273188);
#12063 = AXIS2_PLACEMENT_3D('',#12064,#12065,#12066);
#12064 = CARTESIAN_POINT('',(-24.52622271662,-50.7,183.88457205824));
#12065 = DIRECTION('',(-0.,-1.,0.));
#12066 = DIRECTION('',(0.601739652421,-0.,0.798692300391));
#12067 = ORIENTED_EDGE('',*,*,#12068,.T.);
#12068 = EDGE_CURVE('',#12060,#3662,#12069,.T.);
#12069 = LINE('',#12070,#12071);
#12070 = CARTESIAN_POINT('',(-24.24271050803,-50.8,184.26087934853));
#12071 = VECTOR('',#12072,1.);
#12072 = DIRECTION('',(0.,1.,0.));
#12073 = ORIENTED_EDGE('',*,*,#3670,.F.);
#12074 = CYLINDRICAL_SURFACE('',#12075,0.471154273188);
#12075 = AXIS2_PLACEMENT_3D('',#12076,#12077,#12078);
#12076 = CARTESIAN_POINT('',(-24.52622271662,-50.8,183.88457205824));
#12077 = DIRECTION('',(-0.,-1.,-0.));
#12078 = DIRECTION('',(0.601739652421,-0.,0.798692300391));
#12079 = ADVANCED_FACE('',(#12080),#12099,.F.);
#12080 = FACE_BOUND('',#12081,.T.);
#12081 = EDGE_LOOP('',(#12082,#12083,#12092,#12098));
#12082 = ORIENTED_EDGE('',*,*,#12068,.F.);
#12083 = ORIENTED_EDGE('',*,*,#12084,.T.);
#12084 = EDGE_CURVE('',#12060,#12085,#12087,.T.);
#12085 = VERTEX_POINT('',#12086);
#12086 = CARTESIAN_POINT('',(-24.56744318296,-50.7,184.44795655792));
#12087 = CIRCLE('',#12088,1.469292842572);
#12088 = AXIS2_PLACEMENT_3D('',#12089,#12090,#12091);
#12089 = CARTESIAN_POINT('',(-25.13253627852,-50.7,183.09167810178));
#12090 = DIRECTION('',(-0.,-1.,0.));
#12091 = DIRECTION('',(0.384602088294,-0.,0.923082463098));
#12092 = ORIENTED_EDGE('',*,*,#12093,.T.);
#12093 = EDGE_CURVE('',#12085,#3653,#12094,.T.);
#12094 = LINE('',#12095,#12096);
#12095 = CARTESIAN_POINT('',(-24.56744318296,-50.8,184.44795655792));
#12096 = VECTOR('',#12097,1.);
#12097 = DIRECTION('',(0.,1.,0.));
#12098 = ORIENTED_EDGE('',*,*,#3661,.F.);
#12099 = CYLINDRICAL_SURFACE('',#12100,1.469292842572);
#12100 = AXIS2_PLACEMENT_3D('',#12101,#12102,#12103);
#12101 = CARTESIAN_POINT('',(-25.13253627852,-50.8,183.09167810178));
#12102 = DIRECTION('',(-0.,-1.,-0.));
#12103 = DIRECTION('',(0.384602088294,-0.,0.923082463098));
#12104 = ADVANCED_FACE('',(#12105),#12124,.T.);
#12105 = FACE_BOUND('',#12106,.T.);
#12106 = EDGE_LOOP('',(#12107,#12116,#12122,#12123));
#12107 = ORIENTED_EDGE('',*,*,#12108,.F.);
#12108 = EDGE_CURVE('',#12109,#12085,#12111,.T.);
#12109 = VERTEX_POINT('',#12110);
#12110 = CARTESIAN_POINT('',(-24.69213126429,-50.7,184.61957497876));
#12111 = CIRCLE('',#12112,0.15);
#12112 = AXIS2_PLACEMENT_3D('',#12113,#12114,#12115);
#12113 = CARTESIAN_POINT('',(-24.5439780132,-50.7,184.59610980901));
#12114 = DIRECTION('',(0.,-1.,0.));
#12115 = DIRECTION('',(-0.987688340595,0.,0.15643446504));
#12116 = ORIENTED_EDGE('',*,*,#12117,.T.);
#12117 = EDGE_CURVE('',#12109,#3645,#12118,.T.);
#12118 = LINE('',#12119,#12120);
#12119 = CARTESIAN_POINT('',(-24.69213126429,-50.8,184.61957497876));
#12120 = VECTOR('',#12121,1.);
#12121 = DIRECTION('',(0.,1.,0.));
#12122 = ORIENTED_EDGE('',*,*,#3652,.T.);
#12123 = ORIENTED_EDGE('',*,*,#12093,.F.);
#12124 = CYLINDRICAL_SURFACE('',#12125,0.15);
#12125 = AXIS2_PLACEMENT_3D('',#12126,#12127,#12128);
#12126 = CARTESIAN_POINT('',(-24.5439780132,-50.8,184.59610980901));
#12127 = DIRECTION('',(0.,-1.,0.));
#12128 = DIRECTION('',(-0.987688340595,0.,0.15643446504));
#12129 = ADVANCED_FACE('',(#12130),#12148,.T.);
#12130 = FACE_BOUND('',#12131,.T.);
#12131 = EDGE_LOOP('',(#12132,#12140,#12146,#12147));
#12132 = ORIENTED_EDGE('',*,*,#12133,.F.);
#12133 = EDGE_CURVE('',#12134,#12109,#12136,.T.);
#12134 = VERTEX_POINT('',#12135);
#12135 = CARTESIAN_POINT('',(-24.5803894981,-50.7,185.18133877284));
#12136 = LINE('',#12137,#12138);
#12137 = CARTESIAN_POINT('',(-24.60832493965,-50.7,185.04089782432));
#12138 = VECTOR('',#12139,1.);
#12139 = DIRECTION('',(-0.195090322016,0.,-0.980785280403));
#12140 = ORIENTED_EDGE('',*,*,#12141,.T.);
#12141 = EDGE_CURVE('',#12134,#3636,#12142,.T.);
#12142 = LINE('',#12143,#12144);
#12143 = CARTESIAN_POINT('',(-24.5803894981,-50.8,185.18133877284));
#12144 = VECTOR('',#12145,1.);
#12145 = DIRECTION('',(0.,1.,0.));
#12146 = ORIENTED_EDGE('',*,*,#3644,.T.);
#12147 = ORIENTED_EDGE('',*,*,#12117,.F.);
#12148 = PLANE('',#12149);
#12149 = AXIS2_PLACEMENT_3D('',#12150,#12151,#12152);
#12150 = CARTESIAN_POINT('',(-24.5803894981,-50.8,185.18133877284));
#12151 = DIRECTION('',(-0.980785280403,0.,0.195090322016));
#12152 = DIRECTION('',(-0.195090322016,0.,-0.980785280403));
#12153 = ADVANCED_FACE('',(#12154),#12173,.T.);
#12154 = FACE_BOUND('',#12155,.T.);
#12155 = EDGE_LOOP('',(#12156,#12165,#12171,#12172));
#12156 = ORIENTED_EDGE('',*,*,#12157,.F.);
#12157 = EDGE_CURVE('',#12158,#12134,#12160,.T.);
#12158 = VERTEX_POINT('',#12159);
#12159 = CARTESIAN_POINT('',(-24.39951720546,-50.7,185.29217745632));
#12160 = CIRCLE('',#12161,0.15);
#12161 = AXIS2_PLACEMENT_3D('',#12162,#12163,#12164);
#12162 = CARTESIAN_POINT('',(-24.43453401004,-50.7,185.14632196826));
#12163 = DIRECTION('',(0.,-1.,0.));
#12164 = DIRECTION('',(0.233445363856,0.,0.972369920398));
#12165 = ORIENTED_EDGE('',*,*,#12166,.T.);
#12166 = EDGE_CURVE('',#12158,#3627,#12167,.T.);
#12167 = LINE('',#12168,#12169);
#12168 = CARTESIAN_POINT('',(-24.39951720546,-50.8,185.29217745632));
#12169 = VECTOR('',#12170,1.);
#12170 = DIRECTION('',(0.,1.,0.));
#12171 = ORIENTED_EDGE('',*,*,#3635,.T.);
#12172 = ORIENTED_EDGE('',*,*,#12141,.F.);
#12173 = CYLINDRICAL_SURFACE('',#12174,0.15);
#12174 = AXIS2_PLACEMENT_3D('',#12175,#12176,#12177);
#12175 = CARTESIAN_POINT('',(-24.43453401004,-50.8,185.14632196826));
#12176 = DIRECTION('',(0.,-1.,0.));
#12177 = DIRECTION('',(0.233445363856,0.,0.972369920398));
#12178 = ADVANCED_FACE('',(#12179),#12198,.F.);
#12179 = FACE_BOUND('',#12180,.T.);
#12180 = EDGE_LOOP('',(#12181,#12182,#12191,#12197));
#12181 = ORIENTED_EDGE('',*,*,#12166,.F.);
#12182 = ORIENTED_EDGE('',*,*,#12183,.T.);
#12183 = EDGE_CURVE('',#12158,#12184,#12186,.T.);
#12184 = VERTEX_POINT('',#12185);
#12185 = CARTESIAN_POINT('',(-24.02791198496,-50.7,185.34074444643));
#12186 = CIRCLE('',#12187,1.469292842574);
#12187 = AXIS2_PLACEMENT_3D('',#12188,#12189,#12190);
#12188 = CARTESIAN_POINT('',(-24.40256985559,-50.7,186.76146712775));
#12189 = DIRECTION('',(0.,-1.,-0.));
#12190 = DIRECTION('',(0.254991966045,0.,-0.966943171677));
#12191 = ORIENTED_EDGE('',*,*,#12192,.T.);
#12192 = EDGE_CURVE('',#12184,#3618,#12193,.T.);
#12193 = LINE('',#12194,#12195);
#12194 = CARTESIAN_POINT('',(-24.02791198496,-50.8,185.34074444643));
#12195 = VECTOR('',#12196,1.);
#12196 = DIRECTION('',(0.,1.,0.));
#12197 = ORIENTED_EDGE('',*,*,#3626,.F.);
#12198 = CYLINDRICAL_SURFACE('',#12199,1.469292842574);
#12199 = AXIS2_PLACEMENT_3D('',#12200,#12201,#12202);
#12200 = CARTESIAN_POINT('',(-24.40256985559,-50.8,186.76146712775));
#12201 = DIRECTION('',(-0.,-1.,-0.));
#12202 = DIRECTION('',(0.254991966045,0.,-0.966943171677));
#12203 = ADVANCED_FACE('',(#12204),#12223,.F.);
#12204 = FACE_BOUND('',#12205,.T.);
#12205 = EDGE_LOOP('',(#12206,#12207,#12216,#12222));
#12206 = ORIENTED_EDGE('',*,*,#12192,.F.);
#12207 = ORIENTED_EDGE('',*,*,#12208,.T.);
#12208 = EDGE_CURVE('',#12184,#12209,#12211,.T.);
#12209 = VERTEX_POINT('',#12210);
#12210 = CARTESIAN_POINT('',(-23.83367358144,-50.7,186.14980562395));
#12211 = CIRCLE('',#12212,0.471154273188);
#12212 = AXIS2_PLACEMENT_3D('',#12213,#12214,#12215);
#12213 = CARTESIAN_POINT('',(-24.14583654622,-50.7,185.79690247496));
#12214 = DIRECTION('',(-0.,-1.,0.));
#12215 = DIRECTION('',(0.662549365546,-0.,0.749018249587));
#12216 = ORIENTED_EDGE('',*,*,#12217,.T.);
#12217 = EDGE_CURVE('',#12209,#3609,#12218,.T.);
#12218 = LINE('',#12219,#12220);
#12219 = CARTESIAN_POINT('',(-23.83367358144,-50.8,186.14980562395));
#12220 = VECTOR('',#12221,1.);
#12221 = DIRECTION('',(0.,1.,0.));
#12222 = ORIENTED_EDGE('',*,*,#3617,.F.);
#12223 = CYLINDRICAL_SURFACE('',#12224,0.471154273188);
#12224 = AXIS2_PLACEMENT_3D('',#12225,#12226,#12227);
#12225 = CARTESIAN_POINT('',(-24.14583654622,-50.8,185.79690247496));
#12226 = DIRECTION('',(-0.,-1.,-0.));
#12227 = DIRECTION('',(0.662549365546,-0.,0.749018249587));
#12228 = ADVANCED_FACE('',(#12229),#12248,.F.);
#12229 = FACE_BOUND('',#12230,.T.);
#12230 = EDGE_LOOP('',(#12231,#12232,#12241,#12247));
#12231 = ORIENTED_EDGE('',*,*,#12217,.F.);
#12232 = ORIENTED_EDGE('',*,*,#12233,.T.);
#12233 = EDGE_CURVE('',#12209,#12234,#12236,.T.);
#12234 = VERTEX_POINT('',#12235);
#12235 = CARTESIAN_POINT('',(-24.14272730522,-50.7,186.36178436876));
#12236 = CIRCLE('',#12237,1.469292842571);
#12237 = AXIS2_PLACEMENT_3D('',#12238,#12239,#12240);
#12238 = CARTESIAN_POINT('',(-24.81249078859,-50.7,185.05402355975));
#12239 = DIRECTION('',(-0.,-1.,0.));
#12240 = DIRECTION('',(0.455840703747,-0.,0.890061375865));
#12241 = ORIENTED_EDGE('',*,*,#12242,.T.);
#12242 = EDGE_CURVE('',#12234,#3600,#12243,.T.);
#12243 = LINE('',#12244,#12245);
#12244 = CARTESIAN_POINT('',(-24.14272730522,-50.8,186.36178436876));
#12245 = VECTOR('',#12246,1.);
#12246 = DIRECTION('',(0.,1.,0.));
#12247 = ORIENTED_EDGE('',*,*,#3608,.F.);
#12248 = CYLINDRICAL_SURFACE('',#12249,1.469292842571);
#12249 = AXIS2_PLACEMENT_3D('',#12250,#12251,#12252);
#12250 = CARTESIAN_POINT('',(-24.81249078859,-50.8,185.05402355975));
#12251 = DIRECTION('',(-0.,-1.,-0.));
#12252 = DIRECTION('',(0.455840703747,-0.,0.890061375865));
#12253 = ADVANCED_FACE('',(#12254),#12273,.T.);
#12254 = FACE_BOUND('',#12255,.T.);
#12255 = EDGE_LOOP('',(#12256,#12265,#12271,#12272));
#12256 = ORIENTED_EDGE('',*,*,#12257,.F.);
#12257 = EDGE_CURVE('',#12258,#12234,#12260,.T.);
#12258 = VERTEX_POINT('',#12259);
#12259 = CARTESIAN_POINT('',(-24.2535659887,-50.7,186.5426566614));
#12260 = CIRCLE('',#12261,0.15);
#12261 = AXIS2_PLACEMENT_3D('',#12262,#12263,#12264);
#12262 = CARTESIAN_POINT('',(-24.10771050064,-50.7,186.50763985682));
#12263 = DIRECTION('',(0.,-1.,0.));
#12264 = DIRECTION('',(-0.972369920398,0.,0.233445363856));
#12265 = ORIENTED_EDGE('',*,*,#12266,.T.);
#12266 = EDGE_CURVE('',#12258,#3592,#12267,.T.);
#12267 = LINE('',#12268,#12269);
#12268 = CARTESIAN_POINT('',(-24.2535659887,-50.8,186.5426566614));
#12269 = VECTOR('',#12270,1.);
#12270 = DIRECTION('',(0.,1.,0.));
#12271 = ORIENTED_EDGE('',*,*,#3599,.T.);
#12272 = ORIENTED_EDGE('',*,*,#12242,.F.);
#12273 = CYLINDRICAL_SURFACE('',#12274,0.15);
#12274 = AXIS2_PLACEMENT_3D('',#12275,#12276,#12277);
#12275 = CARTESIAN_POINT('',(-24.10771050064,-50.8,186.50763985682));
#12276 = DIRECTION('',(0.,-1.,0.));
#12277 = DIRECTION('',(-0.972369920398,0.,0.233445363856));
#12278 = ADVANCED_FACE('',(#12279),#12297,.T.);
#12279 = FACE_BOUND('',#12280,.T.);
#12280 = EDGE_LOOP('',(#12281,#12289,#12295,#12296));
#12281 = ORIENTED_EDGE('',*,*,#12282,.F.);
#12282 = EDGE_CURVE('',#12283,#12258,#12285,.T.);
#12283 = VERTEX_POINT('',#12284);
#12284 = CARTESIAN_POINT('',(-24.09809320579,-50.7,187.09392156725));
#12285 = LINE('',#12286,#12287);
#12286 = CARTESIAN_POINT('',(-24.13696140152,-50.7,186.95610534079));
#12287 = VECTOR('',#12288,1.);
#12288 = DIRECTION('',(-0.271440449865,0.,-0.962455236454));
#12289 = ORIENTED_EDGE('',*,*,#12290,.T.);
#12290 = EDGE_CURVE('',#12283,#3583,#12291,.T.);
#12291 = LINE('',#12292,#12293);
#12292 = CARTESIAN_POINT('',(-24.09809320579,-50.8,187.09392156725));
#12293 = VECTOR('',#12294,1.);
#12294 = DIRECTION('',(0.,1.,0.));
#12295 = ORIENTED_EDGE('',*,*,#3591,.T.);
#12296 = ORIENTED_EDGE('',*,*,#12266,.F.);
#12297 = PLANE('',#12298);
#12298 = AXIS2_PLACEMENT_3D('',#12299,#12300,#12301);
#12299 = CARTESIAN_POINT('',(-24.09809320579,-50.8,187.09392156725));
#12300 = DIRECTION('',(-0.962455236454,0.,0.271440449865));
#12301 = DIRECTION('',(-0.271440449865,0.,-0.962455236454));
#12302 = ADVANCED_FACE('',(#12303),#12322,.T.);
#12303 = FACE_BOUND('',#12304,.T.);
#12304 = EDGE_LOOP('',(#12305,#12314,#12320,#12321));
#12305 = ORIENTED_EDGE('',*,*,#12306,.F.);
#12306 = EDGE_CURVE('',#12307,#12283,#12309,.T.);
#12307 = VERTEX_POINT('',#12308);
#12308 = CARTESIAN_POINT('',(-23.90908217919,-50.7,187.19022749554));
#12309 = CIRCLE('',#12310,0.15);
#12310 = AXIS2_PLACEMENT_3D('',#12311,#12312,#12313);
#12311 = CARTESIAN_POINT('',(-23.95543472835,-50.7,187.04756901809));
#12312 = DIRECTION('',(0.,-1.,0.));
#12313 = DIRECTION('',(0.309016994375,0.,0.951056516295));
#12314 = ORIENTED_EDGE('',*,*,#12315,.T.);
#12315 = EDGE_CURVE('',#12307,#3574,#12316,.T.);
#12316 = LINE('',#12317,#12318);
#12317 = CARTESIAN_POINT('',(-23.90908217919,-50.8,187.19022749554));
#12318 = VECTOR('',#12319,1.);
#12319 = DIRECTION('',(0.,1.,0.));
#12320 = ORIENTED_EDGE('',*,*,#3582,.T.);
#12321 = ORIENTED_EDGE('',*,*,#12290,.F.);
#12322 = CYLINDRICAL_SURFACE('',#12323,0.15);
#12323 = AXIS2_PLACEMENT_3D('',#12324,#12325,#12326);
#12324 = CARTESIAN_POINT('',(-23.95543472835,-50.8,187.04756901809));
#12325 = DIRECTION('',(0.,-1.,0.));
#12326 = DIRECTION('',(0.309016994375,0.,0.951056516295));
#12327 = ADVANCED_FACE('',(#12328),#12347,.F.);
#12328 = FACE_BOUND('',#12329,.T.);
#12329 = EDGE_LOOP('',(#12330,#12331,#12340,#12346));
#12330 = ORIENTED_EDGE('',*,*,#12315,.F.);
#12331 = ORIENTED_EDGE('',*,*,#12332,.T.);
#12332 = EDGE_CURVE('',#12307,#12333,#12335,.T.);
#12333 = VERTEX_POINT('',#12334);
#12334 = CARTESIAN_POINT('',(-23.53481197144,-50.7,187.20948896025));
#12335 = CIRCLE('',#12336,1.469292842574);
#12336 = AXIS2_PLACEMENT_3D('',#12337,#12338,#12339);
#12337 = CARTESIAN_POINT('',(-23.79684628003,-50.7,188.65522734543));
#12338 = DIRECTION('',(0.,-1.,-0.));
#12339 = DIRECTION('',(0.178340424043,0.,-0.983968847653));
#12340 = ORIENTED_EDGE('',*,*,#12341,.T.);
#12341 = EDGE_CURVE('',#12333,#3565,#12342,.T.);
#12342 = LINE('',#12343,#12344);
#12343 = CARTESIAN_POINT('',(-23.53481197144,-50.8,187.20948896025));
#12344 = VECTOR('',#12345,1.);
#12345 = DIRECTION('',(0.,1.,0.));
#12346 = ORIENTED_EDGE('',*,*,#3573,.F.);
#12347 = CYLINDRICAL_SURFACE('',#12348,1.469292842574);
#12348 = AXIS2_PLACEMENT_3D('',#12349,#12350,#12351);
#12349 = CARTESIAN_POINT('',(-23.79684628003,-50.8,188.65522734543));
#12350 = DIRECTION('',(-0.,-1.,-0.));
#12351 = DIRECTION('',(0.178340424043,0.,-0.983968847653));
#12352 = ADVANCED_FACE('',(#12353),#12372,.F.);
#12353 = FACE_BOUND('',#12354,.T.);
#12354 = EDGE_LOOP('',(#12355,#12356,#12365,#12371));
#12355 = ORIENTED_EDGE('',*,*,#12341,.F.);
#12356 = ORIENTED_EDGE('',*,*,#12357,.T.);
#12357 = EDGE_CURVE('',#12333,#12358,#12360,.T.);
#12358 = VERTEX_POINT('',#12359);
#12359 = CARTESIAN_POINT('',(-23.27769413172,-50.7,188.00081630268));
#12360 = CIRCLE('',#12361,0.471154273188);
#12361 = AXIS2_PLACEMENT_3D('',#12362,#12363,#12364);
#12362 = CARTESIAN_POINT('',(-23.6165832642,-50.7,187.67349306026));
#12363 = DIRECTION('',(-0.,-1.,0.));
#12364 = DIRECTION('',(0.719274241513,-0.,0.6947262522));
#12365 = ORIENTED_EDGE('',*,*,#12366,.T.);
#12366 = EDGE_CURVE('',#12358,#3556,#12367,.T.);
#12367 = LINE('',#12368,#12369);
#12368 = CARTESIAN_POINT('',(-23.27769413172,-50.8,188.00081630268));
#12369 = VECTOR('',#12370,1.);
#12370 = DIRECTION('',(0.,1.,0.));
#12371 = ORIENTED_EDGE('',*,*,#3564,.F.);
#12372 = CYLINDRICAL_SURFACE('',#12373,0.471154273188);
#12373 = AXIS2_PLACEMENT_3D('',#12374,#12375,#12376);
#12374 = CARTESIAN_POINT('',(-23.6165832642,-50.8,187.67349306026));
#12375 = DIRECTION('',(-0.,-1.,-0.));
#12376 = DIRECTION('',(0.719274241513,-0.,0.6947262522));
#12377 = ADVANCED_FACE('',(#12378),#12397,.F.);
#12378 = FACE_BOUND('',#12379,.T.);
#12379 = EDGE_LOOP('',(#12380,#12381,#12390,#12396));
#12380 = ORIENTED_EDGE('',*,*,#12366,.F.);
#12381 = ORIENTED_EDGE('',*,*,#12382,.T.);
#12382 = EDGE_CURVE('',#12358,#12383,#12385,.T.);
#12383 = VERTEX_POINT('',#12384);
#12384 = CARTESIAN_POINT('',(-23.56916348538,-50.7,188.23638966346));
#12385 = CIRCLE('',#12386,1.469292842575);
#12386 = AXIS2_PLACEMENT_3D('',#12387,#12388,#12389);
#12387 = CARTESIAN_POINT('',(-24.33946804195,-50.7,186.98520928184));
#12388 = DIRECTION('',(-0.,-1.,0.));
#12389 = DIRECTION('',(0.52426890968,-0.,0.851552764274));
#12390 = ORIENTED_EDGE('',*,*,#12391,.T.);
#12391 = EDGE_CURVE('',#12383,#3547,#12392,.T.);
#12392 = LINE('',#12393,#12394);
#12393 = CARTESIAN_POINT('',(-23.56916348538,-50.8,188.23638966346));
#12394 = VECTOR('',#12395,1.);
#12395 = DIRECTION('',(0.,1.,0.));
#12396 = ORIENTED_EDGE('',*,*,#3555,.F.);
#12397 = CYLINDRICAL_SURFACE('',#12398,1.469292842575);
#12398 = AXIS2_PLACEMENT_3D('',#12399,#12400,#12401);
#12399 = CARTESIAN_POINT('',(-24.33946804195,-50.8,186.98520928184));
#12400 = DIRECTION('',(-0.,-1.,-0.));
#12401 = DIRECTION('',(0.52426890968,-0.,0.851552764274));
#12402 = ADVANCED_FACE('',(#12403),#12422,.T.);
#12403 = FACE_BOUND('',#12404,.T.);
#12404 = EDGE_LOOP('',(#12405,#12414,#12420,#12421));
#12405 = ORIENTED_EDGE('',*,*,#12406,.F.);
#12406 = EDGE_CURVE('',#12407,#12383,#12409,.T.);
#12407 = VERTEX_POINT('',#12408);
#12408 = CARTESIAN_POINT('',(-23.66546941367,-50.7,188.42540069006));
#12409 = CIRCLE('',#12410,0.15);
#12410 = AXIS2_PLACEMENT_3D('',#12411,#12412,#12413);
#12411 = CARTESIAN_POINT('',(-23.52281093622,-50.7,188.3790481409));
#12412 = DIRECTION('',(0.,-1.,0.));
#12413 = DIRECTION('',(-0.951056516295,0.,0.309016994375));
#12414 = ORIENTED_EDGE('',*,*,#12415,.T.);
#12415 = EDGE_CURVE('',#12407,#3539,#12416,.T.);
#12416 = LINE('',#12417,#12418);
#12417 = CARTESIAN_POINT('',(-23.66546941367,-50.8,188.42540069006));
#12418 = VECTOR('',#12419,1.);
#12419 = DIRECTION('',(0.,1.,0.));
#12420 = ORIENTED_EDGE('',*,*,#3546,.T.);
#12421 = ORIENTED_EDGE('',*,*,#12391,.F.);
#12422 = CYLINDRICAL_SURFACE('',#12423,0.15);
#12423 = AXIS2_PLACEMENT_3D('',#12424,#12425,#12426);
#12424 = CARTESIAN_POINT('',(-23.52281093622,-50.8,188.3790481409));
#12425 = DIRECTION('',(0.,-1.,0.));
#12426 = DIRECTION('',(-0.951056516295,0.,0.309016994375));
#12427 = ADVANCED_FACE('',(#12428),#12446,.T.);
#12428 = FACE_BOUND('',#12429,.T.);
#12429 = EDGE_LOOP('',(#12430,#12438,#12444,#12445));
#12430 = ORIENTED_EDGE('',*,*,#12431,.F.);
#12431 = EDGE_CURVE('',#12432,#12407,#12434,.T.);
#12432 = VERTEX_POINT('',#12433);
#12433 = CARTESIAN_POINT('',(-23.46722415544,-50.7,188.96276797622));
#12434 = LINE('',#12435,#12436);
#12435 = CARTESIAN_POINT('',(-23.51678547,-50.7,188.82842615468));
#12436 = VECTOR('',#12437,1.);
#12437 = DIRECTION('',(-0.346117057077,0.,-0.938191335922));
#12438 = ORIENTED_EDGE('',*,*,#12439,.T.);
#12439 = EDGE_CURVE('',#12432,#3530,#12440,.T.);
#12440 = LINE('',#12441,#12442);
#12441 = CARTESIAN_POINT('',(-23.46722415544,-50.8,188.96276797622));
#12442 = VECTOR('',#12443,1.);
#12443 = DIRECTION('',(0.,1.,0.));
#12444 = ORIENTED_EDGE('',*,*,#3538,.T.);
#12445 = ORIENTED_EDGE('',*,*,#12415,.F.);
#12446 = PLANE('',#12447);
#12447 = AXIS2_PLACEMENT_3D('',#12448,#12449,#12450);
#12448 = CARTESIAN_POINT('',(-23.46722415544,-50.8,188.96276797622));
#12449 = DIRECTION('',(-0.938191335922,0.,0.346117057077));
#12450 = DIRECTION('',(-0.346117057077,0.,-0.938191335922));
#12451 = ADVANCED_FACE('',(#12452),#12471,.T.);
#12452 = FACE_BOUND('',#12453,.T.);
#12453 = EDGE_LOOP('',(#12454,#12463,#12469,#12470));
#12454 = ORIENTED_EDGE('',*,*,#12455,.F.);
#12455 = EDGE_CURVE('',#12456,#12432,#12458,.T.);
#12456 = VERTEX_POINT('',#12457);
#12457 = CARTESIAN_POINT('',(-23.27123971071,-50.7,189.04394739125));
#12458 = CIRCLE('',#12459,0.15);
#12459 = AXIS2_PLACEMENT_3D('',#12460,#12461,#12462);
#12460 = CARTESIAN_POINT('',(-23.32864222556,-50.7,188.90536546137));
#12461 = DIRECTION('',(0.,-1.,0.));
#12462 = DIRECTION('',(0.382683432365,0.,0.923879532511));
#12463 = ORIENTED_EDGE('',*,*,#12464,.T.);
#12464 = EDGE_CURVE('',#12456,#3521,#12465,.T.);
#12465 = LINE('',#12466,#12467);
#12466 = CARTESIAN_POINT('',(-23.27123971071,-50.8,189.04394739125));
#12467 = VECTOR('',#12468,1.);
#12468 = DIRECTION('',(0.,1.,0.));
#12469 = ORIENTED_EDGE('',*,*,#3529,.T.);
#12470 = ORIENTED_EDGE('',*,*,#12439,.F.);
#12471 = CYLINDRICAL_SURFACE('',#12472,0.15);
#12472 = AXIS2_PLACEMENT_3D('',#12473,#12474,#12475);
#12473 = CARTESIAN_POINT('',(-23.32864222556,-50.8,188.90536546137));
#12474 = DIRECTION('',(0.,-1.,0.));
#12475 = DIRECTION('',(0.382683432365,0.,0.923879532511));
#12476 = ADVANCED_FACE('',(#12477),#12496,.F.);
#12477 = FACE_BOUND('',#12478,.T.);
#12478 = EDGE_LOOP('',(#12479,#12480,#12489,#12495));
#12479 = ORIENTED_EDGE('',*,*,#12464,.F.);
#12480 = ORIENTED_EDGE('',*,*,#12481,.T.);
#12481 = EDGE_CURVE('',#12456,#12482,#12484,.T.);
#12482 = VERTEX_POINT('',#12483);
#12483 = CARTESIAN_POINT('',(-22.896612016,-50.7,189.03378457724));
#12484 = CIRCLE('',#12485,1.469292842573);
#12485 = AXIS2_PLACEMENT_3D('',#12486,#12487,#12488);
#12486 = CARTESIAN_POINT('',(-23.0444072339,-50.7,190.49562520836));
#12487 = DIRECTION('',(0.,-1.,-0.));
#12488 = DIRECTION('',(0.100589354023,0.,-0.994928028481));
#12489 = ORIENTED_EDGE('',*,*,#12490,.T.);
#12490 = EDGE_CURVE('',#12482,#3512,#12491,.T.);
#12491 = LINE('',#12492,#12493);
#12492 = CARTESIAN_POINT('',(-22.896612016,-50.8,189.03378457724));
#12493 = VECTOR('',#12494,1.);
#12494 = DIRECTION('',(0.,1.,0.));
#12495 = ORIENTED_EDGE('',*,*,#3520,.F.);
#12496 = CYLINDRICAL_SURFACE('',#12497,1.469292842573);
#12497 = AXIS2_PLACEMENT_3D('',#12498,#12499,#12500);
#12498 = CARTESIAN_POINT('',(-23.0444072339,-50.8,190.49562520836));
#12499 = DIRECTION('',(-0.,-1.,-0.));
#12500 = DIRECTION('',(0.100589354023,0.,-0.994928028481));
#12501 = ADVANCED_FACE('',(#12502),#12521,.F.);
#12502 = FACE_BOUND('',#12503,.T.);
#12503 = EDGE_LOOP('',(#12504,#12505,#12514,#12520));
#12504 = ORIENTED_EDGE('',*,*,#12490,.F.);
#12505 = ORIENTED_EDGE('',*,*,#12506,.T.);
#12506 = EDGE_CURVE('',#12482,#12507,#12509,.T.);
#12507 = VERTEX_POINT('',#12508);
#12508 = CARTESIAN_POINT('',(-22.57819995706,-50.7,189.80249928836));
#12509 = CIRCLE('',#12510,0.471154273188);
#12510 = AXIS2_PLACEMENT_3D('',#12511,#12512,#12513);
#12511 = CARTESIAN_POINT('',(-22.94172589305,-50.7,189.50277400915));
#12512 = DIRECTION('',(-0.,-1.,0.));
#12513 = DIRECTION('',(0.771564552598,-0.,0.636151036448));
#12514 = ORIENTED_EDGE('',*,*,#12515,.T.);
#12515 = EDGE_CURVE('',#12507,#3503,#12516,.T.);
#12516 = LINE('',#12517,#12518);
#12517 = CARTESIAN_POINT('',(-22.57819995706,-50.8,189.80249928836));
#12518 = VECTOR('',#12519,1.);
#12519 = DIRECTION('',(0.,1.,0.));
#12520 = ORIENTED_EDGE('',*,*,#3511,.F.);
#12521 = CYLINDRICAL_SURFACE('',#12522,0.471154273188);
#12522 = AXIS2_PLACEMENT_3D('',#12523,#12524,#12525);
#12523 = CARTESIAN_POINT('',(-22.94172589305,-50.8,189.50277400915));
#12524 = DIRECTION('',(-0.,-1.,-0.));
#12525 = DIRECTION('',(0.771564552598,-0.,0.636151036448));
#12526 = ADVANCED_FACE('',(#12527),#12546,.F.);
#12527 = FACE_BOUND('',#12528,.T.);
#12528 = EDGE_LOOP('',(#12529,#12530,#12539,#12545));
#12529 = ORIENTED_EDGE('',*,*,#12515,.F.);
#12530 = ORIENTED_EDGE('',*,*,#12531,.T.);
#12531 = EDGE_CURVE('',#12507,#12532,#12534,.T.);
#12532 = VERTEX_POINT('',#12533);
#12533 = CARTESIAN_POINT('',(-22.85028793511,-50.7,190.06021487701));
#12534 = CIRCLE('',#12535,1.469292842571);
#12535 = AXIS2_PLACEMENT_3D('',#12536,#12537,#12538);
#12536 = CARTESIAN_POINT('',(-23.71638438114,-50.7,188.87332886589));
#12537 = DIRECTION('',(-0.,-1.,0.));
#12538 = DIRECTION('',(0.589464823446,-0.,0.807794046722));
#12539 = ORIENTED_EDGE('',*,*,#12540,.T.);
#12540 = EDGE_CURVE('',#12532,#3494,#12541,.T.);
#12541 = LINE('',#12542,#12543);
#12542 = CARTESIAN_POINT('',(-22.85028793511,-50.8,190.06021487701));
#12543 = VECTOR('',#12544,1.);
#12544 = DIRECTION('',(0.,1.,0.));
#12545 = ORIENTED_EDGE('',*,*,#3502,.F.);
#12546 = CYLINDRICAL_SURFACE('',#12547,1.469292842571);
#12547 = AXIS2_PLACEMENT_3D('',#12548,#12549,#12550);
#12548 = CARTESIAN_POINT('',(-23.71638438114,-50.8,188.87332886589));
#12549 = DIRECTION('',(-0.,-1.,-0.));
#12550 = DIRECTION('',(0.589464823446,-0.,0.807794046722));
#12551 = ADVANCED_FACE('',(#12552),#12571,.T.);
#12552 = FACE_BOUND('',#12553,.T.);
#12553 = EDGE_LOOP('',(#12554,#12563,#12569,#12570));
#12554 = ORIENTED_EDGE('',*,*,#12555,.F.);
#12555 = EDGE_CURVE('',#12556,#12532,#12558,.T.);
#12556 = VERTEX_POINT('',#12557);
#12557 = CARTESIAN_POINT('',(-22.93146735013,-50.7,190.25619932174));
#12558 = CIRCLE('',#12559,0.15);
#12559 = AXIS2_PLACEMENT_3D('',#12560,#12561,#12562);
#12560 = CARTESIAN_POINT('',(-22.79288542025,-50.7,190.19879680689));
#12561 = DIRECTION('',(0.,-1.,0.));
#12562 = DIRECTION('',(-0.923879532511,0.,0.382683432365));
#12563 = ORIENTED_EDGE('',*,*,#12564,.T.);
#12564 = EDGE_CURVE('',#12556,#3486,#12565,.T.);
#12565 = LINE('',#12566,#12567);
#12566 = CARTESIAN_POINT('',(-22.93146735013,-50.8,190.25619932174));
#12567 = VECTOR('',#12568,1.);
#12568 = DIRECTION('',(0.,1.,0.));
#12569 = ORIENTED_EDGE('',*,*,#3493,.T.);
#12570 = ORIENTED_EDGE('',*,*,#12540,.F.);
#12571 = CYLINDRICAL_SURFACE('',#12572,0.15);
#12572 = AXIS2_PLACEMENT_3D('',#12573,#12574,#12575);
#12573 = CARTESIAN_POINT('',(-22.79288542025,-50.8,190.19879680689));
#12574 = DIRECTION('',(0.,-1.,0.));
#12575 = DIRECTION('',(-0.923879532511,0.,0.382683432365));
#12576 = ADVANCED_FACE('',(#12577),#12595,.T.);
#12577 = FACE_BOUND('',#12578,.T.);
#12578 = EDGE_LOOP('',(#12579,#12587,#12593,#12594));
#12579 = ORIENTED_EDGE('',*,*,#12580,.F.);
#12580 = EDGE_CURVE('',#12581,#12556,#12583,.T.);
#12581 = VERTEX_POINT('',#12582);
#12582 = CARTESIAN_POINT('',(-22.69167186452,-50.7,190.77635594021));
#12583 = LINE('',#12584,#12585);
#12584 = CARTESIAN_POINT('',(-22.75162073592,-50.7,190.64631678559));
#12585 = VECTOR('',#12586,1.);
#12586 = DIRECTION('',(-0.418659737537,0.,-0.908143173825));
#12587 = ORIENTED_EDGE('',*,*,#12588,.T.);
#12588 = EDGE_CURVE('',#12581,#3477,#12589,.T.);
#12589 = LINE('',#12590,#12591);
#12590 = CARTESIAN_POINT('',(-22.69167186452,-50.8,190.77635594021));
#12591 = VECTOR('',#12592,1.);
#12592 = DIRECTION('',(0.,1.,0.));
#12593 = ORIENTED_EDGE('',*,*,#3485,.T.);
#12594 = ORIENTED_EDGE('',*,*,#12564,.F.);
#12595 = PLANE('',#12596);
#12596 = AXIS2_PLACEMENT_3D('',#12597,#12598,#12599);
#12597 = CARTESIAN_POINT('',(-22.69167186452,-50.8,190.77635594021));
#12598 = DIRECTION('',(-0.908143173825,0.,0.418659737537));
#12599 = DIRECTION('',(-0.418659737537,0.,-0.908143173825));
#12600 = ADVANCED_FACE('',(#12601),#12620,.T.);
#12601 = FACE_BOUND('',#12602,.T.);
#12602 = EDGE_LOOP('',(#12603,#12612,#12618,#12619));
#12603 = ORIENTED_EDGE('',*,*,#12604,.F.);
#12604 = EDGE_CURVE('',#12605,#12581,#12607,.T.);
#12605 = VERTEX_POINT('',#12606);
#12606 = CARTESIAN_POINT('',(-22.48992231093,-50.7,190.84190834387));
#12607 = CIRCLE('',#12608,0.15);
#12608 = AXIS2_PLACEMENT_3D('',#12609,#12610,#12611);
#12609 = CARTESIAN_POINT('',(-22.5580208859,-50.7,190.70825736524));
#12610 = DIRECTION('',(0.,-1.,0.));
#12611 = DIRECTION('',(0.453990499739,0.,0.891006524188));
#12612 = ORIENTED_EDGE('',*,*,#12613,.T.);
#12613 = EDGE_CURVE('',#12605,#3468,#12614,.T.);
#12614 = LINE('',#12615,#12616);
#12615 = CARTESIAN_POINT('',(-22.48992231093,-50.8,190.84190834387));
#12616 = VECTOR('',#12617,1.);
#12617 = DIRECTION('',(0.,1.,0.));
#12618 = ORIENTED_EDGE('',*,*,#3476,.T.);
#12619 = ORIENTED_EDGE('',*,*,#12588,.F.);
#12620 = CYLINDRICAL_SURFACE('',#12621,0.15);
#12621 = AXIS2_PLACEMENT_3D('',#12622,#12623,#12624);
#12622 = CARTESIAN_POINT('',(-22.5580208859,-50.8,190.70825736524));
#12623 = DIRECTION('',(0.,-1.,0.));
#12624 = DIRECTION('',(0.453990499739,0.,0.891006524188));
#12625 = ADVANCED_FACE('',(#12626),#12645,.F.);
#12626 = FACE_BOUND('',#12627,.T.);
#12627 = EDGE_LOOP('',(#12628,#12629,#12638,#12644));
#12628 = ORIENTED_EDGE('',*,*,#12613,.F.);
#12629 = ORIENTED_EDGE('',*,*,#12630,.T.);
#12630 = EDGE_CURVE('',#12605,#12631,#12633,.T.);
#12631 = VERTEX_POINT('',#12632);
#12632 = CARTESIAN_POINT('',(-22.11724683358,-50.7,190.80238390827));
#12633 = CIRCLE('',#12634,1.469292842572);
#12634 = AXIS2_PLACEMENT_3D('',#12635,#12636,#12637);
#12635 = CARTESIAN_POINT('',(-22.14989175414,-50.7,192.27131405174));
#12636 = DIRECTION('',(0.,-1.,-0.));
#12637 = DIRECTION('',(2.221811718531E-02,0.,-0.999753147166));
#12638 = ORIENTED_EDGE('',*,*,#12639,.T.);
#12639 = EDGE_CURVE('',#12631,#3459,#12640,.T.);
#12640 = LINE('',#12641,#12642);
#12641 = CARTESIAN_POINT('',(-22.11724683358,-50.8,190.80238390827));
#12642 = VECTOR('',#12643,1.);
#12643 = DIRECTION('',(0.,1.,0.));
#12644 = ORIENTED_EDGE('',*,*,#3467,.F.);
#12645 = CYLINDRICAL_SURFACE('',#12646,1.469292842572);
#12646 = AXIS2_PLACEMENT_3D('',#12647,#12648,#12649);
#12647 = CARTESIAN_POINT('',(-22.14989175414,-50.8,192.27131405174));
#12648 = DIRECTION('',(-0.,-1.,-0.));
#12649 = DIRECTION('',(2.221811718531E-02,0.,-0.999753147166));
#12650 = ADVANCED_FACE('',(#12651),#12670,.F.);
#12651 = FACE_BOUND('',#12652,.T.);
#12652 = EDGE_LOOP('',(#12653,#12654,#12663,#12669));
#12653 = ORIENTED_EDGE('',*,*,#12639,.F.);
#12654 = ORIENTED_EDGE('',*,*,#12655,.T.);
#12655 = EDGE_CURVE('',#12631,#12656,#12658,.T.);
#12656 = VERTEX_POINT('',#12657);
#12657 = CARTESIAN_POINT('',(-21.73950367164,-50.7,191.54374660627));
#12658 = CIRCLE('',#12659,0.471154273188);
#12659 = AXIS2_PLACEMENT_3D('',#12660,#12661,#12662);
#12660 = CARTESIAN_POINT('',(-22.12542515287,-50.7,191.27346719627));
#12661 = DIRECTION('',(-0.,-1.,0.));
#12662 = DIRECTION('',(0.819097911645,-0.,0.573653738015));
#12663 = ORIENTED_EDGE('',*,*,#12664,.T.);
#12664 = EDGE_CURVE('',#12656,#3450,#12665,.T.);
#12665 = LINE('',#12666,#12667);
#12666 = CARTESIAN_POINT('',(-21.73950367164,-50.8,191.54374660627));
#12667 = VECTOR('',#12668,1.);
#12668 = DIRECTION('',(0.,1.,0.));
#12669 = ORIENTED_EDGE('',*,*,#3458,.F.);
#12670 = CYLINDRICAL_SURFACE('',#12671,0.471154273188);
#12671 = AXIS2_PLACEMENT_3D('',#12672,#12673,#12674);
#12672 = CARTESIAN_POINT('',(-22.12542515287,-50.8,191.27346719627));
#12673 = DIRECTION('',(-0.,-1.,-0.));
#12674 = DIRECTION('',(0.819097911645,-0.,0.573653738015));
#12675 = ADVANCED_FACE('',(#12676),#12695,.F.);
#12676 = FACE_BOUND('',#12677,.T.);
#12677 = EDGE_LOOP('',(#12678,#12679,#12688,#12694));
#12678 = ORIENTED_EDGE('',*,*,#12664,.F.);
#12679 = ORIENTED_EDGE('',*,*,#12680,.T.);
#12680 = EDGE_CURVE('',#12656,#12681,#12683,.T.);
#12681 = VERTEX_POINT('',#12682);
#12682 = CARTESIAN_POINT('',(-21.99053276122,-50.7,191.82201552048));
#12683 = CIRCLE('',#12684,1.469292842572);
#12684 = AXIS2_PLACEMENT_3D('',#12685,#12686,#12687);
#12685 = CARTESIAN_POINT('',(-22.94708132413,-50.7,190.7067414268));
#12686 = DIRECTION('',(-0.,-1.,0.));
#12687 = DIRECTION('',(0.65102649056,-0.,0.759055010252));
#12688 = ORIENTED_EDGE('',*,*,#12689,.T.);
#12689 = EDGE_CURVE('',#12681,#3441,#12690,.T.);
#12690 = LINE('',#12691,#12692);
#12691 = CARTESIAN_POINT('',(-21.99053276122,-50.8,191.82201552048));
#12692 = VECTOR('',#12693,1.);
#12693 = DIRECTION('',(0.,1.,0.));
#12694 = ORIENTED_EDGE('',*,*,#3449,.F.);
#12695 = CYLINDRICAL_SURFACE('',#12696,1.469292842572);
#12696 = AXIS2_PLACEMENT_3D('',#12697,#12698,#12699);
#12697 = CARTESIAN_POINT('',(-22.94708132413,-50.8,190.7067414268));
#12698 = DIRECTION('',(-0.,-1.,-0.));
#12699 = DIRECTION('',(0.65102649056,-0.,0.759055010252));
#12700 = ADVANCED_FACE('',(#12701),#12720,.T.);
#12701 = FACE_BOUND('',#12702,.T.);
#12702 = EDGE_LOOP('',(#12703,#12712,#12718,#12719));
#12703 = ORIENTED_EDGE('',*,*,#12704,.F.);
#12704 = EDGE_CURVE('',#12705,#12681,#12707,.T.);
#12705 = VERTEX_POINT('',#12706);
#12706 = CARTESIAN_POINT('',(-22.05608516489,-50.7,192.02376507407));
#12707 = CIRCLE('',#12708,0.15);
#12708 = AXIS2_PLACEMENT_3D('',#12709,#12710,#12711);
#12709 = CARTESIAN_POINT('',(-21.92243418626,-50.7,191.95566649911));
#12710 = DIRECTION('',(0.,-1.,-0.));
#12711 = DIRECTION('',(-0.891006524188,-0.,0.45399049974));
#12712 = ORIENTED_EDGE('',*,*,#12713,.T.);
#12713 = EDGE_CURVE('',#12705,#3433,#12714,.T.);
#12714 = LINE('',#12715,#12716);
#12715 = CARTESIAN_POINT('',(-22.05608516489,-50.8,192.02376507407));
#12716 = VECTOR('',#12717,1.);
#12717 = DIRECTION('',(0.,1.,0.));
#12718 = ORIENTED_EDGE('',*,*,#3440,.T.);
#12719 = ORIENTED_EDGE('',*,*,#12689,.F.);
#12720 = CYLINDRICAL_SURFACE('',#12721,0.15);
#12721 = AXIS2_PLACEMENT_3D('',#12722,#12723,#12724);
#12722 = CARTESIAN_POINT('',(-21.92243418626,-50.8,191.95566649911));
#12723 = DIRECTION('',(0.,-1.,-0.));
#12724 = DIRECTION('',(-0.891006524188,-0.,0.45399049974));
#12725 = ADVANCED_FACE('',(#12726),#12744,.T.);
#12726 = FACE_BOUND('',#12727,.T.);
#12727 = EDGE_LOOP('',(#12728,#12736,#12742,#12743));
#12728 = ORIENTED_EDGE('',*,*,#12729,.F.);
#12729 = EDGE_CURVE('',#12730,#12705,#12732,.T.);
#12730 = VERTEX_POINT('',#12731);
#12731 = CARTESIAN_POINT('',(-21.77621787082,-50.7,192.52350408631));
#12732 = LINE('',#12733,#12734);
#12733 = CARTESIAN_POINT('',(-21.84618469434,-50.7,192.39856933325));
#12734 = VECTOR('',#12735,1.);
#12735 = DIRECTION('',(-0.488621241497,0.,-0.872496007073));
#12736 = ORIENTED_EDGE('',*,*,#12737,.T.);
#12737 = EDGE_CURVE('',#12730,#3424,#12738,.T.);
#12738 = LINE('',#12739,#12740);
#12739 = CARTESIAN_POINT('',(-21.77621787082,-50.8,192.52350408631));
#12740 = VECTOR('',#12741,1.);
#12741 = DIRECTION('',(0.,1.,0.));
#12742 = ORIENTED_EDGE('',*,*,#3432,.T.);
#12743 = ORIENTED_EDGE('',*,*,#12713,.F.);
#12744 = PLANE('',#12745);
#12745 = AXIS2_PLACEMENT_3D('',#12746,#12747,#12748);
#12746 = CARTESIAN_POINT('',(-21.77621787082,-50.8,192.52350408631));
#12747 = DIRECTION('',(-0.872496007073,0.,0.488621241497));
#12748 = DIRECTION('',(-0.488621241497,0.,-0.872496007073));
#12749 = ADVANCED_FACE('',(#12750),#12769,.T.);
#12750 = FACE_BOUND('',#12751,.T.);
#12751 = EDGE_LOOP('',(#12752,#12761,#12767,#12768));
#12752 = ORIENTED_EDGE('',*,*,#12753,.F.);
#12753 = EDGE_CURVE('',#12754,#12730,#12756,.T.);
#12754 = VERTEX_POINT('',#12755);
#12755 = CARTESIAN_POINT('',(-21.56994706146,-50.7,192.57302532626));
#12756 = CIRCLE('',#12757,0.15);
#12757 = AXIS2_PLACEMENT_3D('',#12758,#12759,#12760);
#12758 = CARTESIAN_POINT('',(-21.64832184616,-50.7,192.4451293016));
#12759 = DIRECTION('',(0.,-1.,0.));
#12760 = DIRECTION('',(0.522498564716,0.,0.852640164354));
#12761 = ORIENTED_EDGE('',*,*,#12762,.T.);
#12762 = EDGE_CURVE('',#12754,#3415,#12763,.T.);
#12763 = LINE('',#12764,#12765);
#12764 = CARTESIAN_POINT('',(-21.56994706146,-50.8,192.57302532626));
#12765 = VECTOR('',#12766,1.);
#12766 = DIRECTION('',(0.,1.,0.));
#12767 = ORIENTED_EDGE('',*,*,#3423,.T.);
#12768 = ORIENTED_EDGE('',*,*,#12737,.F.);
#12769 = CYLINDRICAL_SURFACE('',#12770,0.15);
#12770 = AXIS2_PLACEMENT_3D('',#12771,#12772,#12773);
#12771 = CARTESIAN_POINT('',(-21.64832184616,-50.8,192.4451293016));
#12772 = DIRECTION('',(0.,-1.,0.));
#12773 = DIRECTION('',(0.522498564716,0.,0.852640164354));
#12774 = ADVANCED_FACE('',(#12775),#12794,.F.);
#12775 = FACE_BOUND('',#12776,.T.);
#12776 = EDGE_LOOP('',(#12777,#12778,#12787,#12793));
#12777 = ORIENTED_EDGE('',*,*,#12762,.F.);
#12778 = ORIENTED_EDGE('',*,*,#12779,.T.);
#12779 = EDGE_CURVE('',#12754,#12780,#12782,.T.);
#12780 = VERTEX_POINT('',#12781);
#12781 = CARTESIAN_POINT('',(-21.2015214697,-50.7,192.50438295034));
#12782 = CIRCLE('',#12783,1.469292842574);
#12783 = AXIS2_PLACEMENT_3D('',#12784,#12785,#12786);
#12784 = CARTESIAN_POINT('',(-21.11881482612,-50.7,193.97134616336));
#12785 = DIRECTION('',(0.,-1.,-0.));
#12786 = DIRECTION('',(-5.629010173296E-02,0.,-0.998414455247));
#12787 = ORIENTED_EDGE('',*,*,#12788,.T.);
#12788 = EDGE_CURVE('',#12780,#3406,#12789,.T.);
#12789 = LINE('',#12790,#12791);
#12790 = CARTESIAN_POINT('',(-21.2015214697,-50.8,192.50438295034));
#12791 = VECTOR('',#12792,1.);
#12792 = DIRECTION('',(0.,1.,0.));
#12793 = ORIENTED_EDGE('',*,*,#3414,.F.);
#12794 = CYLINDRICAL_SURFACE('',#12795,1.469292842574);
#12795 = AXIS2_PLACEMENT_3D('',#12796,#12797,#12798);
#12796 = CARTESIAN_POINT('',(-21.11881482612,-50.8,193.97134616336));
#12797 = DIRECTION('',(-0.,-1.,-0.));
#12798 = DIRECTION('',(-5.629010173296E-02,0.,-0.998414455247));
#12799 = ADVANCED_FACE('',(#12800),#12819,.F.);
#12800 = FACE_BOUND('',#12801,.T.);
#12801 = EDGE_LOOP('',(#12802,#12803,#12812,#12818));
#12802 = ORIENTED_EDGE('',*,*,#12788,.F.);
#12803 = ORIENTED_EDGE('',*,*,#12804,.T.);
#12804 = EDGE_CURVE('',#12780,#12805,#12807,.T.);
#12805 = VERTEX_POINT('',#12806);
#12806 = CARTESIAN_POINT('',(-20.76677611698,-50.7,193.21382288766));
#12807 = CIRCLE('',#12808,0.471154273188);
#12808 = AXIS2_PLACEMENT_3D('',#12809,#12810,#12811);
#12809 = CARTESIAN_POINT('',(-21.17271380918,-50.7,192.97465570932));
#12810 = DIRECTION('',(-0.,-1.,0.));
#12811 = DIRECTION('',(0.861581259689,-0.,0.507619673527));
#12812 = ORIENTED_EDGE('',*,*,#12813,.T.);
#12813 = EDGE_CURVE('',#12805,#3397,#12814,.T.);
#12814 = LINE('',#12815,#12816);
#12815 = CARTESIAN_POINT('',(-20.76677611698,-50.8,193.21382288766));
#12816 = VECTOR('',#12817,1.);
#12817 = DIRECTION('',(0.,1.,0.));
#12818 = ORIENTED_EDGE('',*,*,#3405,.F.);
#12819 = CYLINDRICAL_SURFACE('',#12820,0.471154273188);
#12820 = AXIS2_PLACEMENT_3D('',#12821,#12822,#12823);
#12821 = CARTESIAN_POINT('',(-21.17271380918,-50.8,192.97465570932));
#12822 = DIRECTION('',(-0.,-1.,-0.));
#12823 = DIRECTION('',(0.861581259689,-0.,0.507619673527));
#12824 = ADVANCED_FACE('',(#12825),#12844,.F.);
#12825 = FACE_BOUND('',#12826,.T.);
#12826 = EDGE_LOOP('',(#12827,#12828,#12837,#12843));
#12827 = ORIENTED_EDGE('',*,*,#12813,.F.);
#12828 = ORIENTED_EDGE('',*,*,#12829,.T.);
#12829 = EDGE_CURVE('',#12805,#12830,#12832,.T.);
#12830 = VERTEX_POINT('',#12831);
#12831 = CARTESIAN_POINT('',(-20.99519864027,-50.7,193.51092950705));
#12832 = CIRCLE('',#12833,1.469292842573);
#12833 = AXIS2_PLACEMENT_3D('',#12834,#12835,#12836);
#12834 = CARTESIAN_POINT('',(-22.03630188007,-50.7,192.47414336646));
#12835 = DIRECTION('',(-0.,-1.,0.));
#12836 = DIRECTION('',(0.708574362871,-0.,0.705636147233));
#12837 = ORIENTED_EDGE('',*,*,#12838,.T.);
#12838 = EDGE_CURVE('',#12830,#3388,#12839,.T.);
#12839 = LINE('',#12840,#12841);
#12840 = CARTESIAN_POINT('',(-20.99519864027,-50.8,193.51092950705));
#12841 = VECTOR('',#12842,1.);
#12842 = DIRECTION('',(0.,1.,0.));
#12843 = ORIENTED_EDGE('',*,*,#3396,.F.);
#12844 = CYLINDRICAL_SURFACE('',#12845,1.469292842573);
#12845 = AXIS2_PLACEMENT_3D('',#12846,#12847,#12848);
#12846 = CARTESIAN_POINT('',(-22.03630188007,-50.8,192.47414336646));
#12847 = DIRECTION('',(-0.,-1.,-0.));
#12848 = DIRECTION('',(0.708574362871,-0.,0.705636147233));
#12849 = ADVANCED_FACE('',(#12850),#12869,.T.);
#12850 = FACE_BOUND('',#12851,.T.);
#12851 = EDGE_LOOP('',(#12852,#12861,#12867,#12868));
#12852 = ORIENTED_EDGE('',*,*,#12853,.F.);
#12853 = EDGE_CURVE('',#12854,#12830,#12856,.T.);
#12854 = VERTEX_POINT('',#12855);
#12855 = CARTESIAN_POINT('',(-21.04471988022,-50.7,193.71720031641));
#12856 = CIRCLE('',#12857,0.15);
#12857 = AXIS2_PLACEMENT_3D('',#12858,#12859,#12860);
#12858 = CARTESIAN_POINT('',(-20.91682385556,-50.7,193.6388255317));
#12859 = DIRECTION('',(0.,-1.,-0.));
#12860 = DIRECTION('',(-0.852640164354,-0.,0.522498564716));
#12861 = ORIENTED_EDGE('',*,*,#12862,.T.);
#12862 = EDGE_CURVE('',#12854,#3380,#12863,.T.);
#12863 = LINE('',#12864,#12865);
#12864 = CARTESIAN_POINT('',(-21.04471988022,-50.8,193.71720031641));
#12865 = VECTOR('',#12866,1.);
#12866 = DIRECTION('',(0.,1.,0.));
#12867 = ORIENTED_EDGE('',*,*,#3387,.T.);
#12868 = ORIENTED_EDGE('',*,*,#12838,.F.);
#12869 = CYLINDRICAL_SURFACE('',#12870,0.15);
#12870 = AXIS2_PLACEMENT_3D('',#12871,#12872,#12873);
#12871 = CARTESIAN_POINT('',(-20.91682385556,-50.8,193.6388255317));
#12872 = DIRECTION('',(0.,-1.,-0.));
#12873 = DIRECTION('',(-0.852640164354,-0.,0.522498564716));
#12874 = ADVANCED_FACE('',(#12875),#12893,.T.);
#12875 = FACE_BOUND('',#12876,.T.);
#12876 = EDGE_LOOP('',(#12877,#12885,#12891,#12892));
#12877 = ORIENTED_EDGE('',*,*,#12878,.F.);
#12878 = EDGE_CURVE('',#12879,#12854,#12881,.T.);
#12879 = VERTEX_POINT('',#12880);
#12880 = CARTESIAN_POINT('',(-20.72650625261,-50.7,194.19344066524));
#12881 = LINE('',#12882,#12883);
#12882 = CARTESIAN_POINT('',(-20.80605965951,-50.7,194.07438057803));
#12883 = VECTOR('',#12884,1.);
#12884 = DIRECTION('',(-0.55557023302,0.,-0.831469612303));
#12885 = ORIENTED_EDGE('',*,*,#12886,.T.);
#12886 = EDGE_CURVE('',#12879,#3371,#12887,.T.);
#12887 = LINE('',#12888,#12889);
#12888 = CARTESIAN_POINT('',(-20.72650625261,-50.8,194.19344066524));
#12889 = VECTOR('',#12890,1.);
#12890 = DIRECTION('',(0.,1.,0.));
#12891 = ORIENTED_EDGE('',*,*,#3379,.T.);
#12892 = ORIENTED_EDGE('',*,*,#12862,.F.);
#12893 = PLANE('',#12894);
#12894 = AXIS2_PLACEMENT_3D('',#12895,#12896,#12897);
#12895 = CARTESIAN_POINT('',(-20.72650625261,-50.8,194.19344066524));
#12896 = DIRECTION('',(-0.831469612303,0.,0.55557023302));
#12897 = DIRECTION('',(-0.55557023302,0.,-0.831469612303));
#12898 = ADVANCED_FACE('',(#12899),#12918,.T.);
#12899 = FACE_BOUND('',#12900,.T.);
#12900 = EDGE_LOOP('',(#12901,#12910,#12916,#12917));
#12901 = ORIENTED_EDGE('',*,*,#12902,.F.);
#12902 = EDGE_CURVE('',#12903,#12879,#12905,.T.);
#12903 = VERTEX_POINT('',#12904);
#12904 = CARTESIAN_POINT('',(-20.51698591561,-50.7,194.22662542655));
#12905 = CIRCLE('',#12906,0.15);
#12906 = AXIS2_PLACEMENT_3D('',#12907,#12908,#12909);
#12907 = CARTESIAN_POINT('',(-20.60515370345,-50.7,194.1052728774));
#12908 = DIRECTION('',(0.,-1.,0.));
#12909 = DIRECTION('',(0.587785252292,0.,0.809016994375));
#12910 = ORIENTED_EDGE('',*,*,#12911,.T.);
#12911 = EDGE_CURVE('',#12903,#3362,#12912,.T.);
#12912 = LINE('',#12913,#12914);
#12913 = CARTESIAN_POINT('',(-20.51698591561,-50.8,194.22662542655));
#12914 = VECTOR('',#12915,1.);
#12915 = DIRECTION('',(0.,1.,0.));
#12916 = ORIENTED_EDGE('',*,*,#3370,.T.);
#12917 = ORIENTED_EDGE('',*,*,#12886,.F.);
#12918 = CYLINDRICAL_SURFACE('',#12919,0.15);
#12919 = AXIS2_PLACEMENT_3D('',#12920,#12921,#12922);
#12920 = CARTESIAN_POINT('',(-20.60515370345,-50.8,194.1052728774));
#12921 = DIRECTION('',(0.,-1.,0.));
#12922 = DIRECTION('',(0.587785252292,0.,0.809016994375));
#12923 = ADVANCED_FACE('',(#12924),#12943,.F.);
#12924 = FACE_BOUND('',#12925,.T.);
#12925 = EDGE_LOOP('',(#12926,#12927,#12936,#12942));
#12926 = ORIENTED_EDGE('',*,*,#12911,.F.);
#12927 = ORIENTED_EDGE('',*,*,#12928,.T.);
#12928 = EDGE_CURVE('',#12903,#12929,#12931,.T.);
#12929 = VERTEX_POINT('',#12930);
#12930 = CARTESIAN_POINT('',(-20.15508167574,-50.7,194.1292883134));
#12931 = CIRCLE('',#12932,1.46929284257);
#12932 = AXIS2_PLACEMENT_3D('',#12933,#12934,#12935);
#12933 = CARTESIAN_POINT('',(-19.95753338198,-50.7,195.58524027994));
#12934 = DIRECTION('',(0.,-1.,-0.));
#12935 = DIRECTION('',(-0.134451273455,0.,-0.990920206205));
#12936 = ORIENTED_EDGE('',*,*,#12937,.T.);
#12937 = EDGE_CURVE('',#12929,#3353,#12938,.T.);
#12938 = LINE('',#12939,#12940);
#12939 = CARTESIAN_POINT('',(-20.15508167574,-50.8,194.1292883134));
#12940 = VECTOR('',#12941,1.);
#12941 = DIRECTION('',(0.,1.,0.));
#12942 = ORIENTED_EDGE('',*,*,#3361,.F.);
#12943 = CYLINDRICAL_SURFACE('',#12944,1.46929284257);
#12944 = AXIS2_PLACEMENT_3D('',#12945,#12946,#12947);
#12945 = CARTESIAN_POINT('',(-19.95753338198,-50.8,195.58524027994));
#12946 = DIRECTION('',(-0.,-1.,-0.));
#12947 = DIRECTION('',(-0.134451273455,0.,-0.990920206205));
#12948 = ADVANCED_FACE('',(#12949),#12968,.F.);
#12949 = FACE_BOUND('',#12950,.T.);
#12950 = EDGE_LOOP('',(#12951,#12952,#12961,#12967));
#12951 = ORIENTED_EDGE('',*,*,#12937,.F.);
#12952 = ORIENTED_EDGE('',*,*,#12953,.T.);
#12953 = EDGE_CURVE('',#12929,#12954,#12956,.T.);
#12954 = VERTEX_POINT('',#12955);
#12955 = CARTESIAN_POINT('',(-19.6660144819,-50.7,194.80243155691));
#12956 = CIRCLE('',#12957,0.471154273188);
#12957 = AXIS2_PLACEMENT_3D('',#12958,#12959,#12960);
#12958 = CARTESIAN_POINT('',(-20.08946564421,-50.7,194.59585115542));
#12959 = DIRECTION('',(-0.,-1.,0.));
#12960 = DIRECTION('',(0.898752672763,-0.,0.438455964952));
#12961 = ORIENTED_EDGE('',*,*,#12962,.T.);
#12962 = EDGE_CURVE('',#12954,#3344,#12963,.T.);
#12963 = LINE('',#12964,#12965);
#12964 = CARTESIAN_POINT('',(-19.6660144819,-50.8,194.80243155691));
#12965 = VECTOR('',#12966,1.);
#12966 = DIRECTION('',(0.,1.,0.));
#12967 = ORIENTED_EDGE('',*,*,#3352,.F.);
#12968 = CYLINDRICAL_SURFACE('',#12969,0.471154273188);
#12969 = AXIS2_PLACEMENT_3D('',#12970,#12971,#12972);
#12970 = CARTESIAN_POINT('',(-20.08946564421,-50.8,194.59585115542));
#12971 = DIRECTION('',(-0.,-1.,-0.));
#12972 = DIRECTION('',(0.898752672763,-0.,0.438455964952));
#12973 = ADVANCED_FACE('',(#12974),#12993,.F.);
#12974 = FACE_BOUND('',#12975,.T.);
#12975 = EDGE_LOOP('',(#12976,#12977,#12986,#12992));
#12976 = ORIENTED_EDGE('',*,*,#12962,.F.);
#12977 = ORIENTED_EDGE('',*,*,#12978,.T.);
#12978 = EDGE_CURVE('',#12954,#12979,#12981,.T.);
#12979 = VERTEX_POINT('',#12980);
#12980 = CARTESIAN_POINT('',(-19.87042213809,-50.7,195.11654412036));
#12981 = CIRCLE('',#12982,1.469292842573);
#12982 = AXIS2_PLACEMENT_3D('',#12983,#12984,#12985);
#12983 = CARTESIAN_POINT('',(-20.9896613071,-50.7,194.16463806419));
#12984 = DIRECTION('',(-0.,-1.,0.));
#12985 = DIRECTION('',(0.76175363861,-0.,0.647866802719));
#12986 = ORIENTED_EDGE('',*,*,#12987,.T.);
#12987 = EDGE_CURVE('',#12979,#3335,#12988,.T.);
#12988 = LINE('',#12989,#12990);
#12989 = CARTESIAN_POINT('',(-19.87042213809,-50.8,195.11654412036));
#12990 = VECTOR('',#12991,1.);
#12991 = DIRECTION('',(0.,1.,0.));
#12992 = ORIENTED_EDGE('',*,*,#3343,.F.);
#12993 = CYLINDRICAL_SURFACE('',#12994,1.469292842573);
#12994 = AXIS2_PLACEMENT_3D('',#12995,#12996,#12997);
#12995 = CARTESIAN_POINT('',(-20.9896613071,-50.8,194.16463806419));
#12996 = DIRECTION('',(-0.,-1.,-0.));
#12997 = DIRECTION('',(0.76175363861,-0.,0.647866802719));
#12998 = ADVANCED_FACE('',(#12999),#13018,.T.);
#12999 = FACE_BOUND('',#13000,.T.);
#13000 = EDGE_LOOP('',(#13001,#13010,#13016,#13017));
#13001 = ORIENTED_EDGE('',*,*,#13002,.F.);
#13002 = EDGE_CURVE('',#13003,#12979,#13005,.T.);
#13003 = VERTEX_POINT('',#13004);
#13004 = CARTESIAN_POINT('',(-19.9036068994,-50.7,195.32606445736));
#13005 = CIRCLE('',#13006,0.15);
#13006 = AXIS2_PLACEMENT_3D('',#13007,#13008,#13009);
#13007 = CARTESIAN_POINT('',(-19.78225435025,-50.7,195.23789666952));
#13008 = DIRECTION('',(0.,-1.,-0.));
#13009 = DIRECTION('',(-0.809016994375,-0.,0.587785252292));
#13010 = ORIENTED_EDGE('',*,*,#13011,.T.);
#13011 = EDGE_CURVE('',#13003,#3327,#13012,.T.);
#13012 = LINE('',#13013,#13014);
#13013 = CARTESIAN_POINT('',(-19.9036068994,-50.8,195.32606445736));
#13014 = VECTOR('',#13015,1.);
#13015 = DIRECTION('',(0.,1.,0.));
#13016 = ORIENTED_EDGE('',*,*,#3334,.T.);
#13017 = ORIENTED_EDGE('',*,*,#12987,.F.);
#13018 = CYLINDRICAL_SURFACE('',#13019,0.15);
#13019 = AXIS2_PLACEMENT_3D('',#13020,#13021,#13022);
#13020 = CARTESIAN_POINT('',(-19.78225435025,-50.8,195.23789666952));
#13021 = DIRECTION('',(0.,-1.,-0.));
#13022 = DIRECTION('',(-0.809016994375,-0.,0.587785252292));
#13023 = ADVANCED_FACE('',(#13024),#13042,.T.);
#13024 = FACE_BOUND('',#13025,.T.);
#13025 = EDGE_LOOP('',(#13026,#13034,#13040,#13041));
#13026 = ORIENTED_EDGE('',*,*,#13027,.F.);
#13027 = EDGE_CURVE('',#13028,#13003,#13030,.T.);
#13028 = VERTEX_POINT('',#13029);
#13029 = CARTESIAN_POINT('',(-19.54900883109,-50.7,195.77586996267));
#13030 = LINE('',#13031,#13032);
#13031 = CARTESIAN_POINT('',(-19.63765834817,-50.7,195.66341858634));
#13032 = VECTOR('',#13033,1.);
#13033 = DIRECTION('',(-0.61909394931,0.,-0.785316930881));
#13034 = ORIENTED_EDGE('',*,*,#13035,.T.);
#13035 = EDGE_CURVE('',#13028,#3318,#13036,.T.);
#13036 = LINE('',#13037,#13038);
#13037 = CARTESIAN_POINT('',(-19.54900883109,-50.8,195.77586996267));
#13038 = VECTOR('',#13039,1.);
#13039 = DIRECTION('',(0.,1.,0.));
#13040 = ORIENTED_EDGE('',*,*,#3326,.T.);
#13041 = ORIENTED_EDGE('',*,*,#13011,.F.);
#13042 = PLANE('',#13043);
#13043 = AXIS2_PLACEMENT_3D('',#13044,#13045,#13046);
#13044 = CARTESIAN_POINT('',(-19.54900883109,-50.8,195.77586996267));
#13045 = DIRECTION('',(-0.785316930881,0.,0.61909394931));
#13046 = DIRECTION('',(-0.61909394931,0.,-0.785316930881));
#13047 = ADVANCED_FACE('',(#13048),#13067,.T.);
#13048 = FACE_BOUND('',#13049,.T.);
#13049 = EDGE_LOOP('',(#13050,#13059,#13065,#13066));
#13050 = ORIENTED_EDGE('',*,*,#13051,.F.);
#13051 = EDGE_CURVE('',#13052,#13028,#13054,.T.);
#13052 = VERTEX_POINT('',#13053);
#13053 = CARTESIAN_POINT('',(-19.337530729,-50.7,195.79251365026));
#13054 = CIRCLE('',#13055,0.15);
#13055 = AXIS2_PLACEMENT_3D('',#13056,#13057,#13058);
#13056 = CARTESIAN_POINT('',(-19.43494793625,-50.7,195.67845275542));
#13057 = DIRECTION('',(0.,-1.,0.));
#13058 = DIRECTION('',(0.64944804833,0.,0.7604059656));
#13059 = ORIENTED_EDGE('',*,*,#13060,.T.);
#13060 = EDGE_CURVE('',#13052,#3309,#13061,.T.);
#13061 = LINE('',#13062,#13063);
#13062 = CARTESIAN_POINT('',(-19.337530729,-50.8,195.79251365026));
#13063 = VECTOR('',#13064,1.);
#13064 = DIRECTION('',(0.,1.,0.));
#13065 = ORIENTED_EDGE('',*,*,#3317,.T.);
#13066 = ORIENTED_EDGE('',*,*,#13035,.F.);
#13067 = CYLINDRICAL_SURFACE('',#13068,0.15);
#13068 = AXIS2_PLACEMENT_3D('',#13069,#13070,#13071);
#13069 = CARTESIAN_POINT('',(-19.43494793625,-50.8,195.67845275542));
#13070 = DIRECTION('',(0.,-1.,0.));
#13071 = DIRECTION('',(0.64944804833,0.,0.7604059656));
#13072 = ADVANCED_FACE('',(#13073),#13092,.F.);
#13073 = FACE_BOUND('',#13074,.T.);
#13074 = EDGE_LOOP('',(#13075,#13076,#13085,#13091));
#13075 = ORIENTED_EDGE('',*,*,#13060,.F.);
#13076 = ORIENTED_EDGE('',*,*,#13077,.T.);
#13077 = EDGE_CURVE('',#13052,#13078,#13080,.T.);
#13078 = VERTEX_POINT('',#13079);
#13079 = CARTESIAN_POINT('',(-18.98437910101,-50.7,195.66708191554));
#13080 = CIRCLE('',#13081,1.469292842573);
#13081 = AXIS2_PLACEMENT_3D('',#13082,#13083,#13084);
#13082 = CARTESIAN_POINT('',(-18.67320710799,-50.7,197.10304620758));
#13083 = DIRECTION('',(0.,-1.,-0.));
#13084 = DIRECTION('',(-0.211783508367,0.,-0.977316604578));
#13085 = ORIENTED_EDGE('',*,*,#13086,.T.);
#13086 = EDGE_CURVE('',#13078,#3300,#13087,.T.);
#13087 = LINE('',#13088,#13089);
#13088 = CARTESIAN_POINT('',(-18.98437910101,-50.8,195.66708191554));
#13089 = VECTOR('',#13090,1.);
#13090 = DIRECTION('',(0.,1.,0.));
#13091 = ORIENTED_EDGE('',*,*,#3308,.F.);
#13092 = CYLINDRICAL_SURFACE('',#13093,1.469292842573);
#13093 = AXIS2_PLACEMENT_3D('',#13094,#13095,#13096);
#13094 = CARTESIAN_POINT('',(-18.67320710799,-50.8,197.10304620758));
#13095 = DIRECTION('',(-0.,-1.,-0.));
#13096 = DIRECTION('',(-0.211783508367,0.,-0.977316604578));
#13097 = ADVANCED_FACE('',(#13098),#13117,.F.);
#13098 = FACE_BOUND('',#13099,.T.);
#13099 = EDGE_LOOP('',(#13100,#13101,#13110,#13116));
#13100 = ORIENTED_EDGE('',*,*,#13086,.F.);
#13101 = ORIENTED_EDGE('',*,*,#13102,.T.);
#13102 = EDGE_CURVE('',#13078,#13103,#13105,.T.);
#13103 = VERTEX_POINT('',#13104);
#13104 = CARTESIAN_POINT('',(-18.44400532792,-50.7,196.2997783133));
#13105 = CIRCLE('',#13106,0.471154273188);
#13106 = AXIS2_PLACEMENT_3D('',#13107,#13108,#13109);
#13107 = CARTESIAN_POINT('',(-18.88235924311,-50.7,196.12705832552));
#13108 = DIRECTION('',(-0.,-1.,0.));
#13109 = DIRECTION('',(0.930382976743,-0.,0.366589029552));
#13110 = ORIENTED_EDGE('',*,*,#13111,.T.);
#13111 = EDGE_CURVE('',#13103,#3291,#13112,.T.);
#13112 = LINE('',#13113,#13114);
#13113 = CARTESIAN_POINT('',(-18.44400532792,-50.8,196.2997783133));
#13114 = VECTOR('',#13115,1.);
#13115 = DIRECTION('',(0.,1.,0.));
#13116 = ORIENTED_EDGE('',*,*,#3299,.F.);
#13117 = CYLINDRICAL_SURFACE('',#13118,0.471154273188);
#13118 = AXIS2_PLACEMENT_3D('',#13119,#13120,#13121);
#13119 = CARTESIAN_POINT('',(-18.88235924311,-50.8,196.12705832552));
#13120 = DIRECTION('',(-0.,-1.,-0.));
#13121 = DIRECTION('',(0.930382976743,-0.,0.366589029552));
#13122 = ADVANCED_FACE('',(#13123),#13142,.F.);
#13123 = FACE_BOUND('',#13124,.T.);
#13124 = EDGE_LOOP('',(#13125,#13126,#13135,#13141));
#13125 = ORIENTED_EDGE('',*,*,#13111,.F.);
#13126 = ORIENTED_EDGE('',*,*,#13127,.T.);
#13127 = EDGE_CURVE('',#13103,#13128,#13130,.T.);
#13128 = VERTEX_POINT('',#13129);
#13129 = CARTESIAN_POINT('',(-18.62313787584,-50.7,196.62896021242));
#13130 = CIRCLE('',#13131,1.469292842572);
#13131 = AXIS2_PLACEMENT_3D('',#13132,#13133,#13134);
#13132 = CARTESIAN_POINT('',(-19.81361249241,-50.7,195.76780305804));
#13133 = DIRECTION('',(-0.,-1.,0.));
#13134 = DIRECTION('',(0.810236449857,-0.,0.586103143928));
#13135 = ORIENTED_EDGE('',*,*,#13136,.T.);
#13136 = EDGE_CURVE('',#13128,#3282,#13137,.T.);
#13137 = LINE('',#13138,#13139);
#13138 = CARTESIAN_POINT('',(-18.62313787584,-50.8,196.62896021242));
#13139 = VECTOR('',#13140,1.);
#13140 = DIRECTION('',(0.,1.,0.));
#13141 = ORIENTED_EDGE('',*,*,#3290,.F.);
#13142 = CYLINDRICAL_SURFACE('',#13143,1.469292842572);
#13143 = AXIS2_PLACEMENT_3D('',#13144,#13145,#13146);
#13144 = CARTESIAN_POINT('',(-19.81361249241,-50.8,195.76780305804));
#13145 = DIRECTION('',(-0.,-1.,-0.));
#13146 = DIRECTION('',(0.810236449857,-0.,0.586103143928));
#13147 = ADVANCED_FACE('',(#13148),#13167,.T.);
#13148 = FACE_BOUND('',#13149,.T.);
#13149 = EDGE_LOOP('',(#13150,#13159,#13165,#13166));
#13150 = ORIENTED_EDGE('',*,*,#13151,.F.);
#13151 = EDGE_CURVE('',#13152,#13128,#13154,.T.);
#13152 = VERTEX_POINT('',#13153);
#13153 = CARTESIAN_POINT('',(-18.63978156343,-50.7,196.84043831451));
#13154 = CIRCLE('',#13155,0.15);
#13155 = AXIS2_PLACEMENT_3D('',#13156,#13157,#13158);
#13156 = CARTESIAN_POINT('',(-18.52572066859,-50.7,196.74302110726));
#13157 = DIRECTION('',(0.,-1.,-0.));
#13158 = DIRECTION('',(-0.7604059656,-0.,0.64944804833));
#13159 = ORIENTED_EDGE('',*,*,#13160,.T.);
#13160 = EDGE_CURVE('',#13152,#3274,#13161,.T.);
#13161 = LINE('',#13162,#13163);
#13162 = CARTESIAN_POINT('',(-18.63978156343,-50.8,196.84043831451));
#13163 = VECTOR('',#13164,1.);
#13164 = DIRECTION('',(0.,1.,0.));
#13165 = ORIENTED_EDGE('',*,*,#3281,.T.);
#13166 = ORIENTED_EDGE('',*,*,#13136,.F.);
#13167 = CYLINDRICAL_SURFACE('',#13168,0.15);
#13168 = AXIS2_PLACEMENT_3D('',#13169,#13170,#13171);
#13169 = CARTESIAN_POINT('',(-18.52572066859,-50.8,196.74302110726));
#13170 = DIRECTION('',(0.,-1.,-0.));
#13171 = DIRECTION('',(-0.7604059656,-0.,0.64944804833));
#13172 = ADVANCED_FACE('',(#13173),#13191,.T.);
#13173 = FACE_BOUND('',#13174,.T.);
#13174 = EDGE_LOOP('',(#13175,#13183,#13189,#13190));
#13175 = ORIENTED_EDGE('',*,*,#13176,.F.);
#13176 = EDGE_CURVE('',#13177,#13152,#13179,.T.);
#13177 = VERTEX_POINT('',#13178);
#13178 = CARTESIAN_POINT('',(-18.25098526943,-50.7,197.26103577577));
#13179 = LINE('',#13180,#13181);
#13180 = CARTESIAN_POINT('',(-18.34818434293,-50.7,197.15588641045));
#13181 = VECTOR('',#13182,1.);
#13182 = DIRECTION('',(-0.678800745533,0.,-0.734322509436));
#13183 = ORIENTED_EDGE('',*,*,#13184,.T.);
#13184 = EDGE_CURVE('',#13177,#3265,#13185,.T.);
#13185 = LINE('',#13186,#13187);
#13186 = CARTESIAN_POINT('',(-18.25098526943,-50.8,197.26103577577));
#13187 = VECTOR('',#13188,1.);
#13188 = DIRECTION('',(0.,1.,0.));
#13189 = ORIENTED_EDGE('',*,*,#3273,.T.);
#13190 = ORIENTED_EDGE('',*,*,#13160,.F.);
#13191 = PLANE('',#13192);
#13192 = AXIS2_PLACEMENT_3D('',#13193,#13194,#13195);
#13193 = CARTESIAN_POINT('',(-18.25098526943,-50.8,197.26103577577));
#13194 = DIRECTION('',(-0.734322509436,0.,0.678800745533));
#13195 = DIRECTION('',(-0.678800745533,0.,-0.734322509436));
#13196 = ADVANCED_FACE('',(#13197),#13216,.T.);
#13197 = FACE_BOUND('',#13198,.T.);
#13198 = EDGE_LOOP('',(#13199,#13208,#13214,#13215));
#13199 = ORIENTED_EDGE('',*,*,#13200,.F.);
#13200 = EDGE_CURVE('',#13201,#13177,#13203,.T.);
#13201 = VERTEX_POINT('',#13202);
#13202 = CARTESIAN_POINT('',(-18.03885323507,-50.7,197.26103577577));
#13203 = CIRCLE('',#13204,0.15);
#13204 = AXIS2_PLACEMENT_3D('',#13205,#13206,#13207);
#13205 = CARTESIAN_POINT('',(-18.14491925225,-50.7,197.15496975859));
#13206 = DIRECTION('',(0.,-1.,0.));
#13207 = DIRECTION('',(0.707106781187,0.,0.707106781187));
#13208 = ORIENTED_EDGE('',*,*,#13209,.T.);
#13209 = EDGE_CURVE('',#13201,#3256,#13210,.T.);
#13210 = LINE('',#13211,#13212);
#13211 = CARTESIAN_POINT('',(-18.03885323507,-50.8,197.26103577577));
#13212 = VECTOR('',#13213,1.);
#13213 = DIRECTION('',(0.,1.,0.));
#13214 = ORIENTED_EDGE('',*,*,#3264,.T.);
#13215 = ORIENTED_EDGE('',*,*,#13184,.F.);
#13216 = CYLINDRICAL_SURFACE('',#13217,0.15);
#13217 = AXIS2_PLACEMENT_3D('',#13218,#13219,#13220);
#13218 = CARTESIAN_POINT('',(-18.14491925225,-50.8,197.15496975859));
#13219 = DIRECTION('',(0.,-1.,0.));
#13220 = DIRECTION('',(0.707106781187,0.,0.707106781187));
#13221 = ADVANCED_FACE('',(#13222),#13241,.F.);
#13222 = FACE_BOUND('',#13223,.T.);
#13223 = EDGE_LOOP('',(#13224,#13225,#13234,#13240));
#13224 = ORIENTED_EDGE('',*,*,#13209,.F.);
#13225 = ORIENTED_EDGE('',*,*,#13226,.T.);
#13226 = EDGE_CURVE('',#13201,#13227,#13229,.T.);
#13227 = VERTEX_POINT('',#13228);
#13228 = CARTESIAN_POINT('',(-17.69663151617,-50.7,197.10828274784));
#13229 = CIRCLE('',#13230,1.469292842573);
#13230 = AXIS2_PLACEMENT_3D('',#13231,#13232,#13233);
#13231 = CARTESIAN_POINT('',(-17.2737543027,-50.7,198.515406168));
#13232 = DIRECTION('',(0.,-1.,-0.));
#13233 = DIRECTION('',(-0.287810027525,0.,-0.957687521092));
#13234 = ORIENTED_EDGE('',*,*,#13235,.T.);
#13235 = EDGE_CURVE('',#13227,#3247,#13236,.T.);
#13236 = LINE('',#13237,#13238);
#13237 = CARTESIAN_POINT('',(-17.69663151617,-50.8,197.10828274784));
#13238 = VECTOR('',#13239,1.);
#13239 = DIRECTION('',(0.,1.,0.));
#13240 = ORIENTED_EDGE('',*,*,#3255,.F.);
#13241 = CYLINDRICAL_SURFACE('',#13242,1.469292842573);
#13242 = AXIS2_PLACEMENT_3D('',#13243,#13244,#13245);
#13243 = CARTESIAN_POINT('',(-17.2737543027,-50.8,198.515406168));
#13244 = DIRECTION('',(-0.,-1.,-0.));
#13245 = DIRECTION('',(-0.287810027525,0.,-0.957687521092));
#13246 = ADVANCED_FACE('',(#13247),#13266,.F.);
#13247 = FACE_BOUND('',#13248,.T.);
#13248 = EDGE_LOOP('',(#13249,#13250,#13259,#13265));
#13249 = ORIENTED_EDGE('',*,*,#13235,.F.);
#13250 = ORIENTED_EDGE('',*,*,#13251,.T.);
#13251 = EDGE_CURVE('',#13227,#13252,#13254,.T.);
#13252 = VERTEX_POINT('',#13253);
#13253 = CARTESIAN_POINT('',(-17.10828274784,-50.7,197.69663151617));
#13254 = CIRCLE('',#13255,0.471154273188);
#13255 = AXIS2_PLACEMENT_3D('',#13256,#13257,#13258);
#13256 = CARTESIAN_POINT('',(-17.55883681826,-50.7,197.55883681826));
#13257 = DIRECTION('',(-0.,-1.,0.));
#13258 = DIRECTION('',(0.956277160287,-0.,0.29246195088));
#13259 = ORIENTED_EDGE('',*,*,#13260,.T.);
#13260 = EDGE_CURVE('',#13252,#3238,#13261,.T.);
#13261 = LINE('',#13262,#13263);
#13262 = CARTESIAN_POINT('',(-17.10828274784,-50.8,197.69663151617));
#13263 = VECTOR('',#13264,1.);
#13264 = DIRECTION('',(0.,1.,0.));
#13265 = ORIENTED_EDGE('',*,*,#3246,.F.);
#13266 = CYLINDRICAL_SURFACE('',#13267,0.471154273188);
#13267 = AXIS2_PLACEMENT_3D('',#13268,#13269,#13270);
#13268 = CARTESIAN_POINT('',(-17.55883681826,-50.8,197.55883681826));
#13269 = DIRECTION('',(-0.,-1.,-0.));
#13270 = DIRECTION('',(0.956277160287,-0.,0.29246195088));
#13271 = ADVANCED_FACE('',(#13272),#13291,.F.);
#13272 = FACE_BOUND('',#13273,.T.);
#13273 = EDGE_LOOP('',(#13274,#13275,#13284,#13290));
#13274 = ORIENTED_EDGE('',*,*,#13260,.F.);
#13275 = ORIENTED_EDGE('',*,*,#13276,.T.);
#13276 = EDGE_CURVE('',#13252,#13277,#13279,.T.);
#13277 = VERTEX_POINT('',#13278);
#13278 = CARTESIAN_POINT('',(-17.26103577577,-50.7,198.03885323507));
#13279 = CIRCLE('',#13280,1.469292842573);
#13280 = AXIS2_PLACEMENT_3D('',#13281,#13282,#13283);
#13281 = CARTESIAN_POINT('',(-18.515406168,-50.7,197.2737543027));
#13282 = DIRECTION('',(-0.,-1.,0.));
#13283 = DIRECTION('',(0.853723883961,-0.,0.520725964356));
#13284 = ORIENTED_EDGE('',*,*,#13285,.T.);
#13285 = EDGE_CURVE('',#13277,#3229,#13286,.T.);
#13286 = LINE('',#13287,#13288);
#13287 = CARTESIAN_POINT('',(-17.26103577577,-50.8,198.03885323507));
#13288 = VECTOR('',#13289,1.);
#13289 = DIRECTION('',(0.,1.,0.));
#13290 = ORIENTED_EDGE('',*,*,#3237,.F.);
#13291 = CYLINDRICAL_SURFACE('',#13292,1.469292842573);
#13292 = AXIS2_PLACEMENT_3D('',#13293,#13294,#13295);
#13293 = CARTESIAN_POINT('',(-18.515406168,-50.8,197.2737543027));
#13294 = DIRECTION('',(-0.,-1.,-0.));
#13295 = DIRECTION('',(0.853723883961,-0.,0.520725964356));
#13296 = ADVANCED_FACE('',(#13297),#13316,.T.);
#13297 = FACE_BOUND('',#13298,.T.);
#13298 = EDGE_LOOP('',(#13299,#13308,#13314,#13315));
#13299 = ORIENTED_EDGE('',*,*,#13300,.F.);
#13300 = EDGE_CURVE('',#13301,#13277,#13303,.T.);
#13301 = VERTEX_POINT('',#13302);
#13302 = CARTESIAN_POINT('',(-17.26103577577,-50.7,198.25098526943));
#13303 = CIRCLE('',#13304,0.15);
#13304 = AXIS2_PLACEMENT_3D('',#13305,#13306,#13307);
#13305 = CARTESIAN_POINT('',(-17.15496975859,-50.7,198.14491925225));
#13306 = DIRECTION('',(0.,-1.,-0.));
#13307 = DIRECTION('',(-0.707106781187,-0.,0.707106781186));
#13308 = ORIENTED_EDGE('',*,*,#13309,.T.);
#13309 = EDGE_CURVE('',#13301,#3221,#13310,.T.);
#13310 = LINE('',#13311,#13312);
#13311 = CARTESIAN_POINT('',(-17.26103577577,-50.8,198.25098526943));
#13312 = VECTOR('',#13313,1.);
#13313 = DIRECTION('',(0.,1.,0.));
#13314 = ORIENTED_EDGE('',*,*,#3228,.T.);
#13315 = ORIENTED_EDGE('',*,*,#13285,.F.);
#13316 = CYLINDRICAL_SURFACE('',#13317,0.15);
#13317 = AXIS2_PLACEMENT_3D('',#13318,#13319,#13320);
#13318 = CARTESIAN_POINT('',(-17.15496975859,-50.8,198.14491925225));
#13319 = DIRECTION('',(0.,-1.,-0.));
#13320 = DIRECTION('',(-0.707106781187,-0.,0.707106781186));
#13321 = ADVANCED_FACE('',(#13322),#13340,.T.);
#13322 = FACE_BOUND('',#13323,.T.);
#13323 = EDGE_LOOP('',(#13324,#13332,#13338,#13339));
#13324 = ORIENTED_EDGE('',*,*,#13325,.F.);
#13325 = EDGE_CURVE('',#13326,#13301,#13328,.T.);
#13326 = VERTEX_POINT('',#13327);
#13327 = CARTESIAN_POINT('',(-16.84043831451,-50.7,198.63978156343));
#13328 = LINE('',#13329,#13330);
#13329 = CARTESIAN_POINT('',(-16.94558767982,-50.7,198.54258248993));
#13330 = VECTOR('',#13331,1.);
#13331 = DIRECTION('',(-0.734322509436,0.,-0.678800745533));
#13332 = ORIENTED_EDGE('',*,*,#13333,.T.);
#13333 = EDGE_CURVE('',#13326,#3212,#13334,.T.);
#13334 = LINE('',#13335,#13336);
#13335 = CARTESIAN_POINT('',(-16.84043831451,-50.8,198.63978156343));
#13336 = VECTOR('',#13337,1.);
#13337 = DIRECTION('',(0.,1.,0.));
#13338 = ORIENTED_EDGE('',*,*,#3220,.T.);
#13339 = ORIENTED_EDGE('',*,*,#13309,.F.);
#13340 = PLANE('',#13341);
#13341 = AXIS2_PLACEMENT_3D('',#13342,#13343,#13344);
#13342 = CARTESIAN_POINT('',(-16.84043831451,-50.8,198.63978156343));
#13343 = DIRECTION('',(-0.678800745533,0.,0.734322509436));
#13344 = DIRECTION('',(-0.734322509436,0.,-0.678800745533));
#13345 = ADVANCED_FACE('',(#13346),#13365,.T.);
#13346 = FACE_BOUND('',#13347,.T.);
#13347 = EDGE_LOOP('',(#13348,#13357,#13363,#13364));
#13348 = ORIENTED_EDGE('',*,*,#13349,.F.);
#13349 = EDGE_CURVE('',#13350,#13326,#13352,.T.);
#13350 = VERTEX_POINT('',#13351);
#13351 = CARTESIAN_POINT('',(-16.62896021242,-50.7,198.62313787584));
#13352 = CIRCLE('',#13353,0.15);
#13353 = AXIS2_PLACEMENT_3D('',#13354,#13355,#13356);
#13354 = CARTESIAN_POINT('',(-16.74302110726,-50.7,198.52572066859));
#13355 = DIRECTION('',(0.,-1.,0.));
#13356 = DIRECTION('',(0.7604059656,0.,0.64944804833));
#13357 = ORIENTED_EDGE('',*,*,#13358,.T.);
#13358 = EDGE_CURVE('',#13350,#3203,#13359,.T.);
#13359 = LINE('',#13360,#13361);
#13360 = CARTESIAN_POINT('',(-16.62896021242,-50.8,198.62313787584));
#13361 = VECTOR('',#13362,1.);
#13362 = DIRECTION('',(0.,1.,0.));
#13363 = ORIENTED_EDGE('',*,*,#3211,.T.);
#13364 = ORIENTED_EDGE('',*,*,#13333,.F.);
#13365 = CYLINDRICAL_SURFACE('',#13366,0.15);
#13366 = AXIS2_PLACEMENT_3D('',#13367,#13368,#13369);
#13367 = CARTESIAN_POINT('',(-16.74302110726,-50.8,198.52572066859));
#13368 = DIRECTION('',(0.,-1.,0.));
#13369 = DIRECTION('',(0.7604059656,0.,0.64944804833));
#13370 = ADVANCED_FACE('',(#13371),#13390,.F.);
#13371 = FACE_BOUND('',#13372,.T.);
#13372 = EDGE_LOOP('',(#13373,#13374,#13383,#13389));
#13373 = ORIENTED_EDGE('',*,*,#13358,.F.);
#13374 = ORIENTED_EDGE('',*,*,#13375,.T.);
#13375 = EDGE_CURVE('',#13350,#13376,#13378,.T.);
#13376 = VERTEX_POINT('',#13377);
#13377 = CARTESIAN_POINT('',(-16.2997783133,-50.7,198.44400532792));
#13378 = CIRCLE('',#13379,1.469292842572);
#13379 = AXIS2_PLACEMENT_3D('',#13380,#13381,#13382);
#13380 = CARTESIAN_POINT('',(-15.76780305804,-50.7,199.81361249241));
#13381 = DIRECTION('',(0.,-1.,-0.));
#13382 = DIRECTION('',(-0.362062102157,0.,-0.932153975576));
#13383 = ORIENTED_EDGE('',*,*,#13384,.T.);
#13384 = EDGE_CURVE('',#13376,#3194,#13385,.T.);
#13385 = LINE('',#13386,#13387);
#13386 = CARTESIAN_POINT('',(-16.2997783133,-50.8,198.44400532792));
#13387 = VECTOR('',#13388,1.);
#13388 = DIRECTION('',(0.,1.,0.));
#13389 = ORIENTED_EDGE('',*,*,#3202,.F.);
#13390 = CYLINDRICAL_SURFACE('',#13391,1.469292842572);
#13391 = AXIS2_PLACEMENT_3D('',#13392,#13393,#13394);
#13392 = CARTESIAN_POINT('',(-15.76780305804,-50.8,199.81361249241));
#13393 = DIRECTION('',(-0.,-1.,-0.));
#13394 = DIRECTION('',(-0.362062102157,0.,-0.932153975576));
#13395 = ADVANCED_FACE('',(#13396),#13415,.F.);
#13396 = FACE_BOUND('',#13397,.T.);
#13397 = EDGE_LOOP('',(#13398,#13399,#13408,#13414));
#13398 = ORIENTED_EDGE('',*,*,#13384,.F.);
#13399 = ORIENTED_EDGE('',*,*,#13400,.T.);
#13400 = EDGE_CURVE('',#13376,#13401,#13403,.T.);
#13401 = VERTEX_POINT('',#13402);
#13402 = CARTESIAN_POINT('',(-15.66708191554,-50.7,198.98437910101));
#13403 = CIRCLE('',#13404,0.471154273188);
#13404 = AXIS2_PLACEMENT_3D('',#13405,#13406,#13407);
#13405 = CARTESIAN_POINT('',(-16.12705832552,-50.7,198.88235924311));
#13406 = DIRECTION('',(-0.,-1.,0.));
#13407 = DIRECTION('',(0.976275577144,-0.,0.216531747029));
#13408 = ORIENTED_EDGE('',*,*,#13409,.T.);
#13409 = EDGE_CURVE('',#13401,#3185,#13410,.T.);
#13410 = LINE('',#13411,#13412);
#13411 = CARTESIAN_POINT('',(-15.66708191554,-50.8,198.98437910101));
#13412 = VECTOR('',#13413,1.);
#13413 = DIRECTION('',(0.,1.,0.));
#13414 = ORIENTED_EDGE('',*,*,#3193,.F.);
#13415 = CYLINDRICAL_SURFACE('',#13416,0.471154273188);
#13416 = AXIS2_PLACEMENT_3D('',#13417,#13418,#13419);
#13417 = CARTESIAN_POINT('',(-16.12705832552,-50.8,198.88235924311));
#13418 = DIRECTION('',(-0.,-1.,-0.));
#13419 = DIRECTION('',(0.976275577144,-0.,0.216531747029));
#13420 = ADVANCED_FACE('',(#13421),#13440,.F.);
#13421 = FACE_BOUND('',#13422,.T.);
#13422 = EDGE_LOOP('',(#13423,#13424,#13433,#13439));
#13423 = ORIENTED_EDGE('',*,*,#13409,.F.);
#13424 = ORIENTED_EDGE('',*,*,#13425,.T.);
#13425 = EDGE_CURVE('',#13401,#13426,#13428,.T.);
#13426 = VERTEX_POINT('',#13427);
#13427 = CARTESIAN_POINT('',(-15.79251365026,-50.7,199.337530729));
#13428 = CIRCLE('',#13429,1.469292842572);
#13429 = AXIS2_PLACEMENT_3D('',#13430,#13431,#13432);
#13430 = CARTESIAN_POINT('',(-17.10304620758,-50.7,198.67320710799));
#13431 = DIRECTION('',(-0.,-1.,0.));
#13432 = DIRECTION('',(0.891947826428,-0.,0.452138336054));
#13433 = ORIENTED_EDGE('',*,*,#13434,.T.);
#13434 = EDGE_CURVE('',#13426,#3176,#13435,.T.);
#13435 = LINE('',#13436,#13437);
#13436 = CARTESIAN_POINT('',(-15.79251365026,-50.8,199.337530729));
#13437 = VECTOR('',#13438,1.);
#13438 = DIRECTION('',(0.,1.,0.));
#13439 = ORIENTED_EDGE('',*,*,#3184,.F.);
#13440 = CYLINDRICAL_SURFACE('',#13441,1.469292842572);
#13441 = AXIS2_PLACEMENT_3D('',#13442,#13443,#13444);
#13442 = CARTESIAN_POINT('',(-17.10304620758,-50.8,198.67320710799));
#13443 = DIRECTION('',(-0.,-1.,-0.));
#13444 = DIRECTION('',(0.891947826428,-0.,0.452138336054));
#13445 = ADVANCED_FACE('',(#13446),#13465,.T.);
#13446 = FACE_BOUND('',#13447,.T.);
#13447 = EDGE_LOOP('',(#13448,#13457,#13463,#13464));
#13448 = ORIENTED_EDGE('',*,*,#13449,.F.);
#13449 = EDGE_CURVE('',#13450,#13426,#13452,.T.);
#13450 = VERTEX_POINT('',#13451);
#13451 = CARTESIAN_POINT('',(-15.77586996267,-50.7,199.54900883109));
#13452 = CIRCLE('',#13453,0.15);
#13453 = AXIS2_PLACEMENT_3D('',#13454,#13455,#13456);
#13454 = CARTESIAN_POINT('',(-15.67845275542,-50.7,199.43494793625));
#13455 = DIRECTION('',(0.,-1.,-0.));
#13456 = DIRECTION('',(-0.64944804833,-0.,0.7604059656));
#13457 = ORIENTED_EDGE('',*,*,#13458,.T.);
#13458 = EDGE_CURVE('',#13450,#3168,#13459,.T.);
#13459 = LINE('',#13460,#13461);
#13460 = CARTESIAN_POINT('',(-15.77586996267,-50.8,199.54900883109));
#13461 = VECTOR('',#13462,1.);
#13462 = DIRECTION('',(0.,1.,0.));
#13463 = ORIENTED_EDGE('',*,*,#3175,.T.);
#13464 = ORIENTED_EDGE('',*,*,#13434,.F.);
#13465 = CYLINDRICAL_SURFACE('',#13466,0.15);
#13466 = AXIS2_PLACEMENT_3D('',#13467,#13468,#13469);
#13467 = CARTESIAN_POINT('',(-15.67845275542,-50.8,199.43494793625));
#13468 = DIRECTION('',(0.,-1.,-0.));
#13469 = DIRECTION('',(-0.64944804833,-0.,0.7604059656));
#13470 = ADVANCED_FACE('',(#13471),#13489,.T.);
#13471 = FACE_BOUND('',#13472,.T.);
#13472 = EDGE_LOOP('',(#13473,#13481,#13487,#13488));
#13473 = ORIENTED_EDGE('',*,*,#13474,.F.);
#13474 = EDGE_CURVE('',#13475,#13450,#13477,.T.);
#13475 = VERTEX_POINT('',#13476);
#13476 = CARTESIAN_POINT('',(-15.32606445736,-50.7,199.9036068994));
#13477 = LINE('',#13478,#13479);
#13478 = CARTESIAN_POINT('',(-15.43851583369,-50.7,199.81495738232));
#13479 = VECTOR('',#13480,1.);
#13480 = DIRECTION('',(-0.785316930881,0.,-0.61909394931));
#13481 = ORIENTED_EDGE('',*,*,#13482,.T.);
#13482 = EDGE_CURVE('',#13475,#3159,#13483,.T.);
#13483 = LINE('',#13484,#13485);
#13484 = CARTESIAN_POINT('',(-15.32606445736,-50.8,199.9036068994));
#13485 = VECTOR('',#13486,1.);
#13486 = DIRECTION('',(0.,1.,0.));
#13487 = ORIENTED_EDGE('',*,*,#3167,.T.);
#13488 = ORIENTED_EDGE('',*,*,#13458,.F.);
#13489 = PLANE('',#13490);
#13490 = AXIS2_PLACEMENT_3D('',#13491,#13492,#13493);
#13491 = CARTESIAN_POINT('',(-15.32606445736,-50.8,199.9036068994));
#13492 = DIRECTION('',(-0.61909394931,0.,0.785316930881));
#13493 = DIRECTION('',(-0.785316930881,0.,-0.61909394931));
#13494 = ADVANCED_FACE('',(#13495),#13514,.T.);
#13495 = FACE_BOUND('',#13496,.T.);
#13496 = EDGE_LOOP('',(#13497,#13506,#13512,#13513));
#13497 = ORIENTED_EDGE('',*,*,#13498,.F.);
#13498 = EDGE_CURVE('',#13499,#13475,#13501,.T.);
#13499 = VERTEX_POINT('',#13500);
#13500 = CARTESIAN_POINT('',(-15.11654412036,-50.7,199.87042213809));
#13501 = CIRCLE('',#13502,0.15);
#13502 = AXIS2_PLACEMENT_3D('',#13503,#13504,#13505);
#13503 = CARTESIAN_POINT('',(-15.23789666952,-50.7,199.78225435025));
#13504 = DIRECTION('',(0.,-1.,0.));
#13505 = DIRECTION('',(0.809016994375,0.,0.587785252293));
#13506 = ORIENTED_EDGE('',*,*,#13507,.T.);
#13507 = EDGE_CURVE('',#13499,#3150,#13508,.T.);
#13508 = LINE('',#13509,#13510);
#13509 = CARTESIAN_POINT('',(-15.11654412036,-50.8,199.87042213809));
#13510 = VECTOR('',#13511,1.);
#13511 = DIRECTION('',(0.,1.,0.));
#13512 = ORIENTED_EDGE('',*,*,#3158,.T.);
#13513 = ORIENTED_EDGE('',*,*,#13482,.F.);
#13514 = CYLINDRICAL_SURFACE('',#13515,0.15);
#13515 = AXIS2_PLACEMENT_3D('',#13516,#13517,#13518);
#13516 = CARTESIAN_POINT('',(-15.23789666952,-50.8,199.78225435025));
#13517 = DIRECTION('',(0.,-1.,0.));
#13518 = DIRECTION('',(0.809016994375,0.,0.587785252293));
#13519 = ADVANCED_FACE('',(#13520),#13539,.F.);
#13520 = FACE_BOUND('',#13521,.T.);
#13521 = EDGE_LOOP('',(#13522,#13523,#13532,#13538));
#13522 = ORIENTED_EDGE('',*,*,#13507,.F.);
#13523 = ORIENTED_EDGE('',*,*,#13524,.T.);
#13524 = EDGE_CURVE('',#13499,#13525,#13527,.T.);
#13525 = VERTEX_POINT('',#13526);
#13526 = CARTESIAN_POINT('',(-14.80243155691,-50.7,199.6660144819));
#13527 = CIRCLE('',#13528,1.469292842572);
#13528 = AXIS2_PLACEMENT_3D('',#13529,#13530,#13531);
#13529 = CARTESIAN_POINT('',(-14.16463806419,-50.7,200.9896613071));
#13530 = DIRECTION('',(0.,-1.,-0.));
#13531 = DIRECTION('',(-0.434081943531,0.,-0.900873390827));
#13532 = ORIENTED_EDGE('',*,*,#13533,.T.);
#13533 = EDGE_CURVE('',#13525,#3141,#13534,.T.);
#13534 = LINE('',#13535,#13536);
#13535 = CARTESIAN_POINT('',(-14.80243155691,-50.8,199.6660144819));
#13536 = VECTOR('',#13537,1.);
#13537 = DIRECTION('',(0.,1.,0.));
#13538 = ORIENTED_EDGE('',*,*,#3149,.F.);
#13539 = CYLINDRICAL_SURFACE('',#13540,1.469292842572);
#13540 = AXIS2_PLACEMENT_3D('',#13541,#13542,#13543);
#13541 = CARTESIAN_POINT('',(-14.16463806419,-50.8,200.9896613071));
#13542 = DIRECTION('',(-0.,-1.,-0.));
#13543 = DIRECTION('',(-0.434081943531,0.,-0.900873390827));
#13544 = ADVANCED_FACE('',(#13545),#13564,.F.);
#13545 = FACE_BOUND('',#13546,.T.);
#13546 = EDGE_LOOP('',(#13547,#13548,#13557,#13563));
#13547 = ORIENTED_EDGE('',*,*,#13533,.F.);
#13548 = ORIENTED_EDGE('',*,*,#13549,.T.);
#13549 = EDGE_CURVE('',#13525,#13550,#13552,.T.);
#13550 = VERTEX_POINT('',#13551);
#13551 = CARTESIAN_POINT('',(-14.1292883134,-50.7,200.15508167574));
#13552 = CIRCLE('',#13553,0.471154273188);
#13553 = AXIS2_PLACEMENT_3D('',#13554,#13555,#13556);
#13554 = CARTESIAN_POINT('',(-14.59585115542,-50.7,200.08946564421));
#13555 = DIRECTION('',(-0.,-1.,0.));
#13556 = DIRECTION('',(0.990254930424,-0.,0.139266552953));
#13557 = ORIENTED_EDGE('',*,*,#13558,.T.);
#13558 = EDGE_CURVE('',#13550,#3132,#13559,.T.);
#13559 = LINE('',#13560,#13561);
#13560 = CARTESIAN_POINT('',(-14.1292883134,-50.8,200.15508167574));
#13561 = VECTOR('',#13562,1.);
#13562 = DIRECTION('',(0.,1.,0.));
#13563 = ORIENTED_EDGE('',*,*,#3140,.F.);
#13564 = CYLINDRICAL_SURFACE('',#13565,0.471154273188);
#13565 = AXIS2_PLACEMENT_3D('',#13566,#13567,#13568);
#13566 = CARTESIAN_POINT('',(-14.59585115542,-50.8,200.08946564421));
#13567 = DIRECTION('',(-0.,-1.,-0.));
#13568 = DIRECTION('',(0.990254930424,-0.,0.139266552953));
#13569 = ADVANCED_FACE('',(#13570),#13589,.F.);
#13570 = FACE_BOUND('',#13571,.T.);
#13571 = EDGE_LOOP('',(#13572,#13573,#13582,#13588));
#13572 = ORIENTED_EDGE('',*,*,#13558,.F.);
#13573 = ORIENTED_EDGE('',*,*,#13574,.T.);
#13574 = EDGE_CURVE('',#13550,#13575,#13577,.T.);
#13575 = VERTEX_POINT('',#13576);
#13576 = CARTESIAN_POINT('',(-14.22662542655,-50.7,200.51698591561));
#13577 = CIRCLE('',#13578,1.469292842572);
#13578 = AXIS2_PLACEMENT_3D('',#13579,#13580,#13581);
#13579 = CARTESIAN_POINT('',(-15.58524027994,-50.7,199.95753338198));
#13580 = DIRECTION('',(-0.,-1.,0.));
#13581 = DIRECTION('',(0.924672613943,-0.,0.38076312456));
#13582 = ORIENTED_EDGE('',*,*,#13583,.T.);
#13583 = EDGE_CURVE('',#13575,#3123,#13584,.T.);
#13584 = LINE('',#13585,#13586);
#13585 = CARTESIAN_POINT('',(-14.22662542655,-50.8,200.51698591561));
#13586 = VECTOR('',#13587,1.);
#13587 = DIRECTION('',(0.,1.,0.));
#13588 = ORIENTED_EDGE('',*,*,#3131,.F.);
#13589 = CYLINDRICAL_SURFACE('',#13590,1.469292842572);
#13590 = AXIS2_PLACEMENT_3D('',#13591,#13592,#13593);
#13591 = CARTESIAN_POINT('',(-15.58524027994,-50.8,199.95753338198));
#13592 = DIRECTION('',(-0.,-1.,-0.));
#13593 = DIRECTION('',(0.924672613943,-0.,0.38076312456));
#13594 = ADVANCED_FACE('',(#13595),#13614,.T.);
#13595 = FACE_BOUND('',#13596,.T.);
#13596 = EDGE_LOOP('',(#13597,#13606,#13612,#13613));
#13597 = ORIENTED_EDGE('',*,*,#13598,.F.);
#13598 = EDGE_CURVE('',#13599,#13575,#13601,.T.);
#13599 = VERTEX_POINT('',#13600);
#13600 = CARTESIAN_POINT('',(-14.19344066524,-50.7,200.72650625261));
#13601 = CIRCLE('',#13602,0.15);
#13602 = AXIS2_PLACEMENT_3D('',#13603,#13604,#13605);
#13603 = CARTESIAN_POINT('',(-14.1052728774,-50.7,200.60515370345));
#13604 = DIRECTION('',(0.,-1.,-0.));
#13605 = DIRECTION('',(-0.587785252293,-0.,0.809016994375));
#13606 = ORIENTED_EDGE('',*,*,#13607,.T.);
#13607 = EDGE_CURVE('',#13599,#3115,#13608,.T.);
#13608 = LINE('',#13609,#13610);
#13609 = CARTESIAN_POINT('',(-14.19344066524,-50.8,200.72650625261));
#13610 = VECTOR('',#13611,1.);
#13611 = DIRECTION('',(0.,1.,0.));
#13612 = ORIENTED_EDGE('',*,*,#3122,.T.);
#13613 = ORIENTED_EDGE('',*,*,#13583,.F.);
#13614 = CYLINDRICAL_SURFACE('',#13615,0.15);
#13615 = AXIS2_PLACEMENT_3D('',#13616,#13617,#13618);
#13616 = CARTESIAN_POINT('',(-14.1052728774,-50.8,200.60515370345));
#13617 = DIRECTION('',(0.,-1.,-0.));
#13618 = DIRECTION('',(-0.587785252293,-0.,0.809016994375));
#13619 = ADVANCED_FACE('',(#13620),#13638,.T.);
#13620 = FACE_BOUND('',#13621,.T.);
#13621 = EDGE_LOOP('',(#13622,#13630,#13636,#13637));
#13622 = ORIENTED_EDGE('',*,*,#13623,.F.);
#13623 = EDGE_CURVE('',#13624,#13599,#13626,.T.);
#13624 = VERTEX_POINT('',#13625);
#13625 = CARTESIAN_POINT('',(-13.71720031641,-50.7,201.04471988022));
#13626 = LINE('',#13627,#13628);
#13627 = CARTESIAN_POINT('',(-13.83626040362,-50.7,200.96516647331));
#13628 = VECTOR('',#13629,1.);
#13629 = DIRECTION('',(-0.831469612303,0.,-0.55557023302));
#13630 = ORIENTED_EDGE('',*,*,#13631,.T.);
#13631 = EDGE_CURVE('',#13624,#3106,#13632,.T.);
#13632 = LINE('',#13633,#13634);
#13633 = CARTESIAN_POINT('',(-13.71720031641,-50.8,201.04471988022));
#13634 = VECTOR('',#13635,1.);
#13635 = DIRECTION('',(0.,1.,0.));
#13636 = ORIENTED_EDGE('',*,*,#3114,.T.);
#13637 = ORIENTED_EDGE('',*,*,#13607,.F.);
#13638 = PLANE('',#13639);
#13639 = AXIS2_PLACEMENT_3D('',#13640,#13641,#13642);
#13640 = CARTESIAN_POINT('',(-13.71720031641,-50.8,201.04471988022));
#13641 = DIRECTION('',(-0.55557023302,0.,0.831469612303));
#13642 = DIRECTION('',(-0.831469612303,0.,-0.55557023302));
#13643 = ADVANCED_FACE('',(#13644),#13663,.T.);
#13644 = FACE_BOUND('',#13645,.T.);
#13645 = EDGE_LOOP('',(#13646,#13655,#13661,#13662));
#13646 = ORIENTED_EDGE('',*,*,#13647,.F.);
#13647 = EDGE_CURVE('',#13648,#13624,#13650,.T.);
#13648 = VERTEX_POINT('',#13649);
#13649 = CARTESIAN_POINT('',(-13.51092950705,-50.7,200.99519864027));
#13650 = CIRCLE('',#13651,0.15);
#13651 = AXIS2_PLACEMENT_3D('',#13652,#13653,#13654);
#13652 = CARTESIAN_POINT('',(-13.6388255317,-50.7,200.91682385556));
#13653 = DIRECTION('',(0.,-1.,0.));
#13654 = DIRECTION('',(0.852640164354,0.,0.522498564716));
#13655 = ORIENTED_EDGE('',*,*,#13656,.T.);
#13656 = EDGE_CURVE('',#13648,#3097,#13657,.T.);
#13657 = LINE('',#13658,#13659);
#13658 = CARTESIAN_POINT('',(-13.51092950705,-50.8,200.99519864027));
#13659 = VECTOR('',#13660,1.);
#13660 = DIRECTION('',(0.,1.,0.));
#13661 = ORIENTED_EDGE('',*,*,#3105,.T.);
#13662 = ORIENTED_EDGE('',*,*,#13631,.F.);
#13663 = CYLINDRICAL_SURFACE('',#13664,0.15);
#13664 = AXIS2_PLACEMENT_3D('',#13665,#13666,#13667);
#13665 = CARTESIAN_POINT('',(-13.6388255317,-50.8,200.91682385556));
#13666 = DIRECTION('',(0.,-1.,0.));
#13667 = DIRECTION('',(0.852640164354,0.,0.522498564716));
#13668 = ADVANCED_FACE('',(#13669),#13688,.F.);
#13669 = FACE_BOUND('',#13670,.T.);
#13670 = EDGE_LOOP('',(#13671,#13672,#13681,#13687));
#13671 = ORIENTED_EDGE('',*,*,#13656,.F.);
#13672 = ORIENTED_EDGE('',*,*,#13673,.T.);
#13673 = EDGE_CURVE('',#13648,#13674,#13676,.T.);
#13674 = VERTEX_POINT('',#13675);
#13675 = CARTESIAN_POINT('',(-13.21382288766,-50.7,200.76677611698));
#13676 = CIRCLE('',#13677,1.469292842571);
#13677 = AXIS2_PLACEMENT_3D('',#13678,#13679,#13680);
#13678 = CARTESIAN_POINT('',(-12.47414336646,-50.7,202.03630188007));
#13679 = DIRECTION('',(0.,-1.,-0.));
#13680 = DIRECTION('',(-0.503425525376,0.,-0.864038622053));
#13681 = ORIENTED_EDGE('',*,*,#13682,.T.);
#13682 = EDGE_CURVE('',#13674,#3088,#13683,.T.);
#13683 = LINE('',#13684,#13685);
#13684 = CARTESIAN_POINT('',(-13.21382288766,-50.8,200.76677611698));
#13685 = VECTOR('',#13686,1.);
#13686 = DIRECTION('',(0.,1.,0.));
#13687 = ORIENTED_EDGE('',*,*,#3096,.F.);
#13688 = CYLINDRICAL_SURFACE('',#13689,1.469292842571);
#13689 = AXIS2_PLACEMENT_3D('',#13690,#13691,#13692);
#13690 = CARTESIAN_POINT('',(-12.47414336646,-50.8,202.03630188007));
#13691 = DIRECTION('',(-0.,-1.,-0.));
#13692 = DIRECTION('',(-0.503425525376,0.,-0.864038622053));
#13693 = ADVANCED_FACE('',(#13694),#13713,.F.);
#13694 = FACE_BOUND('',#13695,.T.);
#13695 = EDGE_LOOP('',(#13696,#13697,#13706,#13712));
#13696 = ORIENTED_EDGE('',*,*,#13682,.F.);
#13697 = ORIENTED_EDGE('',*,*,#13698,.T.);
#13698 = EDGE_CURVE('',#13674,#13699,#13701,.T.);
#13699 = VERTEX_POINT('',#13700);
#13700 = CARTESIAN_POINT('',(-12.50438295034,-50.7,201.2015214697));
#13701 = CIRCLE('',#13702,0.471154273188);
#13702 = AXIS2_PLACEMENT_3D('',#13703,#13704,#13705);
#13703 = CARTESIAN_POINT('',(-12.97465570932,-50.7,201.17271380918));
#13704 = DIRECTION('',(-0.,-1.,0.));
#13705 = DIRECTION('',(0.998129032764,-0.,6.114273426666E-02));
#13706 = ORIENTED_EDGE('',*,*,#13707,.T.);
#13707 = EDGE_CURVE('',#13699,#3079,#13708,.T.);
#13708 = LINE('',#13709,#13710);
#13709 = CARTESIAN_POINT('',(-12.50438295034,-50.8,201.2015214697));
#13710 = VECTOR('',#13711,1.);
#13711 = DIRECTION('',(0.,1.,0.));
#13712 = ORIENTED_EDGE('',*,*,#3087,.F.);
#13713 = CYLINDRICAL_SURFACE('',#13714,0.471154273188);
#13714 = AXIS2_PLACEMENT_3D('',#13715,#13716,#13717);
#13715 = CARTESIAN_POINT('',(-12.97465570932,-50.8,201.17271380918));
#13716 = DIRECTION('',(-0.,-1.,-0.));
#13717 = DIRECTION('',(0.998129032764,-0.,6.114273426666E-02));
#13718 = ADVANCED_FACE('',(#13719),#13738,.F.);
#13719 = FACE_BOUND('',#13720,.T.);
#13720 = EDGE_LOOP('',(#13721,#13722,#13731,#13737));
#13721 = ORIENTED_EDGE('',*,*,#13707,.F.);
#13722 = ORIENTED_EDGE('',*,*,#13723,.T.);
#13723 = EDGE_CURVE('',#13699,#13724,#13726,.T.);
#13724 = VERTEX_POINT('',#13725);
#13725 = CARTESIAN_POINT('',(-12.57302532626,-50.7,201.56994706146));
#13726 = CIRCLE('',#13727,1.469292842572);
#13727 = AXIS2_PLACEMENT_3D('',#13728,#13729,#13730);
#13728 = CARTESIAN_POINT('',(-13.97134616336,-50.7,201.11881482612));
#13729 = DIRECTION('',(-0.,-1.,0.));
#13730 = DIRECTION('',(0.951696487307,-0.,0.307040381786));
#13731 = ORIENTED_EDGE('',*,*,#13732,.T.);
#13732 = EDGE_CURVE('',#13724,#3070,#13733,.T.);
#13733 = LINE('',#13734,#13735);
#13734 = CARTESIAN_POINT('',(-12.57302532626,-50.8,201.56994706146));
#13735 = VECTOR('',#13736,1.);
#13736 = DIRECTION('',(0.,1.,0.));
#13737 = ORIENTED_EDGE('',*,*,#3078,.F.);
#13738 = CYLINDRICAL_SURFACE('',#13739,1.469292842572);
#13739 = AXIS2_PLACEMENT_3D('',#13740,#13741,#13742);
#13740 = CARTESIAN_POINT('',(-13.97134616336,-50.8,201.11881482612));
#13741 = DIRECTION('',(-0.,-1.,-0.));
#13742 = DIRECTION('',(0.951696487307,-0.,0.307040381786));
#13743 = ADVANCED_FACE('',(#13744),#13763,.T.);
#13744 = FACE_BOUND('',#13745,.T.);
#13745 = EDGE_LOOP('',(#13746,#13755,#13761,#13762));
#13746 = ORIENTED_EDGE('',*,*,#13747,.F.);
#13747 = EDGE_CURVE('',#13748,#13724,#13750,.T.);
#13748 = VERTEX_POINT('',#13749);
#13749 = CARTESIAN_POINT('',(-12.52350408631,-50.7,201.77621787082));
#13750 = CIRCLE('',#13751,0.15);
#13751 = AXIS2_PLACEMENT_3D('',#13752,#13753,#13754);
#13752 = CARTESIAN_POINT('',(-12.44512930161,-50.7,201.64832184616));
#13753 = DIRECTION('',(0.,-1.,-0.));
#13754 = DIRECTION('',(-0.522498564716,-0.,0.852640164354));
#13755 = ORIENTED_EDGE('',*,*,#13756,.T.);
#13756 = EDGE_CURVE('',#13748,#3062,#13757,.T.);
#13757 = LINE('',#13758,#13759);
#13758 = CARTESIAN_POINT('',(-12.52350408631,-50.8,201.77621787082));
#13759 = VECTOR('',#13760,1.);
#13760 = DIRECTION('',(0.,1.,0.));
#13761 = ORIENTED_EDGE('',*,*,#3069,.T.);
#13762 = ORIENTED_EDGE('',*,*,#13732,.F.);
#13763 = CYLINDRICAL_SURFACE('',#13764,0.15);
#13764 = AXIS2_PLACEMENT_3D('',#13765,#13766,#13767);
#13765 = CARTESIAN_POINT('',(-12.44512930161,-50.8,201.64832184616));
#13766 = DIRECTION('',(0.,-1.,-0.));
#13767 = DIRECTION('',(-0.522498564716,-0.,0.852640164354));
#13768 = ADVANCED_FACE('',(#13769),#13787,.T.);
#13769 = FACE_BOUND('',#13770,.T.);
#13770 = EDGE_LOOP('',(#13771,#13779,#13785,#13786));
#13771 = ORIENTED_EDGE('',*,*,#13772,.F.);
#13772 = EDGE_CURVE('',#13773,#13748,#13775,.T.);
#13773 = VERTEX_POINT('',#13774);
#13774 = CARTESIAN_POINT('',(-12.02376507407,-50.7,202.05608516489));
#13775 = LINE('',#13776,#13777);
#13776 = CARTESIAN_POINT('',(-12.14869982713,-50.7,201.98611834137));
#13777 = VECTOR('',#13778,1.);
#13778 = DIRECTION('',(-0.872496007073,0.,-0.488621241497));
#13779 = ORIENTED_EDGE('',*,*,#13780,.T.);
#13780 = EDGE_CURVE('',#13773,#3053,#13781,.T.);
#13781 = LINE('',#13782,#13783);
#13782 = CARTESIAN_POINT('',(-12.02376507407,-50.8,202.05608516489));
#13783 = VECTOR('',#13784,1.);
#13784 = DIRECTION('',(0.,1.,0.));
#13785 = ORIENTED_EDGE('',*,*,#3061,.T.);
#13786 = ORIENTED_EDGE('',*,*,#13756,.F.);
#13787 = PLANE('',#13788);
#13788 = AXIS2_PLACEMENT_3D('',#13789,#13790,#13791);
#13789 = CARTESIAN_POINT('',(-12.02376507407,-50.8,202.05608516489));
#13790 = DIRECTION('',(-0.488621241497,0.,0.872496007073));
#13791 = DIRECTION('',(-0.872496007073,0.,-0.488621241497));
#13792 = ADVANCED_FACE('',(#13793),#13812,.T.);
#13793 = FACE_BOUND('',#13794,.T.);
#13794 = EDGE_LOOP('',(#13795,#13804,#13810,#13811));
#13795 = ORIENTED_EDGE('',*,*,#13796,.F.);
#13796 = EDGE_CURVE('',#13797,#13773,#13799,.T.);
#13797 = VERTEX_POINT('',#13798);
#13798 = CARTESIAN_POINT('',(-11.82201552048,-50.7,201.99053276122));
#13799 = CIRCLE('',#13800,0.15);
#13800 = AXIS2_PLACEMENT_3D('',#13801,#13802,#13803);
#13801 = CARTESIAN_POINT('',(-11.95566649911,-50.7,201.92243418626));
#13802 = DIRECTION('',(0.,-1.,0.));
#13803 = DIRECTION('',(0.891006524188,0.,0.453990499739));
#13804 = ORIENTED_EDGE('',*,*,#13805,.T.);
#13805 = EDGE_CURVE('',#13797,#3044,#13806,.T.);
#13806 = LINE('',#13807,#13808);
#13807 = CARTESIAN_POINT('',(-11.82201552048,-50.8,201.99053276122));
#13808 = VECTOR('',#13809,1.);
#13809 = DIRECTION('',(0.,1.,0.));
#13810 = ORIENTED_EDGE('',*,*,#3052,.T.);
#13811 = ORIENTED_EDGE('',*,*,#13780,.F.);
#13812 = CYLINDRICAL_SURFACE('',#13813,0.15);
#13813 = AXIS2_PLACEMENT_3D('',#13814,#13815,#13816);
#13814 = CARTESIAN_POINT('',(-11.95566649911,-50.8,201.92243418626));
#13815 = DIRECTION('',(0.,-1.,0.));
#13816 = DIRECTION('',(0.891006524188,0.,0.453990499739));
#13817 = ADVANCED_FACE('',(#13818),#13837,.F.);
#13818 = FACE_BOUND('',#13819,.T.);
#13819 = EDGE_LOOP('',(#13820,#13821,#13830,#13836));
#13820 = ORIENTED_EDGE('',*,*,#13805,.F.);
#13821 = ORIENTED_EDGE('',*,*,#13822,.T.);
#13822 = EDGE_CURVE('',#13797,#13823,#13825,.T.);
#13823 = VERTEX_POINT('',#13824);
#13824 = CARTESIAN_POINT('',(-11.54374660627,-50.7,201.73950367164));
#13825 = CIRCLE('',#13826,1.469292842572);
#13826 = AXIS2_PLACEMENT_3D('',#13827,#13828,#13829);
#13827 = CARTESIAN_POINT('',(-10.7067414268,-50.7,202.94708132413));
#13828 = DIRECTION('',(0.,-1.,-0.));
#13829 = DIRECTION('',(-0.569665321451,0.,-0.821876767853));
#13830 = ORIENTED_EDGE('',*,*,#13831,.T.);
#13831 = EDGE_CURVE('',#13823,#3035,#13832,.T.);
#13832 = LINE('',#13833,#13834);
#13833 = CARTESIAN_POINT('',(-11.54374660627,-50.8,201.73950367164));
#13834 = VECTOR('',#13835,1.);
#13835 = DIRECTION('',(0.,1.,0.));
#13836 = ORIENTED_EDGE('',*,*,#3043,.F.);
#13837 = CYLINDRICAL_SURFACE('',#13838,1.469292842572);
#13838 = AXIS2_PLACEMENT_3D('',#13839,#13840,#13841);
#13839 = CARTESIAN_POINT('',(-10.7067414268,-50.8,202.94708132413));
#13840 = DIRECTION('',(-0.,-1.,-0.));
#13841 = DIRECTION('',(-0.569665321451,0.,-0.821876767853));
#13842 = ADVANCED_FACE('',(#13843),#13862,.F.);
#13843 = FACE_BOUND('',#13844,.T.);
#13844 = EDGE_LOOP('',(#13845,#13846,#13855,#13861));
#13845 = ORIENTED_EDGE('',*,*,#13831,.F.);
#13846 = ORIENTED_EDGE('',*,*,#13847,.T.);
#13847 = EDGE_CURVE('',#13823,#13848,#13850,.T.);
#13848 = VERTEX_POINT('',#13849);
#13849 = CARTESIAN_POINT('',(-10.80238390827,-50.7,202.11724683358));
#13850 = CIRCLE('',#13851,0.471154273188);
#13851 = AXIS2_PLACEMENT_3D('',#13852,#13853,#13854);
#13852 = CARTESIAN_POINT('',(-11.27346719627,-50.7,202.12542515287));
#13853 = DIRECTION('',(0.,-1.,-0.));
#13854 = DIRECTION('',(0.999849337706,0.,-1.735804970824E-02));
#13855 = ORIENTED_EDGE('',*,*,#13856,.T.);
#13856 = EDGE_CURVE('',#13848,#3026,#13857,.T.);
#13857 = LINE('',#13858,#13859);
#13858 = CARTESIAN_POINT('',(-10.80238390827,-50.8,202.11724683358));
#13859 = VECTOR('',#13860,1.);
#13860 = DIRECTION('',(0.,1.,0.));
#13861 = ORIENTED_EDGE('',*,*,#3034,.F.);
#13862 = CYLINDRICAL_SURFACE('',#13863,0.471154273188);
#13863 = AXIS2_PLACEMENT_3D('',#13864,#13865,#13866);
#13864 = CARTESIAN_POINT('',(-11.27346719627,-50.8,202.12542515287));
#13865 = DIRECTION('',(-0.,-1.,-0.));
#13866 = DIRECTION('',(0.999849337706,0.,-1.735804970824E-02));
#13867 = ADVANCED_FACE('',(#13868),#13887,.F.);
#13868 = FACE_BOUND('',#13869,.T.);
#13869 = EDGE_LOOP('',(#13870,#13871,#13880,#13886));
#13870 = ORIENTED_EDGE('',*,*,#13856,.F.);
#13871 = ORIENTED_EDGE('',*,*,#13872,.T.);
#13872 = EDGE_CURVE('',#13848,#13873,#13875,.T.);
#13873 = VERTEX_POINT('',#13874);
#13874 = CARTESIAN_POINT('',(-10.84190834387,-50.7,202.48992231093));
#13875 = CIRCLE('',#13876,1.469292842572);
#13876 = AXIS2_PLACEMENT_3D('',#13877,#13878,#13879);
#13877 = CARTESIAN_POINT('',(-12.27131405174,-50.7,202.14989175414));
#13878 = DIRECTION('',(-0.,-1.,0.));
#13879 = DIRECTION('',(0.972852835356,-0.,0.231424632957));
#13880 = ORIENTED_EDGE('',*,*,#13881,.T.);
#13881 = EDGE_CURVE('',#13873,#3017,#13882,.T.);
#13882 = LINE('',#13883,#13884);
#13883 = CARTESIAN_POINT('',(-10.84190834387,-50.8,202.48992231093));
#13884 = VECTOR('',#13885,1.);
#13885 = DIRECTION('',(0.,1.,0.));
#13886 = ORIENTED_EDGE('',*,*,#3025,.F.);
#13887 = CYLINDRICAL_SURFACE('',#13888,1.469292842572);
#13888 = AXIS2_PLACEMENT_3D('',#13889,#13890,#13891);
#13889 = CARTESIAN_POINT('',(-12.27131405174,-50.8,202.14989175414));
#13890 = DIRECTION('',(-0.,-1.,-0.));
#13891 = DIRECTION('',(0.972852835356,-0.,0.231424632957));
#13892 = ADVANCED_FACE('',(#13893),#13912,.T.);
#13893 = FACE_BOUND('',#13894,.T.);
#13894 = EDGE_LOOP('',(#13895,#13904,#13910,#13911));
#13895 = ORIENTED_EDGE('',*,*,#13896,.F.);
#13896 = EDGE_CURVE('',#13897,#13873,#13899,.T.);
#13897 = VERTEX_POINT('',#13898);
#13898 = CARTESIAN_POINT('',(-10.77635594021,-50.7,202.69167186452));
#13899 = CIRCLE('',#13900,0.15);
#13900 = AXIS2_PLACEMENT_3D('',#13901,#13902,#13903);
#13901 = CARTESIAN_POINT('',(-10.70825736524,-50.7,202.5580208859));
#13902 = DIRECTION('',(0.,-1.,-0.));
#13903 = DIRECTION('',(-0.45399049974,-0.,0.891006524188));
#13904 = ORIENTED_EDGE('',*,*,#13905,.T.);
#13905 = EDGE_CURVE('',#13897,#3009,#13906,.T.);
#13906 = LINE('',#13907,#13908);
#13907 = CARTESIAN_POINT('',(-10.77635594021,-50.8,202.69167186452));
#13908 = VECTOR('',#13909,1.);
#13909 = DIRECTION('',(0.,1.,0.));
#13910 = ORIENTED_EDGE('',*,*,#3016,.T.);
#13911 = ORIENTED_EDGE('',*,*,#13881,.F.);
#13912 = CYLINDRICAL_SURFACE('',#13913,0.15);
#13913 = AXIS2_PLACEMENT_3D('',#13914,#13915,#13916);
#13914 = CARTESIAN_POINT('',(-10.70825736524,-50.8,202.5580208859));
#13915 = DIRECTION('',(0.,-1.,-0.));
#13916 = DIRECTION('',(-0.45399049974,-0.,0.891006524188));
#13917 = ADVANCED_FACE('',(#13918),#13936,.T.);
#13918 = FACE_BOUND('',#13919,.T.);
#13919 = EDGE_LOOP('',(#13920,#13928,#13934,#13935));
#13920 = ORIENTED_EDGE('',*,*,#13921,.F.);
#13921 = EDGE_CURVE('',#13922,#13897,#13924,.T.);
#13922 = VERTEX_POINT('',#13923);
#13923 = CARTESIAN_POINT('',(-10.25619932174,-50.7,202.93146735013));
#13924 = LINE('',#13925,#13926);
#13925 = CARTESIAN_POINT('',(-10.38623847636,-50.7,202.87151847873));
#13926 = VECTOR('',#13927,1.);
#13927 = DIRECTION('',(-0.908143173825,0.,-0.418659737537));
#13928 = ORIENTED_EDGE('',*,*,#13929,.T.);
#13929 = EDGE_CURVE('',#13922,#3000,#13930,.T.);
#13930 = LINE('',#13931,#13932);
#13931 = CARTESIAN_POINT('',(-10.25619932174,-50.8,202.93146735013));
#13932 = VECTOR('',#13933,1.);
#13933 = DIRECTION('',(0.,1.,0.));
#13934 = ORIENTED_EDGE('',*,*,#3008,.T.);
#13935 = ORIENTED_EDGE('',*,*,#13905,.F.);
#13936 = PLANE('',#13937);
#13937 = AXIS2_PLACEMENT_3D('',#13938,#13939,#13940);
#13938 = CARTESIAN_POINT('',(-10.25619932174,-50.8,202.93146735013));
#13939 = DIRECTION('',(-0.418659737537,0.,0.908143173825));
#13940 = DIRECTION('',(-0.908143173825,0.,-0.418659737537));
#13941 = ADVANCED_FACE('',(#13942),#13961,.T.);
#13942 = FACE_BOUND('',#13943,.T.);
#13943 = EDGE_LOOP('',(#13944,#13953,#13959,#13960));
#13944 = ORIENTED_EDGE('',*,*,#13945,.F.);
#13945 = EDGE_CURVE('',#13946,#13922,#13948,.T.);
#13946 = VERTEX_POINT('',#13947);
#13947 = CARTESIAN_POINT('',(-10.06021487701,-50.7,202.85028793511));
#13948 = CIRCLE('',#13949,0.15);
#13949 = AXIS2_PLACEMENT_3D('',#13950,#13951,#13952);
#13950 = CARTESIAN_POINT('',(-10.19879680689,-50.7,202.79288542025));
#13951 = DIRECTION('',(0.,-1.,0.));
#13952 = DIRECTION('',(0.923879532511,0.,0.382683432365));
#13953 = ORIENTED_EDGE('',*,*,#13954,.T.);
#13954 = EDGE_CURVE('',#13946,#2991,#13955,.T.);
#13955 = LINE('',#13956,#13957);
#13956 = CARTESIAN_POINT('',(-10.06021487701,-50.8,202.85028793511));
#13957 = VECTOR('',#13958,1.);
#13958 = DIRECTION('',(0.,1.,0.));
#13959 = ORIENTED_EDGE('',*,*,#2999,.T.);
#13960 = ORIENTED_EDGE('',*,*,#13929,.F.);
#13961 = CYLINDRICAL_SURFACE('',#13962,0.15);
#13962 = AXIS2_PLACEMENT_3D('',#13963,#13964,#13965);
#13963 = CARTESIAN_POINT('',(-10.19879680689,-50.8,202.79288542025));
#13964 = DIRECTION('',(0.,-1.,0.));
#13965 = DIRECTION('',(0.923879532511,0.,0.382683432365));
#13966 = ADVANCED_FACE('',(#13967),#13986,.F.);
#13967 = FACE_BOUND('',#13968,.T.);
#13968 = EDGE_LOOP('',(#13969,#13970,#13979,#13985));
#13969 = ORIENTED_EDGE('',*,*,#13954,.F.);
#13970 = ORIENTED_EDGE('',*,*,#13971,.T.);
#13971 = EDGE_CURVE('',#13946,#13972,#13974,.T.);
#13972 = VERTEX_POINT('',#13973);
#13973 = CARTESIAN_POINT('',(-9.802499288366,-50.7,202.57819995706));
#13974 = CIRCLE('',#13975,1.469292842571);
#13975 = AXIS2_PLACEMENT_3D('',#13976,#13977,#13978);
#13976 = CARTESIAN_POINT('',(-8.873328865894,-50.7,203.71638438114));
#13977 = DIRECTION('',(0.,-1.,-0.));
#13978 = DIRECTION('',(-0.632392941387,0.,-0.774647770076));
#13979 = ORIENTED_EDGE('',*,*,#13980,.T.);
#13980 = EDGE_CURVE('',#13972,#2982,#13981,.T.);
#13981 = LINE('',#13982,#13983);
#13982 = CARTESIAN_POINT('',(-9.802499288366,-50.8,202.57819995706));
#13983 = VECTOR('',#13984,1.);
#13984 = DIRECTION('',(0.,1.,0.));
#13985 = ORIENTED_EDGE('',*,*,#2990,.F.);
#13986 = CYLINDRICAL_SURFACE('',#13987,1.469292842571);
#13987 = AXIS2_PLACEMENT_3D('',#13988,#13989,#13990);
#13988 = CARTESIAN_POINT('',(-8.873328865894,-50.8,203.71638438114));
#13989 = DIRECTION('',(-0.,-1.,-0.));
#13990 = DIRECTION('',(-0.632392941387,0.,-0.774647770076));
#13991 = ADVANCED_FACE('',(#13992),#14011,.F.);
#13992 = FACE_BOUND('',#13993,.T.);
#13993 = EDGE_LOOP('',(#13994,#13995,#14004,#14010));
#13994 = ORIENTED_EDGE('',*,*,#13980,.F.);
#13995 = ORIENTED_EDGE('',*,*,#13996,.T.);
#13996 = EDGE_CURVE('',#13972,#13997,#13999,.T.);
#13997 = VERTEX_POINT('',#13998);
#13998 = CARTESIAN_POINT('',(-9.033784577243,-50.7,202.896612016));
#13999 = CIRCLE('',#14000,0.471154273188);
#14000 = AXIS2_PLACEMENT_3D('',#14001,#14002,#14003);
#14001 = CARTESIAN_POINT('',(-9.50277400915,-50.7,202.94172589305));
#14002 = DIRECTION('',(0.,-1.,-0.));
#14003 = DIRECTION('',(0.995405238997,0.,-9.575181553435E-02));
#14004 = ORIENTED_EDGE('',*,*,#14005,.T.);
#14005 = EDGE_CURVE('',#13997,#2973,#14006,.T.);
#14006 = LINE('',#14007,#14008);
#14007 = CARTESIAN_POINT('',(-9.033784577243,-50.8,202.896612016));
#14008 = VECTOR('',#14009,1.);
#14009 = DIRECTION('',(0.,1.,0.));
#14010 = ORIENTED_EDGE('',*,*,#2981,.F.);
#14011 = CYLINDRICAL_SURFACE('',#14012,0.471154273188);
#14012 = AXIS2_PLACEMENT_3D('',#14013,#14014,#14015);
#14013 = CARTESIAN_POINT('',(-9.50277400915,-50.8,202.94172589305));
#14014 = DIRECTION('',(-0.,-1.,-0.));
#14015 = DIRECTION('',(0.995405238997,0.,-9.575181553435E-02));
#14016 = ADVANCED_FACE('',(#14017),#14036,.F.);
#14017 = FACE_BOUND('',#14018,.T.);
#14018 = EDGE_LOOP('',(#14019,#14020,#14029,#14035));
#14019 = ORIENTED_EDGE('',*,*,#14005,.F.);
#14020 = ORIENTED_EDGE('',*,*,#14021,.T.);
#14021 = EDGE_CURVE('',#13997,#14022,#14024,.T.);
#14022 = VERTEX_POINT('',#14023);
#14023 = CARTESIAN_POINT('',(-9.043947391251,-50.7,203.27123971071));
#14024 = CIRCLE('',#14025,1.469292842572);
#14025 = AXIS2_PLACEMENT_3D('',#14026,#14027,#14028);
#14026 = CARTESIAN_POINT('',(-10.49562520836,-50.7,203.0444072339));
#14027 = DIRECTION('',(-0.,-1.,0.));
#14028 = DIRECTION('',(0.988011222169,-0.,0.154382074309));
#14029 = ORIENTED_EDGE('',*,*,#14030,.T.);
#14030 = EDGE_CURVE('',#14022,#2964,#14031,.T.);
#14031 = LINE('',#14032,#14033);
#14032 = CARTESIAN_POINT('',(-9.043947391251,-50.8,203.27123971071));
#14033 = VECTOR('',#14034,1.);
#14034 = DIRECTION('',(0.,1.,0.));
#14035 = ORIENTED_EDGE('',*,*,#2972,.F.);
#14036 = CYLINDRICAL_SURFACE('',#14037,1.469292842572);
#14037 = AXIS2_PLACEMENT_3D('',#14038,#14039,#14040);
#14038 = CARTESIAN_POINT('',(-10.49562520836,-50.8,203.0444072339));
#14039 = DIRECTION('',(-0.,-1.,-0.));
#14040 = DIRECTION('',(0.988011222169,-0.,0.154382074309));
#14041 = ADVANCED_FACE('',(#14042),#14061,.T.);
#14042 = FACE_BOUND('',#14043,.T.);
#14043 = EDGE_LOOP('',(#14044,#14053,#14059,#14060));
#14044 = ORIENTED_EDGE('',*,*,#14045,.F.);
#14045 = EDGE_CURVE('',#14046,#14022,#14048,.T.);
#14046 = VERTEX_POINT('',#14047);
#14047 = CARTESIAN_POINT('',(-8.962767976229,-50.7,203.46722415544));
#14048 = CIRCLE('',#14049,0.15);
#14049 = AXIS2_PLACEMENT_3D('',#14050,#14051,#14052);
#14050 = CARTESIAN_POINT('',(-8.905365461374,-50.7,203.32864222556));
#14051 = DIRECTION('',(0.,-1.,0.));
#14052 = DIRECTION('',(-0.382683432365,0.,0.923879532511));
#14053 = ORIENTED_EDGE('',*,*,#14054,.T.);
#14054 = EDGE_CURVE('',#14046,#2956,#14055,.T.);
#14055 = LINE('',#14056,#14057);
#14056 = CARTESIAN_POINT('',(-8.962767976229,-50.8,203.46722415544));
#14057 = VECTOR('',#14058,1.);
#14058 = DIRECTION('',(0.,1.,0.));
#14059 = ORIENTED_EDGE('',*,*,#2963,.T.);
#14060 = ORIENTED_EDGE('',*,*,#14030,.F.);
#14061 = CYLINDRICAL_SURFACE('',#14062,0.15);
#14062 = AXIS2_PLACEMENT_3D('',#14063,#14064,#14065);
#14063 = CARTESIAN_POINT('',(-8.905365461374,-50.8,203.32864222556));
#14064 = DIRECTION('',(0.,-1.,0.));
#14065 = DIRECTION('',(-0.382683432365,0.,0.923879532511));
#14066 = ADVANCED_FACE('',(#14067),#14085,.T.);
#14067 = FACE_BOUND('',#14068,.T.);
#14068 = EDGE_LOOP('',(#14069,#14077,#14083,#14084));
#14069 = ORIENTED_EDGE('',*,*,#14070,.F.);
#14070 = EDGE_CURVE('',#14071,#14046,#14073,.T.);
#14071 = VERTEX_POINT('',#14072);
#14072 = CARTESIAN_POINT('',(-8.425400690066,-50.7,203.66546941367));
#14073 = LINE('',#14074,#14075);
#14074 = CARTESIAN_POINT('',(-8.559742511606,-50.7,203.61590809911));
#14075 = VECTOR('',#14076,1.);
#14076 = DIRECTION('',(-0.938191335922,0.,-0.346117057077));
#14077 = ORIENTED_EDGE('',*,*,#14078,.T.);
#14078 = EDGE_CURVE('',#14071,#2947,#14079,.T.);
#14079 = LINE('',#14080,#14081);
#14080 = CARTESIAN_POINT('',(-8.425400690066,-50.8,203.66546941367));
#14081 = VECTOR('',#14082,1.);
#14082 = DIRECTION('',(0.,1.,0.));
#14083 = ORIENTED_EDGE('',*,*,#2955,.T.);
#14084 = ORIENTED_EDGE('',*,*,#14054,.F.);
#14085 = PLANE('',#14086);
#14086 = AXIS2_PLACEMENT_3D('',#14087,#14088,#14089);
#14087 = CARTESIAN_POINT('',(-8.425400690066,-50.8,203.66546941367));
#14088 = DIRECTION('',(-0.346117057077,0.,0.938191335922));
#14089 = DIRECTION('',(-0.938191335922,0.,-0.346117057077));
#14090 = ADVANCED_FACE('',(#14091),#14110,.T.);
#14091 = FACE_BOUND('',#14092,.T.);
#14092 = EDGE_LOOP('',(#14093,#14102,#14108,#14109));
#14093 = ORIENTED_EDGE('',*,*,#14094,.F.);
#14094 = EDGE_CURVE('',#14095,#14071,#14097,.T.);
#14095 = VERTEX_POINT('',#14096);
#14096 = CARTESIAN_POINT('',(-8.236389663465,-50.7,203.56916348538));
#14097 = CIRCLE('',#14098,0.15);
#14098 = AXIS2_PLACEMENT_3D('',#14099,#14100,#14101);
#14099 = CARTESIAN_POINT('',(-8.379048140909,-50.7,203.52281093622));
#14100 = DIRECTION('',(0.,-1.,0.));
#14101 = DIRECTION('',(0.951056516295,0.,0.309016994375));
#14102 = ORIENTED_EDGE('',*,*,#14103,.T.);
#14103 = EDGE_CURVE('',#14095,#2938,#14104,.T.);
#14104 = LINE('',#14105,#14106);
#14105 = CARTESIAN_POINT('',(-8.236389663465,-50.8,203.56916348538));
#14106 = VECTOR('',#14107,1.);
#14107 = DIRECTION('',(0.,1.,0.));
#14108 = ORIENTED_EDGE('',*,*,#2946,.T.);
#14109 = ORIENTED_EDGE('',*,*,#14078,.F.);
#14110 = CYLINDRICAL_SURFACE('',#14111,0.15);
#14111 = AXIS2_PLACEMENT_3D('',#14112,#14113,#14114);
#14112 = CARTESIAN_POINT('',(-8.379048140909,-50.8,203.52281093622));
#14113 = DIRECTION('',(0.,-1.,0.));
#14114 = DIRECTION('',(0.951056516295,0.,0.309016994375));
#14115 = ADVANCED_FACE('',(#14116),#14135,.F.);
#14116 = FACE_BOUND('',#14117,.T.);
#14117 = EDGE_LOOP('',(#14118,#14119,#14128,#14134));
#14118 = ORIENTED_EDGE('',*,*,#14103,.F.);
#14119 = ORIENTED_EDGE('',*,*,#14120,.T.);
#14120 = EDGE_CURVE('',#14095,#14121,#14123,.T.);
#14121 = VERTEX_POINT('',#14122);
#14122 = CARTESIAN_POINT('',(-8.000816302685,-50.7,203.27769413172));
#14123 = CIRCLE('',#14124,1.469292842573);
#14124 = AXIS2_PLACEMENT_3D('',#14125,#14126,#14127);
#14125 = CARTESIAN_POINT('',(-6.985209281843,-50.7,204.33946804195));
#14126 = DIRECTION('',(0.,-1.,-0.));
#14127 = DIRECTION('',(-0.691221648547,0.,-0.722642811201));
#14128 = ORIENTED_EDGE('',*,*,#14129,.T.);
#14129 = EDGE_CURVE('',#14121,#2929,#14130,.T.);
#14130 = LINE('',#14131,#14132);
#14131 = CARTESIAN_POINT('',(-8.000816302685,-50.8,203.27769413172));
#14132 = VECTOR('',#14133,1.);
#14133 = DIRECTION('',(0.,1.,0.));
#14134 = ORIENTED_EDGE('',*,*,#2937,.F.);
#14135 = CYLINDRICAL_SURFACE('',#14136,1.469292842573);
#14136 = AXIS2_PLACEMENT_3D('',#14137,#14138,#14139);
#14137 = CARTESIAN_POINT('',(-6.985209281843,-50.8,204.33946804195));
#14138 = DIRECTION('',(-0.,-1.,-0.));
#14139 = DIRECTION('',(-0.691221648547,0.,-0.722642811201));
#14140 = ADVANCED_FACE('',(#14141),#14160,.F.);
#14141 = FACE_BOUND('',#14142,.T.);
#14142 = EDGE_LOOP('',(#14143,#14144,#14153,#14159));
#14143 = ORIENTED_EDGE('',*,*,#14129,.F.);
#14144 = ORIENTED_EDGE('',*,*,#14145,.T.);
#14145 = EDGE_CURVE('',#14121,#14146,#14148,.T.);
#14146 = VERTEX_POINT('',#14147);
#14147 = CARTESIAN_POINT('',(-7.209488960258,-50.7,203.53481197144));
#14148 = CIRCLE('',#14149,0.471154273188);
#14149 = AXIS2_PLACEMENT_3D('',#14150,#14151,#14152);
#14150 = CARTESIAN_POINT('',(-7.673493060265,-50.7,203.6165832642));
#14151 = DIRECTION('',(0.,-1.,-0.));
#14152 = DIRECTION('',(0.984824135983,0.,-0.173555239577));
#14153 = ORIENTED_EDGE('',*,*,#14154,.T.);
#14154 = EDGE_CURVE('',#14146,#2920,#14155,.T.);
#14155 = LINE('',#14156,#14157);
#14156 = CARTESIAN_POINT('',(-7.209488960258,-50.8,203.53481197144));
#14157 = VECTOR('',#14158,1.);
#14158 = DIRECTION('',(0.,1.,0.));
#14159 = ORIENTED_EDGE('',*,*,#2928,.F.);
#14160 = CYLINDRICAL_SURFACE('',#14161,0.471154273188);
#14161 = AXIS2_PLACEMENT_3D('',#14162,#14163,#14164);
#14162 = CARTESIAN_POINT('',(-7.673493060265,-50.8,203.6165832642));
#14163 = DIRECTION('',(-0.,-1.,-0.));
#14164 = DIRECTION('',(0.984824135983,0.,-0.173555239577));
#14165 = ADVANCED_FACE('',(#14166),#14185,.F.);
#14166 = FACE_BOUND('',#14167,.T.);
#14167 = EDGE_LOOP('',(#14168,#14169,#14178,#14184));
#14168 = ORIENTED_EDGE('',*,*,#14154,.F.);
#14169 = ORIENTED_EDGE('',*,*,#14170,.T.);
#14170 = EDGE_CURVE('',#14146,#14171,#14173,.T.);
#14171 = VERTEX_POINT('',#14172);
#14172 = CARTESIAN_POINT('',(-7.19022749554,-50.7,203.90908217919));
#14173 = CIRCLE('',#14174,1.469292842572);
#14174 = AXIS2_PLACEMENT_3D('',#14175,#14176,#14177);
#14175 = CARTESIAN_POINT('',(-8.655227345429,-50.7,203.79684628003));
#14176 = DIRECTION('',(-0.,-1.,0.));
#14177 = DIRECTION('',(0.99707819125,-0.,7.638769883619E-02));
#14178 = ORIENTED_EDGE('',*,*,#14179,.T.);
#14179 = EDGE_CURVE('',#14171,#2911,#14180,.T.);
#14180 = LINE('',#14181,#14182);
#14181 = CARTESIAN_POINT('',(-7.19022749554,-50.8,203.90908217919));
#14182 = VECTOR('',#14183,1.);
#14183 = DIRECTION('',(0.,1.,0.));
#14184 = ORIENTED_EDGE('',*,*,#2919,.F.);
#14185 = CYLINDRICAL_SURFACE('',#14186,1.469292842572);
#14186 = AXIS2_PLACEMENT_3D('',#14187,#14188,#14189);
#14187 = CARTESIAN_POINT('',(-8.655227345429,-50.8,203.79684628003));
#14188 = DIRECTION('',(-0.,-1.,-0.));
#14189 = DIRECTION('',(0.99707819125,-0.,7.638769883619E-02));
#14190 = ADVANCED_FACE('',(#14191),#14210,.T.);
#14191 = FACE_BOUND('',#14192,.T.);
#14192 = EDGE_LOOP('',(#14193,#14202,#14208,#14209));
#14193 = ORIENTED_EDGE('',*,*,#14194,.F.);
#14194 = EDGE_CURVE('',#14195,#14171,#14197,.T.);
#14195 = VERTEX_POINT('',#14196);
#14196 = CARTESIAN_POINT('',(-7.093921567252,-50.7,204.09809320579));
#14197 = CIRCLE('',#14198,0.15);
#14198 = AXIS2_PLACEMENT_3D('',#14199,#14200,#14201);
#14199 = CARTESIAN_POINT('',(-7.047569018096,-50.7,203.95543472835));
#14200 = DIRECTION('',(0.,-1.,0.));
#14201 = DIRECTION('',(-0.309016994375,0.,0.951056516295));
#14202 = ORIENTED_EDGE('',*,*,#14203,.T.);
#14203 = EDGE_CURVE('',#14195,#2903,#14204,.T.);
#14204 = LINE('',#14205,#14206);
#14205 = CARTESIAN_POINT('',(-7.093921567252,-50.8,204.09809320579));
#14206 = VECTOR('',#14207,1.);
#14207 = DIRECTION('',(0.,1.,0.));
#14208 = ORIENTED_EDGE('',*,*,#2910,.T.);
#14209 = ORIENTED_EDGE('',*,*,#14179,.F.);
#14210 = CYLINDRICAL_SURFACE('',#14211,0.15);
#14211 = AXIS2_PLACEMENT_3D('',#14212,#14213,#14214);
#14212 = CARTESIAN_POINT('',(-7.047569018096,-50.8,203.95543472835));
#14213 = DIRECTION('',(0.,-1.,0.));
#14214 = DIRECTION('',(-0.309016994375,0.,0.951056516295));
#14215 = ADVANCED_FACE('',(#14216),#14234,.T.);
#14216 = FACE_BOUND('',#14217,.T.);
#14217 = EDGE_LOOP('',(#14218,#14226,#14232,#14233));
#14218 = ORIENTED_EDGE('',*,*,#14219,.F.);
#14219 = EDGE_CURVE('',#14220,#14195,#14222,.T.);
#14220 = VERTEX_POINT('',#14221);
#14221 = CARTESIAN_POINT('',(-6.542656661402,-50.7,204.2535659887));
#14222 = LINE('',#14223,#14224);
#14223 = CARTESIAN_POINT('',(-6.680472887865,-50.7,204.21469779297));
#14224 = VECTOR('',#14225,1.);
#14225 = DIRECTION('',(-0.962455236454,0.,-0.271440449865));
#14226 = ORIENTED_EDGE('',*,*,#14227,.T.);
#14227 = EDGE_CURVE('',#14220,#2894,#14228,.T.);
#14228 = LINE('',#14229,#14230);
#14229 = CARTESIAN_POINT('',(-6.542656661402,-50.8,204.2535659887));
#14230 = VECTOR('',#14231,1.);
#14231 = DIRECTION('',(0.,1.,0.));
#14232 = ORIENTED_EDGE('',*,*,#2902,.T.);
#14233 = ORIENTED_EDGE('',*,*,#14203,.F.);
#14234 = PLANE('',#14235);
#14235 = AXIS2_PLACEMENT_3D('',#14236,#14237,#14238);
#14236 = CARTESIAN_POINT('',(-6.542656661402,-50.8,204.2535659887));
#14237 = DIRECTION('',(-0.271440449865,0.,0.962455236454));
#14238 = DIRECTION('',(-0.962455236454,0.,-0.271440449865));
#14239 = ADVANCED_FACE('',(#14240),#14259,.T.);
#14240 = FACE_BOUND('',#14241,.T.);
#14241 = EDGE_LOOP('',(#14242,#14251,#14257,#14258));
#14242 = ORIENTED_EDGE('',*,*,#14243,.F.);
#14243 = EDGE_CURVE('',#14244,#14220,#14246,.T.);
#14244 = VERTEX_POINT('',#14245);
#14245 = CARTESIAN_POINT('',(-6.361784368764,-50.7,204.14272730522));
#14246 = CIRCLE('',#14247,0.15);
#14247 = AXIS2_PLACEMENT_3D('',#14248,#14249,#14250);
#14248 = CARTESIAN_POINT('',(-6.507639856824,-50.7,204.10771050064));
#14249 = DIRECTION('',(0.,-1.,0.));
#14250 = DIRECTION('',(0.972369920398,0.,0.233445363856));
#14251 = ORIENTED_EDGE('',*,*,#14252,.T.);
#14252 = EDGE_CURVE('',#14244,#2885,#14253,.T.);
#14253 = LINE('',#14254,#14255);
#14254 = CARTESIAN_POINT('',(-6.361784368764,-50.8,204.14272730522));
#14255 = VECTOR('',#14256,1.);
#14256 = DIRECTION('',(0.,1.,0.));
#14257 = ORIENTED_EDGE('',*,*,#2893,.T.);
#14258 = ORIENTED_EDGE('',*,*,#14227,.F.);
#14259 = CYLINDRICAL_SURFACE('',#14260,0.15);
#14260 = AXIS2_PLACEMENT_3D('',#14261,#14262,#14263);
#14261 = CARTESIAN_POINT('',(-6.507639856824,-50.8,204.10771050064));
#14262 = DIRECTION('',(0.,-1.,0.));
#14263 = DIRECTION('',(0.972369920398,0.,0.233445363856));
#14264 = ADVANCED_FACE('',(#14265),#14284,.F.);
#14265 = FACE_BOUND('',#14266,.T.);
#14266 = EDGE_LOOP('',(#14267,#14268,#14277,#14283));
#14267 = ORIENTED_EDGE('',*,*,#14252,.F.);
#14268 = ORIENTED_EDGE('',*,*,#14269,.T.);
#14269 = EDGE_CURVE('',#14244,#14270,#14272,.T.);
#14270 = VERTEX_POINT('',#14271);
#14271 = CARTESIAN_POINT('',(-6.149805623957,-50.7,203.83367358144));
#14272 = CIRCLE('',#14273,1.469292842574);
#14273 = AXIS2_PLACEMENT_3D('',#14274,#14275,#14276);
#14274 = CARTESIAN_POINT('',(-5.054023559754,-50.7,204.81249078859));
#14275 = DIRECTION('',(0.,-1.,-0.));
#14276 = DIRECTION('',(-0.745788744389,0.,-0.666182519091));
#14277 = ORIENTED_EDGE('',*,*,#14278,.T.);
#14278 = EDGE_CURVE('',#14270,#2876,#14279,.T.);
#14279 = LINE('',#14280,#14281);
#14280 = CARTESIAN_POINT('',(-6.149805623957,-50.8,203.83367358144));
#14281 = VECTOR('',#14282,1.);
#14282 = DIRECTION('',(0.,1.,0.));
#14283 = ORIENTED_EDGE('',*,*,#2884,.F.);
#14284 = CYLINDRICAL_SURFACE('',#14285,1.469292842574);
#14285 = AXIS2_PLACEMENT_3D('',#14286,#14287,#14288);
#14286 = CARTESIAN_POINT('',(-5.054023559754,-50.8,204.81249078859));
#14287 = DIRECTION('',(-0.,-1.,-0.));
#14288 = DIRECTION('',(-0.745788744389,0.,-0.666182519091));
#14289 = ADVANCED_FACE('',(#14290),#14309,.F.);
#14290 = FACE_BOUND('',#14291,.T.);
#14291 = EDGE_LOOP('',(#14292,#14293,#14302,#14308));
#14292 = ORIENTED_EDGE('',*,*,#14278,.F.);
#14293 = ORIENTED_EDGE('',*,*,#14294,.T.);
#14294 = EDGE_CURVE('',#14270,#14295,#14297,.T.);
#14295 = VERTEX_POINT('',#14296);
#14296 = CARTESIAN_POINT('',(-5.340744446434,-50.7,204.02791198496));
#14297 = CIRCLE('',#14298,0.471154273188);
#14298 = AXIS2_PLACEMENT_3D('',#14299,#14300,#14301);
#14299 = CARTESIAN_POINT('',(-5.796902474968,-50.7,204.14583654622));
#14300 = DIRECTION('',(0.,-1.,-0.));
#14301 = DIRECTION('',(0.968171264685,0.,-0.250288637855));
#14302 = ORIENTED_EDGE('',*,*,#14303,.T.);
#14303 = EDGE_CURVE('',#14295,#2867,#14304,.T.);
#14304 = LINE('',#14305,#14306);
#14305 = CARTESIAN_POINT('',(-5.340744446434,-50.8,204.02791198496));
#14306 = VECTOR('',#14307,1.);
#14307 = DIRECTION('',(0.,1.,0.));
#14308 = ORIENTED_EDGE('',*,*,#2875,.F.);
#14309 = CYLINDRICAL_SURFACE('',#14310,0.471154273188);
#14310 = AXIS2_PLACEMENT_3D('',#14311,#14312,#14313);
#14311 = CARTESIAN_POINT('',(-5.796902474968,-50.8,204.14583654622));
#14312 = DIRECTION('',(-0.,-1.,-0.));
#14313 = DIRECTION('',(0.968171264685,0.,-0.250288637855));
#14314 = ADVANCED_FACE('',(#14315),#14334,.F.);
#14315 = FACE_BOUND('',#14316,.T.);
#14316 = EDGE_LOOP('',(#14317,#14318,#14327,#14333));
#14317 = ORIENTED_EDGE('',*,*,#14303,.F.);
#14318 = ORIENTED_EDGE('',*,*,#14319,.T.);
#14319 = EDGE_CURVE('',#14295,#14320,#14322,.T.);
#14320 = VERTEX_POINT('',#14321);
#14321 = CARTESIAN_POINT('',(-5.292177456326,-50.7,204.39951720546));
#14322 = CIRCLE('',#14323,1.469292842572);
#14323 = AXIS2_PLACEMENT_3D('',#14324,#14325,#14326);
#14324 = CARTESIAN_POINT('',(-6.761467127753,-50.7,204.40256985559));
#14325 = DIRECTION('',(0.,-1.,-0.));
#14326 = DIRECTION('',(0.99999784172,0.,-2.077632201687E-03));
#14327 = ORIENTED_EDGE('',*,*,#14328,.T.);
#14328 = EDGE_CURVE('',#14320,#2858,#14329,.T.);
#14329 = LINE('',#14330,#14331);
#14330 = CARTESIAN_POINT('',(-5.292177456326,-50.8,204.39951720546));
#14331 = VECTOR('',#14332,1.);
#14332 = DIRECTION('',(0.,1.,0.));
#14333 = ORIENTED_EDGE('',*,*,#2866,.F.);
#14334 = CYLINDRICAL_SURFACE('',#14335,1.469292842572);
#14335 = AXIS2_PLACEMENT_3D('',#14336,#14337,#14338);
#14336 = CARTESIAN_POINT('',(-6.761467127753,-50.8,204.40256985559));
#14337 = DIRECTION('',(-0.,-1.,-0.));
#14338 = DIRECTION('',(0.99999784172,0.,-2.077632201687E-03));
#14339 = ADVANCED_FACE('',(#14340),#14359,.T.);
#14340 = FACE_BOUND('',#14341,.T.);
#14341 = EDGE_LOOP('',(#14342,#14351,#14357,#14358));
#14342 = ORIENTED_EDGE('',*,*,#14343,.F.);
#14343 = EDGE_CURVE('',#14344,#14320,#14346,.T.);
#14344 = VERTEX_POINT('',#14345);
#14345 = CARTESIAN_POINT('',(-5.181338772845,-50.7,204.5803894981));
#14346 = CIRCLE('',#14347,0.15);
#14347 = AXIS2_PLACEMENT_3D('',#14348,#14349,#14350);
#14348 = CARTESIAN_POINT('',(-5.146321968267,-50.7,204.43453401004));
#14349 = DIRECTION('',(0.,-1.,0.));
#14350 = DIRECTION('',(-0.233445363856,0.,0.972369920398));
#14351 = ORIENTED_EDGE('',*,*,#14352,.T.);
#14352 = EDGE_CURVE('',#14344,#2850,#14353,.T.);
#14353 = LINE('',#14354,#14355);
#14354 = CARTESIAN_POINT('',(-5.181338772845,-50.8,204.5803894981));
#14355 = VECTOR('',#14356,1.);
#14356 = DIRECTION('',(0.,1.,0.));
#14357 = ORIENTED_EDGE('',*,*,#2857,.T.);
#14358 = ORIENTED_EDGE('',*,*,#14328,.F.);
#14359 = CYLINDRICAL_SURFACE('',#14360,0.15);
#14360 = AXIS2_PLACEMENT_3D('',#14361,#14362,#14363);
#14361 = CARTESIAN_POINT('',(-5.146321968267,-50.8,204.43453401004));
#14362 = DIRECTION('',(0.,-1.,0.));
#14363 = DIRECTION('',(-0.233445363856,0.,0.972369920398));
#14364 = ADVANCED_FACE('',(#14365),#14383,.T.);
#14365 = FACE_BOUND('',#14366,.T.);
#14366 = EDGE_LOOP('',(#14367,#14375,#14381,#14382));
#14367 = ORIENTED_EDGE('',*,*,#14368,.F.);
#14368 = EDGE_CURVE('',#14369,#14344,#14371,.T.);
#14369 = VERTEX_POINT('',#14370);
#14370 = CARTESIAN_POINT('',(-4.619574978767,-50.7,204.69213126429));
#14371 = LINE('',#14372,#14373);
#14372 = CARTESIAN_POINT('',(-4.760015927286,-50.7,204.66419582274));
#14373 = VECTOR('',#14374,1.);
#14374 = DIRECTION('',(-0.980785280403,0.,-0.195090322016));
#14375 = ORIENTED_EDGE('',*,*,#14376,.T.);
#14376 = EDGE_CURVE('',#14369,#2841,#14377,.T.);
#14377 = LINE('',#14378,#14379);
#14378 = CARTESIAN_POINT('',(-4.619574978767,-50.8,204.69213126429));
#14379 = VECTOR('',#14380,1.);
#14380 = DIRECTION('',(0.,1.,0.));
#14381 = ORIENTED_EDGE('',*,*,#2849,.T.);
#14382 = ORIENTED_EDGE('',*,*,#14352,.F.);
#14383 = PLANE('',#14384);
#14384 = AXIS2_PLACEMENT_3D('',#14385,#14386,#14387);
#14385 = CARTESIAN_POINT('',(-4.619574978767,-50.8,204.69213126429));
#14386 = DIRECTION('',(-0.195090322016,0.,0.980785280403));
#14387 = DIRECTION('',(-0.980785280403,0.,-0.195090322016));
#14388 = ADVANCED_FACE('',(#14389),#14408,.T.);
#14389 = FACE_BOUND('',#14390,.T.);
#14390 = EDGE_LOOP('',(#14391,#14400,#14406,#14407));
#14391 = ORIENTED_EDGE('',*,*,#14392,.F.);
#14392 = EDGE_CURVE('',#14393,#14369,#14395,.T.);
#14393 = VERTEX_POINT('',#14394);
#14394 = CARTESIAN_POINT('',(-4.447956557921,-50.7,204.56744318296));
#14395 = CIRCLE('',#14396,0.15);
#14396 = AXIS2_PLACEMENT_3D('',#14397,#14398,#14399);
#14397 = CARTESIAN_POINT('',(-4.596109809011,-50.7,204.5439780132));
#14398 = DIRECTION('',(0.,-1.,0.));
#14399 = DIRECTION('',(0.987688340595,0.,0.15643446504));
#14400 = ORIENTED_EDGE('',*,*,#14401,.T.);
#14401 = EDGE_CURVE('',#14393,#2832,#14402,.T.);
#14402 = LINE('',#14403,#14404);
#14403 = CARTESIAN_POINT('',(-4.447956557921,-50.8,204.56744318296));
#14404 = VECTOR('',#14405,1.);
#14405 = DIRECTION('',(0.,1.,0.));
#14406 = ORIENTED_EDGE('',*,*,#2840,.T.);
#14407 = ORIENTED_EDGE('',*,*,#14376,.F.);
#14408 = CYLINDRICAL_SURFACE('',#14409,0.15);
#14409 = AXIS2_PLACEMENT_3D('',#14410,#14411,#14412);
#14410 = CARTESIAN_POINT('',(-4.596109809011,-50.8,204.5439780132));
#14411 = DIRECTION('',(0.,-1.,0.));
#14412 = DIRECTION('',(0.987688340595,0.,0.15643446504));
#14413 = ADVANCED_FACE('',(#14414),#14433,.F.);
#14414 = FACE_BOUND('',#14415,.T.);
#14415 = EDGE_LOOP('',(#14416,#14417,#14426,#14432));
#14416 = ORIENTED_EDGE('',*,*,#14401,.F.);
#14417 = ORIENTED_EDGE('',*,*,#14418,.T.);
#14418 = EDGE_CURVE('',#14393,#14419,#14421,.T.);
#14419 = VERTEX_POINT('',#14420);
#14420 = CARTESIAN_POINT('',(-4.260879348539,-50.7,204.24271050803));
#14421 = CIRCLE('',#14422,1.469292842572);
#14422 = AXIS2_PLACEMENT_3D('',#14423,#14424,#14425);
#14423 = CARTESIAN_POINT('',(-3.091678101787,-50.7,205.13253627852));
#14424 = DIRECTION('',(0.,-1.,-0.));
#14425 = DIRECTION('',(-0.795757804622,0.,-0.605614990223));
#14426 = ORIENTED_EDGE('',*,*,#14427,.T.);
#14427 = EDGE_CURVE('',#14419,#2823,#14428,.T.);
#14428 = LINE('',#14429,#14430);
#14429 = CARTESIAN_POINT('',(-4.260879348539,-50.8,204.24271050803));
#14430 = VECTOR('',#14431,1.);
#14431 = DIRECTION('',(0.,1.,0.));
#14432 = ORIENTED_EDGE('',*,*,#2831,.F.);
#14433 = CYLINDRICAL_SURFACE('',#14434,1.469292842572);
#14434 = AXIS2_PLACEMENT_3D('',#14435,#14436,#14437);
#14435 = CARTESIAN_POINT('',(-3.091678101787,-50.8,205.13253627852));
#14436 = DIRECTION('',(-0.,-1.,-0.));
#14437 = DIRECTION('',(-0.795757804622,0.,-0.605614990223));
#14438 = ADVANCED_FACE('',(#14439),#14458,.F.);
#14439 = FACE_BOUND('',#14440,.T.);
#14440 = EDGE_LOOP('',(#14441,#14442,#14451,#14457));
#14441 = ORIENTED_EDGE('',*,*,#14427,.F.);
#14442 = ORIENTED_EDGE('',*,*,#14443,.T.);
#14443 = EDGE_CURVE('',#14419,#14444,#14446,.T.);
#14444 = VERTEX_POINT('',#14445);
#14445 = CARTESIAN_POINT('',(-3.439072467121,-50.7,204.372871931));
#14446 = CIRCLE('',#14447,0.471154273188);
#14447 = AXIS2_PLACEMENT_3D('',#14448,#14449,#14450);
#14448 = CARTESIAN_POINT('',(-3.884572058247,-50.7,204.52622271662));
#14449 = DIRECTION('',(0.,-1.,-0.));
#14450 = DIRECTION('',(0.945549295589,0.,-0.325478923451));
#14451 = ORIENTED_EDGE('',*,*,#14452,.T.);
#14452 = EDGE_CURVE('',#14444,#2814,#14453,.T.);
#14453 = LINE('',#14454,#14455);
#14454 = CARTESIAN_POINT('',(-3.439072467121,-50.8,204.372871931));
#14455 = VECTOR('',#14456,1.);
#14456 = DIRECTION('',(0.,1.,0.));
#14457 = ORIENTED_EDGE('',*,*,#2822,.F.);
#14458 = CYLINDRICAL_SURFACE('',#14459,0.471154273188);
#14459 = AXIS2_PLACEMENT_3D('',#14460,#14461,#14462);
#14460 = CARTESIAN_POINT('',(-3.884572058247,-50.8,204.52622271662));
#14461 = DIRECTION('',(-0.,-1.,-0.));
#14462 = DIRECTION('',(0.945549295589,0.,-0.325478923451));
#14463 = ADVANCED_FACE('',(#14464),#14483,.F.);
#14464 = FACE_BOUND('',#14465,.T.);
#14465 = EDGE_LOOP('',(#14466,#14467,#14476,#14482));
#14466 = ORIENTED_EDGE('',*,*,#14452,.F.);
#14467 = ORIENTED_EDGE('',*,*,#14468,.T.);
#14468 = EDGE_CURVE('',#14444,#14469,#14471,.T.);
#14469 = VERTEX_POINT('',#14470);
#14470 = CARTESIAN_POINT('',(-3.361499383267,-50.7,204.7395210945));
#14471 = CIRCLE('',#14472,1.469292842572);
#14472 = AXIS2_PLACEMENT_3D('',#14473,#14474,#14475);
#14473 = CARTESIAN_POINT('',(-4.826020216819,-50.7,204.8578434733));
#14474 = DIRECTION('',(0.,-1.,-0.));
#14475 = DIRECTION('',(0.996752172962,0.,-8.053015394611E-02));
#14476 = ORIENTED_EDGE('',*,*,#14477,.T.);
#14477 = EDGE_CURVE('',#14469,#2805,#14478,.T.);
#14478 = LINE('',#14479,#14480);
#14479 = CARTESIAN_POINT('',(-3.361499383267,-50.8,204.7395210945));
#14480 = VECTOR('',#14481,1.);
#14481 = DIRECTION('',(0.,1.,0.));
#14482 = ORIENTED_EDGE('',*,*,#2813,.F.);
#14483 = CYLINDRICAL_SURFACE('',#14484,1.469292842572);
#14484 = AXIS2_PLACEMENT_3D('',#14485,#14486,#14487);
#14485 = CARTESIAN_POINT('',(-4.826020216819,-50.8,204.8578434733));
#14486 = DIRECTION('',(-0.,-1.,-0.));
#14487 = DIRECTION('',(0.996752172962,0.,-8.053015394611E-02));
#14488 = ADVANCED_FACE('',(#14489),#14508,.T.);
#14489 = FACE_BOUND('',#14490,.T.);
#14490 = EDGE_LOOP('',(#14491,#14500,#14506,#14507));
#14491 = ORIENTED_EDGE('',*,*,#14492,.F.);
#14492 = EDGE_CURVE('',#14493,#14469,#14495,.T.);
#14493 = VERTEX_POINT('',#14494);
#14494 = CARTESIAN_POINT('',(-3.236811301933,-50.7,204.91113951534));
#14495 = CIRCLE('',#14496,0.15);
#14496 = AXIS2_PLACEMENT_3D('',#14497,#14498,#14499);
#14497 = CARTESIAN_POINT('',(-3.213346132177,-50.7,204.76298626426));
#14498 = DIRECTION('',(0.,-1.,0.));
#14499 = DIRECTION('',(-0.15643446504,0.,0.987688340595));
#14500 = ORIENTED_EDGE('',*,*,#14501,.T.);
#14501 = EDGE_CURVE('',#14493,#2797,#14502,.T.);
#14502 = LINE('',#14503,#14504);
#14503 = CARTESIAN_POINT('',(-3.236811301933,-50.8,204.91113951534));
#14504 = VECTOR('',#14505,1.);
#14505 = DIRECTION('',(0.,1.,0.));
#14506 = ORIENTED_EDGE('',*,*,#2804,.T.);
#14507 = ORIENTED_EDGE('',*,*,#14477,.F.);
#14508 = CYLINDRICAL_SURFACE('',#14509,0.15);
#14509 = AXIS2_PLACEMENT_3D('',#14510,#14511,#14512);
#14510 = CARTESIAN_POINT('',(-3.213346132177,-50.8,204.76298626426));
#14511 = DIRECTION('',(0.,-1.,0.));
#14512 = DIRECTION('',(-0.15643446504,0.,0.987688340595));
#14513 = ADVANCED_FACE('',(#14514),#14532,.T.);
#14514 = FACE_BOUND('',#14515,.T.);
#14515 = EDGE_LOOP('',(#14516,#14524,#14530,#14531));
#14516 = ORIENTED_EDGE('',*,*,#14517,.F.);
#14517 = EDGE_CURVE('',#14518,#14493,#14520,.T.);
#14518 = VERTEX_POINT('',#14519);
#14519 = CARTESIAN_POINT('',(-2.668012080223,-50.7,204.97846133966));
#14520 = LINE('',#14521,#14522);
#14521 = CARTESIAN_POINT('',(-2.81021188565,-50.7,204.96163088358));
#14522 = VECTOR('',#14523,1.);
#14523 = DIRECTION('',(-0.993068456955,0.,-0.117537397458));
#14524 = ORIENTED_EDGE('',*,*,#14525,.T.);
#14525 = EDGE_CURVE('',#14518,#2788,#14526,.T.);
#14526 = LINE('',#14527,#14528);
#14527 = CARTESIAN_POINT('',(-2.668012080223,-50.8,204.97846133966));
#14528 = VECTOR('',#14529,1.);
#14529 = DIRECTION('',(0.,1.,0.));
#14530 = ORIENTED_EDGE('',*,*,#2796,.T.);
#14531 = ORIENTED_EDGE('',*,*,#14501,.F.);
#14532 = PLANE('',#14533);
#14533 = AXIS2_PLACEMENT_3D('',#14534,#14535,#14536);
#14534 = CARTESIAN_POINT('',(-2.668012080223,-50.8,204.97846133966));
#14535 = DIRECTION('',(-0.117537397458,0.,0.993068456955));
#14536 = DIRECTION('',(-0.993068456955,0.,-0.117537397458));
#14537 = ADVANCED_FACE('',(#14538),#14557,.T.);
#14538 = FACE_BOUND('',#14539,.T.);
#14539 = EDGE_LOOP('',(#14540,#14549,#14555,#14556));
#14540 = ORIENTED_EDGE('',*,*,#14541,.F.);
#14541 = EDGE_CURVE('',#14542,#14518,#14544,.T.);
#14542 = VERTEX_POINT('',#14543);
#14543 = CARTESIAN_POINT('',(-2.506705615803,-50.7,204.84069260396));
#14544 = CIRCLE('',#14545,0.15);
#14545 = AXIS2_PLACEMENT_3D('',#14546,#14547,#14548);
#14546 = CARTESIAN_POINT('',(-2.656243215863,-50.7,204.8289237396));
#14547 = DIRECTION('',(0.,-1.,0.));
#14548 = DIRECTION('',(0.996917333733,0.,7.84590957278E-02));
#14549 = ORIENTED_EDGE('',*,*,#14550,.T.);
#14550 = EDGE_CURVE('',#14542,#2779,#14551,.T.);
#14551 = LINE('',#14552,#14553);
#14552 = CARTESIAN_POINT('',(-2.506705615803,-50.8,204.84069260396));
#14553 = VECTOR('',#14554,1.);
#14554 = DIRECTION('',(0.,1.,0.));
#14555 = ORIENTED_EDGE('',*,*,#2787,.T.);
#14556 = ORIENTED_EDGE('',*,*,#14525,.F.);
#14557 = CYLINDRICAL_SURFACE('',#14558,0.15);
#14558 = AXIS2_PLACEMENT_3D('',#14559,#14560,#14561);
#14559 = CARTESIAN_POINT('',(-2.656243215863,-50.8,204.8289237396));
#14560 = DIRECTION('',(0.,-1.,0.));
#14561 = DIRECTION('',(0.996917333733,0.,7.84590957278E-02));
#14562 = ADVANCED_FACE('',(#14563),#14582,.F.);
#14563 = FACE_BOUND('',#14564,.T.);
#14564 = EDGE_LOOP('',(#14565,#14566,#14575,#14581));
#14565 = ORIENTED_EDGE('',*,*,#14550,.F.);
#14566 = ORIENTED_EDGE('',*,*,#14567,.T.);
#14567 = EDGE_CURVE('',#14542,#14568,#14570,.T.);
#14568 = VERTEX_POINT('',#14569);
#14569 = CARTESIAN_POINT('',(-2.345683335052,-50.7,204.50228306283));
#14570 = CIRCLE('',#14571,1.469292842572);
#14571 = AXIS2_PLACEMENT_3D('',#14572,#14573,#14574);
#14572 = CARTESIAN_POINT('',(-1.110271420235,-50.7,205.29763132488));
#14573 = DIRECTION('',(0.,-1.,-0.));
#14574 = DIRECTION('',(-0.840820753373,0.,-0.541313643553));
#14575 = ORIENTED_EDGE('',*,*,#14576,.T.);
#14576 = EDGE_CURVE('',#14568,#2770,#14577,.T.);
#14577 = LINE('',#14578,#14579);
#14578 = CARTESIAN_POINT('',(-2.345683335052,-50.8,204.50228306283));
#14579 = VECTOR('',#14580,1.);
#14580 = DIRECTION('',(0.,1.,0.));
#14581 = ORIENTED_EDGE('',*,*,#2778,.F.);
#14582 = CYLINDRICAL_SURFACE('',#14583,1.469292842572);
#14583 = AXIS2_PLACEMENT_3D('',#14584,#14585,#14586);
#14584 = CARTESIAN_POINT('',(-1.110271420235,-50.8,205.29763132488));
#14585 = DIRECTION('',(-0.,-1.,-0.));
#14586 = DIRECTION('',(-0.840820753373,0.,-0.541313643553));
#14587 = ADVANCED_FACE('',(#14588),#14607,.F.);
#14588 = FACE_BOUND('',#14589,.T.);
#14589 = EDGE_LOOP('',(#14590,#14591,#14600,#14606));
#14590 = ORIENTED_EDGE('',*,*,#14576,.F.);
#14591 = ORIENTED_EDGE('',*,*,#14592,.T.);
#14592 = EDGE_CURVE('',#14568,#14593,#14595,.T.);
#14593 = VERTEX_POINT('',#14594);
#14594 = CARTESIAN_POINT('',(-1.516197462439,-50.7,204.56756501679));
#14595 = CIRCLE('',#14596,0.471154273188);
#14596 = AXIS2_PLACEMENT_3D('',#14597,#14598,#14599);
#14597 = CARTESIAN_POINT('',(-1.948291963036,-50.7,204.75539656818));
#14598 = DIRECTION('',(0.,-1.,-0.));
#14599 = DIRECTION('',(0.91709770066,0.,-0.398662523251));
#14600 = ORIENTED_EDGE('',*,*,#14601,.T.);
#14601 = EDGE_CURVE('',#14593,#2761,#14602,.T.);
#14602 = LINE('',#14603,#14604);
#14603 = CARTESIAN_POINT('',(-1.516197462439,-50.8,204.56756501679));
#14604 = VECTOR('',#14605,1.);
#14605 = DIRECTION('',(0.,1.,0.));
#14606 = ORIENTED_EDGE('',*,*,#2769,.F.);
#14607 = CYLINDRICAL_SURFACE('',#14608,0.471154273188);
#14608 = AXIS2_PLACEMENT_3D('',#14609,#14610,#14611);
#14609 = CARTESIAN_POINT('',(-1.948291963036,-50.8,204.75539656818));
#14610 = DIRECTION('',(-0.,-1.,-0.));
#14611 = DIRECTION('',(0.91709770066,0.,-0.398662523251));
#14612 = ADVANCED_FACE('',(#14613),#14632,.F.);
#14613 = FACE_BOUND('',#14614,.T.);
#14614 = EDGE_LOOP('',(#14615,#14616,#14625,#14631));
#14615 = ORIENTED_EDGE('',*,*,#14601,.F.);
#14616 = ORIENTED_EDGE('',*,*,#14617,.T.);
#14617 = EDGE_CURVE('',#14593,#14618,#14620,.T.);
#14618 = VERTEX_POINT('',#14619);
#14619 = CARTESIAN_POINT('',(-1.410096548697,-50.7,204.92699760926));
#14620 = CIRCLE('',#14621,1.469292842572);
#14621 = AXIS2_PLACEMENT_3D('',#14622,#14623,#14624);
#14622 = CARTESIAN_POINT('',(-2.860819286433,-50.7,205.15986021994));
#14623 = DIRECTION('',(0.,-1.,-0.));
#14624 = DIRECTION('',(0.987361195605,0.,-0.158486180512));
#14625 = ORIENTED_EDGE('',*,*,#14626,.T.);
#14626 = EDGE_CURVE('',#14618,#2752,#14627,.T.);
#14627 = LINE('',#14628,#14629);
#14628 = CARTESIAN_POINT('',(-1.410096548697,-50.8,204.92699760926));
#14629 = VECTOR('',#14630,1.);
#14630 = DIRECTION('',(0.,1.,0.));
#14631 = ORIENTED_EDGE('',*,*,#2760,.F.);
#14632 = CYLINDRICAL_SURFACE('',#14633,1.469292842572);
#14633 = AXIS2_PLACEMENT_3D('',#14634,#14635,#14636);
#14634 = CARTESIAN_POINT('',(-2.860819286433,-50.8,205.15986021994));
#14635 = DIRECTION('',(-0.,-1.,-0.));
#14636 = DIRECTION('',(0.987361195605,0.,-0.158486180512));
#14637 = ADVANCED_FACE('',(#14638),#14657,.T.);
#14638 = FACE_BOUND('',#14639,.T.);
#14639 = EDGE_LOOP('',(#14640,#14649,#14655,#14656));
#14640 = ORIENTED_EDGE('',*,*,#14641,.F.);
#14641 = EDGE_CURVE('',#14642,#14618,#14644,.T.);
#14642 = VERTEX_POINT('',#14643);
#14643 = CARTESIAN_POINT('',(-1.272327812996,-50.7,205.08830407368));
#14644 = CIRCLE('',#14645,0.15);
#14645 = AXIS2_PLACEMENT_3D('',#14646,#14647,#14648);
#14646 = CARTESIAN_POINT('',(-1.260558948637,-50.7,204.93876647362));
#14647 = DIRECTION('',(0.,-1.,0.));
#14648 = DIRECTION('',(-7.845909572801E-02,0.,0.996917333733));
#14649 = ORIENTED_EDGE('',*,*,#14650,.T.);
#14650 = EDGE_CURVE('',#14642,#2744,#14651,.T.);
#14651 = LINE('',#14652,#14653);
#14652 = CARTESIAN_POINT('',(-1.272327812996,-50.8,205.08830407368));
#14653 = VECTOR('',#14654,1.);
#14654 = DIRECTION('',(0.,1.,0.));
#14655 = ORIENTED_EDGE('',*,*,#2751,.T.);
#14656 = ORIENTED_EDGE('',*,*,#14626,.F.);
#14657 = CYLINDRICAL_SURFACE('',#14658,0.15);
#14658 = AXIS2_PLACEMENT_3D('',#14659,#14660,#14661);
#14659 = CARTESIAN_POINT('',(-1.260558948637,-50.8,204.93876647362));
#14660 = DIRECTION('',(0.,-1.,0.));
#14661 = DIRECTION('',(-7.845909572801E-02,0.,0.996917333733));
#14662 = ADVANCED_FACE('',(#14663),#14681,.T.);
#14663 = FACE_BOUND('',#14664,.T.);
#14664 = EDGE_LOOP('',(#14665,#14673,#14679,#14680));
#14665 = ORIENTED_EDGE('',*,*,#14666,.F.);
#14666 = EDGE_CURVE('',#14667,#14642,#14669,.T.);
#14667 = VERTEX_POINT('',#14668);
#14668 = CARTESIAN_POINT('',(-0.7,-50.7,205.1107908947));
#14669 = LINE('',#14670,#14671);
#14670 = CARTESIAN_POINT('',(-0.843081953249,-50.7,205.10516918944));
#14671 = VECTOR('',#14672,1.);
#14672 = DIRECTION('',(-0.999229036241,0.,-3.925981575907E-02));
#14673 = ORIENTED_EDGE('',*,*,#14674,.T.);
#14674 = EDGE_CURVE('',#14667,#2735,#14675,.T.);
#14675 = LINE('',#14676,#14677);
#14676 = CARTESIAN_POINT('',(-0.7,-50.8,205.1107908947));
#14677 = VECTOR('',#14678,1.);
#14678 = DIRECTION('',(0.,1.,0.));
#14679 = ORIENTED_EDGE('',*,*,#2743,.T.);
#14680 = ORIENTED_EDGE('',*,*,#14650,.F.);
#14681 = PLANE('',#14682);
#14682 = AXIS2_PLACEMENT_3D('',#14683,#14684,#14685);
#14683 = CARTESIAN_POINT('',(-0.7,-50.8,205.1107908947));
#14684 = DIRECTION('',(-3.925981575907E-02,0.,0.999229036241));
#14685 = DIRECTION('',(-0.999229036241,0.,-3.925981575907E-02));
#14686 = ADVANCED_FACE('',(#14687),#14706,.T.);
#14687 = FACE_BOUND('',#14688,.T.);
#14688 = EDGE_LOOP('',(#14689,#14698,#14704,#14705));
#14689 = ORIENTED_EDGE('',*,*,#14690,.F.);
#14690 = EDGE_CURVE('',#14691,#14667,#14693,.T.);
#14691 = VERTEX_POINT('',#14692);
#14692 = CARTESIAN_POINT('',(-0.55,-50.7,204.9607908947));
#14693 = CIRCLE('',#14694,0.15);
#14694 = AXIS2_PLACEMENT_3D('',#14695,#14696,#14697);
#14695 = CARTESIAN_POINT('',(-0.7,-50.7,204.9607908947));
#14696 = DIRECTION('',(0.,-1.,0.));
#14697 = DIRECTION('',(1.,0.,0.));
#14698 = ORIENTED_EDGE('',*,*,#14699,.T.);
#14699 = EDGE_CURVE('',#14691,#2726,#14700,.T.);
#14700 = LINE('',#14701,#14702);
#14701 = CARTESIAN_POINT('',(-0.55,-50.8,204.9607908947));
#14702 = VECTOR('',#14703,1.);
#14703 = DIRECTION('',(0.,1.,0.));
#14704 = ORIENTED_EDGE('',*,*,#2734,.T.);
#14705 = ORIENTED_EDGE('',*,*,#14674,.F.);
#14706 = CYLINDRICAL_SURFACE('',#14707,0.15);
#14707 = AXIS2_PLACEMENT_3D('',#14708,#14709,#14710);
#14708 = CARTESIAN_POINT('',(-0.7,-50.8,204.9607908947));
#14709 = DIRECTION('',(0.,-1.,0.));
#14710 = DIRECTION('',(1.,0.,0.));
#14711 = ADVANCED_FACE('',(#14712),#14731,.F.);
#14712 = FACE_BOUND('',#14713,.T.);
#14713 = EDGE_LOOP('',(#14714,#14715,#14724,#14730));
#14714 = ORIENTED_EDGE('',*,*,#14699,.F.);
#14715 = ORIENTED_EDGE('',*,*,#14716,.T.);
#14716 = EDGE_CURVE('',#14691,#14717,#14719,.T.);
#14717 = VERTEX_POINT('',#14718);
#14718 = CARTESIAN_POINT('',(-0.416025403784,-50.7,204.6107908947));
#14719 = CIRCLE('',#14720,1.469292842572);
#14720 = AXIS2_PLACEMENT_3D('',#14721,#14722,#14723);
#14721 = CARTESIAN_POINT('',(0.877980453827,-50.7,205.30675806181));
#14722 = DIRECTION('',(0.,-1.,-0.));
#14723 = DIRECTION('',(-0.880699762579,0.,-0.473674918265));
#14724 = ORIENTED_EDGE('',*,*,#14725,.T.);
#14725 = EDGE_CURVE('',#14717,#2717,#14726,.T.);
#14726 = LINE('',#14727,#14728);
#14727 = CARTESIAN_POINT('',(-0.416025403784,-50.8,204.6107908947));
#14728 = VECTOR('',#14729,1.);
#14729 = DIRECTION('',(0.,1.,0.));
#14730 = ORIENTED_EDGE('',*,*,#2725,.F.);
#14731 = CYLINDRICAL_SURFACE('',#14732,1.469292842572);
#14732 = AXIS2_PLACEMENT_3D('',#14733,#14734,#14735);
#14733 = CARTESIAN_POINT('',(0.877980453827,-50.8,205.30675806181));
#14734 = DIRECTION('',(-0.,-1.,-0.));
#14735 = DIRECTION('',(-0.880699762579,0.,-0.473674918265));
#14736 = ADVANCED_FACE('',(#14737),#14756,.F.);
#14737 = FACE_BOUND('',#14738,.T.);
#14738 = EDGE_LOOP('',(#14739,#14740,#14749,#14755));
#14739 = ORIENTED_EDGE('',*,*,#14725,.F.);
#14740 = ORIENTED_EDGE('',*,*,#14741,.T.);
#14741 = EDGE_CURVE('',#14717,#14742,#14744,.T.);
#14742 = VERTEX_POINT('',#14743);
#14743 = CARTESIAN_POINT('',(0.416025403784,-50.7,204.6107908947));
#14744 = CIRCLE('',#14745,0.471154273188);
#14745 = AXIS2_PLACEMENT_3D('',#14746,#14747,#14748);
#14746 = CARTESIAN_POINT('',(1.484923295436E-15,-50.7,204.83194516789));
#14747 = DIRECTION('',(0.,-1.,-0.));
#14748 = DIRECTION('',(0.88299189344,0.,-0.469388236026));
#14749 = ORIENTED_EDGE('',*,*,#14750,.T.);
#14750 = EDGE_CURVE('',#14742,#2708,#14751,.T.);
#14751 = LINE('',#14752,#14753);
#14752 = CARTESIAN_POINT('',(0.416025403784,-50.8,204.6107908947));
#14753 = VECTOR('',#14754,1.);
#14754 = DIRECTION('',(0.,1.,0.));
#14755 = ORIENTED_EDGE('',*,*,#2716,.F.);
#14756 = CYLINDRICAL_SURFACE('',#14757,0.471154273188);
#14757 = AXIS2_PLACEMENT_3D('',#14758,#14759,#14760);
#14758 = CARTESIAN_POINT('',(1.484923295436E-15,-50.8,204.83194516789));
#14759 = DIRECTION('',(-0.,-1.,-0.));
#14760 = DIRECTION('',(0.88299189344,0.,-0.469388236026));
#14761 = ADVANCED_FACE('',(#14762),#14781,.F.);
#14762 = FACE_BOUND('',#14763,.T.);
#14763 = EDGE_LOOP('',(#14764,#14765,#14774,#14780));
#14764 = ORIENTED_EDGE('',*,*,#14750,.F.);
#14765 = ORIENTED_EDGE('',*,*,#14766,.T.);
#14766 = EDGE_CURVE('',#14742,#14767,#14769,.T.);
#14767 = VERTEX_POINT('',#14768);
#14768 = CARTESIAN_POINT('',(0.55,-50.7,204.9607908947));
#14769 = CIRCLE('',#14770,1.469292842572);
#14770 = AXIS2_PLACEMENT_3D('',#14771,#14772,#14773);
#14771 = CARTESIAN_POINT('',(-0.877980453827,-50.7,205.30675806181));
#14772 = DIRECTION('',(0.,-1.,-0.));
#14773 = DIRECTION('',(0.971882808146,0.,-0.235465087074));
#14774 = ORIENTED_EDGE('',*,*,#14775,.T.);
#14775 = EDGE_CURVE('',#14767,#2699,#14776,.T.);
#14776 = LINE('',#14777,#14778);
#14777 = CARTESIAN_POINT('',(0.55,-50.8,204.9607908947));
#14778 = VECTOR('',#14779,1.);
#14779 = DIRECTION('',(0.,1.,0.));
#14780 = ORIENTED_EDGE('',*,*,#2707,.F.);
#14781 = CYLINDRICAL_SURFACE('',#14782,1.469292842572);
#14782 = AXIS2_PLACEMENT_3D('',#14783,#14784,#14785);
#14783 = CARTESIAN_POINT('',(-0.877980453827,-50.8,205.30675806181));
#14784 = DIRECTION('',(-0.,-1.,-0.));
#14785 = DIRECTION('',(0.971882808146,0.,-0.235465087074));
#14786 = ADVANCED_FACE('',(#14787),#14806,.T.);
#14787 = FACE_BOUND('',#14788,.T.);
#14788 = EDGE_LOOP('',(#14789,#14798,#14804,#14805));
#14789 = ORIENTED_EDGE('',*,*,#14790,.F.);
#14790 = EDGE_CURVE('',#14791,#14767,#14793,.T.);
#14791 = VERTEX_POINT('',#14792);
#14792 = CARTESIAN_POINT('',(0.7,-50.7,205.1107908947));
#14793 = CIRCLE('',#14794,0.15);
#14794 = AXIS2_PLACEMENT_3D('',#14795,#14796,#14797);
#14795 = CARTESIAN_POINT('',(0.7,-50.7,204.9607908947));
#14796 = DIRECTION('',(0.,-1.,0.));
#14797 = DIRECTION('',(3.256654205567E-14,0.,1.));
#14798 = ORIENTED_EDGE('',*,*,#14799,.T.);
#14799 = EDGE_CURVE('',#14791,#2691,#14800,.T.);
#14800 = LINE('',#14801,#14802);
#14801 = CARTESIAN_POINT('',(0.7,-50.8,205.1107908947));
#14802 = VECTOR('',#14803,1.);
#14803 = DIRECTION('',(0.,1.,0.));
#14804 = ORIENTED_EDGE('',*,*,#2698,.T.);
#14805 = ORIENTED_EDGE('',*,*,#14775,.F.);
#14806 = CYLINDRICAL_SURFACE('',#14807,0.15);
#14807 = AXIS2_PLACEMENT_3D('',#14808,#14809,#14810);
#14808 = CARTESIAN_POINT('',(0.7,-50.8,204.9607908947));
#14809 = DIRECTION('',(0.,-1.,0.));
#14810 = DIRECTION('',(3.256654205567E-14,0.,1.));
#14811 = ADVANCED_FACE('',(#14812),#14830,.T.);
#14812 = FACE_BOUND('',#14813,.T.);
#14813 = EDGE_LOOP('',(#14814,#14822,#14828,#14829));
#14814 = ORIENTED_EDGE('',*,*,#14815,.F.);
#14815 = EDGE_CURVE('',#14816,#14791,#14818,.T.);
#14816 = VERTEX_POINT('',#14817);
#14817 = CARTESIAN_POINT('',(1.272327812996,-50.7,205.08830407368));
#14818 = LINE('',#14819,#14820);
#14819 = CARTESIAN_POINT('',(1.129245859747,-50.7,205.09392577894));
#14820 = VECTOR('',#14821,1.);
#14821 = DIRECTION('',(-0.999229036241,0.,3.925981575907E-02));
#14822 = ORIENTED_EDGE('',*,*,#14823,.T.);
#14823 = EDGE_CURVE('',#14816,#2682,#14824,.T.);
#14824 = LINE('',#14825,#14826);
#14825 = CARTESIAN_POINT('',(1.272327812996,-50.8,205.08830407368));
#14826 = VECTOR('',#14827,1.);
#14827 = DIRECTION('',(0.,1.,0.));
#14828 = ORIENTED_EDGE('',*,*,#2690,.T.);
#14829 = ORIENTED_EDGE('',*,*,#14799,.F.);
#14830 = PLANE('',#14831);
#14831 = AXIS2_PLACEMENT_3D('',#14832,#14833,#14834);
#14832 = CARTESIAN_POINT('',(1.272327812996,-50.8,205.08830407368));
#14833 = DIRECTION('',(3.925981575907E-02,-0.,0.999229036241));
#14834 = DIRECTION('',(-0.999229036241,0.,3.925981575907E-02));
#14835 = ADVANCED_FACE('',(#14836),#14855,.T.);
#14836 = FACE_BOUND('',#14837,.T.);
#14837 = EDGE_LOOP('',(#14838,#14847,#14853,#14854));
#14838 = ORIENTED_EDGE('',*,*,#14839,.F.);
#14839 = EDGE_CURVE('',#14840,#14816,#14842,.T.);
#14840 = VERTEX_POINT('',#14841);
#14841 = CARTESIAN_POINT('',(1.410096548697,-50.7,204.92699760926));
#14842 = CIRCLE('',#14843,0.15);
#14843 = AXIS2_PLACEMENT_3D('',#14844,#14845,#14846);
#14844 = CARTESIAN_POINT('',(1.260558948637,-50.7,204.93876647362));
#14845 = DIRECTION('',(0.,-1.,0.));
#14846 = DIRECTION('',(0.996917333733,0.,-7.845909572778E-02));
#14847 = ORIENTED_EDGE('',*,*,#14848,.T.);
#14848 = EDGE_CURVE('',#14840,#2673,#14849,.T.);
#14849 = LINE('',#14850,#14851);
#14850 = CARTESIAN_POINT('',(1.410096548697,-50.8,204.92699760926));
#14851 = VECTOR('',#14852,1.);
#14852 = DIRECTION('',(0.,1.,0.));
#14853 = ORIENTED_EDGE('',*,*,#2681,.T.);
#14854 = ORIENTED_EDGE('',*,*,#14823,.F.);
#14855 = CYLINDRICAL_SURFACE('',#14856,0.15);
#14856 = AXIS2_PLACEMENT_3D('',#14857,#14858,#14859);
#14857 = CARTESIAN_POINT('',(1.260558948637,-50.8,204.93876647362));
#14858 = DIRECTION('',(0.,-1.,0.));
#14859 = DIRECTION('',(0.996917333733,0.,-7.845909572778E-02));
#14860 = ADVANCED_FACE('',(#14861),#14880,.F.);
#14861 = FACE_BOUND('',#14862,.T.);
#14862 = EDGE_LOOP('',(#14863,#14864,#14873,#14879));
#14863 = ORIENTED_EDGE('',*,*,#14848,.F.);
#14864 = ORIENTED_EDGE('',*,*,#14865,.T.);
#14865 = EDGE_CURVE('',#14840,#14866,#14868,.T.);
#14866 = VERTEX_POINT('',#14867);
#14867 = CARTESIAN_POINT('',(1.516197462439,-50.7,204.56756501679));
#14868 = CIRCLE('',#14869,1.469292842572);
#14869 = AXIS2_PLACEMENT_3D('',#14870,#14871,#14872);
#14870 = CARTESIAN_POINT('',(2.860819286433,-50.7,205.15986021994));
#14871 = DIRECTION('',(0.,-1.,-0.));
#14872 = DIRECTION('',(-0.915148964885,0.,-0.403115829594));
#14873 = ORIENTED_EDGE('',*,*,#14874,.T.);
#14874 = EDGE_CURVE('',#14866,#2664,#14875,.T.);
#14875 = LINE('',#14876,#14877);
#14876 = CARTESIAN_POINT('',(1.516197462439,-50.8,204.56756501679));
#14877 = VECTOR('',#14878,1.);
#14878 = DIRECTION('',(0.,1.,0.));
#14879 = ORIENTED_EDGE('',*,*,#2672,.F.);
#14880 = CYLINDRICAL_SURFACE('',#14881,1.469292842572);
#14881 = AXIS2_PLACEMENT_3D('',#14882,#14883,#14884);
#14882 = CARTESIAN_POINT('',(2.860819286433,-50.8,205.15986021994));
#14883 = DIRECTION('',(-0.,-1.,-0.));
#14884 = DIRECTION('',(-0.915148964885,0.,-0.403115829594));
#14885 = ADVANCED_FACE('',(#14886),#14905,.F.);
#14886 = FACE_BOUND('',#14887,.T.);
#14887 = EDGE_LOOP('',(#14888,#14889,#14898,#14904));
#14888 = ORIENTED_EDGE('',*,*,#14874,.F.);
#14889 = ORIENTED_EDGE('',*,*,#14890,.T.);
#14890 = EDGE_CURVE('',#14866,#14891,#14893,.T.);
#14891 = VERTEX_POINT('',#14892);
#14892 = CARTESIAN_POINT('',(2.345683335052,-50.7,204.50228306283));
#14893 = CIRCLE('',#14894,0.471154273188);
#14894 = AXIS2_PLACEMENT_3D('',#14895,#14896,#14897);
#14895 = CARTESIAN_POINT('',(1.948291963036,-50.7,204.75539656818));
#14896 = DIRECTION('',(0.,-1.,-0.));
#14897 = DIRECTION('',(0.843442147572,0.,-0.537220014239));
#14898 = ORIENTED_EDGE('',*,*,#14899,.T.);
#14899 = EDGE_CURVE('',#14891,#2655,#14900,.T.);
#14900 = LINE('',#14901,#14902);
#14901 = CARTESIAN_POINT('',(2.345683335052,-50.8,204.50228306283));
#14902 = VECTOR('',#14903,1.);
#14903 = DIRECTION('',(0.,1.,0.));
#14904 = ORIENTED_EDGE('',*,*,#2663,.F.);
#14905 = CYLINDRICAL_SURFACE('',#14906,0.471154273188);
#14906 = AXIS2_PLACEMENT_3D('',#14907,#14908,#14909);
#14907 = CARTESIAN_POINT('',(1.948291963036,-50.8,204.75539656818));
#14908 = DIRECTION('',(-0.,-1.,-0.));
#14909 = DIRECTION('',(0.843442147572,0.,-0.537220014239));
#14910 = ADVANCED_FACE('',(#14911),#14930,.F.);
#14911 = FACE_BOUND('',#14912,.T.);
#14912 = EDGE_LOOP('',(#14913,#14914,#14923,#14929));
#14913 = ORIENTED_EDGE('',*,*,#14899,.F.);
#14914 = ORIENTED_EDGE('',*,*,#14915,.T.);
#14915 = EDGE_CURVE('',#14891,#14916,#14918,.T.);
#14916 = VERTEX_POINT('',#14917);
#14917 = CARTESIAN_POINT('',(2.506705615803,-50.7,204.84069260396));
#14918 = CIRCLE('',#14919,1.469292842572);
#14919 = AXIS2_PLACEMENT_3D('',#14920,#14921,#14922);
#14920 = CARTESIAN_POINT('',(1.110271420235,-50.7,205.29763132488));
#14921 = DIRECTION('',(0.,-1.,-0.));
#14922 = DIRECTION('',(0.95041243999,0.,-0.310992273073));
#14923 = ORIENTED_EDGE('',*,*,#14924,.T.);
#14924 = EDGE_CURVE('',#14916,#2646,#14925,.T.);
#14925 = LINE('',#14926,#14927);
#14926 = CARTESIAN_POINT('',(2.506705615803,-50.8,204.84069260396));
#14927 = VECTOR('',#14928,1.);
#14928 = DIRECTION('',(0.,1.,0.));
#14929 = ORIENTED_EDGE('',*,*,#2654,.F.);
#14930 = CYLINDRICAL_SURFACE('',#14931,1.469292842572);
#14931 = AXIS2_PLACEMENT_3D('',#14932,#14933,#14934);
#14932 = CARTESIAN_POINT('',(1.110271420235,-50.8,205.29763132488));
#14933 = DIRECTION('',(-0.,-1.,-0.));
#14934 = DIRECTION('',(0.95041243999,0.,-0.310992273073));
#14935 = ADVANCED_FACE('',(#14936),#14955,.T.);
#14936 = FACE_BOUND('',#14937,.T.);
#14937 = EDGE_LOOP('',(#14938,#14947,#14953,#14954));
#14938 = ORIENTED_EDGE('',*,*,#14939,.F.);
#14939 = EDGE_CURVE('',#14940,#14916,#14942,.T.);
#14940 = VERTEX_POINT('',#14941);
#14941 = CARTESIAN_POINT('',(2.668012080223,-50.7,204.97846133966));
#14942 = CIRCLE('',#14943,0.15);
#14943 = AXIS2_PLACEMENT_3D('',#14944,#14945,#14946);
#14944 = CARTESIAN_POINT('',(2.656243215863,-50.7,204.8289237396));
#14945 = DIRECTION('',(0.,-1.,0.));
#14946 = DIRECTION('',(7.845909572787E-02,0.,0.996917333733));
#14947 = ORIENTED_EDGE('',*,*,#14948,.T.);
#14948 = EDGE_CURVE('',#14940,#2638,#14949,.T.);
#14949 = LINE('',#14950,#14951);
#14950 = CARTESIAN_POINT('',(2.668012080223,-50.8,204.97846133966));
#14951 = VECTOR('',#14952,1.);
#14952 = DIRECTION('',(0.,1.,0.));
#14953 = ORIENTED_EDGE('',*,*,#2645,.T.);
#14954 = ORIENTED_EDGE('',*,*,#14924,.F.);
#14955 = CYLINDRICAL_SURFACE('',#14956,0.15);
#14956 = AXIS2_PLACEMENT_3D('',#14957,#14958,#14959);
#14957 = CARTESIAN_POINT('',(2.656243215863,-50.8,204.8289237396));
#14958 = DIRECTION('',(0.,-1.,0.));
#14959 = DIRECTION('',(7.845909572787E-02,0.,0.996917333733));
#14960 = ADVANCED_FACE('',(#14961),#14979,.T.);
#14961 = FACE_BOUND('',#14962,.T.);
#14962 = EDGE_LOOP('',(#14963,#14971,#14977,#14978));
#14963 = ORIENTED_EDGE('',*,*,#14964,.F.);
#14964 = EDGE_CURVE('',#14965,#14940,#14967,.T.);
#14965 = VERTEX_POINT('',#14966);
#14966 = CARTESIAN_POINT('',(3.236811301933,-50.7,204.91113951534));
#14967 = LINE('',#14968,#14969);
#14968 = CARTESIAN_POINT('',(3.094611496506,-50.7,204.92796997142));
#14969 = VECTOR('',#14970,1.);
#14970 = DIRECTION('',(-0.993068456955,0.,0.117537397458));
#14971 = ORIENTED_EDGE('',*,*,#14972,.T.);
#14972 = EDGE_CURVE('',#14965,#2629,#14973,.T.);
#14973 = LINE('',#14974,#14975);
#14974 = CARTESIAN_POINT('',(3.236811301933,-50.8,204.91113951534));
#14975 = VECTOR('',#14976,1.);
#14976 = DIRECTION('',(0.,1.,0.));
#14977 = ORIENTED_EDGE('',*,*,#2637,.T.);
#14978 = ORIENTED_EDGE('',*,*,#14948,.F.);
#14979 = PLANE('',#14980);
#14980 = AXIS2_PLACEMENT_3D('',#14981,#14982,#14983);
#14981 = CARTESIAN_POINT('',(3.236811301933,-50.8,204.91113951534));
#14982 = DIRECTION('',(0.117537397458,-0.,0.993068456955));
#14983 = DIRECTION('',(-0.993068456955,0.,0.117537397458));
#14984 = ADVANCED_FACE('',(#14985),#15004,.T.);
#14985 = FACE_BOUND('',#14986,.T.);
#14986 = EDGE_LOOP('',(#14987,#14996,#15002,#15003));
#14987 = ORIENTED_EDGE('',*,*,#14988,.F.);
#14988 = EDGE_CURVE('',#14989,#14965,#14991,.T.);
#14989 = VERTEX_POINT('',#14990);
#14990 = CARTESIAN_POINT('',(3.361499383267,-50.7,204.7395210945));
#14991 = CIRCLE('',#14992,0.15);
#14992 = AXIS2_PLACEMENT_3D('',#14993,#14994,#14995);
#14993 = CARTESIAN_POINT('',(3.213346132177,-50.7,204.76298626426));
#14994 = DIRECTION('',(0.,-1.,0.));
#14995 = DIRECTION('',(0.987688340595,0.,-0.15643446504));
#14996 = ORIENTED_EDGE('',*,*,#14997,.T.);
#14997 = EDGE_CURVE('',#14989,#2620,#14998,.T.);
#14998 = LINE('',#14999,#15000);
#14999 = CARTESIAN_POINT('',(3.361499383267,-50.8,204.7395210945));
#15000 = VECTOR('',#15001,1.);
#15001 = DIRECTION('',(0.,1.,0.));
#15002 = ORIENTED_EDGE('',*,*,#2628,.T.);
#15003 = ORIENTED_EDGE('',*,*,#14972,.F.);
#15004 = CYLINDRICAL_SURFACE('',#15005,0.15);
#15005 = AXIS2_PLACEMENT_3D('',#15006,#15007,#15008);
#15006 = CARTESIAN_POINT('',(3.213346132177,-50.8,204.76298626426));
#15007 = DIRECTION('',(0.,-1.,0.));
#15008 = DIRECTION('',(0.987688340595,0.,-0.15643446504));
#15009 = ADVANCED_FACE('',(#15010),#15029,.F.);
#15010 = FACE_BOUND('',#15011,.T.);
#15011 = EDGE_LOOP('',(#15012,#15013,#15022,#15028));
#15012 = ORIENTED_EDGE('',*,*,#14997,.F.);
#15013 = ORIENTED_EDGE('',*,*,#15014,.T.);
#15014 = EDGE_CURVE('',#14989,#15015,#15017,.T.);
#15015 = VERTEX_POINT('',#15016);
#15016 = CARTESIAN_POINT('',(3.439072467121,-50.7,204.372871931));
#15017 = CIRCLE('',#15018,1.469292842572);
#15018 = AXIS2_PLACEMENT_3D('',#15019,#15020,#15021);
#15019 = CARTESIAN_POINT('',(4.826020216819,-50.7,204.8578434733));
#15020 = DIRECTION('',(0.,-1.,-0.));
#15021 = DIRECTION('',(-0.943955969506,0.,-0.330071397783));
#15022 = ORIENTED_EDGE('',*,*,#15023,.T.);
#15023 = EDGE_CURVE('',#15015,#2611,#15024,.T.);
#15024 = LINE('',#15025,#15026);
#15025 = CARTESIAN_POINT('',(3.439072467121,-50.8,204.372871931));
#15026 = VECTOR('',#15027,1.);
#15027 = DIRECTION('',(0.,1.,0.));
#15028 = ORIENTED_EDGE('',*,*,#2619,.F.);
#15029 = CYLINDRICAL_SURFACE('',#15030,1.469292842572);
#15030 = AXIS2_PLACEMENT_3D('',#15031,#15032,#15033);
#15031 = CARTESIAN_POINT('',(4.826020216819,-50.8,204.8578434733));
#15032 = DIRECTION('',(-0.,-1.,-0.));
#15033 = DIRECTION('',(-0.943955969506,0.,-0.330071397783));
#15034 = ADVANCED_FACE('',(#15035),#15054,.F.);
#15035 = FACE_BOUND('',#15036,.T.);
#15036 = EDGE_LOOP('',(#15037,#15038,#15047,#15053));
#15037 = ORIENTED_EDGE('',*,*,#15023,.F.);
#15038 = ORIENTED_EDGE('',*,*,#15039,.T.);
#15039 = EDGE_CURVE('',#15015,#15040,#15042,.T.);
#15040 = VERTEX_POINT('',#15041);
#15041 = CARTESIAN_POINT('',(4.260879348539,-50.7,204.24271050803));
#15042 = CIRCLE('',#15043,0.471154273188);
#15043 = AXIS2_PLACEMENT_3D('',#15044,#15045,#15046);
#15044 = CARTESIAN_POINT('',(3.884572058247,-50.7,204.52622271662));
#15045 = DIRECTION('',(0.,-1.,-0.));
#15046 = DIRECTION('',(0.798692300391,0.,-0.601739652421));
#15047 = ORIENTED_EDGE('',*,*,#15048,.T.);
#15048 = EDGE_CURVE('',#15040,#2602,#15049,.T.);
#15049 = LINE('',#15050,#15051);
#15050 = CARTESIAN_POINT('',(4.260879348539,-50.8,204.24271050803));
#15051 = VECTOR('',#15052,1.);
#15052 = DIRECTION('',(0.,1.,0.));
#15053 = ORIENTED_EDGE('',*,*,#2610,.F.);
#15054 = CYLINDRICAL_SURFACE('',#15055,0.471154273188);
#15055 = AXIS2_PLACEMENT_3D('',#15056,#15057,#15058);
#15056 = CARTESIAN_POINT('',(3.884572058247,-50.8,204.52622271662));
#15057 = DIRECTION('',(-0.,-1.,-0.));
#15058 = DIRECTION('',(0.798692300391,0.,-0.601739652421));
#15059 = ADVANCED_FACE('',(#15060),#15079,.F.);
#15060 = FACE_BOUND('',#15061,.T.);
#15061 = EDGE_LOOP('',(#15062,#15063,#15072,#15078));
#15062 = ORIENTED_EDGE('',*,*,#15048,.F.);
#15063 = ORIENTED_EDGE('',*,*,#15064,.T.);
#15064 = EDGE_CURVE('',#15040,#15065,#15067,.T.);
#15065 = VERTEX_POINT('',#15066);
#15066 = CARTESIAN_POINT('',(4.447956557921,-50.7,204.56744318296));
#15067 = CIRCLE('',#15068,1.469292842572);
#15068 = AXIS2_PLACEMENT_3D('',#15069,#15070,#15071);
#15069 = CARTESIAN_POINT('',(3.091678101787,-50.7,205.13253627852));
#15070 = DIRECTION('',(0.,-1.,-0.));
#15071 = DIRECTION('',(0.923082463098,0.,-0.384602088294));
#15072 = ORIENTED_EDGE('',*,*,#15073,.T.);
#15073 = EDGE_CURVE('',#15065,#2593,#15074,.T.);
#15074 = LINE('',#15075,#15076);
#15075 = CARTESIAN_POINT('',(4.447956557921,-50.8,204.56744318296));
#15076 = VECTOR('',#15077,1.);
#15077 = DIRECTION('',(0.,1.,0.));
#15078 = ORIENTED_EDGE('',*,*,#2601,.F.);
#15079 = CYLINDRICAL_SURFACE('',#15080,1.469292842572);
#15080 = AXIS2_PLACEMENT_3D('',#15081,#15082,#15083);
#15081 = CARTESIAN_POINT('',(3.091678101787,-50.8,205.13253627852));
#15082 = DIRECTION('',(-0.,-1.,-0.));
#15083 = DIRECTION('',(0.923082463098,0.,-0.384602088294));
#15084 = ADVANCED_FACE('',(#15085),#15104,.T.);
#15085 = FACE_BOUND('',#15086,.T.);
#15086 = EDGE_LOOP('',(#15087,#15096,#15102,#15103));
#15087 = ORIENTED_EDGE('',*,*,#15088,.F.);
#15088 = EDGE_CURVE('',#15089,#15065,#15091,.T.);
#15089 = VERTEX_POINT('',#15090);
#15090 = CARTESIAN_POINT('',(4.619574978767,-50.7,204.69213126429));
#15091 = CIRCLE('',#15092,0.15);
#15092 = AXIS2_PLACEMENT_3D('',#15093,#15094,#15095);
#15093 = CARTESIAN_POINT('',(4.596109809011,-50.7,204.5439780132));
#15094 = DIRECTION('',(0.,-1.,0.));
#15095 = DIRECTION('',(0.15643446504,0.,0.987688340595));
#15096 = ORIENTED_EDGE('',*,*,#15097,.T.);
#15097 = EDGE_CURVE('',#15089,#2585,#15098,.T.);
#15098 = LINE('',#15099,#15100);
#15099 = CARTESIAN_POINT('',(4.619574978767,-50.8,204.69213126429));
#15100 = VECTOR('',#15101,1.);
#15101 = DIRECTION('',(0.,1.,0.));
#15102 = ORIENTED_EDGE('',*,*,#2592,.T.);
#15103 = ORIENTED_EDGE('',*,*,#15073,.F.);
#15104 = CYLINDRICAL_SURFACE('',#15105,0.15);
#15105 = AXIS2_PLACEMENT_3D('',#15106,#15107,#15108);
#15106 = CARTESIAN_POINT('',(4.596109809011,-50.8,204.5439780132));
#15107 = DIRECTION('',(0.,-1.,0.));
#15108 = DIRECTION('',(0.15643446504,0.,0.987688340595));
#15109 = ADVANCED_FACE('',(#15110),#15128,.T.);
#15110 = FACE_BOUND('',#15111,.T.);
#15111 = EDGE_LOOP('',(#15112,#15120,#15126,#15127));
#15112 = ORIENTED_EDGE('',*,*,#15113,.F.);
#15113 = EDGE_CURVE('',#15114,#15089,#15116,.T.);
#15114 = VERTEX_POINT('',#15115);
#15115 = CARTESIAN_POINT('',(5.181338772845,-50.7,204.5803894981));
#15116 = LINE('',#15117,#15118);
#15117 = CARTESIAN_POINT('',(5.040897824325,-50.7,204.60832493965));
#15118 = VECTOR('',#15119,1.);
#15119 = DIRECTION('',(-0.980785280403,0.,0.195090322016));
#15120 = ORIENTED_EDGE('',*,*,#15121,.T.);
#15121 = EDGE_CURVE('',#15114,#2576,#15122,.T.);
#15122 = LINE('',#15123,#15124);
#15123 = CARTESIAN_POINT('',(5.181338772845,-50.8,204.5803894981));
#15124 = VECTOR('',#15125,1.);
#15125 = DIRECTION('',(0.,1.,0.));
#15126 = ORIENTED_EDGE('',*,*,#2584,.T.);
#15127 = ORIENTED_EDGE('',*,*,#15097,.F.);
#15128 = PLANE('',#15129);
#15129 = AXIS2_PLACEMENT_3D('',#15130,#15131,#15132);
#15130 = CARTESIAN_POINT('',(5.181338772845,-50.8,204.5803894981));
#15131 = DIRECTION('',(0.195090322016,-0.,0.980785280403));
#15132 = DIRECTION('',(-0.980785280403,0.,0.195090322016));
#15133 = ADVANCED_FACE('',(#15134),#15153,.T.);
#15134 = FACE_BOUND('',#15135,.T.);
#15135 = EDGE_LOOP('',(#15136,#15145,#15151,#15152));
#15136 = ORIENTED_EDGE('',*,*,#15137,.F.);
#15137 = EDGE_CURVE('',#15138,#15114,#15140,.T.);
#15138 = VERTEX_POINT('',#15139);
#15139 = CARTESIAN_POINT('',(5.292177456326,-50.7,204.39951720546));
#15140 = CIRCLE('',#15141,0.15);
#15141 = AXIS2_PLACEMENT_3D('',#15142,#15143,#15144);
#15142 = CARTESIAN_POINT('',(5.146321968267,-50.7,204.43453401004));
#15143 = DIRECTION('',(0.,-1.,0.));
#15144 = DIRECTION('',(0.972369920398,0.,-0.233445363856));
#15145 = ORIENTED_EDGE('',*,*,#15146,.T.);
#15146 = EDGE_CURVE('',#15138,#2567,#15147,.T.);
#15147 = LINE('',#15148,#15149);
#15148 = CARTESIAN_POINT('',(5.292177456326,-50.8,204.39951720546));
#15149 = VECTOR('',#15150,1.);
#15150 = DIRECTION('',(0.,1.,0.));
#15151 = ORIENTED_EDGE('',*,*,#2575,.T.);
#15152 = ORIENTED_EDGE('',*,*,#15121,.F.);
#15153 = CYLINDRICAL_SURFACE('',#15154,0.15);
#15154 = AXIS2_PLACEMENT_3D('',#15155,#15156,#15157);
#15155 = CARTESIAN_POINT('',(5.146321968267,-50.8,204.43453401004));
#15156 = DIRECTION('',(0.,-1.,0.));
#15157 = DIRECTION('',(0.972369920398,0.,-0.233445363856));
#15158 = ADVANCED_FACE('',(#15159),#15178,.F.);
#15159 = FACE_BOUND('',#15160,.T.);
#15160 = EDGE_LOOP('',(#15161,#15162,#15171,#15177));
#15161 = ORIENTED_EDGE('',*,*,#15146,.F.);
#15162 = ORIENTED_EDGE('',*,*,#15163,.T.);
#15163 = EDGE_CURVE('',#15138,#15164,#15166,.T.);
#15164 = VERTEX_POINT('',#15165);
#15165 = CARTESIAN_POINT('',(5.340744446434,-50.7,204.02791198496));
#15166 = CIRCLE('',#15167,1.469292842572);
#15167 = AXIS2_PLACEMENT_3D('',#15168,#15169,#15170);
#15168 = CARTESIAN_POINT('',(6.761467127753,-50.7,204.40256985559));
#15169 = DIRECTION('',(0.,-1.,-0.));
#15170 = DIRECTION('',(-0.966943171677,0.,-0.254991966045));
#15171 = ORIENTED_EDGE('',*,*,#15172,.T.);
#15172 = EDGE_CURVE('',#15164,#2558,#15173,.T.);
#15173 = LINE('',#15174,#15175);
#15174 = CARTESIAN_POINT('',(5.340744446434,-50.8,204.02791198496));
#15175 = VECTOR('',#15176,1.);
#15176 = DIRECTION('',(0.,1.,0.));
#15177 = ORIENTED_EDGE('',*,*,#2566,.F.);
#15178 = CYLINDRICAL_SURFACE('',#15179,1.469292842572);
#15179 = AXIS2_PLACEMENT_3D('',#15180,#15181,#15182);
#15180 = CARTESIAN_POINT('',(6.761467127753,-50.8,204.40256985559));
#15181 = DIRECTION('',(-0.,-1.,-0.));
#15182 = DIRECTION('',(-0.966943171677,0.,-0.254991966045));
#15183 = ADVANCED_FACE('',(#15184),#15203,.F.);
#15184 = FACE_BOUND('',#15185,.T.);
#15185 = EDGE_LOOP('',(#15186,#15187,#15196,#15202));
#15186 = ORIENTED_EDGE('',*,*,#15172,.F.);
#15187 = ORIENTED_EDGE('',*,*,#15188,.T.);
#15188 = EDGE_CURVE('',#15164,#15189,#15191,.T.);
#15189 = VERTEX_POINT('',#15190);
#15190 = CARTESIAN_POINT('',(6.149805623957,-50.7,203.83367358144));
#15191 = CIRCLE('',#15192,0.471154273188);
#15192 = AXIS2_PLACEMENT_3D('',#15193,#15194,#15195);
#15193 = CARTESIAN_POINT('',(5.796902474968,-50.7,204.14583654622));
#15194 = DIRECTION('',(0.,-1.,-0.));
#15195 = DIRECTION('',(0.749018249587,0.,-0.662549365546));
#15196 = ORIENTED_EDGE('',*,*,#15197,.T.);
#15197 = EDGE_CURVE('',#15189,#2549,#15198,.T.);
#15198 = LINE('',#15199,#15200);
#15199 = CARTESIAN_POINT('',(6.149805623957,-50.8,203.83367358144));
#15200 = VECTOR('',#15201,1.);
#15201 = DIRECTION('',(0.,1.,0.));
#15202 = ORIENTED_EDGE('',*,*,#2557,.F.);
#15203 = CYLINDRICAL_SURFACE('',#15204,0.471154273188);
#15204 = AXIS2_PLACEMENT_3D('',#15205,#15206,#15207);
#15205 = CARTESIAN_POINT('',(5.796902474968,-50.8,204.14583654622));
#15206 = DIRECTION('',(-0.,-1.,-0.));
#15207 = DIRECTION('',(0.749018249587,0.,-0.662549365546));
#15208 = ADVANCED_FACE('',(#15209),#15228,.F.);
#15209 = FACE_BOUND('',#15210,.T.);
#15210 = EDGE_LOOP('',(#15211,#15212,#15221,#15227));
#15211 = ORIENTED_EDGE('',*,*,#15197,.F.);
#15212 = ORIENTED_EDGE('',*,*,#15213,.T.);
#15213 = EDGE_CURVE('',#15189,#15214,#15216,.T.);
#15214 = VERTEX_POINT('',#15215);
#15215 = CARTESIAN_POINT('',(6.361784368764,-50.7,204.14272730522));
#15216 = CIRCLE('',#15217,1.469292842574);
#15217 = AXIS2_PLACEMENT_3D('',#15218,#15219,#15220);
#15218 = CARTESIAN_POINT('',(5.054023559754,-50.7,204.81249078859));
#15219 = DIRECTION('',(0.,-1.,-0.));
#15220 = DIRECTION('',(0.890061375865,0.,-0.455840703748));
#15221 = ORIENTED_EDGE('',*,*,#15222,.T.);
#15222 = EDGE_CURVE('',#15214,#2540,#15223,.T.);
#15223 = LINE('',#15224,#15225);
#15224 = CARTESIAN_POINT('',(6.361784368764,-50.8,204.14272730522));
#15225 = VECTOR('',#15226,1.);
#15226 = DIRECTION('',(0.,1.,0.));
#15227 = ORIENTED_EDGE('',*,*,#2548,.F.);
#15228 = CYLINDRICAL_SURFACE('',#15229,1.469292842574);
#15229 = AXIS2_PLACEMENT_3D('',#15230,#15231,#15232);
#15230 = CARTESIAN_POINT('',(5.054023559754,-50.8,204.81249078859));
#15231 = DIRECTION('',(-0.,-1.,-0.));
#15232 = DIRECTION('',(0.890061375865,0.,-0.455840703748));
#15233 = ADVANCED_FACE('',(#15234),#15253,.T.);
#15234 = FACE_BOUND('',#15235,.T.);
#15235 = EDGE_LOOP('',(#15236,#15245,#15251,#15252));
#15236 = ORIENTED_EDGE('',*,*,#15237,.F.);
#15237 = EDGE_CURVE('',#15238,#15214,#15240,.T.);
#15238 = VERTEX_POINT('',#15239);
#15239 = CARTESIAN_POINT('',(6.542656661402,-50.7,204.2535659887));
#15240 = CIRCLE('',#15241,0.15);
#15241 = AXIS2_PLACEMENT_3D('',#15242,#15243,#15244);
#15242 = CARTESIAN_POINT('',(6.507639856824,-50.7,204.10771050064));
#15243 = DIRECTION('',(0.,-1.,0.));
#15244 = DIRECTION('',(0.233445363856,0.,0.972369920398));
#15245 = ORIENTED_EDGE('',*,*,#15246,.T.);
#15246 = EDGE_CURVE('',#15238,#2532,#15247,.T.);
#15247 = LINE('',#15248,#15249);
#15248 = CARTESIAN_POINT('',(6.542656661402,-50.8,204.2535659887));
#15249 = VECTOR('',#15250,1.);
#15250 = DIRECTION('',(0.,1.,0.));
#15251 = ORIENTED_EDGE('',*,*,#2539,.T.);
#15252 = ORIENTED_EDGE('',*,*,#15222,.F.);
#15253 = CYLINDRICAL_SURFACE('',#15254,0.15);
#15254 = AXIS2_PLACEMENT_3D('',#15255,#15256,#15257);
#15255 = CARTESIAN_POINT('',(6.507639856824,-50.8,204.10771050064));
#15256 = DIRECTION('',(0.,-1.,0.));
#15257 = DIRECTION('',(0.233445363856,0.,0.972369920398));
#15258 = ADVANCED_FACE('',(#15259),#15277,.T.);
#15259 = FACE_BOUND('',#15260,.T.);
#15260 = EDGE_LOOP('',(#15261,#15269,#15275,#15276));
#15261 = ORIENTED_EDGE('',*,*,#15262,.F.);
#15262 = EDGE_CURVE('',#15263,#15238,#15265,.T.);
#15263 = VERTEX_POINT('',#15264);
#15264 = CARTESIAN_POINT('',(7.093921567252,-50.7,204.09809320579));
#15265 = LINE('',#15266,#15267);
#15266 = CARTESIAN_POINT('',(6.956105340789,-50.7,204.13696140152));
#15267 = VECTOR('',#15268,1.);
#15268 = DIRECTION('',(-0.962455236454,0.,0.271440449865));
#15269 = ORIENTED_EDGE('',*,*,#15270,.T.);
#15270 = EDGE_CURVE('',#15263,#2523,#15271,.T.);
#15271 = LINE('',#15272,#15273);
#15272 = CARTESIAN_POINT('',(7.093921567252,-50.8,204.09809320579));
#15273 = VECTOR('',#15274,1.);
#15274 = DIRECTION('',(0.,1.,0.));
#15275 = ORIENTED_EDGE('',*,*,#2531,.T.);
#15276 = ORIENTED_EDGE('',*,*,#15246,.F.);
#15277 = PLANE('',#15278);
#15278 = AXIS2_PLACEMENT_3D('',#15279,#15280,#15281);
#15279 = CARTESIAN_POINT('',(7.093921567252,-50.8,204.09809320579));
#15280 = DIRECTION('',(0.271440449865,-0.,0.962455236454));
#15281 = DIRECTION('',(-0.962455236454,0.,0.271440449865));
#15282 = ADVANCED_FACE('',(#15283),#15302,.T.);
#15283 = FACE_BOUND('',#15284,.T.);
#15284 = EDGE_LOOP('',(#15285,#15294,#15300,#15301));
#15285 = ORIENTED_EDGE('',*,*,#15286,.F.);
#15286 = EDGE_CURVE('',#15287,#15263,#15289,.T.);
#15287 = VERTEX_POINT('',#15288);
#15288 = CARTESIAN_POINT('',(7.19022749554,-50.7,203.90908217919));
#15289 = CIRCLE('',#15290,0.15);
#15290 = AXIS2_PLACEMENT_3D('',#15291,#15292,#15293);
#15291 = CARTESIAN_POINT('',(7.047569018096,-50.7,203.95543472835));
#15292 = DIRECTION('',(0.,-1.,0.));
#15293 = DIRECTION('',(0.951056516295,0.,-0.309016994375));
#15294 = ORIENTED_EDGE('',*,*,#15295,.T.);
#15295 = EDGE_CURVE('',#15287,#2514,#15296,.T.);
#15296 = LINE('',#15297,#15298);
#15297 = CARTESIAN_POINT('',(7.19022749554,-50.8,203.90908217919));
#15298 = VECTOR('',#15299,1.);
#15299 = DIRECTION('',(0.,1.,0.));
#15300 = ORIENTED_EDGE('',*,*,#2522,.T.);
#15301 = ORIENTED_EDGE('',*,*,#15270,.F.);
#15302 = CYLINDRICAL_SURFACE('',#15303,0.15);
#15303 = AXIS2_PLACEMENT_3D('',#15304,#15305,#15306);
#15304 = CARTESIAN_POINT('',(7.047569018096,-50.8,203.95543472835));
#15305 = DIRECTION('',(0.,-1.,0.));
#15306 = DIRECTION('',(0.951056516295,0.,-0.309016994375));
#15307 = ADVANCED_FACE('',(#15308),#15327,.F.);
#15308 = FACE_BOUND('',#15309,.T.);
#15309 = EDGE_LOOP('',(#15310,#15311,#15320,#15326));
#15310 = ORIENTED_EDGE('',*,*,#15295,.F.);
#15311 = ORIENTED_EDGE('',*,*,#15312,.T.);
#15312 = EDGE_CURVE('',#15287,#15313,#15315,.T.);
#15313 = VERTEX_POINT('',#15314);
#15314 = CARTESIAN_POINT('',(7.209488960258,-50.7,203.53481197144));
#15315 = CIRCLE('',#15316,1.469292842572);
#15316 = AXIS2_PLACEMENT_3D('',#15317,#15318,#15319);
#15317 = CARTESIAN_POINT('',(8.655227345429,-50.7,203.79684628003));
#15318 = DIRECTION('',(0.,-1.,-0.));
#15319 = DIRECTION('',(-0.983968847653,0.,-0.178340424043));
#15320 = ORIENTED_EDGE('',*,*,#15321,.T.);
#15321 = EDGE_CURVE('',#15313,#2505,#15322,.T.);
#15322 = LINE('',#15323,#15324);
#15323 = CARTESIAN_POINT('',(7.209488960258,-50.8,203.53481197144));
#15324 = VECTOR('',#15325,1.);
#15325 = DIRECTION('',(0.,1.,0.));
#15326 = ORIENTED_EDGE('',*,*,#2513,.F.);
#15327 = CYLINDRICAL_SURFACE('',#15328,1.469292842572);
#15328 = AXIS2_PLACEMENT_3D('',#15329,#15330,#15331);
#15329 = CARTESIAN_POINT('',(8.655227345429,-50.8,203.79684628003));
#15330 = DIRECTION('',(-0.,-1.,-0.));
#15331 = DIRECTION('',(-0.983968847653,0.,-0.178340424043));
#15332 = ADVANCED_FACE('',(#15333),#15352,.F.);
#15333 = FACE_BOUND('',#15334,.T.);
#15334 = EDGE_LOOP('',(#15335,#15336,#15345,#15351));
#15335 = ORIENTED_EDGE('',*,*,#15321,.F.);
#15336 = ORIENTED_EDGE('',*,*,#15337,.T.);
#15337 = EDGE_CURVE('',#15313,#15338,#15340,.T.);
#15338 = VERTEX_POINT('',#15339);
#15339 = CARTESIAN_POINT('',(8.000816302685,-50.7,203.27769413172));
#15340 = CIRCLE('',#15341,0.471154273188);
#15341 = AXIS2_PLACEMENT_3D('',#15342,#15343,#15344);
#15342 = CARTESIAN_POINT('',(7.673493060265,-50.7,203.6165832642));
#15343 = DIRECTION('',(0.,-1.,-0.));
#15344 = DIRECTION('',(0.6947262522,0.,-0.719274241513));
#15345 = ORIENTED_EDGE('',*,*,#15346,.T.);
#15346 = EDGE_CURVE('',#15338,#2496,#15347,.T.);
#15347 = LINE('',#15348,#15349);
#15348 = CARTESIAN_POINT('',(8.000816302685,-50.8,203.27769413172));
#15349 = VECTOR('',#15350,1.);
#15350 = DIRECTION('',(0.,1.,0.));
#15351 = ORIENTED_EDGE('',*,*,#2504,.F.);
#15352 = CYLINDRICAL_SURFACE('',#15353,0.471154273188);
#15353 = AXIS2_PLACEMENT_3D('',#15354,#15355,#15356);
#15354 = CARTESIAN_POINT('',(7.673493060265,-50.8,203.6165832642));
#15355 = DIRECTION('',(-0.,-1.,-0.));
#15356 = DIRECTION('',(0.6947262522,0.,-0.719274241513));
#15357 = ADVANCED_FACE('',(#15358),#15377,.F.);
#15358 = FACE_BOUND('',#15359,.T.);
#15359 = EDGE_LOOP('',(#15360,#15361,#15370,#15376));
#15360 = ORIENTED_EDGE('',*,*,#15346,.F.);
#15361 = ORIENTED_EDGE('',*,*,#15362,.T.);
#15362 = EDGE_CURVE('',#15338,#15363,#15365,.T.);
#15363 = VERTEX_POINT('',#15364);
#15364 = CARTESIAN_POINT('',(8.236389663465,-50.7,203.56916348538));
#15365 = CIRCLE('',#15366,1.469292842573);
#15366 = AXIS2_PLACEMENT_3D('',#15367,#15368,#15369);
#15367 = CARTESIAN_POINT('',(6.985209281843,-50.7,204.33946804195));
#15368 = DIRECTION('',(0.,-1.,-0.));
#15369 = DIRECTION('',(0.851552764274,0.,-0.52426890968));
#15370 = ORIENTED_EDGE('',*,*,#15371,.T.);
#15371 = EDGE_CURVE('',#15363,#2487,#15372,.T.);
#15372 = LINE('',#15373,#15374);
#15373 = CARTESIAN_POINT('',(8.236389663465,-50.8,203.56916348538));
#15374 = VECTOR('',#15375,1.);
#15375 = DIRECTION('',(0.,1.,0.));
#15376 = ORIENTED_EDGE('',*,*,#2495,.F.);
#15377 = CYLINDRICAL_SURFACE('',#15378,1.469292842573);
#15378 = AXIS2_PLACEMENT_3D('',#15379,#15380,#15381);
#15379 = CARTESIAN_POINT('',(6.985209281843,-50.8,204.33946804195));
#15380 = DIRECTION('',(-0.,-1.,-0.));
#15381 = DIRECTION('',(0.851552764274,0.,-0.52426890968));
#15382 = ADVANCED_FACE('',(#15383),#15402,.T.);
#15383 = FACE_BOUND('',#15384,.T.);
#15384 = EDGE_LOOP('',(#15385,#15394,#15400,#15401));
#15385 = ORIENTED_EDGE('',*,*,#15386,.F.);
#15386 = EDGE_CURVE('',#15387,#15363,#15389,.T.);
#15387 = VERTEX_POINT('',#15388);
#15388 = CARTESIAN_POINT('',(8.425400690066,-50.7,203.66546941367));
#15389 = CIRCLE('',#15390,0.15);
#15390 = AXIS2_PLACEMENT_3D('',#15391,#15392,#15393);
#15391 = CARTESIAN_POINT('',(8.379048140909,-50.7,203.52281093622));
#15392 = DIRECTION('',(0.,-1.,0.));
#15393 = DIRECTION('',(0.309016994375,0.,0.951056516295));
#15394 = ORIENTED_EDGE('',*,*,#15395,.T.);
#15395 = EDGE_CURVE('',#15387,#2479,#15396,.T.);
#15396 = LINE('',#15397,#15398);
#15397 = CARTESIAN_POINT('',(8.425400690066,-50.8,203.66546941367));
#15398 = VECTOR('',#15399,1.);
#15399 = DIRECTION('',(0.,1.,0.));
#15400 = ORIENTED_EDGE('',*,*,#2486,.T.);
#15401 = ORIENTED_EDGE('',*,*,#15371,.F.);
#15402 = CYLINDRICAL_SURFACE('',#15403,0.15);
#15403 = AXIS2_PLACEMENT_3D('',#15404,#15405,#15406);
#15404 = CARTESIAN_POINT('',(8.379048140909,-50.8,203.52281093622));
#15405 = DIRECTION('',(0.,-1.,0.));
#15406 = DIRECTION('',(0.309016994375,0.,0.951056516295));
#15407 = ADVANCED_FACE('',(#15408),#15426,.T.);
#15408 = FACE_BOUND('',#15409,.T.);
#15409 = EDGE_LOOP('',(#15410,#15418,#15424,#15425));
#15410 = ORIENTED_EDGE('',*,*,#15411,.F.);
#15411 = EDGE_CURVE('',#15412,#15387,#15414,.T.);
#15412 = VERTEX_POINT('',#15413);
#15413 = CARTESIAN_POINT('',(8.962767976229,-50.7,203.46722415544));
#15414 = LINE('',#15415,#15416);
#15415 = CARTESIAN_POINT('',(8.828426154688,-50.7,203.51678547));
#15416 = VECTOR('',#15417,1.);
#15417 = DIRECTION('',(-0.938191335922,0.,0.346117057077));
#15418 = ORIENTED_EDGE('',*,*,#15419,.T.);
#15419 = EDGE_CURVE('',#15412,#2470,#15420,.T.);
#15420 = LINE('',#15421,#15422);
#15421 = CARTESIAN_POINT('',(8.962767976229,-50.8,203.46722415544));
#15422 = VECTOR('',#15423,1.);
#15423 = DIRECTION('',(0.,1.,0.));
#15424 = ORIENTED_EDGE('',*,*,#2478,.T.);
#15425 = ORIENTED_EDGE('',*,*,#15395,.F.);
#15426 = PLANE('',#15427);
#15427 = AXIS2_PLACEMENT_3D('',#15428,#15429,#15430);
#15428 = CARTESIAN_POINT('',(8.962767976229,-50.8,203.46722415544));
#15429 = DIRECTION('',(0.346117057077,-0.,0.938191335922));
#15430 = DIRECTION('',(-0.938191335922,0.,0.346117057077));
#15431 = ADVANCED_FACE('',(#15432),#15451,.T.);
#15432 = FACE_BOUND('',#15433,.T.);
#15433 = EDGE_LOOP('',(#15434,#15443,#15449,#15450));
#15434 = ORIENTED_EDGE('',*,*,#15435,.F.);
#15435 = EDGE_CURVE('',#15436,#15412,#15438,.T.);
#15436 = VERTEX_POINT('',#15437);
#15437 = CARTESIAN_POINT('',(9.043947391251,-50.7,203.27123971071));
#15438 = CIRCLE('',#15439,0.15);
#15439 = AXIS2_PLACEMENT_3D('',#15440,#15441,#15442);
#15440 = CARTESIAN_POINT('',(8.905365461374,-50.7,203.32864222556));
#15441 = DIRECTION('',(0.,-1.,0.));
#15442 = DIRECTION('',(0.923879532511,0.,-0.382683432365));
#15443 = ORIENTED_EDGE('',*,*,#15444,.T.);
#15444 = EDGE_CURVE('',#15436,#2461,#15445,.T.);
#15445 = LINE('',#15446,#15447);
#15446 = CARTESIAN_POINT('',(9.043947391251,-50.8,203.27123971071));
#15447 = VECTOR('',#15448,1.);
#15448 = DIRECTION('',(0.,1.,0.));
#15449 = ORIENTED_EDGE('',*,*,#2469,.T.);
#15450 = ORIENTED_EDGE('',*,*,#15419,.F.);
#15451 = CYLINDRICAL_SURFACE('',#15452,0.15);
#15452 = AXIS2_PLACEMENT_3D('',#15453,#15454,#15455);
#15453 = CARTESIAN_POINT('',(8.905365461374,-50.8,203.32864222556));
#15454 = DIRECTION('',(0.,-1.,0.));
#15455 = DIRECTION('',(0.923879532511,0.,-0.382683432365));
#15456 = ADVANCED_FACE('',(#15457),#15476,.F.);
#15457 = FACE_BOUND('',#15458,.T.);
#15458 = EDGE_LOOP('',(#15459,#15460,#15469,#15475));
#15459 = ORIENTED_EDGE('',*,*,#15444,.F.);
#15460 = ORIENTED_EDGE('',*,*,#15461,.T.);
#15461 = EDGE_CURVE('',#15436,#15462,#15464,.T.);
#15462 = VERTEX_POINT('',#15463);
#15463 = CARTESIAN_POINT('',(9.033784577243,-50.7,202.896612016));
#15464 = CIRCLE('',#15465,1.469292842572);
#15465 = AXIS2_PLACEMENT_3D('',#15466,#15467,#15468);
#15466 = CARTESIAN_POINT('',(10.495625208365,-50.7,203.0444072339));
#15467 = DIRECTION('',(0.,-1.,-0.));
#15468 = DIRECTION('',(-0.994928028481,0.,-0.100589354023));
#15469 = ORIENTED_EDGE('',*,*,#15470,.T.);
#15470 = EDGE_CURVE('',#15462,#2452,#15471,.T.);
#15471 = LINE('',#15472,#15473);
#15472 = CARTESIAN_POINT('',(9.033784577243,-50.8,202.896612016));
#15473 = VECTOR('',#15474,1.);
#15474 = DIRECTION('',(0.,1.,0.));
#15475 = ORIENTED_EDGE('',*,*,#2460,.F.);
#15476 = CYLINDRICAL_SURFACE('',#15477,1.469292842572);
#15477 = AXIS2_PLACEMENT_3D('',#15478,#15479,#15480);
#15478 = CARTESIAN_POINT('',(10.495625208365,-50.8,203.0444072339));
#15479 = DIRECTION('',(-0.,-1.,-0.));
#15480 = DIRECTION('',(-0.994928028481,0.,-0.100589354023));
#15481 = ADVANCED_FACE('',(#15482),#15501,.F.);
#15482 = FACE_BOUND('',#15483,.T.);
#15483 = EDGE_LOOP('',(#15484,#15485,#15494,#15500));
#15484 = ORIENTED_EDGE('',*,*,#15470,.F.);
#15485 = ORIENTED_EDGE('',*,*,#15486,.T.);
#15486 = EDGE_CURVE('',#15462,#15487,#15489,.T.);
#15487 = VERTEX_POINT('',#15488);
#15488 = CARTESIAN_POINT('',(9.802499288366,-50.7,202.57819995706));
#15489 = CIRCLE('',#15490,0.471154273188);
#15490 = AXIS2_PLACEMENT_3D('',#15491,#15492,#15493);
#15491 = CARTESIAN_POINT('',(9.50277400915,-50.7,202.94172589305));
#15492 = DIRECTION('',(0.,-1.,-0.));
#15493 = DIRECTION('',(0.636151036448,0.,-0.771564552598));
#15494 = ORIENTED_EDGE('',*,*,#15495,.T.);
#15495 = EDGE_CURVE('',#15487,#2443,#15496,.T.);
#15496 = LINE('',#15497,#15498);
#15497 = CARTESIAN_POINT('',(9.802499288366,-50.8,202.57819995706));
#15498 = VECTOR('',#15499,1.);
#15499 = DIRECTION('',(0.,1.,0.));
#15500 = ORIENTED_EDGE('',*,*,#2451,.F.);
#15501 = CYLINDRICAL_SURFACE('',#15502,0.471154273188);
#15502 = AXIS2_PLACEMENT_3D('',#15503,#15504,#15505);
#15503 = CARTESIAN_POINT('',(9.50277400915,-50.8,202.94172589305));
#15504 = DIRECTION('',(-0.,-1.,-0.));
#15505 = DIRECTION('',(0.636151036448,0.,-0.771564552598));
#15506 = ADVANCED_FACE('',(#15507),#15526,.F.);
#15507 = FACE_BOUND('',#15508,.T.);
#15508 = EDGE_LOOP('',(#15509,#15510,#15519,#15525));
#15509 = ORIENTED_EDGE('',*,*,#15495,.F.);
#15510 = ORIENTED_EDGE('',*,*,#15511,.T.);
#15511 = EDGE_CURVE('',#15487,#15512,#15514,.T.);
#15512 = VERTEX_POINT('',#15513);
#15513 = CARTESIAN_POINT('',(10.060214877014,-50.7,202.85028793511));
#15514 = CIRCLE('',#15515,1.469292842571);
#15515 = AXIS2_PLACEMENT_3D('',#15516,#15517,#15518);
#15516 = CARTESIAN_POINT('',(8.873328865894,-50.7,203.71638438114));
#15517 = DIRECTION('',(0.,-1.,-0.));
#15518 = DIRECTION('',(0.807794046722,0.,-0.589464823446));
#15519 = ORIENTED_EDGE('',*,*,#15520,.T.);
#15520 = EDGE_CURVE('',#15512,#2434,#15521,.T.);
#15521 = LINE('',#15522,#15523);
#15522 = CARTESIAN_POINT('',(10.060214877014,-50.8,202.85028793511));
#15523 = VECTOR('',#15524,1.);
#15524 = DIRECTION('',(0.,1.,0.));
#15525 = ORIENTED_EDGE('',*,*,#2442,.F.);
#15526 = CYLINDRICAL_SURFACE('',#15527,1.469292842571);
#15527 = AXIS2_PLACEMENT_3D('',#15528,#15529,#15530);
#15528 = CARTESIAN_POINT('',(8.873328865894,-50.8,203.71638438114));
#15529 = DIRECTION('',(-0.,-1.,-0.));
#15530 = DIRECTION('',(0.807794046722,0.,-0.589464823446));
#15531 = ADVANCED_FACE('',(#15532),#15551,.T.);
#15532 = FACE_BOUND('',#15533,.T.);
#15533 = EDGE_LOOP('',(#15534,#15543,#15549,#15550));
#15534 = ORIENTED_EDGE('',*,*,#15535,.F.);
#15535 = EDGE_CURVE('',#15536,#15512,#15538,.T.);
#15536 = VERTEX_POINT('',#15537);
#15537 = CARTESIAN_POINT('',(10.256199321745,-50.7,202.93146735013));
#15538 = CIRCLE('',#15539,0.15);
#15539 = AXIS2_PLACEMENT_3D('',#15540,#15541,#15542);
#15540 = CARTESIAN_POINT('',(10.19879680689,-50.7,202.79288542025));
#15541 = DIRECTION('',(0.,-1.,0.));
#15542 = DIRECTION('',(0.382683432365,0.,0.923879532511));
#15543 = ORIENTED_EDGE('',*,*,#15544,.T.);
#15544 = EDGE_CURVE('',#15536,#2426,#15545,.T.);
#15545 = LINE('',#15546,#15547);
#15546 = CARTESIAN_POINT('',(10.256199321745,-50.8,202.93146735013));
#15547 = VECTOR('',#15548,1.);
#15548 = DIRECTION('',(0.,1.,0.));
#15549 = ORIENTED_EDGE('',*,*,#2433,.T.);
#15550 = ORIENTED_EDGE('',*,*,#15520,.F.);
#15551 = CYLINDRICAL_SURFACE('',#15552,0.15);
#15552 = AXIS2_PLACEMENT_3D('',#15553,#15554,#15555);
#15553 = CARTESIAN_POINT('',(10.19879680689,-50.8,202.79288542025));
#15554 = DIRECTION('',(0.,-1.,0.));
#15555 = DIRECTION('',(0.382683432365,0.,0.923879532511));
#15556 = ADVANCED_FACE('',(#15557),#15575,.T.);
#15557 = FACE_BOUND('',#15558,.T.);
#15558 = EDGE_LOOP('',(#15559,#15567,#15573,#15574));
#15559 = ORIENTED_EDGE('',*,*,#15560,.F.);
#15560 = EDGE_CURVE('',#15561,#15536,#15563,.T.);
#15561 = VERTEX_POINT('',#15562);
#15562 = CARTESIAN_POINT('',(10.77635594021,-50.7,202.69167186452));
#15563 = LINE('',#15564,#15565);
#15564 = CARTESIAN_POINT('',(10.646316785594,-50.7,202.75162073592));
#15565 = VECTOR('',#15566,1.);
#15566 = DIRECTION('',(-0.908143173825,0.,0.418659737537));
#15567 = ORIENTED_EDGE('',*,*,#15568,.T.);
#15568 = EDGE_CURVE('',#15561,#2417,#15569,.T.);
#15569 = LINE('',#15570,#15571);
#15570 = CARTESIAN_POINT('',(10.77635594021,-50.8,202.69167186452));
#15571 = VECTOR('',#15572,1.);
#15572 = DIRECTION('',(0.,1.,0.));
#15573 = ORIENTED_EDGE('',*,*,#2425,.T.);
#15574 = ORIENTED_EDGE('',*,*,#15544,.F.);
#15575 = PLANE('',#15576);
#15576 = AXIS2_PLACEMENT_3D('',#15577,#15578,#15579);
#15577 = CARTESIAN_POINT('',(10.77635594021,-50.8,202.69167186452));
#15578 = DIRECTION('',(0.418659737537,-0.,0.908143173825));
#15579 = DIRECTION('',(-0.908143173825,0.,0.418659737537));
#15580 = ADVANCED_FACE('',(#15581),#15600,.T.);
#15581 = FACE_BOUND('',#15582,.T.);
#15582 = EDGE_LOOP('',(#15583,#15592,#15598,#15599));
#15583 = ORIENTED_EDGE('',*,*,#15584,.F.);
#15584 = EDGE_CURVE('',#15585,#15561,#15587,.T.);
#15585 = VERTEX_POINT('',#15586);
#15586 = CARTESIAN_POINT('',(10.841908343877,-50.7,202.48992231093));
#15587 = CIRCLE('',#15588,0.15);
#15588 = AXIS2_PLACEMENT_3D('',#15589,#15590,#15591);
#15589 = CARTESIAN_POINT('',(10.708257365249,-50.7,202.5580208859));
#15590 = DIRECTION('',(0.,-1.,0.));
#15591 = DIRECTION('',(0.891006524188,0.,-0.45399049974));
#15592 = ORIENTED_EDGE('',*,*,#15593,.T.);
#15593 = EDGE_CURVE('',#15585,#2408,#15594,.T.);
#15594 = LINE('',#15595,#15596);
#15595 = CARTESIAN_POINT('',(10.841908343877,-50.8,202.48992231093));
#15596 = VECTOR('',#15597,1.);
#15597 = DIRECTION('',(0.,1.,0.));
#15598 = ORIENTED_EDGE('',*,*,#2416,.T.);
#15599 = ORIENTED_EDGE('',*,*,#15568,.F.);
#15600 = CYLINDRICAL_SURFACE('',#15601,0.15);
#15601 = AXIS2_PLACEMENT_3D('',#15602,#15603,#15604);
#15602 = CARTESIAN_POINT('',(10.708257365249,-50.8,202.5580208859));
#15603 = DIRECTION('',(0.,-1.,0.));
#15604 = DIRECTION('',(0.891006524188,0.,-0.45399049974));
#15605 = ADVANCED_FACE('',(#15606),#15625,.F.);
#15606 = FACE_BOUND('',#15607,.T.);
#15607 = EDGE_LOOP('',(#15608,#15609,#15618,#15624));
#15608 = ORIENTED_EDGE('',*,*,#15593,.F.);
#15609 = ORIENTED_EDGE('',*,*,#15610,.T.);
#15610 = EDGE_CURVE('',#15585,#15611,#15613,.T.);
#15611 = VERTEX_POINT('',#15612);
#15612 = CARTESIAN_POINT('',(10.802383908272,-50.7,202.11724683358));
#15613 = CIRCLE('',#15614,1.469292842572);
#15614 = AXIS2_PLACEMENT_3D('',#15615,#15616,#15617);
#15615 = CARTESIAN_POINT('',(12.271314051742,-50.7,202.14989175414));
#15616 = DIRECTION('',(0.,-1.,-0.));
#15617 = DIRECTION('',(-0.999753147166,0.,-2.221811718532E-02));
#15618 = ORIENTED_EDGE('',*,*,#15619,.T.);
#15619 = EDGE_CURVE('',#15611,#2399,#15620,.T.);
#15620 = LINE('',#15621,#15622);
#15621 = CARTESIAN_POINT('',(10.802383908272,-50.8,202.11724683358));
#15622 = VECTOR('',#15623,1.);
#15623 = DIRECTION('',(0.,1.,0.));
#15624 = ORIENTED_EDGE('',*,*,#2407,.F.);
#15625 = CYLINDRICAL_SURFACE('',#15626,1.469292842572);
#15626 = AXIS2_PLACEMENT_3D('',#15627,#15628,#15629);
#15627 = CARTESIAN_POINT('',(12.271314051742,-50.8,202.14989175414));
#15628 = DIRECTION('',(-0.,-1.,-0.));
#15629 = DIRECTION('',(-0.999753147166,0.,-2.221811718532E-02));
#15630 = ADVANCED_FACE('',(#15631),#15650,.F.);
#15631 = FACE_BOUND('',#15632,.T.);
#15632 = EDGE_LOOP('',(#15633,#15634,#15643,#15649));
#15633 = ORIENTED_EDGE('',*,*,#15619,.F.);
#15634 = ORIENTED_EDGE('',*,*,#15635,.T.);
#15635 = EDGE_CURVE('',#15611,#15636,#15638,.T.);
#15636 = VERTEX_POINT('',#15637);
#15637 = CARTESIAN_POINT('',(11.543746606272,-50.7,201.73950367164));
#15638 = CIRCLE('',#15639,0.471154273188);
#15639 = AXIS2_PLACEMENT_3D('',#15640,#15641,#15642);
#15640 = CARTESIAN_POINT('',(11.273467196276,-50.7,202.12542515287));
#15641 = DIRECTION('',(0.,-1.,-0.));
#15642 = DIRECTION('',(0.573653738015,0.,-0.819097911645));
#15643 = ORIENTED_EDGE('',*,*,#15644,.T.);
#15644 = EDGE_CURVE('',#15636,#2390,#15645,.T.);
#15645 = LINE('',#15646,#15647);
#15646 = CARTESIAN_POINT('',(11.543746606272,-50.8,201.73950367164));
#15647 = VECTOR('',#15648,1.);
#15648 = DIRECTION('',(0.,1.,0.));
#15649 = ORIENTED_EDGE('',*,*,#2398,.F.);
#15650 = CYLINDRICAL_SURFACE('',#15651,0.471154273188);
#15651 = AXIS2_PLACEMENT_3D('',#15652,#15653,#15654);
#15652 = CARTESIAN_POINT('',(11.273467196276,-50.8,202.12542515287));
#15653 = DIRECTION('',(-0.,-1.,-0.));
#15654 = DIRECTION('',(0.573653738015,0.,-0.819097911645));
#15655 = ADVANCED_FACE('',(#15656),#15675,.F.);
#15656 = FACE_BOUND('',#15657,.T.);
#15657 = EDGE_LOOP('',(#15658,#15659,#15668,#15674));
#15658 = ORIENTED_EDGE('',*,*,#15644,.F.);
#15659 = ORIENTED_EDGE('',*,*,#15660,.T.);
#15660 = EDGE_CURVE('',#15636,#15661,#15663,.T.);
#15661 = VERTEX_POINT('',#15662);
#15662 = CARTESIAN_POINT('',(11.822015520484,-50.7,201.99053276122));
#15663 = CIRCLE('',#15664,1.469292842573);
#15664 = AXIS2_PLACEMENT_3D('',#15665,#15666,#15667);
#15665 = CARTESIAN_POINT('',(10.706741426801,-50.7,202.94708132413));
#15666 = DIRECTION('',(0.,-1.,-0.));
#15667 = DIRECTION('',(0.759055010252,0.,-0.65102649056));
#15668 = ORIENTED_EDGE('',*,*,#15669,.T.);
#15669 = EDGE_CURVE('',#15661,#2381,#15670,.T.);
#15670 = LINE('',#15671,#15672);
#15671 = CARTESIAN_POINT('',(11.822015520484,-50.8,201.99053276122));
#15672 = VECTOR('',#15673,1.);
#15673 = DIRECTION('',(0.,1.,0.));
#15674 = ORIENTED_EDGE('',*,*,#2389,.F.);
#15675 = CYLINDRICAL_SURFACE('',#15676,1.469292842573);
#15676 = AXIS2_PLACEMENT_3D('',#15677,#15678,#15679);
#15677 = CARTESIAN_POINT('',(10.706741426801,-50.8,202.94708132413));
#15678 = DIRECTION('',(-0.,-1.,-0.));
#15679 = DIRECTION('',(0.759055010252,0.,-0.65102649056));
#15680 = ADVANCED_FACE('',(#15681),#15700,.T.);
#15681 = FACE_BOUND('',#15682,.T.);
#15682 = EDGE_LOOP('',(#15683,#15692,#15698,#15699));
#15683 = ORIENTED_EDGE('',*,*,#15684,.F.);
#15684 = EDGE_CURVE('',#15685,#15661,#15687,.T.);
#15685 = VERTEX_POINT('',#15686);
#15686 = CARTESIAN_POINT('',(12.023765074073,-50.7,202.05608516489));
#15687 = CIRCLE('',#15688,0.15);
#15688 = AXIS2_PLACEMENT_3D('',#15689,#15690,#15691);
#15689 = CARTESIAN_POINT('',(11.955666499113,-50.7,201.92243418626));
#15690 = DIRECTION('',(0.,-1.,0.));
#15691 = DIRECTION('',(0.453990499739,0.,0.891006524188));
#15692 = ORIENTED_EDGE('',*,*,#15693,.T.);
#15693 = EDGE_CURVE('',#15685,#2373,#15694,.T.);
#15694 = LINE('',#15695,#15696);
#15695 = CARTESIAN_POINT('',(12.023765074073,-50.8,202.05608516489));
#15696 = VECTOR('',#15697,1.);
#15697 = DIRECTION('',(0.,1.,0.));
#15698 = ORIENTED_EDGE('',*,*,#2380,.T.);
#15699 = ORIENTED_EDGE('',*,*,#15669,.F.);
#15700 = CYLINDRICAL_SURFACE('',#15701,0.15);
#15701 = AXIS2_PLACEMENT_3D('',#15702,#15703,#15704);
#15702 = CARTESIAN_POINT('',(11.955666499113,-50.8,201.92243418626));
#15703 = DIRECTION('',(0.,-1.,0.));
#15704 = DIRECTION('',(0.453990499739,0.,0.891006524188));
#15705 = ADVANCED_FACE('',(#15706),#15724,.T.);
#15706 = FACE_BOUND('',#15707,.T.);
#15707 = EDGE_LOOP('',(#15708,#15716,#15722,#15723));
#15708 = ORIENTED_EDGE('',*,*,#15709,.F.);
#15709 = EDGE_CURVE('',#15710,#15685,#15712,.T.);
#15710 = VERTEX_POINT('',#15711);
#15711 = CARTESIAN_POINT('',(12.523504086317,-50.7,201.77621787082));
#15712 = LINE('',#15713,#15714);
#15713 = CARTESIAN_POINT('',(12.398569333256,-50.7,201.84618469434));
#15714 = VECTOR('',#15715,1.);
#15715 = DIRECTION('',(-0.872496007073,0.,0.488621241497));
#15716 = ORIENTED_EDGE('',*,*,#15717,.T.);
#15717 = EDGE_CURVE('',#15710,#2364,#15718,.T.);
#15718 = LINE('',#15719,#15720);
#15719 = CARTESIAN_POINT('',(12.523504086317,-50.8,201.77621787082));
#15720 = VECTOR('',#15721,1.);
#15721 = DIRECTION('',(0.,1.,0.));
#15722 = ORIENTED_EDGE('',*,*,#2372,.T.);
#15723 = ORIENTED_EDGE('',*,*,#15693,.F.);
#15724 = PLANE('',#15725);
#15725 = AXIS2_PLACEMENT_3D('',#15726,#15727,#15728);
#15726 = CARTESIAN_POINT('',(12.523504086317,-50.8,201.77621787082));
#15727 = DIRECTION('',(0.488621241497,-0.,0.872496007073));
#15728 = DIRECTION('',(-0.872496007073,0.,0.488621241497));
#15729 = ADVANCED_FACE('',(#15730),#15749,.T.);
#15730 = FACE_BOUND('',#15731,.T.);
#15731 = EDGE_LOOP('',(#15732,#15741,#15747,#15748));
#15732 = ORIENTED_EDGE('',*,*,#15733,.F.);
#15733 = EDGE_CURVE('',#15734,#15710,#15736,.T.);
#15734 = VERTEX_POINT('',#15735);
#15735 = CARTESIAN_POINT('',(12.573025326263,-50.7,201.56994706146));
#15736 = CIRCLE('',#15737,0.15);
#15737 = AXIS2_PLACEMENT_3D('',#15738,#15739,#15740);
#15738 = CARTESIAN_POINT('',(12.44512930161,-50.7,201.64832184616));
#15739 = DIRECTION('',(0.,-1.,0.));
#15740 = DIRECTION('',(0.852640164354,0.,-0.522498564716));
#15741 = ORIENTED_EDGE('',*,*,#15742,.T.);
#15742 = EDGE_CURVE('',#15734,#2355,#15743,.T.);
#15743 = LINE('',#15744,#15745);
#15744 = CARTESIAN_POINT('',(12.573025326263,-50.8,201.56994706146));
#15745 = VECTOR('',#15746,1.);
#15746 = DIRECTION('',(0.,1.,0.));
#15747 = ORIENTED_EDGE('',*,*,#2363,.T.);
#15748 = ORIENTED_EDGE('',*,*,#15717,.F.);
#15749 = CYLINDRICAL_SURFACE('',#15750,0.15);
#15750 = AXIS2_PLACEMENT_3D('',#15751,#15752,#15753);
#15751 = CARTESIAN_POINT('',(12.44512930161,-50.8,201.64832184616));
#15752 = DIRECTION('',(0.,-1.,0.));
#15753 = DIRECTION('',(0.852640164354,0.,-0.522498564716));
#15754 = ADVANCED_FACE('',(#15755),#15774,.F.);
#15755 = FACE_BOUND('',#15756,.T.);
#15756 = EDGE_LOOP('',(#15757,#15758,#15767,#15773));
#15757 = ORIENTED_EDGE('',*,*,#15742,.F.);
#15758 = ORIENTED_EDGE('',*,*,#15759,.T.);
#15759 = EDGE_CURVE('',#15734,#15760,#15762,.T.);
#15760 = VERTEX_POINT('',#15761);
#15761 = CARTESIAN_POINT('',(12.504382950349,-50.7,201.2015214697));
#15762 = CIRCLE('',#15763,1.469292842572);
#15763 = AXIS2_PLACEMENT_3D('',#15764,#15765,#15766);
#15764 = CARTESIAN_POINT('',(13.971346163364,-50.7,201.11881482612));
#15765 = DIRECTION('',(-0.,-1.,0.));
#15766 = DIRECTION('',(-0.998414455247,0.,5.629010173277E-02));
#15767 = ORIENTED_EDGE('',*,*,#15768,.T.);
#15768 = EDGE_CURVE('',#15760,#2346,#15769,.T.);
#15769 = LINE('',#15770,#15771);
#15770 = CARTESIAN_POINT('',(12.504382950349,-50.8,201.2015214697));
#15771 = VECTOR('',#15772,1.);
#15772 = DIRECTION('',(0.,1.,0.));
#15773 = ORIENTED_EDGE('',*,*,#2354,.F.);
#15774 = CYLINDRICAL_SURFACE('',#15775,1.469292842572);
#15775 = AXIS2_PLACEMENT_3D('',#15776,#15777,#15778);
#15776 = CARTESIAN_POINT('',(13.971346163364,-50.8,201.11881482612));
#15777 = DIRECTION('',(-0.,-1.,-0.));
#15778 = DIRECTION('',(-0.998414455247,0.,5.629010173277E-02));
#15779 = ADVANCED_FACE('',(#15780),#15799,.F.);
#15780 = FACE_BOUND('',#15781,.T.);
#15781 = EDGE_LOOP('',(#15782,#15783,#15792,#15798));
#15782 = ORIENTED_EDGE('',*,*,#15768,.F.);
#15783 = ORIENTED_EDGE('',*,*,#15784,.T.);
#15784 = EDGE_CURVE('',#15760,#15785,#15787,.T.);
#15785 = VERTEX_POINT('',#15786);
#15786 = CARTESIAN_POINT('',(13.213822887665,-50.7,200.76677611698));
#15787 = CIRCLE('',#15788,0.471154273188);
#15788 = AXIS2_PLACEMENT_3D('',#15789,#15790,#15791);
#15789 = CARTESIAN_POINT('',(12.974655709328,-50.7,201.17271380918));
#15790 = DIRECTION('',(0.,-1.,-0.));
#15791 = DIRECTION('',(0.507619673527,0.,-0.861581259689));
#15792 = ORIENTED_EDGE('',*,*,#15793,.T.);
#15793 = EDGE_CURVE('',#15785,#2337,#15794,.T.);
#15794 = LINE('',#15795,#15796);
#15795 = CARTESIAN_POINT('',(13.213822887665,-50.8,200.76677611698));
#15796 = VECTOR('',#15797,1.);
#15797 = DIRECTION('',(0.,1.,0.));
#15798 = ORIENTED_EDGE('',*,*,#2345,.F.);
#15799 = CYLINDRICAL_SURFACE('',#15800,0.471154273188);
#15800 = AXIS2_PLACEMENT_3D('',#15801,#15802,#15803);
#15801 = CARTESIAN_POINT('',(12.974655709328,-50.8,201.17271380918));
#15802 = DIRECTION('',(-0.,-1.,-0.));
#15803 = DIRECTION('',(0.507619673527,0.,-0.861581259689));
#15804 = ADVANCED_FACE('',(#15805),#15824,.F.);
#15805 = FACE_BOUND('',#15806,.T.);
#15806 = EDGE_LOOP('',(#15807,#15808,#15817,#15823));
#15807 = ORIENTED_EDGE('',*,*,#15793,.F.);
#15808 = ORIENTED_EDGE('',*,*,#15809,.T.);
#15809 = EDGE_CURVE('',#15785,#15810,#15812,.T.);
#15810 = VERTEX_POINT('',#15811);
#15811 = CARTESIAN_POINT('',(13.510929507052,-50.7,200.99519864027));
#15812 = CIRCLE('',#15813,1.469292842571);
#15813 = AXIS2_PLACEMENT_3D('',#15814,#15815,#15816);
#15814 = CARTESIAN_POINT('',(12.474143366462,-50.7,202.03630188007));
#15815 = DIRECTION('',(0.,-1.,-0.));
#15816 = DIRECTION('',(0.705636147233,0.,-0.708574362871));
#15817 = ORIENTED_EDGE('',*,*,#15818,.T.);
#15818 = EDGE_CURVE('',#15810,#2328,#15819,.T.);
#15819 = LINE('',#15820,#15821);
#15820 = CARTESIAN_POINT('',(13.510929507052,-50.8,200.99519864027));
#15821 = VECTOR('',#15822,1.);
#15822 = DIRECTION('',(0.,1.,0.));
#15823 = ORIENTED_EDGE('',*,*,#2336,.F.);
#15824 = CYLINDRICAL_SURFACE('',#15825,1.469292842571);
#15825 = AXIS2_PLACEMENT_3D('',#15826,#15827,#15828);
#15826 = CARTESIAN_POINT('',(12.474143366462,-50.8,202.03630188007));
#15827 = DIRECTION('',(-0.,-1.,-0.));
#15828 = DIRECTION('',(0.705636147233,0.,-0.708574362871));
#15829 = ADVANCED_FACE('',(#15830),#15849,.T.);
#15830 = FACE_BOUND('',#15831,.T.);
#15831 = EDGE_LOOP('',(#15832,#15841,#15847,#15848));
#15832 = ORIENTED_EDGE('',*,*,#15833,.F.);
#15833 = EDGE_CURVE('',#15834,#15810,#15836,.T.);
#15834 = VERTEX_POINT('',#15835);
#15835 = CARTESIAN_POINT('',(13.717200316413,-50.7,201.04471988022));
#15836 = CIRCLE('',#15837,0.15);
#15837 = AXIS2_PLACEMENT_3D('',#15838,#15839,#15840);
#15838 = CARTESIAN_POINT('',(13.638825531705,-50.7,200.91682385556));
#15839 = DIRECTION('',(0.,-1.,0.));
#15840 = DIRECTION('',(0.522498564716,0.,0.852640164354));
#15841 = ORIENTED_EDGE('',*,*,#15842,.T.);
#15842 = EDGE_CURVE('',#15834,#2320,#15843,.T.);
#15843 = LINE('',#15844,#15845);
#15844 = CARTESIAN_POINT('',(13.717200316413,-50.8,201.04471988022));
#15845 = VECTOR('',#15846,1.);
#15846 = DIRECTION('',(0.,1.,0.));
#15847 = ORIENTED_EDGE('',*,*,#2327,.T.);
#15848 = ORIENTED_EDGE('',*,*,#15818,.F.);
#15849 = CYLINDRICAL_SURFACE('',#15850,0.15);
#15850 = AXIS2_PLACEMENT_3D('',#15851,#15852,#15853);
#15851 = CARTESIAN_POINT('',(13.638825531705,-50.8,200.91682385556));
#15852 = DIRECTION('',(0.,-1.,0.));
#15853 = DIRECTION('',(0.522498564716,0.,0.852640164354));
#15854 = ADVANCED_FACE('',(#15855),#15873,.T.);
#15855 = FACE_BOUND('',#15856,.T.);
#15856 = EDGE_LOOP('',(#15857,#15865,#15871,#15872));
#15857 = ORIENTED_EDGE('',*,*,#15858,.F.);
#15858 = EDGE_CURVE('',#15859,#15834,#15861,.T.);
#15859 = VERTEX_POINT('',#15860);
#15860 = CARTESIAN_POINT('',(14.193440665244,-50.7,200.72650625261));
#15861 = LINE('',#15862,#15863);
#15862 = CARTESIAN_POINT('',(14.074380578036,-50.7,200.80605965951));
#15863 = VECTOR('',#15864,1.);
#15864 = DIRECTION('',(-0.831469612303,0.,0.55557023302));
#15865 = ORIENTED_EDGE('',*,*,#15866,.T.);
#15866 = EDGE_CURVE('',#15859,#2311,#15867,.T.);
#15867 = LINE('',#15868,#15869);
#15868 = CARTESIAN_POINT('',(14.193440665244,-50.8,200.72650625261));
#15869 = VECTOR('',#15870,1.);
#15870 = DIRECTION('',(0.,1.,0.));
#15871 = ORIENTED_EDGE('',*,*,#2319,.T.);
#15872 = ORIENTED_EDGE('',*,*,#15842,.F.);
#15873 = PLANE('',#15874);
#15874 = AXIS2_PLACEMENT_3D('',#15875,#15876,#15877);
#15875 = CARTESIAN_POINT('',(14.193440665244,-50.8,200.72650625261));
#15876 = DIRECTION('',(0.55557023302,-0.,0.831469612303));
#15877 = DIRECTION('',(-0.831469612303,0.,0.55557023302));
#15878 = ADVANCED_FACE('',(#15879),#15898,.T.);
#15879 = FACE_BOUND('',#15880,.T.);
#15880 = EDGE_LOOP('',(#15881,#15890,#15896,#15897));
#15881 = ORIENTED_EDGE('',*,*,#15882,.F.);
#15882 = EDGE_CURVE('',#15883,#15859,#15885,.T.);
#15883 = VERTEX_POINT('',#15884);
#15884 = CARTESIAN_POINT('',(14.226625426557,-50.7,200.51698591561));
#15885 = CIRCLE('',#15886,0.15);
#15886 = AXIS2_PLACEMENT_3D('',#15887,#15888,#15889);
#15887 = CARTESIAN_POINT('',(14.1052728774,-50.7,200.60515370345));
#15888 = DIRECTION('',(0.,-1.,0.));
#15889 = DIRECTION('',(0.809016994375,0.,-0.587785252292));
#15890 = ORIENTED_EDGE('',*,*,#15891,.T.);
#15891 = EDGE_CURVE('',#15883,#2302,#15892,.T.);
#15892 = LINE('',#15893,#15894);
#15893 = CARTESIAN_POINT('',(14.226625426557,-50.8,200.51698591561));
#15894 = VECTOR('',#15895,1.);
#15895 = DIRECTION('',(0.,1.,0.));
#15896 = ORIENTED_EDGE('',*,*,#2310,.T.);
#15897 = ORIENTED_EDGE('',*,*,#15866,.F.);
#15898 = CYLINDRICAL_SURFACE('',#15899,0.15);
#15899 = AXIS2_PLACEMENT_3D('',#15900,#15901,#15902);
#15900 = CARTESIAN_POINT('',(14.1052728774,-50.8,200.60515370345));
#15901 = DIRECTION('',(0.,-1.,0.));
#15902 = DIRECTION('',(0.809016994375,0.,-0.587785252292));
#15903 = ADVANCED_FACE('',(#15904),#15923,.F.);
#15904 = FACE_BOUND('',#15905,.T.);
#15905 = EDGE_LOOP('',(#15906,#15907,#15916,#15922));
#15906 = ORIENTED_EDGE('',*,*,#15891,.F.);
#15907 = ORIENTED_EDGE('',*,*,#15908,.T.);
#15908 = EDGE_CURVE('',#15883,#15909,#15911,.T.);
#15909 = VERTEX_POINT('',#15910);
#15910 = CARTESIAN_POINT('',(14.129288313407,-50.7,200.15508167574));
#15911 = CIRCLE('',#15912,1.469292842572);
#15912 = AXIS2_PLACEMENT_3D('',#15913,#15914,#15915);
#15913 = CARTESIAN_POINT('',(15.585240279945,-50.7,199.95753338198));
#15914 = DIRECTION('',(-0.,-1.,0.));
#15915 = DIRECTION('',(-0.990920206205,0.,0.134451273455));
#15916 = ORIENTED_EDGE('',*,*,#15917,.T.);
#15917 = EDGE_CURVE('',#15909,#2293,#15918,.T.);
#15918 = LINE('',#15919,#15920);
#15919 = CARTESIAN_POINT('',(14.129288313407,-50.8,200.15508167574));
#15920 = VECTOR('',#15921,1.);
#15921 = DIRECTION('',(0.,1.,0.));
#15922 = ORIENTED_EDGE('',*,*,#2301,.F.);
#15923 = CYLINDRICAL_SURFACE('',#15924,1.469292842572);
#15924 = AXIS2_PLACEMENT_3D('',#15925,#15926,#15927);
#15925 = CARTESIAN_POINT('',(15.585240279945,-50.8,199.95753338198));
#15926 = DIRECTION('',(-0.,-1.,-0.));
#15927 = DIRECTION('',(-0.990920206205,0.,0.134451273455));
#15928 = ADVANCED_FACE('',(#15929),#15948,.F.);
#15929 = FACE_BOUND('',#15930,.T.);
#15930 = EDGE_LOOP('',(#15931,#15932,#15941,#15947));
#15931 = ORIENTED_EDGE('',*,*,#15917,.F.);
#15932 = ORIENTED_EDGE('',*,*,#15933,.T.);
#15933 = EDGE_CURVE('',#15909,#15934,#15936,.T.);
#15934 = VERTEX_POINT('',#15935);
#15935 = CARTESIAN_POINT('',(14.802431556914,-50.7,199.6660144819));
#15936 = CIRCLE('',#15937,0.471154273188);
#15937 = AXIS2_PLACEMENT_3D('',#15938,#15939,#15940);
#15938 = CARTESIAN_POINT('',(14.595851155422,-50.7,200.08946564421));
#15939 = DIRECTION('',(0.,-1.,-0.));
#15940 = DIRECTION('',(0.438455964952,0.,-0.898752672763));
#15941 = ORIENTED_EDGE('',*,*,#15942,.T.);
#15942 = EDGE_CURVE('',#15934,#2284,#15943,.T.);
#15943 = LINE('',#15944,#15945);
#15944 = CARTESIAN_POINT('',(14.802431556914,-50.8,199.6660144819));
#15945 = VECTOR('',#15946,1.);
#15946 = DIRECTION('',(0.,1.,0.));
#15947 = ORIENTED_EDGE('',*,*,#2292,.F.);
#15948 = CYLINDRICAL_SURFACE('',#15949,0.471154273188);
#15949 = AXIS2_PLACEMENT_3D('',#15950,#15951,#15952);
#15950 = CARTESIAN_POINT('',(14.595851155422,-50.8,200.08946564421));
#15951 = DIRECTION('',(-0.,-1.,-0.));
#15952 = DIRECTION('',(0.438455964952,0.,-0.898752672763));
#15953 = ADVANCED_FACE('',(#15954),#15973,.F.);
#15954 = FACE_BOUND('',#15955,.T.);
#15955 = EDGE_LOOP('',(#15956,#15957,#15966,#15972));
#15956 = ORIENTED_EDGE('',*,*,#15942,.F.);
#15957 = ORIENTED_EDGE('',*,*,#15958,.T.);
#15958 = EDGE_CURVE('',#15934,#15959,#15961,.T.);
#15959 = VERTEX_POINT('',#15960);
#15960 = CARTESIAN_POINT('',(15.116544120369,-50.7,199.87042213809));
#15961 = CIRCLE('',#15962,1.469292842572);
#15962 = AXIS2_PLACEMENT_3D('',#15963,#15964,#15965);
#15963 = CARTESIAN_POINT('',(14.164638064194,-50.7,200.9896613071));
#15964 = DIRECTION('',(0.,-1.,-0.));
#15965 = DIRECTION('',(0.647866802719,0.,-0.761753638609));
#15966 = ORIENTED_EDGE('',*,*,#15967,.T.);
#15967 = EDGE_CURVE('',#15959,#2275,#15968,.T.);
#15968 = LINE('',#15969,#15970);
#15969 = CARTESIAN_POINT('',(15.116544120369,-50.8,199.87042213809));
#15970 = VECTOR('',#15971,1.);
#15971 = DIRECTION('',(0.,1.,0.));
#15972 = ORIENTED_EDGE('',*,*,#2283,.F.);
#15973 = CYLINDRICAL_SURFACE('',#15974,1.469292842572);
#15974 = AXIS2_PLACEMENT_3D('',#15975,#15976,#15977);
#15975 = CARTESIAN_POINT('',(14.164638064194,-50.8,200.9896613071));
#15976 = DIRECTION('',(-0.,-1.,-0.));
#15977 = DIRECTION('',(0.647866802719,0.,-0.761753638609));
#15978 = ADVANCED_FACE('',(#15979),#15998,.T.);
#15979 = FACE_BOUND('',#15980,.T.);
#15980 = EDGE_LOOP('',(#15981,#15990,#15996,#15997));
#15981 = ORIENTED_EDGE('',*,*,#15982,.F.);
#15982 = EDGE_CURVE('',#15983,#15959,#15985,.T.);
#15983 = VERTEX_POINT('',#15984);
#15984 = CARTESIAN_POINT('',(15.326064457369,-50.7,199.9036068994));
#15985 = CIRCLE('',#15986,0.15);
#15986 = AXIS2_PLACEMENT_3D('',#15987,#15988,#15989);
#15987 = CARTESIAN_POINT('',(15.237896669525,-50.7,199.78225435025));
#15988 = DIRECTION('',(0.,-1.,0.));
#15989 = DIRECTION('',(0.587785252292,0.,0.809016994375));
#15990 = ORIENTED_EDGE('',*,*,#15991,.T.);
#15991 = EDGE_CURVE('',#15983,#2267,#15992,.T.);
#15992 = LINE('',#15993,#15994);
#15993 = CARTESIAN_POINT('',(15.326064457369,-50.8,199.9036068994));
#15994 = VECTOR('',#15995,1.);
#15995 = DIRECTION('',(0.,1.,0.));
#15996 = ORIENTED_EDGE('',*,*,#2274,.T.);
#15997 = ORIENTED_EDGE('',*,*,#15967,.F.);
#15998 = CYLINDRICAL_SURFACE('',#15999,0.15);
#15999 = AXIS2_PLACEMENT_3D('',#16000,#16001,#16002);
#16000 = CARTESIAN_POINT('',(15.237896669525,-50.8,199.78225435025));
#16001 = DIRECTION('',(0.,-1.,0.));
#16002 = DIRECTION('',(0.587785252292,0.,0.809016994375));
#16003 = ADVANCED_FACE('',(#16004),#16022,.T.);
#16004 = FACE_BOUND('',#16005,.T.);
#16005 = EDGE_LOOP('',(#16006,#16014,#16020,#16021));
#16006 = ORIENTED_EDGE('',*,*,#16007,.F.);
#16007 = EDGE_CURVE('',#16008,#15983,#16010,.T.);
#16008 = VERTEX_POINT('',#16009);
#16009 = CARTESIAN_POINT('',(15.775869962672,-50.7,199.54900883109));
#16010 = LINE('',#16011,#16012);
#16011 = CARTESIAN_POINT('',(15.663418586346,-50.7,199.63765834817));
#16012 = VECTOR('',#16013,1.);
#16013 = DIRECTION('',(-0.785316930881,0.,0.61909394931));
#16014 = ORIENTED_EDGE('',*,*,#16015,.T.);
#16015 = EDGE_CURVE('',#16008,#2258,#16016,.T.);
#16016 = LINE('',#16017,#16018);
#16017 = CARTESIAN_POINT('',(15.775869962672,-50.8,199.54900883109));
#16018 = VECTOR('',#16019,1.);
#16019 = DIRECTION('',(0.,1.,0.));
#16020 = ORIENTED_EDGE('',*,*,#2266,.T.);
#16021 = ORIENTED_EDGE('',*,*,#15991,.F.);
#16022 = PLANE('',#16023);
#16023 = AXIS2_PLACEMENT_3D('',#16024,#16025,#16026);
#16024 = CARTESIAN_POINT('',(15.775869962672,-50.8,199.54900883109));
#16025 = DIRECTION('',(0.61909394931,-0.,0.785316930881));
#16026 = DIRECTION('',(-0.785316930881,0.,0.61909394931));
#16027 = ADVANCED_FACE('',(#16028),#16047,.T.);
#16028 = FACE_BOUND('',#16029,.T.);
#16029 = EDGE_LOOP('',(#16030,#16039,#16045,#16046));
#16030 = ORIENTED_EDGE('',*,*,#16031,.F.);
#16031 = EDGE_CURVE('',#16032,#16008,#16034,.T.);
#16032 = VERTEX_POINT('',#16033);
#16033 = CARTESIAN_POINT('',(15.792513650263,-50.7,199.337530729));
#16034 = CIRCLE('',#16035,0.15);
#16035 = AXIS2_PLACEMENT_3D('',#16036,#16037,#16038);
#16036 = CARTESIAN_POINT('',(15.678452755423,-50.7,199.43494793625));
#16037 = DIRECTION('',(0.,-1.,0.));
#16038 = DIRECTION('',(0.7604059656,0.,-0.64944804833));
#16039 = ORIENTED_EDGE('',*,*,#16040,.T.);
#16040 = EDGE_CURVE('',#16032,#2249,#16041,.T.);
#16041 = LINE('',#16042,#16043);
#16042 = CARTESIAN_POINT('',(15.792513650263,-50.8,199.337530729));
#16043 = VECTOR('',#16044,1.);
#16044 = DIRECTION('',(0.,1.,0.));
#16045 = ORIENTED_EDGE('',*,*,#2257,.T.);
#16046 = ORIENTED_EDGE('',*,*,#16015,.F.);
#16047 = CYLINDRICAL_SURFACE('',#16048,0.15);
#16048 = AXIS2_PLACEMENT_3D('',#16049,#16050,#16051);
#16049 = CARTESIAN_POINT('',(15.678452755423,-50.8,199.43494793625));
#16050 = DIRECTION('',(0.,-1.,0.));
#16051 = DIRECTION('',(0.7604059656,0.,-0.64944804833));
#16052 = ADVANCED_FACE('',(#16053),#16072,.F.);
#16053 = FACE_BOUND('',#16054,.T.);
#16054 = EDGE_LOOP('',(#16055,#16056,#16065,#16071));
#16055 = ORIENTED_EDGE('',*,*,#16040,.F.);
#16056 = ORIENTED_EDGE('',*,*,#16057,.T.);
#16057 = EDGE_CURVE('',#16032,#16058,#16060,.T.);
#16058 = VERTEX_POINT('',#16059);
#16059 = CARTESIAN_POINT('',(15.667081915548,-50.7,198.98437910101));
#16060 = CIRCLE('',#16061,1.469292842572);
#16061 = AXIS2_PLACEMENT_3D('',#16062,#16063,#16064);
#16062 = CARTESIAN_POINT('',(17.103046207582,-50.7,198.67320710799));
#16063 = DIRECTION('',(-0.,-1.,0.));
#16064 = DIRECTION('',(-0.977316604578,0.,0.211783508367));
#16065 = ORIENTED_EDGE('',*,*,#16066,.T.);
#16066 = EDGE_CURVE('',#16058,#2240,#16067,.T.);
#16067 = LINE('',#16068,#16069);
#16068 = CARTESIAN_POINT('',(15.667081915548,-50.8,198.98437910101));
#16069 = VECTOR('',#16070,1.);
#16070 = DIRECTION('',(0.,1.,0.));
#16071 = ORIENTED_EDGE('',*,*,#2248,.F.);
#16072 = CYLINDRICAL_SURFACE('',#16073,1.469292842572);
#16073 = AXIS2_PLACEMENT_3D('',#16074,#16075,#16076);
#16074 = CARTESIAN_POINT('',(17.103046207582,-50.8,198.67320710799));
#16075 = DIRECTION('',(-0.,-1.,-0.));
#16076 = DIRECTION('',(-0.977316604578,0.,0.211783508367));
#16077 = ADVANCED_FACE('',(#16078),#16097,.F.);
#16078 = FACE_BOUND('',#16079,.T.);
#16079 = EDGE_LOOP('',(#16080,#16081,#16090,#16096));
#16080 = ORIENTED_EDGE('',*,*,#16066,.F.);
#16081 = ORIENTED_EDGE('',*,*,#16082,.T.);
#16082 = EDGE_CURVE('',#16058,#16083,#16085,.T.);
#16083 = VERTEX_POINT('',#16084);
#16084 = CARTESIAN_POINT('',(16.299778313306,-50.7,198.44400532792));
#16085 = CIRCLE('',#16086,0.471154273188);
#16086 = AXIS2_PLACEMENT_3D('',#16087,#16088,#16089);
#16087 = CARTESIAN_POINT('',(16.127058325529,-50.7,198.88235924311));
#16088 = DIRECTION('',(0.,-1.,-0.));
#16089 = DIRECTION('',(0.366589029551,0.,-0.930382976743));
#16090 = ORIENTED_EDGE('',*,*,#16091,.T.);
#16091 = EDGE_CURVE('',#16083,#2231,#16092,.T.);
#16092 = LINE('',#16093,#16094);
#16093 = CARTESIAN_POINT('',(16.299778313306,-50.8,198.44400532792));
#16094 = VECTOR('',#16095,1.);
#16095 = DIRECTION('',(0.,1.,0.));
#16096 = ORIENTED_EDGE('',*,*,#2239,.F.);
#16097 = CYLINDRICAL_SURFACE('',#16098,0.471154273188);
#16098 = AXIS2_PLACEMENT_3D('',#16099,#16100,#16101);
#16099 = CARTESIAN_POINT('',(16.127058325529,-50.8,198.88235924311));
#16100 = DIRECTION('',(-0.,-1.,-0.));
#16101 = DIRECTION('',(0.366589029551,0.,-0.930382976743));
#16102 = ADVANCED_FACE('',(#16103),#16122,.F.);
#16103 = FACE_BOUND('',#16104,.T.);
#16104 = EDGE_LOOP('',(#16105,#16106,#16115,#16121));
#16105 = ORIENTED_EDGE('',*,*,#16091,.F.);
#16106 = ORIENTED_EDGE('',*,*,#16107,.T.);
#16107 = EDGE_CURVE('',#16083,#16108,#16110,.T.);
#16108 = VERTEX_POINT('',#16109);
#16109 = CARTESIAN_POINT('',(16.628960212423,-50.7,198.62313787584));
#16110 = CIRCLE('',#16111,1.469292842572);
#16111 = AXIS2_PLACEMENT_3D('',#16112,#16113,#16114);
#16112 = CARTESIAN_POINT('',(15.76780305804,-50.7,199.81361249241));
#16113 = DIRECTION('',(0.,-1.,-0.));
#16114 = DIRECTION('',(0.586103143928,0.,-0.810236449857));
#16115 = ORIENTED_EDGE('',*,*,#16116,.T.);
#16116 = EDGE_CURVE('',#16108,#2222,#16117,.T.);
#16117 = LINE('',#16118,#16119);
#16118 = CARTESIAN_POINT('',(16.628960212423,-50.8,198.62313787584));
#16119 = VECTOR('',#16120,1.);
#16120 = DIRECTION('',(0.,1.,0.));
#16121 = ORIENTED_EDGE('',*,*,#2230,.F.);
#16122 = CYLINDRICAL_SURFACE('',#16123,1.469292842572);
#16123 = AXIS2_PLACEMENT_3D('',#16124,#16125,#16126);
#16124 = CARTESIAN_POINT('',(15.76780305804,-50.8,199.81361249241));
#16125 = DIRECTION('',(-0.,-1.,-0.));
#16126 = DIRECTION('',(0.586103143928,0.,-0.810236449857));
#16127 = ADVANCED_FACE('',(#16128),#16147,.T.);
#16128 = FACE_BOUND('',#16129,.T.);
#16129 = EDGE_LOOP('',(#16130,#16139,#16145,#16146));
#16130 = ORIENTED_EDGE('',*,*,#16131,.F.);
#16131 = EDGE_CURVE('',#16132,#16108,#16134,.T.);
#16132 = VERTEX_POINT('',#16133);
#16133 = CARTESIAN_POINT('',(16.840438314512,-50.7,198.63978156343));
#16134 = CIRCLE('',#16135,0.15);
#16135 = AXIS2_PLACEMENT_3D('',#16136,#16137,#16138);
#16136 = CARTESIAN_POINT('',(16.743021107263,-50.7,198.52572066859));
#16137 = DIRECTION('',(0.,-1.,0.));
#16138 = DIRECTION('',(0.64944804833,0.,0.7604059656));
#16139 = ORIENTED_EDGE('',*,*,#16140,.T.);
#16140 = EDGE_CURVE('',#16132,#2214,#16141,.T.);
#16141 = LINE('',#16142,#16143);
#16142 = CARTESIAN_POINT('',(16.840438314512,-50.8,198.63978156343));
#16143 = VECTOR('',#16144,1.);
#16144 = DIRECTION('',(0.,1.,0.));
#16145 = ORIENTED_EDGE('',*,*,#2221,.T.);
#16146 = ORIENTED_EDGE('',*,*,#16116,.F.);
#16147 = CYLINDRICAL_SURFACE('',#16148,0.15);
#16148 = AXIS2_PLACEMENT_3D('',#16149,#16150,#16151);
#16149 = CARTESIAN_POINT('',(16.743021107263,-50.8,198.52572066859));
#16150 = DIRECTION('',(0.,-1.,0.));
#16151 = DIRECTION('',(0.64944804833,0.,0.7604059656));
#16152 = ADVANCED_FACE('',(#16153),#16171,.T.);
#16153 = FACE_BOUND('',#16154,.T.);
#16154 = EDGE_LOOP('',(#16155,#16163,#16169,#16170));
#16155 = ORIENTED_EDGE('',*,*,#16156,.F.);
#16156 = EDGE_CURVE('',#16157,#16132,#16159,.T.);
#16157 = VERTEX_POINT('',#16158);
#16158 = CARTESIAN_POINT('',(17.261035775772,-50.7,198.25098526943));
#16159 = LINE('',#16160,#16161);
#16160 = CARTESIAN_POINT('',(17.155886410457,-50.7,198.34818434293));
#16161 = VECTOR('',#16162,1.);
#16162 = DIRECTION('',(-0.734322509436,0.,0.678800745533));
#16163 = ORIENTED_EDGE('',*,*,#16164,.T.);
#16164 = EDGE_CURVE('',#16157,#2205,#16165,.T.);
#16165 = LINE('',#16166,#16167);
#16166 = CARTESIAN_POINT('',(17.261035775772,-50.8,198.25098526943));
#16167 = VECTOR('',#16168,1.);
#16168 = DIRECTION('',(0.,1.,0.));
#16169 = ORIENTED_EDGE('',*,*,#2213,.T.);
#16170 = ORIENTED_EDGE('',*,*,#16140,.F.);
#16171 = PLANE('',#16172);
#16172 = AXIS2_PLACEMENT_3D('',#16173,#16174,#16175);
#16173 = CARTESIAN_POINT('',(17.261035775772,-50.8,198.25098526943));
#16174 = DIRECTION('',(0.678800745533,-0.,0.734322509436));
#16175 = DIRECTION('',(-0.734322509436,0.,0.678800745533));
#16176 = ADVANCED_FACE('',(#16177),#16196,.T.);
#16177 = FACE_BOUND('',#16178,.T.);
#16178 = EDGE_LOOP('',(#16179,#16188,#16194,#16195));
#16179 = ORIENTED_EDGE('',*,*,#16180,.F.);
#16180 = EDGE_CURVE('',#16181,#16157,#16183,.T.);
#16181 = VERTEX_POINT('',#16182);
#16182 = CARTESIAN_POINT('',(17.261035775772,-50.7,198.03885323507));
#16183 = CIRCLE('',#16184,0.15);
#16184 = AXIS2_PLACEMENT_3D('',#16185,#16186,#16187);
#16185 = CARTESIAN_POINT('',(17.154969758593,-50.7,198.14491925225));
#16186 = DIRECTION('',(0.,-1.,0.));
#16187 = DIRECTION('',(0.707106781187,0.,-0.707106781186));
#16188 = ORIENTED_EDGE('',*,*,#16189,.T.);
#16189 = EDGE_CURVE('',#16181,#2196,#16190,.T.);
#16190 = LINE('',#16191,#16192);
#16191 = CARTESIAN_POINT('',(17.261035775772,-50.8,198.03885323507));
#16192 = VECTOR('',#16193,1.);
#16193 = DIRECTION('',(0.,1.,0.));
#16194 = ORIENTED_EDGE('',*,*,#2204,.T.);
#16195 = ORIENTED_EDGE('',*,*,#16164,.F.);
#16196 = CYLINDRICAL_SURFACE('',#16197,0.15);
#16197 = AXIS2_PLACEMENT_3D('',#16198,#16199,#16200);
#16198 = CARTESIAN_POINT('',(17.154969758593,-50.8,198.14491925225));
#16199 = DIRECTION('',(0.,-1.,0.));
#16200 = DIRECTION('',(0.707106781187,0.,-0.707106781186));
#16201 = ADVANCED_FACE('',(#16202),#16221,.F.);
#16202 = FACE_BOUND('',#16203,.T.);
#16203 = EDGE_LOOP('',(#16204,#16205,#16214,#16220));
#16204 = ORIENTED_EDGE('',*,*,#16189,.F.);
#16205 = ORIENTED_EDGE('',*,*,#16206,.T.);
#16206 = EDGE_CURVE('',#16181,#16207,#16209,.T.);
#16207 = VERTEX_POINT('',#16208);
#16208 = CARTESIAN_POINT('',(17.108282747847,-50.7,197.69663151617));
#16209 = CIRCLE('',#16210,1.469292842572);
#16210 = AXIS2_PLACEMENT_3D('',#16211,#16212,#16213);
#16211 = CARTESIAN_POINT('',(18.515406168008,-50.7,197.2737543027));
#16212 = DIRECTION('',(-0.,-1.,0.));
#16213 = DIRECTION('',(-0.957687521092,0.,0.287810027525));
#16214 = ORIENTED_EDGE('',*,*,#16215,.T.);
#16215 = EDGE_CURVE('',#16207,#2187,#16216,.T.);
#16216 = LINE('',#16217,#16218);
#16217 = CARTESIAN_POINT('',(17.108282747847,-50.8,197.69663151617));
#16218 = VECTOR('',#16219,1.);
#16219 = DIRECTION('',(0.,1.,0.));
#16220 = ORIENTED_EDGE('',*,*,#2195,.F.);
#16221 = CYLINDRICAL_SURFACE('',#16222,1.469292842572);
#16222 = AXIS2_PLACEMENT_3D('',#16223,#16224,#16225);
#16223 = CARTESIAN_POINT('',(18.515406168008,-50.8,197.2737543027));
#16224 = DIRECTION('',(-0.,-1.,-0.));
#16225 = DIRECTION('',(-0.957687521092,0.,0.287810027525));
#16226 = ADVANCED_FACE('',(#16227),#16246,.F.);
#16227 = FACE_BOUND('',#16228,.T.);
#16228 = EDGE_LOOP('',(#16229,#16230,#16239,#16245));
#16229 = ORIENTED_EDGE('',*,*,#16215,.F.);
#16230 = ORIENTED_EDGE('',*,*,#16231,.T.);
#16231 = EDGE_CURVE('',#16207,#16232,#16234,.T.);
#16232 = VERTEX_POINT('',#16233);
#16233 = CARTESIAN_POINT('',(17.696631516171,-50.7,197.10828274784));
#16234 = CIRCLE('',#16235,0.471154273188);
#16235 = AXIS2_PLACEMENT_3D('',#16236,#16237,#16238);
#16236 = CARTESIAN_POINT('',(17.558836818268,-50.7,197.55883681826));
#16237 = DIRECTION('',(0.,-1.,-0.));
#16238 = DIRECTION('',(0.29246195088,0.,-0.956277160287));
#16239 = ORIENTED_EDGE('',*,*,#16240,.T.);
#16240 = EDGE_CURVE('',#16232,#2178,#16241,.T.);
#16241 = LINE('',#16242,#16243);
#16242 = CARTESIAN_POINT('',(17.696631516171,-50.8,197.10828274784));
#16243 = VECTOR('',#16244,1.);
#16244 = DIRECTION('',(0.,1.,0.));
#16245 = ORIENTED_EDGE('',*,*,#2186,.F.);
#16246 = CYLINDRICAL_SURFACE('',#16247,0.471154273188);
#16247 = AXIS2_PLACEMENT_3D('',#16248,#16249,#16250);
#16248 = CARTESIAN_POINT('',(17.558836818268,-50.8,197.55883681826));
#16249 = DIRECTION('',(-0.,-1.,-0.));
#16250 = DIRECTION('',(0.29246195088,0.,-0.956277160287));
#16251 = ADVANCED_FACE('',(#16252),#16271,.F.);
#16252 = FACE_BOUND('',#16253,.T.);
#16253 = EDGE_LOOP('',(#16254,#16255,#16264,#16270));
#16254 = ORIENTED_EDGE('',*,*,#16240,.F.);
#16255 = ORIENTED_EDGE('',*,*,#16256,.T.);
#16256 = EDGE_CURVE('',#16232,#16257,#16259,.T.);
#16257 = VERTEX_POINT('',#16258);
#16258 = CARTESIAN_POINT('',(18.038853235077,-50.7,197.26103577577));
#16259 = CIRCLE('',#16260,1.469292842571);
#16260 = AXIS2_PLACEMENT_3D('',#16261,#16262,#16263);
#16261 = CARTESIAN_POINT('',(17.273754302708,-50.7,198.515406168));
#16262 = DIRECTION('',(0.,-1.,-0.));
#16263 = DIRECTION('',(0.520725964356,0.,-0.853723883961));
#16264 = ORIENTED_EDGE('',*,*,#16265,.T.);
#16265 = EDGE_CURVE('',#16257,#2169,#16266,.T.);
#16266 = LINE('',#16267,#16268);
#16267 = CARTESIAN_POINT('',(18.038853235077,-50.8,197.26103577577));
#16268 = VECTOR('',#16269,1.);
#16269 = DIRECTION('',(0.,1.,0.));
#16270 = ORIENTED_EDGE('',*,*,#2177,.F.);
#16271 = CYLINDRICAL_SURFACE('',#16272,1.469292842571);
#16272 = AXIS2_PLACEMENT_3D('',#16273,#16274,#16275);
#16273 = CARTESIAN_POINT('',(17.273754302708,-50.8,198.515406168));
#16274 = DIRECTION('',(-0.,-1.,-0.));
#16275 = DIRECTION('',(0.520725964356,0.,-0.853723883961));
#16276 = ADVANCED_FACE('',(#16277),#16296,.T.);
#16277 = FACE_BOUND('',#16278,.T.);
#16278 = EDGE_LOOP('',(#16279,#16288,#16294,#16295));
#16279 = ORIENTED_EDGE('',*,*,#16280,.F.);
#16280 = EDGE_CURVE('',#16281,#16257,#16283,.T.);
#16281 = VERTEX_POINT('',#16282);
#16282 = CARTESIAN_POINT('',(18.250985269433,-50.7,197.26103577577));
#16283 = CIRCLE('',#16284,0.15);
#16284 = AXIS2_PLACEMENT_3D('',#16285,#16286,#16287);
#16285 = CARTESIAN_POINT('',(18.144919252255,-50.7,197.15496975859));
#16286 = DIRECTION('',(0.,-1.,0.));
#16287 = DIRECTION('',(0.707106781187,0.,0.707106781186));
#16288 = ORIENTED_EDGE('',*,*,#16289,.T.);
#16289 = EDGE_CURVE('',#16281,#2161,#16290,.T.);
#16290 = LINE('',#16291,#16292);
#16291 = CARTESIAN_POINT('',(18.250985269433,-50.8,197.26103577577));
#16292 = VECTOR('',#16293,1.);
#16293 = DIRECTION('',(0.,1.,0.));
#16294 = ORIENTED_EDGE('',*,*,#2168,.T.);
#16295 = ORIENTED_EDGE('',*,*,#16265,.F.);
#16296 = CYLINDRICAL_SURFACE('',#16297,0.15);
#16297 = AXIS2_PLACEMENT_3D('',#16298,#16299,#16300);
#16298 = CARTESIAN_POINT('',(18.144919252255,-50.8,197.15496975859));
#16299 = DIRECTION('',(0.,-1.,0.));
#16300 = DIRECTION('',(0.707106781187,0.,0.707106781186));
#16301 = ADVANCED_FACE('',(#16302),#16320,.T.);
#16302 = FACE_BOUND('',#16303,.T.);
#16303 = EDGE_LOOP('',(#16304,#16312,#16318,#16319));
#16304 = ORIENTED_EDGE('',*,*,#16305,.F.);
#16305 = EDGE_CURVE('',#16306,#16281,#16308,.T.);
#16306 = VERTEX_POINT('',#16307);
#16307 = CARTESIAN_POINT('',(18.639781563436,-50.7,196.84043831451));
#16308 = LINE('',#16309,#16310);
#16309 = CARTESIAN_POINT('',(18.542582489935,-50.7,196.94558767982));
#16310 = VECTOR('',#16311,1.);
#16311 = DIRECTION('',(-0.678800745533,0.,0.734322509436));
#16312 = ORIENTED_EDGE('',*,*,#16313,.T.);
#16313 = EDGE_CURVE('',#16306,#2152,#16314,.T.);
#16314 = LINE('',#16315,#16316);
#16315 = CARTESIAN_POINT('',(18.639781563436,-50.8,196.84043831451));
#16316 = VECTOR('',#16317,1.);
#16317 = DIRECTION('',(0.,1.,0.));
#16318 = ORIENTED_EDGE('',*,*,#2160,.T.);
#16319 = ORIENTED_EDGE('',*,*,#16289,.F.);
#16320 = PLANE('',#16321);
#16321 = AXIS2_PLACEMENT_3D('',#16322,#16323,#16324);
#16322 = CARTESIAN_POINT('',(18.639781563436,-50.8,196.84043831451));
#16323 = DIRECTION('',(0.734322509436,-0.,0.678800745533));
#16324 = DIRECTION('',(-0.678800745533,0.,0.734322509436));
#16325 = ADVANCED_FACE('',(#16326),#16345,.T.);
#16326 = FACE_BOUND('',#16327,.T.);
#16327 = EDGE_LOOP('',(#16328,#16337,#16343,#16344));
#16328 = ORIENTED_EDGE('',*,*,#16329,.F.);
#16329 = EDGE_CURVE('',#16330,#16306,#16332,.T.);
#16330 = VERTEX_POINT('',#16331);
#16331 = CARTESIAN_POINT('',(18.623137875846,-50.7,196.62896021242));
#16332 = CIRCLE('',#16333,0.15);
#16333 = AXIS2_PLACEMENT_3D('',#16334,#16335,#16336);
#16334 = CARTESIAN_POINT('',(18.525720668596,-50.7,196.74302110726));
#16335 = DIRECTION('',(0.,-1.,0.));
#16336 = DIRECTION('',(0.64944804833,0.,-0.7604059656));
#16337 = ORIENTED_EDGE('',*,*,#16338,.T.);
#16338 = EDGE_CURVE('',#16330,#2143,#16339,.T.);
#16339 = LINE('',#16340,#16341);
#16340 = CARTESIAN_POINT('',(18.623137875846,-50.8,196.62896021242));
#16341 = VECTOR('',#16342,1.);
#16342 = DIRECTION('',(0.,1.,0.));
#16343 = ORIENTED_EDGE('',*,*,#2151,.T.);
#16344 = ORIENTED_EDGE('',*,*,#16313,.F.);
#16345 = CYLINDRICAL_SURFACE('',#16346,0.15);
#16346 = AXIS2_PLACEMENT_3D('',#16347,#16348,#16349);
#16347 = CARTESIAN_POINT('',(18.525720668596,-50.8,196.74302110726));
#16348 = DIRECTION('',(0.,-1.,0.));
#16349 = DIRECTION('',(0.64944804833,0.,-0.7604059656));
#16350 = ADVANCED_FACE('',(#16351),#16370,.F.);
#16351 = FACE_BOUND('',#16352,.T.);
#16352 = EDGE_LOOP('',(#16353,#16354,#16363,#16369));
#16353 = ORIENTED_EDGE('',*,*,#16338,.F.);
#16354 = ORIENTED_EDGE('',*,*,#16355,.T.);
#16355 = EDGE_CURVE('',#16330,#16356,#16358,.T.);
#16356 = VERTEX_POINT('',#16357);
#16357 = CARTESIAN_POINT('',(18.444005327924,-50.7,196.2997783133));
#16358 = CIRCLE('',#16359,1.469292842571);
#16359 = AXIS2_PLACEMENT_3D('',#16360,#16361,#16362);
#16360 = CARTESIAN_POINT('',(19.813612492412,-50.7,195.76780305804));
#16361 = DIRECTION('',(-0.,-1.,0.));
#16362 = DIRECTION('',(-0.932153975576,0.,0.362062102157));
#16363 = ORIENTED_EDGE('',*,*,#16364,.T.);
#16364 = EDGE_CURVE('',#16356,#2134,#16365,.T.);
#16365 = LINE('',#16366,#16367);
#16366 = CARTESIAN_POINT('',(18.444005327924,-50.8,196.2997783133));
#16367 = VECTOR('',#16368,1.);
#16368 = DIRECTION('',(0.,1.,0.));
#16369 = ORIENTED_EDGE('',*,*,#2142,.F.);
#16370 = CYLINDRICAL_SURFACE('',#16371,1.469292842571);
#16371 = AXIS2_PLACEMENT_3D('',#16372,#16373,#16374);
#16372 = CARTESIAN_POINT('',(19.813612492412,-50.8,195.76780305804));
#16373 = DIRECTION('',(-0.,-1.,-0.));
#16374 = DIRECTION('',(-0.932153975576,0.,0.362062102157));
#16375 = ADVANCED_FACE('',(#16376),#16395,.F.);
#16376 = FACE_BOUND('',#16377,.T.);
#16377 = EDGE_LOOP('',(#16378,#16379,#16388,#16394));
#16378 = ORIENTED_EDGE('',*,*,#16364,.F.);
#16379 = ORIENTED_EDGE('',*,*,#16380,.T.);
#16380 = EDGE_CURVE('',#16356,#16381,#16383,.T.);
#16381 = VERTEX_POINT('',#16382);
#16382 = CARTESIAN_POINT('',(18.984379101011,-50.7,195.66708191554));
#16383 = CIRCLE('',#16384,0.471154273188);
#16384 = AXIS2_PLACEMENT_3D('',#16385,#16386,#16387);
#16385 = CARTESIAN_POINT('',(18.882359243117,-50.7,196.12705832552));
#16386 = DIRECTION('',(0.,-1.,-0.));
#16387 = DIRECTION('',(0.216531747029,0.,-0.976275577144));
#16388 = ORIENTED_EDGE('',*,*,#16389,.T.);
#16389 = EDGE_CURVE('',#16381,#2125,#16390,.T.);
#16390 = LINE('',#16391,#16392);
#16391 = CARTESIAN_POINT('',(18.984379101011,-50.8,195.66708191554));
#16392 = VECTOR('',#16393,1.);
#16393 = DIRECTION('',(0.,1.,0.));
#16394 = ORIENTED_EDGE('',*,*,#2133,.F.);
#16395 = CYLINDRICAL_SURFACE('',#16396,0.471154273188);
#16396 = AXIS2_PLACEMENT_3D('',#16397,#16398,#16399);
#16397 = CARTESIAN_POINT('',(18.882359243117,-50.8,196.12705832552));
#16398 = DIRECTION('',(-0.,-1.,-0.));
#16399 = DIRECTION('',(0.216531747029,0.,-0.976275577144));
#16400 = ADVANCED_FACE('',(#16401),#16420,.F.);
#16401 = FACE_BOUND('',#16402,.T.);
#16402 = EDGE_LOOP('',(#16403,#16404,#16413,#16419));
#16403 = ORIENTED_EDGE('',*,*,#16389,.F.);
#16404 = ORIENTED_EDGE('',*,*,#16405,.T.);
#16405 = EDGE_CURVE('',#16381,#16406,#16408,.T.);
#16406 = VERTEX_POINT('',#16407);
#16407 = CARTESIAN_POINT('',(19.337530729009,-50.7,195.79251365026));
#16408 = CIRCLE('',#16409,1.469292842573);
#16409 = AXIS2_PLACEMENT_3D('',#16410,#16411,#16412);
#16410 = CARTESIAN_POINT('',(18.673207107992,-50.7,197.10304620758));
#16411 = DIRECTION('',(0.,-1.,-0.));
#16412 = DIRECTION('',(0.452138336054,0.,-0.891947826428));
#16413 = ORIENTED_EDGE('',*,*,#16414,.T.);
#16414 = EDGE_CURVE('',#16406,#2116,#16415,.T.);
#16415 = LINE('',#16416,#16417);
#16416 = CARTESIAN_POINT('',(19.337530729009,-50.8,195.79251365026));
#16417 = VECTOR('',#16418,1.);
#16418 = DIRECTION('',(0.,1.,0.));
#16419 = ORIENTED_EDGE('',*,*,#2124,.F.);
#16420 = CYLINDRICAL_SURFACE('',#16421,1.469292842573);
#16421 = AXIS2_PLACEMENT_3D('',#16422,#16423,#16424);
#16422 = CARTESIAN_POINT('',(18.673207107992,-50.8,197.10304620758));
#16423 = DIRECTION('',(-0.,-1.,-0.));
#16424 = DIRECTION('',(0.452138336054,0.,-0.891947826428));
#16425 = ADVANCED_FACE('',(#16426),#16445,.T.);
#16426 = FACE_BOUND('',#16427,.T.);
#16427 = EDGE_LOOP('',(#16428,#16437,#16443,#16444));
#16428 = ORIENTED_EDGE('',*,*,#16429,.F.);
#16429 = EDGE_CURVE('',#16430,#16406,#16432,.T.);
#16430 = VERTEX_POINT('',#16431);
#16431 = CARTESIAN_POINT('',(19.549008831098,-50.7,195.77586996267));
#16432 = CIRCLE('',#16433,0.15);
#16433 = AXIS2_PLACEMENT_3D('',#16434,#16435,#16436);
#16434 = CARTESIAN_POINT('',(19.434947936258,-50.7,195.67845275542));
#16435 = DIRECTION('',(0.,-1.,0.));
#16436 = DIRECTION('',(0.7604059656,0.,0.64944804833));
#16437 = ORIENTED_EDGE('',*,*,#16438,.T.);
#16438 = EDGE_CURVE('',#16430,#2108,#16439,.T.);
#16439 = LINE('',#16440,#16441);
#16440 = CARTESIAN_POINT('',(19.549008831098,-50.8,195.77586996267));
#16441 = VECTOR('',#16442,1.);
#16442 = DIRECTION('',(0.,1.,0.));
#16443 = ORIENTED_EDGE('',*,*,#2115,.T.);
#16444 = ORIENTED_EDGE('',*,*,#16414,.F.);
#16445 = CYLINDRICAL_SURFACE('',#16446,0.15);
#16446 = AXIS2_PLACEMENT_3D('',#16447,#16448,#16449);
#16447 = CARTESIAN_POINT('',(19.434947936258,-50.8,195.67845275542));
#16448 = DIRECTION('',(0.,-1.,0.));
#16449 = DIRECTION('',(0.7604059656,0.,0.64944804833));
#16450 = ADVANCED_FACE('',(#16451),#16469,.T.);
#16451 = FACE_BOUND('',#16452,.T.);
#16452 = EDGE_LOOP('',(#16453,#16461,#16467,#16468));
#16453 = ORIENTED_EDGE('',*,*,#16454,.F.);
#16454 = EDGE_CURVE('',#16455,#16430,#16457,.T.);
#16455 = VERTEX_POINT('',#16456);
#16456 = CARTESIAN_POINT('',(19.903606899406,-50.7,195.32606445736));
#16457 = LINE('',#16458,#16459);
#16458 = CARTESIAN_POINT('',(19.814957382329,-50.7,195.43851583369));
#16459 = VECTOR('',#16460,1.);
#16460 = DIRECTION('',(-0.61909394931,0.,0.785316930881));
#16461 = ORIENTED_EDGE('',*,*,#16462,.T.);
#16462 = EDGE_CURVE('',#16455,#2099,#16463,.T.);
#16463 = LINE('',#16464,#16465);
#16464 = CARTESIAN_POINT('',(19.903606899406,-50.8,195.32606445736));
#16465 = VECTOR('',#16466,1.);
#16466 = DIRECTION('',(0.,1.,0.));
#16467 = ORIENTED_EDGE('',*,*,#2107,.T.);
#16468 = ORIENTED_EDGE('',*,*,#16438,.F.);
#16469 = PLANE('',#16470);
#16470 = AXIS2_PLACEMENT_3D('',#16471,#16472,#16473);
#16471 = CARTESIAN_POINT('',(19.903606899406,-50.8,195.32606445736));
#16472 = DIRECTION('',(0.785316930881,-0.,0.61909394931));
#16473 = DIRECTION('',(-0.61909394931,0.,0.785316930881));
#16474 = ADVANCED_FACE('',(#16475),#16494,.T.);
#16475 = FACE_BOUND('',#16476,.T.);
#16476 = EDGE_LOOP('',(#16477,#16486,#16492,#16493));
#16477 = ORIENTED_EDGE('',*,*,#16478,.F.);
#16478 = EDGE_CURVE('',#16479,#16455,#16481,.T.);
#16479 = VERTEX_POINT('',#16480);
#16480 = CARTESIAN_POINT('',(19.870422138094,-50.7,195.11654412036));
#16481 = CIRCLE('',#16482,0.15);
#16482 = AXIS2_PLACEMENT_3D('',#16483,#16484,#16485);
#16483 = CARTESIAN_POINT('',(19.78225435025,-50.7,195.23789666952));
#16484 = DIRECTION('',(0.,-1.,0.));
#16485 = DIRECTION('',(0.587785252293,0.,-0.809016994375));
#16486 = ORIENTED_EDGE('',*,*,#16487,.T.);
#16487 = EDGE_CURVE('',#16479,#2090,#16488,.T.);
#16488 = LINE('',#16489,#16490);
#16489 = CARTESIAN_POINT('',(19.870422138094,-50.8,195.11654412036));
#16490 = VECTOR('',#16491,1.);
#16491 = DIRECTION('',(0.,1.,0.));
#16492 = ORIENTED_EDGE('',*,*,#2098,.T.);
#16493 = ORIENTED_EDGE('',*,*,#16462,.F.);
#16494 = CYLINDRICAL_SURFACE('',#16495,0.15);
#16495 = AXIS2_PLACEMENT_3D('',#16496,#16497,#16498);
#16496 = CARTESIAN_POINT('',(19.78225435025,-50.8,195.23789666952));
#16497 = DIRECTION('',(0.,-1.,0.));
#16498 = DIRECTION('',(0.587785252293,0.,-0.809016994375));
#16499 = ADVANCED_FACE('',(#16500),#16519,.F.);
#16500 = FACE_BOUND('',#16501,.T.);
#16501 = EDGE_LOOP('',(#16502,#16503,#16512,#16518));
#16502 = ORIENTED_EDGE('',*,*,#16487,.F.);
#16503 = ORIENTED_EDGE('',*,*,#16504,.T.);
#16504 = EDGE_CURVE('',#16479,#16505,#16507,.T.);
#16505 = VERTEX_POINT('',#16506);
#16506 = CARTESIAN_POINT('',(19.6660144819,-50.7,194.80243155691));
#16507 = CIRCLE('',#16508,1.469292842573);
#16508 = AXIS2_PLACEMENT_3D('',#16509,#16510,#16511);
#16509 = CARTESIAN_POINT('',(20.989661307107,-50.7,194.16463806419));
#16510 = DIRECTION('',(-0.,-1.,0.));
#16511 = DIRECTION('',(-0.900873390827,0.,0.434081943531));
#16512 = ORIENTED_EDGE('',*,*,#16513,.T.);
#16513 = EDGE_CURVE('',#16505,#2081,#16514,.T.);
#16514 = LINE('',#16515,#16516);
#16515 = CARTESIAN_POINT('',(19.6660144819,-50.8,194.80243155691));
#16516 = VECTOR('',#16517,1.);
#16517 = DIRECTION('',(0.,1.,0.));
#16518 = ORIENTED_EDGE('',*,*,#2089,.F.);
#16519 = CYLINDRICAL_SURFACE('',#16520,1.469292842573);
#16520 = AXIS2_PLACEMENT_3D('',#16521,#16522,#16523);
#16521 = CARTESIAN_POINT('',(20.989661307107,-50.8,194.16463806419));
#16522 = DIRECTION('',(-0.,-1.,-0.));
#16523 = DIRECTION('',(-0.900873390827,0.,0.434081943531));
#16524 = ADVANCED_FACE('',(#16525),#16544,.F.);
#16525 = FACE_BOUND('',#16526,.T.);
#16526 = EDGE_LOOP('',(#16527,#16528,#16537,#16543));
#16527 = ORIENTED_EDGE('',*,*,#16513,.F.);
#16528 = ORIENTED_EDGE('',*,*,#16529,.T.);
#16529 = EDGE_CURVE('',#16505,#16530,#16532,.T.);
#16530 = VERTEX_POINT('',#16531);
#16531 = CARTESIAN_POINT('',(20.155081675747,-50.7,194.1292883134));
#16532 = CIRCLE('',#16533,0.471154273188);
#16533 = AXIS2_PLACEMENT_3D('',#16534,#16535,#16536);
#16534 = CARTESIAN_POINT('',(20.089465644211,-50.7,194.59585115542));
#16535 = DIRECTION('',(0.,-1.,-0.));
#16536 = DIRECTION('',(0.139266552953,0.,-0.990254930424));
#16537 = ORIENTED_EDGE('',*,*,#16538,.T.);
#16538 = EDGE_CURVE('',#16530,#2072,#16539,.T.);
#16539 = LINE('',#16540,#16541);
#16540 = CARTESIAN_POINT('',(20.155081675747,-50.8,194.1292883134));
#16541 = VECTOR('',#16542,1.);
#16542 = DIRECTION('',(0.,1.,0.));
#16543 = ORIENTED_EDGE('',*,*,#2080,.F.);
#16544 = CYLINDRICAL_SURFACE('',#16545,0.471154273188);
#16545 = AXIS2_PLACEMENT_3D('',#16546,#16547,#16548);
#16546 = CARTESIAN_POINT('',(20.089465644211,-50.8,194.59585115542));
#16547 = DIRECTION('',(-0.,-1.,-0.));
#16548 = DIRECTION('',(0.139266552953,0.,-0.990254930424));
#16549 = ADVANCED_FACE('',(#16550),#16569,.F.);
#16550 = FACE_BOUND('',#16551,.T.);
#16551 = EDGE_LOOP('',(#16552,#16553,#16562,#16568));
#16552 = ORIENTED_EDGE('',*,*,#16538,.F.);
#16553 = ORIENTED_EDGE('',*,*,#16554,.T.);
#16554 = EDGE_CURVE('',#16530,#16555,#16557,.T.);
#16555 = VERTEX_POINT('',#16556);
#16556 = CARTESIAN_POINT('',(20.516985915615,-50.7,194.22662542655));
#16557 = CIRCLE('',#16558,1.469292842572);
#16558 = AXIS2_PLACEMENT_3D('',#16559,#16560,#16561);
#16559 = CARTESIAN_POINT('',(19.957533381984,-50.7,195.58524027994));
#16560 = DIRECTION('',(0.,-1.,-0.));
#16561 = DIRECTION('',(0.38076312456,0.,-0.924672613943));
#16562 = ORIENTED_EDGE('',*,*,#16563,.T.);
#16563 = EDGE_CURVE('',#16555,#2063,#16564,.T.);
#16564 = LINE('',#16565,#16566);
#16565 = CARTESIAN_POINT('',(20.516985915615,-50.8,194.22662542655));
#16566 = VECTOR('',#16567,1.);
#16567 = DIRECTION('',(0.,1.,0.));
#16568 = ORIENTED_EDGE('',*,*,#2071,.F.);
#16569 = CYLINDRICAL_SURFACE('',#16570,1.469292842572);
#16570 = AXIS2_PLACEMENT_3D('',#16571,#16572,#16573);
#16571 = CARTESIAN_POINT('',(19.957533381984,-50.8,195.58524027994));
#16572 = DIRECTION('',(-0.,-1.,-0.));
#16573 = DIRECTION('',(0.38076312456,0.,-0.924672613943));
#16574 = ADVANCED_FACE('',(#16575),#16594,.T.);
#16575 = FACE_BOUND('',#16576,.T.);
#16576 = EDGE_LOOP('',(#16577,#16586,#16592,#16593));
#16577 = ORIENTED_EDGE('',*,*,#16578,.F.);
#16578 = EDGE_CURVE('',#16579,#16555,#16581,.T.);
#16579 = VERTEX_POINT('',#16580);
#16580 = CARTESIAN_POINT('',(20.726506252615,-50.7,194.19344066524));
#16581 = CIRCLE('',#16582,0.15);
#16582 = AXIS2_PLACEMENT_3D('',#16583,#16584,#16585);
#16583 = CARTESIAN_POINT('',(20.605153703459,-50.7,194.1052728774));
#16584 = DIRECTION('',(0.,-1.,0.));
#16585 = DIRECTION('',(0.809016994375,0.,0.587785252293));
#16586 = ORIENTED_EDGE('',*,*,#16587,.T.);
#16587 = EDGE_CURVE('',#16579,#2055,#16588,.T.);
#16588 = LINE('',#16589,#16590);
#16589 = CARTESIAN_POINT('',(20.726506252615,-50.8,194.19344066524));
#16590 = VECTOR('',#16591,1.);
#16591 = DIRECTION('',(0.,1.,0.));
#16592 = ORIENTED_EDGE('',*,*,#2062,.T.);
#16593 = ORIENTED_EDGE('',*,*,#16563,.F.);
#16594 = CYLINDRICAL_SURFACE('',#16595,0.15);
#16595 = AXIS2_PLACEMENT_3D('',#16596,#16597,#16598);
#16596 = CARTESIAN_POINT('',(20.605153703459,-50.8,194.1052728774));
#16597 = DIRECTION('',(0.,-1.,0.));
#16598 = DIRECTION('',(0.809016994375,0.,0.587785252293));
#16599 = ADVANCED_FACE('',(#16600),#16618,.T.);
#16600 = FACE_BOUND('',#16601,.T.);
#16601 = EDGE_LOOP('',(#16602,#16610,#16616,#16617));
#16602 = ORIENTED_EDGE('',*,*,#16603,.F.);
#16603 = EDGE_CURVE('',#16604,#16579,#16606,.T.);
#16604 = VERTEX_POINT('',#16605);
#16605 = CARTESIAN_POINT('',(21.04471988022,-50.7,193.71720031641));
#16606 = LINE('',#16607,#16608);
#16607 = CARTESIAN_POINT('',(20.965166473319,-50.7,193.83626040362));
#16608 = VECTOR('',#16609,1.);
#16609 = DIRECTION('',(-0.55557023302,0.,0.831469612303));
#16610 = ORIENTED_EDGE('',*,*,#16611,.T.);
#16611 = EDGE_CURVE('',#16604,#2046,#16612,.T.);
#16612 = LINE('',#16613,#16614);
#16613 = CARTESIAN_POINT('',(21.04471988022,-50.8,193.71720031641));
#16614 = VECTOR('',#16615,1.);
#16615 = DIRECTION('',(0.,1.,0.));
#16616 = ORIENTED_EDGE('',*,*,#2054,.T.);
#16617 = ORIENTED_EDGE('',*,*,#16587,.F.);
#16618 = PLANE('',#16619);
#16619 = AXIS2_PLACEMENT_3D('',#16620,#16621,#16622);
#16620 = CARTESIAN_POINT('',(21.04471988022,-50.8,193.71720031641));
#16621 = DIRECTION('',(0.831469612303,-0.,0.55557023302));
#16622 = DIRECTION('',(-0.55557023302,0.,0.831469612303));
#16623 = ADVANCED_FACE('',(#16624),#16643,.T.);
#16624 = FACE_BOUND('',#16625,.T.);
#16625 = EDGE_LOOP('',(#16626,#16635,#16641,#16642));
#16626 = ORIENTED_EDGE('',*,*,#16627,.F.);
#16627 = EDGE_CURVE('',#16628,#16604,#16630,.T.);
#16628 = VERTEX_POINT('',#16629);
#16629 = CARTESIAN_POINT('',(20.995198640274,-50.7,193.51092950705));
#16630 = CIRCLE('',#16631,0.15);
#16631 = AXIS2_PLACEMENT_3D('',#16632,#16633,#16634);
#16632 = CARTESIAN_POINT('',(20.916823855567,-50.7,193.6388255317));
#16633 = DIRECTION('',(0.,-1.,0.));
#16634 = DIRECTION('',(0.522498564716,0.,-0.852640164354));
#16635 = ORIENTED_EDGE('',*,*,#16636,.T.);
#16636 = EDGE_CURVE('',#16628,#2037,#16637,.T.);
#16637 = LINE('',#16638,#16639);
#16638 = CARTESIAN_POINT('',(20.995198640274,-50.8,193.51092950705));
#16639 = VECTOR('',#16640,1.);
#16640 = DIRECTION('',(0.,1.,0.));
#16641 = ORIENTED_EDGE('',*,*,#2045,.T.);
#16642 = ORIENTED_EDGE('',*,*,#16611,.F.);
#16643 = CYLINDRICAL_SURFACE('',#16644,0.15);
#16644 = AXIS2_PLACEMENT_3D('',#16645,#16646,#16647);
#16645 = CARTESIAN_POINT('',(20.916823855567,-50.8,193.6388255317));
#16646 = DIRECTION('',(0.,-1.,0.));
#16647 = DIRECTION('',(0.522498564716,0.,-0.852640164354));
#16648 = ADVANCED_FACE('',(#16649),#16668,.F.);
#16649 = FACE_BOUND('',#16650,.T.);
#16650 = EDGE_LOOP('',(#16651,#16652,#16661,#16667));
#16651 = ORIENTED_EDGE('',*,*,#16636,.F.);
#16652 = ORIENTED_EDGE('',*,*,#16653,.T.);
#16653 = EDGE_CURVE('',#16628,#16654,#16656,.T.);
#16654 = VERTEX_POINT('',#16655);
#16655 = CARTESIAN_POINT('',(20.766776116981,-50.7,193.21382288766));
#16656 = CIRCLE('',#16657,1.469292842571);
#16657 = AXIS2_PLACEMENT_3D('',#16658,#16659,#16660);
#16658 = CARTESIAN_POINT('',(22.036301880069,-50.7,192.47414336646));
#16659 = DIRECTION('',(-0.,-1.,0.));
#16660 = DIRECTION('',(-0.864038622053,0.,0.503425525376));
#16661 = ORIENTED_EDGE('',*,*,#16662,.T.);
#16662 = EDGE_CURVE('',#16654,#2028,#16663,.T.);
#16663 = LINE('',#16664,#16665);
#16664 = CARTESIAN_POINT('',(20.766776116981,-50.8,193.21382288766));
#16665 = VECTOR('',#16666,1.);
#16666 = DIRECTION('',(0.,1.,0.));
#16667 = ORIENTED_EDGE('',*,*,#2036,.F.);
#16668 = CYLINDRICAL_SURFACE('',#16669,1.469292842571);
#16669 = AXIS2_PLACEMENT_3D('',#16670,#16671,#16672);
#16670 = CARTESIAN_POINT('',(22.036301880069,-50.8,192.47414336646));
#16671 = DIRECTION('',(-0.,-1.,-0.));
#16672 = DIRECTION('',(-0.864038622053,0.,0.503425525376));
#16673 = ADVANCED_FACE('',(#16674),#16693,.F.);
#16674 = FACE_BOUND('',#16675,.T.);
#16675 = EDGE_LOOP('',(#16676,#16677,#16686,#16692));
#16676 = ORIENTED_EDGE('',*,*,#16662,.F.);
#16677 = ORIENTED_EDGE('',*,*,#16678,.T.);
#16678 = EDGE_CURVE('',#16654,#16679,#16681,.T.);
#16679 = VERTEX_POINT('',#16680);
#16680 = CARTESIAN_POINT('',(21.201521469707,-50.7,192.50438295034));
#16681 = CIRCLE('',#16682,0.471154273188);
#16682 = AXIS2_PLACEMENT_3D('',#16683,#16684,#16685);
#16683 = CARTESIAN_POINT('',(21.172713809183,-50.7,192.97465570932));
#16684 = DIRECTION('',(0.,-1.,-0.));
#16685 = DIRECTION('',(6.11427342666E-02,0.,-0.998129032764));
#16686 = ORIENTED_EDGE('',*,*,#16687,.T.);
#16687 = EDGE_CURVE('',#16679,#2019,#16688,.T.);
#16688 = LINE('',#16689,#16690);
#16689 = CARTESIAN_POINT('',(21.201521469707,-50.8,192.50438295034));
#16690 = VECTOR('',#16691,1.);
#16691 = DIRECTION('',(0.,1.,0.));
#16692 = ORIENTED_EDGE('',*,*,#2027,.F.);
#16693 = CYLINDRICAL_SURFACE('',#16694,0.471154273188);
#16694 = AXIS2_PLACEMENT_3D('',#16695,#16696,#16697);
#16695 = CARTESIAN_POINT('',(21.172713809183,-50.8,192.97465570932));
#16696 = DIRECTION('',(-0.,-1.,-0.));
#16697 = DIRECTION('',(6.11427342666E-02,0.,-0.998129032764));
#16698 = ADVANCED_FACE('',(#16699),#16718,.F.);
#16699 = FACE_BOUND('',#16700,.T.);
#16700 = EDGE_LOOP('',(#16701,#16702,#16711,#16717));
#16701 = ORIENTED_EDGE('',*,*,#16687,.F.);
#16702 = ORIENTED_EDGE('',*,*,#16703,.T.);
#16703 = EDGE_CURVE('',#16679,#16704,#16706,.T.);
#16704 = VERTEX_POINT('',#16705);
#16705 = CARTESIAN_POINT('',(21.569947061462,-50.7,192.57302532626));
#16706 = CIRCLE('',#16707,1.469292842572);
#16707 = AXIS2_PLACEMENT_3D('',#16708,#16709,#16710);
#16708 = CARTESIAN_POINT('',(21.118814826123,-50.7,193.97134616336));
#16709 = DIRECTION('',(0.,-1.,-0.));
#16710 = DIRECTION('',(0.307040381786,0.,-0.951696487307));
#16711 = ORIENTED_EDGE('',*,*,#16712,.T.);
#16712 = EDGE_CURVE('',#16704,#2010,#16713,.T.);
#16713 = LINE('',#16714,#16715);
#16714 = CARTESIAN_POINT('',(21.569947061462,-50.8,192.57302532626));
#16715 = VECTOR('',#16716,1.);
#16716 = DIRECTION('',(0.,1.,0.));
#16717 = ORIENTED_EDGE('',*,*,#2018,.F.);
#16718 = CYLINDRICAL_SURFACE('',#16719,1.469292842572);
#16719 = AXIS2_PLACEMENT_3D('',#16720,#16721,#16722);
#16720 = CARTESIAN_POINT('',(21.118814826123,-50.8,193.97134616336));
#16721 = DIRECTION('',(-0.,-1.,-0.));
#16722 = DIRECTION('',(0.307040381786,0.,-0.951696487307));
#16723 = ADVANCED_FACE('',(#16724),#16743,.T.);
#16724 = FACE_BOUND('',#16725,.T.);
#16725 = EDGE_LOOP('',(#16726,#16735,#16741,#16742));
#16726 = ORIENTED_EDGE('',*,*,#16727,.F.);
#16727 = EDGE_CURVE('',#16728,#16704,#16730,.T.);
#16728 = VERTEX_POINT('',#16729);
#16729 = CARTESIAN_POINT('',(21.776217870822,-50.7,192.52350408631));
#16730 = CIRCLE('',#16731,0.15);
#16731 = AXIS2_PLACEMENT_3D('',#16732,#16733,#16734);
#16732 = CARTESIAN_POINT('',(21.648321846169,-50.7,192.44512930161));
#16733 = DIRECTION('',(0.,-1.,0.));
#16734 = DIRECTION('',(0.852640164354,0.,0.522498564716));
#16735 = ORIENTED_EDGE('',*,*,#16736,.T.);
#16736 = EDGE_CURVE('',#16728,#2002,#16737,.T.);
#16737 = LINE('',#16738,#16739);
#16738 = CARTESIAN_POINT('',(21.776217870822,-50.8,192.52350408631));
#16739 = VECTOR('',#16740,1.);
#16740 = DIRECTION('',(0.,1.,0.));
#16741 = ORIENTED_EDGE('',*,*,#2009,.T.);
#16742 = ORIENTED_EDGE('',*,*,#16712,.F.);
#16743 = CYLINDRICAL_SURFACE('',#16744,0.15);
#16744 = AXIS2_PLACEMENT_3D('',#16745,#16746,#16747);
#16745 = CARTESIAN_POINT('',(21.648321846169,-50.8,192.44512930161));
#16746 = DIRECTION('',(0.,-1.,0.));
#16747 = DIRECTION('',(0.852640164354,0.,0.522498564716));
#16748 = ADVANCED_FACE('',(#16749),#16767,.T.);
#16749 = FACE_BOUND('',#16750,.T.);
#16750 = EDGE_LOOP('',(#16751,#16759,#16765,#16766));
#16751 = ORIENTED_EDGE('',*,*,#16752,.F.);
#16752 = EDGE_CURVE('',#16753,#16728,#16755,.T.);
#16753 = VERTEX_POINT('',#16754);
#16754 = CARTESIAN_POINT('',(22.056085164893,-50.7,192.02376507407));
#16755 = LINE('',#16756,#16757);
#16756 = CARTESIAN_POINT('',(21.986118341375,-50.7,192.14869982713));
#16757 = VECTOR('',#16758,1.);
#16758 = DIRECTION('',(-0.488621241497,0.,0.872496007073));
#16759 = ORIENTED_EDGE('',*,*,#16760,.T.);
#16760 = EDGE_CURVE('',#16753,#1993,#16761,.T.);
#16761 = LINE('',#16762,#16763);
#16762 = CARTESIAN_POINT('',(22.056085164893,-50.8,192.02376507407));
#16763 = VECTOR('',#16764,1.);
#16764 = DIRECTION('',(0.,1.,0.));
#16765 = ORIENTED_EDGE('',*,*,#2001,.T.);
#16766 = ORIENTED_EDGE('',*,*,#16736,.F.);
#16767 = PLANE('',#16768);
#16768 = AXIS2_PLACEMENT_3D('',#16769,#16770,#16771);
#16769 = CARTESIAN_POINT('',(22.056085164893,-50.8,192.02376507407));
#16770 = DIRECTION('',(0.872496007073,-0.,0.488621241497));
#16771 = DIRECTION('',(-0.488621241497,0.,0.872496007073));
#16772 = ADVANCED_FACE('',(#16773),#16792,.T.);
#16773 = FACE_BOUND('',#16774,.T.);
#16774 = EDGE_LOOP('',(#16775,#16784,#16790,#16791));
#16775 = ORIENTED_EDGE('',*,*,#16776,.F.);
#16776 = EDGE_CURVE('',#16777,#16753,#16779,.T.);
#16777 = VERTEX_POINT('',#16778);
#16778 = CARTESIAN_POINT('',(21.990532761225,-50.7,191.82201552048));
#16779 = CIRCLE('',#16780,0.15);
#16780 = AXIS2_PLACEMENT_3D('',#16781,#16782,#16783);
#16781 = CARTESIAN_POINT('',(21.922434186265,-50.7,191.95566649911));
#16782 = DIRECTION('',(0.,-1.,0.));
#16783 = DIRECTION('',(0.45399049974,0.,-0.891006524188));
#16784 = ORIENTED_EDGE('',*,*,#16785,.T.);
#16785 = EDGE_CURVE('',#16777,#1984,#16786,.T.);
#16786 = LINE('',#16787,#16788);
#16787 = CARTESIAN_POINT('',(21.990532761225,-50.8,191.82201552048));
#16788 = VECTOR('',#16789,1.);
#16789 = DIRECTION('',(0.,1.,0.));
#16790 = ORIENTED_EDGE('',*,*,#1992,.T.);
#16791 = ORIENTED_EDGE('',*,*,#16760,.F.);
#16792 = CYLINDRICAL_SURFACE('',#16793,0.15);
#16793 = AXIS2_PLACEMENT_3D('',#16794,#16795,#16796);
#16794 = CARTESIAN_POINT('',(21.922434186265,-50.8,191.95566649911));
#16795 = DIRECTION('',(0.,-1.,0.));
#16796 = DIRECTION('',(0.45399049974,0.,-0.891006524188));
#16797 = ADVANCED_FACE('',(#16798),#16817,.F.);
#16798 = FACE_BOUND('',#16799,.T.);
#16799 = EDGE_LOOP('',(#16800,#16801,#16810,#16816));
#16800 = ORIENTED_EDGE('',*,*,#16785,.F.);
#16801 = ORIENTED_EDGE('',*,*,#16802,.T.);
#16802 = EDGE_CURVE('',#16777,#16803,#16805,.T.);
#16803 = VERTEX_POINT('',#16804);
#16804 = CARTESIAN_POINT('',(21.739503671648,-50.7,191.54374660627));
#16805 = CIRCLE('',#16806,1.469292842571);
#16806 = AXIS2_PLACEMENT_3D('',#16807,#16808,#16809);
#16807 = CARTESIAN_POINT('',(22.947081324129,-50.7,190.7067414268));
#16808 = DIRECTION('',(-0.,-1.,0.));
#16809 = DIRECTION('',(-0.821876767853,0.,0.569665321451));
#16810 = ORIENTED_EDGE('',*,*,#16811,.T.);
#16811 = EDGE_CURVE('',#16803,#1975,#16812,.T.);
#16812 = LINE('',#16813,#16814);
#16813 = CARTESIAN_POINT('',(21.739503671648,-50.8,191.54374660627));
#16814 = VECTOR('',#16815,1.);
#16815 = DIRECTION('',(0.,1.,0.));
#16816 = ORIENTED_EDGE('',*,*,#1983,.F.);
#16817 = CYLINDRICAL_SURFACE('',#16818,1.469292842571);
#16818 = AXIS2_PLACEMENT_3D('',#16819,#16820,#16821);
#16819 = CARTESIAN_POINT('',(22.947081324129,-50.8,190.7067414268));
#16820 = DIRECTION('',(-0.,-1.,-0.));
#16821 = DIRECTION('',(-0.821876767853,0.,0.569665321451));
#16822 = ADVANCED_FACE('',(#16823),#16842,.F.);
#16823 = FACE_BOUND('',#16824,.T.);
#16824 = EDGE_LOOP('',(#16825,#16826,#16835,#16841));
#16825 = ORIENTED_EDGE('',*,*,#16811,.F.);
#16826 = ORIENTED_EDGE('',*,*,#16827,.T.);
#16827 = EDGE_CURVE('',#16803,#16828,#16830,.T.);
#16828 = VERTEX_POINT('',#16829);
#16829 = CARTESIAN_POINT('',(22.117246833585,-50.7,190.80238390827));
#16830 = CIRCLE('',#16831,0.471154273188);
#16831 = AXIS2_PLACEMENT_3D('',#16832,#16833,#16834);
#16832 = CARTESIAN_POINT('',(22.125425152879,-50.7,191.27346719627));
#16833 = DIRECTION('',(0.,-1.,-0.));
#16834 = DIRECTION('',(-1.735804970809E-02,0.,-0.999849337706));
#16835 = ORIENTED_EDGE('',*,*,#16836,.T.);
#16836 = EDGE_CURVE('',#16828,#1966,#16837,.T.);
#16837 = LINE('',#16838,#16839);
#16838 = CARTESIAN_POINT('',(22.117246833585,-50.8,190.80238390827));
#16839 = VECTOR('',#16840,1.);
#16840 = DIRECTION('',(0.,1.,0.));
#16841 = ORIENTED_EDGE('',*,*,#1974,.F.);
#16842 = CYLINDRICAL_SURFACE('',#16843,0.471154273188);
#16843 = AXIS2_PLACEMENT_3D('',#16844,#16845,#16846);
#16844 = CARTESIAN_POINT('',(22.125425152879,-50.8,191.27346719627));
#16845 = DIRECTION('',(-0.,-1.,-0.));
#16846 = DIRECTION('',(-1.735804970809E-02,0.,-0.999849337706));
#16847 = ADVANCED_FACE('',(#16848),#16867,.F.);
#16848 = FACE_BOUND('',#16849,.T.);
#16849 = EDGE_LOOP('',(#16850,#16851,#16860,#16866));
#16850 = ORIENTED_EDGE('',*,*,#16836,.F.);
#16851 = ORIENTED_EDGE('',*,*,#16852,.T.);
#16852 = EDGE_CURVE('',#16828,#16853,#16855,.T.);
#16853 = VERTEX_POINT('',#16854);
#16854 = CARTESIAN_POINT('',(22.489922310939,-50.7,190.84190834387));
#16855 = CIRCLE('',#16856,1.469292842572);
#16856 = AXIS2_PLACEMENT_3D('',#16857,#16858,#16859);
#16857 = CARTESIAN_POINT('',(22.149891754141,-50.7,192.27131405174));
#16858 = DIRECTION('',(0.,-1.,-0.));
#16859 = DIRECTION('',(0.231424632957,0.,-0.972852835356));
#16860 = ORIENTED_EDGE('',*,*,#16861,.T.);
#16861 = EDGE_CURVE('',#16853,#1957,#16862,.T.);
#16862 = LINE('',#16863,#16864);
#16863 = CARTESIAN_POINT('',(22.489922310939,-50.8,190.84190834387));
#16864 = VECTOR('',#16865,1.);
#16865 = DIRECTION('',(0.,1.,0.));
#16866 = ORIENTED_EDGE('',*,*,#1965,.F.);
#16867 = CYLINDRICAL_SURFACE('',#16868,1.469292842572);
#16868 = AXIS2_PLACEMENT_3D('',#16869,#16870,#16871);
#16869 = CARTESIAN_POINT('',(22.149891754141,-50.8,192.27131405174));
#16870 = DIRECTION('',(-0.,-1.,-0.));
#16871 = DIRECTION('',(0.231424632957,0.,-0.972852835356));
#16872 = ADVANCED_FACE('',(#16873),#16892,.T.);
#16873 = FACE_BOUND('',#16874,.T.);
#16874 = EDGE_LOOP('',(#16875,#16884,#16890,#16891));
#16875 = ORIENTED_EDGE('',*,*,#16876,.F.);
#16876 = EDGE_CURVE('',#16877,#16853,#16879,.T.);
#16877 = VERTEX_POINT('',#16878);
#16878 = CARTESIAN_POINT('',(22.691671864528,-50.7,190.77635594021));
#16879 = CIRCLE('',#16880,0.15);
#16880 = AXIS2_PLACEMENT_3D('',#16881,#16882,#16883);
#16881 = CARTESIAN_POINT('',(22.5580208859,-50.7,190.70825736524));
#16882 = DIRECTION('',(0.,-1.,0.));
#16883 = DIRECTION('',(0.891006524188,0.,0.45399049974));
#16884 = ORIENTED_EDGE('',*,*,#16885,.T.);
#16885 = EDGE_CURVE('',#16877,#1949,#16886,.T.);
#16886 = LINE('',#16887,#16888);
#16887 = CARTESIAN_POINT('',(22.691671864528,-50.8,190.77635594021));
#16888 = VECTOR('',#16889,1.);
#16889 = DIRECTION('',(0.,1.,0.));
#16890 = ORIENTED_EDGE('',*,*,#1956,.T.);
#16891 = ORIENTED_EDGE('',*,*,#16861,.F.);
#16892 = CYLINDRICAL_SURFACE('',#16893,0.15);
#16893 = AXIS2_PLACEMENT_3D('',#16894,#16895,#16896);
#16894 = CARTESIAN_POINT('',(22.5580208859,-50.8,190.70825736524));
#16895 = DIRECTION('',(0.,-1.,0.));
#16896 = DIRECTION('',(0.891006524188,0.,0.45399049974));
#16897 = ADVANCED_FACE('',(#16898),#16916,.T.);
#16898 = FACE_BOUND('',#16899,.T.);
#16899 = EDGE_LOOP('',(#16900,#16908,#16914,#16915));
#16900 = ORIENTED_EDGE('',*,*,#16901,.F.);
#16901 = EDGE_CURVE('',#16902,#16877,#16904,.T.);
#16902 = VERTEX_POINT('',#16903);
#16903 = CARTESIAN_POINT('',(22.931467350132,-50.7,190.25619932174));
#16904 = LINE('',#16905,#16906);
#16905 = CARTESIAN_POINT('',(22.871518478731,-50.7,190.38623847636));
#16906 = VECTOR('',#16907,1.);
#16907 = DIRECTION('',(-0.418659737537,0.,0.908143173825));
#16908 = ORIENTED_EDGE('',*,*,#16909,.T.);
#16909 = EDGE_CURVE('',#16902,#1940,#16910,.T.);
#16910 = LINE('',#16911,#16912);
#16911 = CARTESIAN_POINT('',(22.931467350132,-50.8,190.25619932174));
#16912 = VECTOR('',#16913,1.);
#16913 = DIRECTION('',(0.,1.,0.));
#16914 = ORIENTED_EDGE('',*,*,#1948,.T.);
#16915 = ORIENTED_EDGE('',*,*,#16885,.F.);
#16916 = PLANE('',#16917);
#16917 = AXIS2_PLACEMENT_3D('',#16918,#16919,#16920);
#16918 = CARTESIAN_POINT('',(22.931467350132,-50.8,190.25619932174));
#16919 = DIRECTION('',(0.908143173825,-0.,0.418659737537));
#16920 = DIRECTION('',(-0.418659737537,0.,0.908143173825));
#16921 = ADVANCED_FACE('',(#16922),#16941,.T.);
#16922 = FACE_BOUND('',#16923,.T.);
#16923 = EDGE_LOOP('',(#16924,#16933,#16939,#16940));
#16924 = ORIENTED_EDGE('',*,*,#16925,.F.);
#16925 = EDGE_CURVE('',#16926,#16902,#16928,.T.);
#16926 = VERTEX_POINT('',#16927);
#16927 = CARTESIAN_POINT('',(22.85028793511,-50.7,190.06021487701));
#16928 = CIRCLE('',#16929,0.15);
#16929 = AXIS2_PLACEMENT_3D('',#16930,#16931,#16932);
#16930 = CARTESIAN_POINT('',(22.792885420255,-50.7,190.19879680689));
#16931 = DIRECTION('',(0.,-1.,0.));
#16932 = DIRECTION('',(0.382683432365,0.,-0.923879532511));
#16933 = ORIENTED_EDGE('',*,*,#16934,.T.);
#16934 = EDGE_CURVE('',#16926,#1931,#16935,.T.);
#16935 = LINE('',#16936,#16937);
#16936 = CARTESIAN_POINT('',(22.85028793511,-50.8,190.06021487701));
#16937 = VECTOR('',#16938,1.);
#16938 = DIRECTION('',(0.,1.,0.));
#16939 = ORIENTED_EDGE('',*,*,#1939,.T.);
#16940 = ORIENTED_EDGE('',*,*,#16909,.F.);
#16941 = CYLINDRICAL_SURFACE('',#16942,0.15);
#16942 = AXIS2_PLACEMENT_3D('',#16943,#16944,#16945);
#16943 = CARTESIAN_POINT('',(22.792885420255,-50.8,190.19879680689));
#16944 = DIRECTION('',(0.,-1.,0.));
#16945 = DIRECTION('',(0.382683432365,0.,-0.923879532511));
#16946 = ADVANCED_FACE('',(#16947),#16966,.F.);
#16947 = FACE_BOUND('',#16948,.T.);
#16948 = EDGE_LOOP('',(#16949,#16950,#16959,#16965));
#16949 = ORIENTED_EDGE('',*,*,#16934,.F.);
#16950 = ORIENTED_EDGE('',*,*,#16951,.T.);
#16951 = EDGE_CURVE('',#16926,#16952,#16954,.T.);
#16952 = VERTEX_POINT('',#16953);
#16953 = CARTESIAN_POINT('',(22.57819995706,-50.7,189.80249928836));
#16954 = CIRCLE('',#16955,1.469292842571);
#16955 = AXIS2_PLACEMENT_3D('',#16956,#16957,#16958);
#16956 = CARTESIAN_POINT('',(23.716384381147,-50.7,188.87332886589));
#16957 = DIRECTION('',(-0.,-1.,0.));
#16958 = DIRECTION('',(-0.774647770076,0.,0.632392941387));
#16959 = ORIENTED_EDGE('',*,*,#16960,.T.);
#16960 = EDGE_CURVE('',#16952,#1922,#16961,.T.);
#16961 = LINE('',#16962,#16963);
#16962 = CARTESIAN_POINT('',(22.57819995706,-50.8,189.80249928836));
#16963 = VECTOR('',#16964,1.);
#16964 = DIRECTION('',(0.,1.,0.));
#16965 = ORIENTED_EDGE('',*,*,#1930,.F.);
#16966 = CYLINDRICAL_SURFACE('',#16967,1.469292842571);
#16967 = AXIS2_PLACEMENT_3D('',#16968,#16969,#16970);
#16968 = CARTESIAN_POINT('',(23.716384381147,-50.8,188.87332886589));
#16969 = DIRECTION('',(-0.,-1.,-0.));
#16970 = DIRECTION('',(-0.774647770076,0.,0.632392941387));
#16971 = ADVANCED_FACE('',(#16972),#16991,.F.);
#16972 = FACE_BOUND('',#16973,.T.);
#16973 = EDGE_LOOP('',(#16974,#16975,#16984,#16990));
#16974 = ORIENTED_EDGE('',*,*,#16960,.F.);
#16975 = ORIENTED_EDGE('',*,*,#16976,.T.);
#16976 = EDGE_CURVE('',#16952,#16977,#16979,.T.);
#16977 = VERTEX_POINT('',#16978);
#16978 = CARTESIAN_POINT('',(22.896612016003,-50.7,189.03378457724));
#16979 = CIRCLE('',#16980,0.471154273188);
#16980 = AXIS2_PLACEMENT_3D('',#16981,#16982,#16983);
#16981 = CARTESIAN_POINT('',(22.941725893057,-50.7,189.50277400915));
#16982 = DIRECTION('',(0.,-1.,-0.));
#16983 = DIRECTION('',(-9.575181553431E-02,0.,-0.995405238997));
#16984 = ORIENTED_EDGE('',*,*,#16985,.T.);
#16985 = EDGE_CURVE('',#16977,#1913,#16986,.T.);
#16986 = LINE('',#16987,#16988);
#16987 = CARTESIAN_POINT('',(22.896612016003,-50.8,189.03378457724));
#16988 = VECTOR('',#16989,1.);
#16989 = DIRECTION('',(0.,1.,0.));
#16990 = ORIENTED_EDGE('',*,*,#1921,.F.);
#16991 = CYLINDRICAL_SURFACE('',#16992,0.471154273188);
#16992 = AXIS2_PLACEMENT_3D('',#16993,#16994,#16995);
#16993 = CARTESIAN_POINT('',(22.941725893057,-50.8,189.50277400915));
#16994 = DIRECTION('',(-0.,-1.,-0.));
#16995 = DIRECTION('',(-9.575181553431E-02,0.,-0.995405238997));
#16996 = ADVANCED_FACE('',(#16997),#17016,.F.);
#16997 = FACE_BOUND('',#16998,.T.);
#16998 = EDGE_LOOP('',(#16999,#17000,#17009,#17015));
#16999 = ORIENTED_EDGE('',*,*,#16985,.F.);
#17000 = ORIENTED_EDGE('',*,*,#17001,.T.);
#17001 = EDGE_CURVE('',#16977,#17002,#17004,.T.);
#17002 = VERTEX_POINT('',#17003);
#17003 = CARTESIAN_POINT('',(23.271239710711,-50.7,189.04394739125));
#17004 = CIRCLE('',#17005,1.469292842573);
#17005 = AXIS2_PLACEMENT_3D('',#17006,#17007,#17008);
#17006 = CARTESIAN_POINT('',(23.044407233907,-50.7,190.49562520836));
#17007 = DIRECTION('',(0.,-1.,-0.));
#17008 = DIRECTION('',(0.154382074309,0.,-0.988011222169));
#17009 = ORIENTED_EDGE('',*,*,#17010,.T.);
#17010 = EDGE_CURVE('',#17002,#1904,#17011,.T.);
#17011 = LINE('',#17012,#17013);
#17012 = CARTESIAN_POINT('',(23.271239710711,-50.8,189.04394739125));
#17013 = VECTOR('',#17014,1.);
#17014 = DIRECTION('',(0.,1.,0.));
#17015 = ORIENTED_EDGE('',*,*,#1912,.F.);
#17016 = CYLINDRICAL_SURFACE('',#17017,1.469292842573);
#17017 = AXIS2_PLACEMENT_3D('',#17018,#17019,#17020);
#17018 = CARTESIAN_POINT('',(23.044407233907,-50.8,190.49562520836));
#17019 = DIRECTION('',(-0.,-1.,-0.));
#17020 = DIRECTION('',(0.154382074309,0.,-0.988011222169));
#17021 = ADVANCED_FACE('',(#17022),#17041,.T.);
#17022 = FACE_BOUND('',#17023,.T.);
#17023 = EDGE_LOOP('',(#17024,#17033,#17039,#17040));
#17024 = ORIENTED_EDGE('',*,*,#17025,.F.);
#17025 = EDGE_CURVE('',#17026,#17002,#17028,.T.);
#17026 = VERTEX_POINT('',#17027);
#17027 = CARTESIAN_POINT('',(23.467224155443,-50.7,188.96276797622));
#17028 = CIRCLE('',#17029,0.15);
#17029 = AXIS2_PLACEMENT_3D('',#17030,#17031,#17032);
#17030 = CARTESIAN_POINT('',(23.328642225566,-50.7,188.90536546137));
#17031 = DIRECTION('',(0.,-1.,0.));
#17032 = DIRECTION('',(0.923879532511,0.,0.382683432365));
#17033 = ORIENTED_EDGE('',*,*,#17034,.T.);
#17034 = EDGE_CURVE('',#17026,#1896,#17035,.T.);
#17035 = LINE('',#17036,#17037);
#17036 = CARTESIAN_POINT('',(23.467224155443,-50.8,188.96276797622));
#17037 = VECTOR('',#17038,1.);
#17038 = DIRECTION('',(0.,1.,0.));
#17039 = ORIENTED_EDGE('',*,*,#1903,.T.);
#17040 = ORIENTED_EDGE('',*,*,#17010,.F.);
#17041 = CYLINDRICAL_SURFACE('',#17042,0.15);
#17042 = AXIS2_PLACEMENT_3D('',#17043,#17044,#17045);
#17043 = CARTESIAN_POINT('',(23.328642225566,-50.8,188.90536546137));
#17044 = DIRECTION('',(0.,-1.,0.));
#17045 = DIRECTION('',(0.923879532511,0.,0.382683432365));
#17046 = ADVANCED_FACE('',(#17047),#17065,.T.);
#17047 = FACE_BOUND('',#17048,.T.);
#17048 = EDGE_LOOP('',(#17049,#17057,#17063,#17064));
#17049 = ORIENTED_EDGE('',*,*,#17050,.F.);
#17050 = EDGE_CURVE('',#17051,#17026,#17053,.T.);
#17051 = VERTEX_POINT('',#17052);
#17052 = CARTESIAN_POINT('',(23.66546941367,-50.7,188.42540069006));
#17053 = LINE('',#17054,#17055);
#17054 = CARTESIAN_POINT('',(23.615908099113,-50.7,188.5597425116));
#17055 = VECTOR('',#17056,1.);
#17056 = DIRECTION('',(-0.346117057077,0.,0.938191335922));
#17057 = ORIENTED_EDGE('',*,*,#17058,.T.);
#17058 = EDGE_CURVE('',#17051,#1887,#17059,.T.);
#17059 = LINE('',#17060,#17061);
#17060 = CARTESIAN_POINT('',(23.66546941367,-50.8,188.42540069006));
#17061 = VECTOR('',#17062,1.);
#17062 = DIRECTION('',(0.,1.,0.));
#17063 = ORIENTED_EDGE('',*,*,#1895,.T.);
#17064 = ORIENTED_EDGE('',*,*,#17034,.F.);
#17065 = PLANE('',#17066);
#17066 = AXIS2_PLACEMENT_3D('',#17067,#17068,#17069);
#17067 = CARTESIAN_POINT('',(23.66546941367,-50.8,188.42540069006));
#17068 = DIRECTION('',(0.938191335922,-0.,0.346117057077));
#17069 = DIRECTION('',(-0.346117057077,0.,0.938191335922));
#17070 = ADVANCED_FACE('',(#17071),#17090,.T.);
#17071 = FACE_BOUND('',#17072,.T.);
#17072 = EDGE_LOOP('',(#17073,#17082,#17088,#17089));
#17073 = ORIENTED_EDGE('',*,*,#17074,.F.);
#17074 = EDGE_CURVE('',#17075,#17051,#17077,.T.);
#17075 = VERTEX_POINT('',#17076);
#17076 = CARTESIAN_POINT('',(23.569163485382,-50.7,188.23638966346));
#17077 = CIRCLE('',#17078,0.15);
#17078 = AXIS2_PLACEMENT_3D('',#17079,#17080,#17081);
#17079 = CARTESIAN_POINT('',(23.522810936226,-50.7,188.3790481409));
#17080 = DIRECTION('',(0.,-1.,0.));
#17081 = DIRECTION('',(0.309016994375,0.,-0.951056516295));
#17082 = ORIENTED_EDGE('',*,*,#17083,.T.);
#17083 = EDGE_CURVE('',#17075,#1878,#17084,.T.);
#17084 = LINE('',#17085,#17086);
#17085 = CARTESIAN_POINT('',(23.569163485382,-50.8,188.23638966346));
#17086 = VECTOR('',#17087,1.);
#17087 = DIRECTION('',(0.,1.,0.));
#17088 = ORIENTED_EDGE('',*,*,#1886,.T.);
#17089 = ORIENTED_EDGE('',*,*,#17058,.F.);
#17090 = CYLINDRICAL_SURFACE('',#17091,0.15);
#17091 = AXIS2_PLACEMENT_3D('',#17092,#17093,#17094);
#17092 = CARTESIAN_POINT('',(23.522810936226,-50.8,188.3790481409));
#17093 = DIRECTION('',(0.,-1.,0.));
#17094 = DIRECTION('',(0.309016994375,0.,-0.951056516295));
#17095 = ADVANCED_FACE('',(#17096),#17115,.F.);
#17096 = FACE_BOUND('',#17097,.T.);
#17097 = EDGE_LOOP('',(#17098,#17099,#17108,#17114));
#17098 = ORIENTED_EDGE('',*,*,#17083,.F.);
#17099 = ORIENTED_EDGE('',*,*,#17100,.T.);
#17100 = EDGE_CURVE('',#17075,#17101,#17103,.T.);
#17101 = VERTEX_POINT('',#17102);
#17102 = CARTESIAN_POINT('',(23.277694131724,-50.7,188.00081630268));
#17103 = CIRCLE('',#17104,1.469292842572);
#17104 = AXIS2_PLACEMENT_3D('',#17105,#17106,#17107);
#17105 = CARTESIAN_POINT('',(24.339468041957,-50.7,186.98520928184));
#17106 = DIRECTION('',(-0.,-1.,0.));
#17107 = DIRECTION('',(-0.722642811201,0.,0.691221648547));
#17108 = ORIENTED_EDGE('',*,*,#17109,.T.);
#17109 = EDGE_CURVE('',#17101,#1869,#17110,.T.);
#17110 = LINE('',#17111,#17112);
#17111 = CARTESIAN_POINT('',(23.277694131724,-50.8,188.00081630268));
#17112 = VECTOR('',#17113,1.);
#17113 = DIRECTION('',(0.,1.,0.));
#17114 = ORIENTED_EDGE('',*,*,#1877,.F.);
#17115 = CYLINDRICAL_SURFACE('',#17116,1.469292842572);
#17116 = AXIS2_PLACEMENT_3D('',#17117,#17118,#17119);
#17117 = CARTESIAN_POINT('',(24.339468041957,-50.8,186.98520928184));
#17118 = DIRECTION('',(-0.,-1.,-0.));
#17119 = DIRECTION('',(-0.722642811201,0.,0.691221648547));
#17120 = ADVANCED_FACE('',(#17121),#17140,.F.);
#17121 = FACE_BOUND('',#17122,.T.);
#17122 = EDGE_LOOP('',(#17123,#17124,#17133,#17139));
#17123 = ORIENTED_EDGE('',*,*,#17109,.F.);
#17124 = ORIENTED_EDGE('',*,*,#17125,.T.);
#17125 = EDGE_CURVE('',#17101,#17126,#17128,.T.);
#17126 = VERTEX_POINT('',#17127);
#17127 = CARTESIAN_POINT('',(23.534811971446,-50.7,187.20948896025));
#17128 = CIRCLE('',#17129,0.471154273188);
#17129 = AXIS2_PLACEMENT_3D('',#17130,#17131,#17132);
#17130 = CARTESIAN_POINT('',(23.616583264207,-50.7,187.67349306026));
#17131 = DIRECTION('',(0.,-1.,-0.));
#17132 = DIRECTION('',(-0.173555239577,0.,-0.984824135983));
#17133 = ORIENTED_EDGE('',*,*,#17134,.T.);
#17134 = EDGE_CURVE('',#17126,#1860,#17135,.T.);
#17135 = LINE('',#17136,#17137);
#17136 = CARTESIAN_POINT('',(23.534811971446,-50.8,187.20948896025));
#17137 = VECTOR('',#17138,1.);
#17138 = DIRECTION('',(0.,1.,0.));
#17139 = ORIENTED_EDGE('',*,*,#1868,.F.);
#17140 = CYLINDRICAL_SURFACE('',#17141,0.471154273188);
#17141 = AXIS2_PLACEMENT_3D('',#17142,#17143,#17144);
#17142 = CARTESIAN_POINT('',(23.616583264207,-50.8,187.67349306026));
#17143 = DIRECTION('',(-0.,-1.,-0.));
#17144 = DIRECTION('',(-0.173555239577,0.,-0.984824135983));
#17145 = ADVANCED_FACE('',(#17146),#17165,.F.);
#17146 = FACE_BOUND('',#17147,.T.);
#17147 = EDGE_LOOP('',(#17148,#17149,#17158,#17164));
#17148 = ORIENTED_EDGE('',*,*,#17134,.F.);
#17149 = ORIENTED_EDGE('',*,*,#17150,.T.);
#17150 = EDGE_CURVE('',#17126,#17151,#17153,.T.);
#17151 = VERTEX_POINT('',#17152);
#17152 = CARTESIAN_POINT('',(23.909082179194,-50.7,187.19022749554));
#17153 = CIRCLE('',#17154,1.469292842571);
#17154 = AXIS2_PLACEMENT_3D('',#17155,#17156,#17157);
#17155 = CARTESIAN_POINT('',(23.796846280034,-50.7,188.65522734542));
#17156 = DIRECTION('',(0.,-1.,-0.));
#17157 = DIRECTION('',(7.638769883635E-02,0.,-0.99707819125));
#17158 = ORIENTED_EDGE('',*,*,#17159,.T.);
#17159 = EDGE_CURVE('',#17151,#1851,#17160,.T.);
#17160 = LINE('',#17161,#17162);
#17161 = CARTESIAN_POINT('',(23.909082179194,-50.8,187.19022749554));
#17162 = VECTOR('',#17163,1.);
#17163 = DIRECTION('',(0.,1.,0.));
#17164 = ORIENTED_EDGE('',*,*,#1859,.F.);
#17165 = CYLINDRICAL_SURFACE('',#17166,1.469292842571);
#17166 = AXIS2_PLACEMENT_3D('',#17167,#17168,#17169);
#17167 = CARTESIAN_POINT('',(23.796846280034,-50.8,188.65522734542));
#17168 = DIRECTION('',(-0.,-1.,-0.));
#17169 = DIRECTION('',(7.638769883635E-02,0.,-0.99707819125));
#17170 = ADVANCED_FACE('',(#17171),#17190,.T.);
#17171 = FACE_BOUND('',#17172,.T.);
#17172 = EDGE_LOOP('',(#17173,#17182,#17188,#17189));
#17173 = ORIENTED_EDGE('',*,*,#17174,.F.);
#17174 = EDGE_CURVE('',#17175,#17151,#17177,.T.);
#17175 = VERTEX_POINT('',#17176);
#17176 = CARTESIAN_POINT('',(24.098093205795,-50.7,187.09392156725));
#17177 = CIRCLE('',#17178,0.15);
#17178 = AXIS2_PLACEMENT_3D('',#17179,#17180,#17181);
#17179 = CARTESIAN_POINT('',(23.955434728351,-50.7,187.04756901809));
#17180 = DIRECTION('',(0.,-1.,0.));
#17181 = DIRECTION('',(0.951056516295,0.,0.309016994375));
#17182 = ORIENTED_EDGE('',*,*,#17183,.T.);
#17183 = EDGE_CURVE('',#17175,#1843,#17184,.T.);
#17184 = LINE('',#17185,#17186);
#17185 = CARTESIAN_POINT('',(24.098093205795,-50.8,187.09392156725));
#17186 = VECTOR('',#17187,1.);
#17187 = DIRECTION('',(0.,1.,0.));
#17188 = ORIENTED_EDGE('',*,*,#1850,.T.);
#17189 = ORIENTED_EDGE('',*,*,#17159,.F.);
#17190 = CYLINDRICAL_SURFACE('',#17191,0.15);
#17191 = AXIS2_PLACEMENT_3D('',#17192,#17193,#17194);
#17192 = CARTESIAN_POINT('',(23.955434728351,-50.8,187.04756901809));
#17193 = DIRECTION('',(0.,-1.,0.));
#17194 = DIRECTION('',(0.951056516295,0.,0.309016994375));
#17195 = ADVANCED_FACE('',(#17196),#17214,.T.);
#17196 = FACE_BOUND('',#17197,.T.);
#17197 = EDGE_LOOP('',(#17198,#17206,#17212,#17213));
#17198 = ORIENTED_EDGE('',*,*,#17199,.F.);
#17199 = EDGE_CURVE('',#17200,#17175,#17202,.T.);
#17200 = VERTEX_POINT('',#17201);
#17201 = CARTESIAN_POINT('',(24.253565988706,-50.7,186.5426566614));
#17202 = LINE('',#17203,#17204);
#17203 = CARTESIAN_POINT('',(24.214697792978,-50.7,186.68047288786));
#17204 = VECTOR('',#17205,1.);
#17205 = DIRECTION('',(-0.271440449865,0.,0.962455236454));
#17206 = ORIENTED_EDGE('',*,*,#17207,.T.);
#17207 = EDGE_CURVE('',#17200,#1834,#17208,.T.);
#17208 = LINE('',#17209,#17210);
#17209 = CARTESIAN_POINT('',(24.253565988706,-50.8,186.5426566614));
#17210 = VECTOR('',#17211,1.);
#17211 = DIRECTION('',(0.,1.,0.));
#17212 = ORIENTED_EDGE('',*,*,#1842,.T.);
#17213 = ORIENTED_EDGE('',*,*,#17183,.F.);
#17214 = PLANE('',#17215);
#17215 = AXIS2_PLACEMENT_3D('',#17216,#17217,#17218);
#17216 = CARTESIAN_POINT('',(24.253565988706,-50.8,186.5426566614));
#17217 = DIRECTION('',(0.962455236454,-0.,0.271440449865));
#17218 = DIRECTION('',(-0.271440449865,0.,0.962455236454));
#17219 = ADVANCED_FACE('',(#17220),#17239,.T.);
#17220 = FACE_BOUND('',#17221,.T.);
#17221 = EDGE_LOOP('',(#17222,#17231,#17237,#17238));
#17222 = ORIENTED_EDGE('',*,*,#17223,.F.);
#17223 = EDGE_CURVE('',#17224,#17200,#17226,.T.);
#17224 = VERTEX_POINT('',#17225);
#17225 = CARTESIAN_POINT('',(24.142727305225,-50.7,186.36178436876));
#17226 = CIRCLE('',#17227,0.15);
#17227 = AXIS2_PLACEMENT_3D('',#17228,#17229,#17230);
#17228 = CARTESIAN_POINT('',(24.107710500647,-50.7,186.50763985682));
#17229 = DIRECTION('',(0.,-1.,0.));
#17230 = DIRECTION('',(0.233445363856,0.,-0.972369920398));
#17231 = ORIENTED_EDGE('',*,*,#17232,.T.);
#17232 = EDGE_CURVE('',#17224,#1825,#17233,.T.);
#17233 = LINE('',#17234,#17235);
#17234 = CARTESIAN_POINT('',(24.142727305225,-50.8,186.36178436876));
#17235 = VECTOR('',#17236,1.);
#17236 = DIRECTION('',(0.,1.,0.));
#17237 = ORIENTED_EDGE('',*,*,#1833,.T.);
#17238 = ORIENTED_EDGE('',*,*,#17207,.F.);
#17239 = CYLINDRICAL_SURFACE('',#17240,0.15);
#17240 = AXIS2_PLACEMENT_3D('',#17241,#17242,#17243);
#17241 = CARTESIAN_POINT('',(24.107710500647,-50.8,186.50763985682));
#17242 = DIRECTION('',(0.,-1.,0.));
#17243 = DIRECTION('',(0.233445363856,0.,-0.972369920398));
#17244 = ADVANCED_FACE('',(#17245),#17264,.F.);
#17245 = FACE_BOUND('',#17246,.T.);
#17246 = EDGE_LOOP('',(#17247,#17248,#17257,#17263));
#17247 = ORIENTED_EDGE('',*,*,#17232,.F.);
#17248 = ORIENTED_EDGE('',*,*,#17249,.T.);
#17249 = EDGE_CURVE('',#17224,#17250,#17252,.T.);
#17250 = VERTEX_POINT('',#17251);
#17251 = CARTESIAN_POINT('',(23.833673581447,-50.7,186.14980562395));
#17252 = CIRCLE('',#17253,1.469292842571);
#17253 = AXIS2_PLACEMENT_3D('',#17254,#17255,#17256);
#17254 = CARTESIAN_POINT('',(24.812490788594,-50.7,185.05402355975));
#17255 = DIRECTION('',(-0.,-1.,0.));
#17256 = DIRECTION('',(-0.666182519091,0.,0.745788744389));
#17257 = ORIENTED_EDGE('',*,*,#17258,.T.);
#17258 = EDGE_CURVE('',#17250,#1816,#17259,.T.);
#17259 = LINE('',#17260,#17261);
#17260 = CARTESIAN_POINT('',(23.833673581447,-50.8,186.14980562395));
#17261 = VECTOR('',#17262,1.);
#17262 = DIRECTION('',(0.,1.,0.));
#17263 = ORIENTED_EDGE('',*,*,#1824,.F.);
#17264 = CYLINDRICAL_SURFACE('',#17265,1.469292842571);
#17265 = AXIS2_PLACEMENT_3D('',#17266,#17267,#17268);
#17266 = CARTESIAN_POINT('',(24.812490788594,-50.8,185.05402355975));
#17267 = DIRECTION('',(-0.,-1.,-0.));
#17268 = DIRECTION('',(-0.666182519091,0.,0.745788744389));
#17269 = ADVANCED_FACE('',(#17270),#17289,.F.);
#17270 = FACE_BOUND('',#17271,.T.);
#17271 = EDGE_LOOP('',(#17272,#17273,#17282,#17288));
#17272 = ORIENTED_EDGE('',*,*,#17258,.F.);
#17273 = ORIENTED_EDGE('',*,*,#17274,.T.);
#17274 = EDGE_CURVE('',#17250,#17275,#17277,.T.);
#17275 = VERTEX_POINT('',#17276);
#17276 = CARTESIAN_POINT('',(24.027911984966,-50.7,185.34074444643));
#17277 = CIRCLE('',#17278,0.471154273188);
#17278 = AXIS2_PLACEMENT_3D('',#17279,#17280,#17281);
#17279 = CARTESIAN_POINT('',(24.145836546222,-50.7,185.79690247496));
#17280 = DIRECTION('',(0.,-1.,-0.));
#17281 = DIRECTION('',(-0.250288637855,0.,-0.968171264685));
#17282 = ORIENTED_EDGE('',*,*,#17283,.T.);
#17283 = EDGE_CURVE('',#17275,#1807,#17284,.T.);
#17284 = LINE('',#17285,#17286);
#17285 = CARTESIAN_POINT('',(24.027911984966,-50.8,185.34074444643));
#17286 = VECTOR('',#17287,1.);
#17287 = DIRECTION('',(0.,1.,0.));
#17288 = ORIENTED_EDGE('',*,*,#1815,.F.);
#17289 = CYLINDRICAL_SURFACE('',#17290,0.471154273188);
#17290 = AXIS2_PLACEMENT_3D('',#17291,#17292,#17293);
#17291 = CARTESIAN_POINT('',(24.145836546222,-50.8,185.79690247496));
#17292 = DIRECTION('',(-0.,-1.,-0.));
#17293 = DIRECTION('',(-0.250288637855,0.,-0.968171264685));
#17294 = ADVANCED_FACE('',(#17295),#17314,.F.);
#17295 = FACE_BOUND('',#17296,.T.);
#17296 = EDGE_LOOP('',(#17297,#17298,#17307,#17313));
#17297 = ORIENTED_EDGE('',*,*,#17283,.F.);
#17298 = ORIENTED_EDGE('',*,*,#17299,.T.);
#17299 = EDGE_CURVE('',#17275,#17300,#17302,.T.);
#17300 = VERTEX_POINT('',#17301);
#17301 = CARTESIAN_POINT('',(24.399517205466,-50.7,185.29217745632));
#17302 = CIRCLE('',#17303,1.469292842574);
#17303 = AXIS2_PLACEMENT_3D('',#17304,#17305,#17306);
#17304 = CARTESIAN_POINT('',(24.40256985559,-50.7,186.76146712775));
#17305 = DIRECTION('',(0.,-1.,-0.));
#17306 = DIRECTION('',(-2.077632201815E-03,0.,-0.99999784172));
#17307 = ORIENTED_EDGE('',*,*,#17308,.T.);
#17308 = EDGE_CURVE('',#17300,#1798,#17309,.T.);
#17309 = LINE('',#17310,#17311);
#17310 = CARTESIAN_POINT('',(24.399517205466,-50.8,185.29217745632));
#17311 = VECTOR('',#17312,1.);
#17312 = DIRECTION('',(0.,1.,0.));
#17313 = ORIENTED_EDGE('',*,*,#1806,.F.);
#17314 = CYLINDRICAL_SURFACE('',#17315,1.469292842574);
#17315 = AXIS2_PLACEMENT_3D('',#17316,#17317,#17318);
#17316 = CARTESIAN_POINT('',(24.40256985559,-50.8,186.76146712775));
#17317 = DIRECTION('',(-0.,-1.,-0.));
#17318 = DIRECTION('',(-2.077632201815E-03,0.,-0.99999784172));
#17319 = ADVANCED_FACE('',(#17320),#17339,.T.);
#17320 = FACE_BOUND('',#17321,.T.);
#17321 = EDGE_LOOP('',(#17322,#17331,#17337,#17338));
#17322 = ORIENTED_EDGE('',*,*,#17323,.F.);
#17323 = EDGE_CURVE('',#17324,#17300,#17326,.T.);
#17324 = VERTEX_POINT('',#17325);
#17325 = CARTESIAN_POINT('',(24.580389498104,-50.7,185.18133877284));
#17326 = CIRCLE('',#17327,0.15);
#17327 = AXIS2_PLACEMENT_3D('',#17328,#17329,#17330);
#17328 = CARTESIAN_POINT('',(24.434534010045,-50.7,185.14632196826));
#17329 = DIRECTION('',(0.,-1.,0.));
#17330 = DIRECTION('',(0.972369920398,0.,0.233445363856));
#17331 = ORIENTED_EDGE('',*,*,#17332,.T.);
#17332 = EDGE_CURVE('',#17324,#1790,#17333,.T.);
#17333 = LINE('',#17334,#17335);
#17334 = CARTESIAN_POINT('',(24.580389498104,-50.8,185.18133877284));
#17335 = VECTOR('',#17336,1.);
#17336 = DIRECTION('',(0.,1.,0.));
#17337 = ORIENTED_EDGE('',*,*,#1797,.T.);
#17338 = ORIENTED_EDGE('',*,*,#17308,.F.);
#17339 = CYLINDRICAL_SURFACE('',#17340,0.15);
#17340 = AXIS2_PLACEMENT_3D('',#17341,#17342,#17343);
#17341 = CARTESIAN_POINT('',(24.434534010045,-50.8,185.14632196826));
#17342 = DIRECTION('',(0.,-1.,0.));
#17343 = DIRECTION('',(0.972369920398,0.,0.233445363856));
#17344 = ADVANCED_FACE('',(#17345),#17363,.T.);
#17345 = FACE_BOUND('',#17346,.T.);
#17346 = EDGE_LOOP('',(#17347,#17355,#17361,#17362));
#17347 = ORIENTED_EDGE('',*,*,#17348,.F.);
#17348 = EDGE_CURVE('',#17349,#17324,#17351,.T.);
#17349 = VERTEX_POINT('',#17350);
#17350 = CARTESIAN_POINT('',(24.692131264293,-50.7,184.61957497876));
#17351 = LINE('',#17352,#17353);
#17352 = CARTESIAN_POINT('',(24.664195822746,-50.7,184.76001592728));
#17353 = VECTOR('',#17354,1.);
#17354 = DIRECTION('',(-0.195090322016,0.,0.980785280403));
#17355 = ORIENTED_EDGE('',*,*,#17356,.T.);
#17356 = EDGE_CURVE('',#17349,#1781,#17357,.T.);
#17357 = LINE('',#17358,#17359);
#17358 = CARTESIAN_POINT('',(24.692131264293,-50.8,184.61957497876));
#17359 = VECTOR('',#17360,1.);
#17360 = DIRECTION('',(0.,1.,0.));
#17361 = ORIENTED_EDGE('',*,*,#1789,.T.);
#17362 = ORIENTED_EDGE('',*,*,#17332,.F.);
#17363 = PLANE('',#17364);
#17364 = AXIS2_PLACEMENT_3D('',#17365,#17366,#17367);
#17365 = CARTESIAN_POINT('',(24.692131264293,-50.8,184.61957497876));
#17366 = DIRECTION('',(0.980785280403,-0.,0.195090322016));
#17367 = DIRECTION('',(-0.195090322016,0.,0.980785280403));
#17368 = ADVANCED_FACE('',(#17369),#17388,.T.);
#17369 = FACE_BOUND('',#17370,.T.);
#17370 = EDGE_LOOP('',(#17371,#17380,#17386,#17387));
#17371 = ORIENTED_EDGE('',*,*,#17372,.F.);
#17372 = EDGE_CURVE('',#17373,#17349,#17375,.T.);
#17373 = VERTEX_POINT('',#17374);
#17374 = CARTESIAN_POINT('',(24.56744318296,-50.7,184.44795655792));
#17375 = CIRCLE('',#17376,0.15);
#17376 = AXIS2_PLACEMENT_3D('',#17377,#17378,#17379);
#17377 = CARTESIAN_POINT('',(24.543978013204,-50.7,184.59610980901));
#17378 = DIRECTION('',(0.,-1.,0.));
#17379 = DIRECTION('',(0.15643446504,0.,-0.987688340595));
#17380 = ORIENTED_EDGE('',*,*,#17381,.T.);
#17381 = EDGE_CURVE('',#17373,#1772,#17382,.T.);
#17382 = LINE('',#17383,#17384);
#17383 = CARTESIAN_POINT('',(24.56744318296,-50.8,184.44795655792));
#17384 = VECTOR('',#17385,1.);
#17385 = DIRECTION('',(0.,1.,0.));
#17386 = ORIENTED_EDGE('',*,*,#1780,.T.);
#17387 = ORIENTED_EDGE('',*,*,#17356,.F.);
#17388 = CYLINDRICAL_SURFACE('',#17389,0.15);
#17389 = AXIS2_PLACEMENT_3D('',#17390,#17391,#17392);
#17390 = CARTESIAN_POINT('',(24.543978013204,-50.8,184.59610980901));
#17391 = DIRECTION('',(0.,-1.,0.));
#17392 = DIRECTION('',(0.15643446504,0.,-0.987688340595));
#17393 = ADVANCED_FACE('',(#17394),#17413,.F.);
#17394 = FACE_BOUND('',#17395,.T.);
#17395 = EDGE_LOOP('',(#17396,#17397,#17406,#17412));
#17396 = ORIENTED_EDGE('',*,*,#17381,.F.);
#17397 = ORIENTED_EDGE('',*,*,#17398,.T.);
#17398 = EDGE_CURVE('',#17373,#17399,#17401,.T.);
#17399 = VERTEX_POINT('',#17400);
#17400 = CARTESIAN_POINT('',(24.242710508039,-50.7,184.26087934853));
#17401 = CIRCLE('',#17402,1.469292842573);
#17402 = AXIS2_PLACEMENT_3D('',#17403,#17404,#17405);
#17403 = CARTESIAN_POINT('',(25.132536278529,-50.7,183.09167810178));
#17404 = DIRECTION('',(-0.,-1.,0.));
#17405 = DIRECTION('',(-0.605614990223,0.,0.795757804622));
#17406 = ORIENTED_EDGE('',*,*,#17407,.T.);
#17407 = EDGE_CURVE('',#17399,#1763,#17408,.T.);
#17408 = LINE('',#17409,#17410);
#17409 = CARTESIAN_POINT('',(24.242710508039,-50.8,184.26087934853));
#17410 = VECTOR('',#17411,1.);
#17411 = DIRECTION('',(0.,1.,0.));
#17412 = ORIENTED_EDGE('',*,*,#1771,.F.);
#17413 = CYLINDRICAL_SURFACE('',#17414,1.469292842573);
#17414 = AXIS2_PLACEMENT_3D('',#17415,#17416,#17417);
#17415 = CARTESIAN_POINT('',(25.132536278529,-50.8,183.09167810178));
#17416 = DIRECTION('',(-0.,-1.,-0.));
#17417 = DIRECTION('',(-0.605614990223,0.,0.795757804622));
#17418 = ADVANCED_FACE('',(#17419),#17438,.F.);
#17419 = FACE_BOUND('',#17420,.T.);
#17420 = EDGE_LOOP('',(#17421,#17422,#17431,#17437));
#17421 = ORIENTED_EDGE('',*,*,#17407,.F.);
#17422 = ORIENTED_EDGE('',*,*,#17423,.T.);
#17423 = EDGE_CURVE('',#17399,#17424,#17426,.T.);
#17424 = VERTEX_POINT('',#17425);
#17425 = CARTESIAN_POINT('',(24.372871931008,-50.7,183.43907246712));
#17426 = CIRCLE('',#17427,0.471154273188);
#17427 = AXIS2_PLACEMENT_3D('',#17428,#17429,#17430);
#17428 = CARTESIAN_POINT('',(24.526222716624,-50.7,183.88457205824));
#17429 = DIRECTION('',(0.,-1.,-0.));
#17430 = DIRECTION('',(-0.325478923451,0.,-0.945549295589));
#17431 = ORIENTED_EDGE('',*,*,#17432,.T.);
#17432 = EDGE_CURVE('',#17424,#1754,#17433,.T.);
#17433 = LINE('',#17434,#17435);
#17434 = CARTESIAN_POINT('',(24.372871931008,-50.8,183.43907246712));
#17435 = VECTOR('',#17436,1.);
#17436 = DIRECTION('',(0.,1.,0.));
#17437 = ORIENTED_EDGE('',*,*,#1762,.F.);
#17438 = CYLINDRICAL_SURFACE('',#17439,0.471154273188);
#17439 = AXIS2_PLACEMENT_3D('',#17440,#17441,#17442);
#17440 = CARTESIAN_POINT('',(24.526222716624,-50.8,183.88457205824));
#17441 = DIRECTION('',(-0.,-1.,-0.));
#17442 = DIRECTION('',(-0.325478923451,0.,-0.945549295589));
#17443 = ADVANCED_FACE('',(#17444),#17463,.F.);
#17444 = FACE_BOUND('',#17445,.T.);
#17445 = EDGE_LOOP('',(#17446,#17447,#17456,#17462));
#17446 = ORIENTED_EDGE('',*,*,#17432,.F.);
#17447 = ORIENTED_EDGE('',*,*,#17448,.T.);
#17448 = EDGE_CURVE('',#17424,#17449,#17451,.T.);
#17449 = VERTEX_POINT('',#17450);
#17450 = CARTESIAN_POINT('',(24.739521094504,-50.7,183.36149938326));
#17451 = CIRCLE('',#17452,1.469292842571);
#17452 = AXIS2_PLACEMENT_3D('',#17453,#17454,#17455);
#17453 = CARTESIAN_POINT('',(24.857843473308,-50.7,184.82602021681));
#17454 = DIRECTION('',(0.,-1.,-0.));
#17455 = DIRECTION('',(-8.053015394598E-02,0.,-0.996752172962));
#17456 = ORIENTED_EDGE('',*,*,#17457,.T.);
#17457 = EDGE_CURVE('',#17449,#1745,#17458,.T.);
#17458 = LINE('',#17459,#17460);
#17459 = CARTESIAN_POINT('',(24.739521094504,-50.8,183.36149938326));
#17460 = VECTOR('',#17461,1.);
#17461 = DIRECTION('',(0.,1.,0.));
#17462 = ORIENTED_EDGE('',*,*,#1753,.F.);
#17463 = CYLINDRICAL_SURFACE('',#17464,1.469292842571);
#17464 = AXIS2_PLACEMENT_3D('',#17465,#17466,#17467);
#17465 = CARTESIAN_POINT('',(24.857843473308,-50.8,184.82602021681));
#17466 = DIRECTION('',(-0.,-1.,-0.));
#17467 = DIRECTION('',(-8.053015394598E-02,0.,-0.996752172962));
#17468 = ADVANCED_FACE('',(#17469),#17488,.T.);
#17469 = FACE_BOUND('',#17470,.T.);
#17470 = EDGE_LOOP('',(#17471,#17480,#17486,#17487));
#17471 = ORIENTED_EDGE('',*,*,#17472,.F.);
#17472 = EDGE_CURVE('',#17473,#17449,#17475,.T.);
#17473 = VERTEX_POINT('',#17474);
#17474 = CARTESIAN_POINT('',(24.911139515349,-50.7,183.23681130193));
#17475 = CIRCLE('',#17476,0.15);
#17476 = AXIS2_PLACEMENT_3D('',#17477,#17478,#17479);
#17477 = CARTESIAN_POINT('',(24.76298626426,-50.7,183.21334613217));
#17478 = DIRECTION('',(0.,-1.,0.));
#17479 = DIRECTION('',(0.987688340595,0.,0.156434465041));
#17480 = ORIENTED_EDGE('',*,*,#17481,.T.);
#17481 = EDGE_CURVE('',#17473,#1737,#17482,.T.);
#17482 = LINE('',#17483,#17484);
#17483 = CARTESIAN_POINT('',(24.911139515349,-50.8,183.23681130193));
#17484 = VECTOR('',#17485,1.);
#17485 = DIRECTION('',(0.,1.,0.));
#17486 = ORIENTED_EDGE('',*,*,#1744,.T.);
#17487 = ORIENTED_EDGE('',*,*,#17457,.F.);
#17488 = CYLINDRICAL_SURFACE('',#17489,0.15);
#17489 = AXIS2_PLACEMENT_3D('',#17490,#17491,#17492);
#17490 = CARTESIAN_POINT('',(24.76298626426,-50.8,183.21334613217));
#17491 = DIRECTION('',(0.,-1.,0.));
#17492 = DIRECTION('',(0.987688340595,0.,0.156434465041));
#17493 = ADVANCED_FACE('',(#17494),#17512,.T.);
#17494 = FACE_BOUND('',#17495,.T.);
#17495 = EDGE_LOOP('',(#17496,#17504,#17510,#17511));
#17496 = ORIENTED_EDGE('',*,*,#17497,.F.);
#17497 = EDGE_CURVE('',#17498,#17473,#17500,.T.);
#17498 = VERTEX_POINT('',#17499);
#17499 = CARTESIAN_POINT('',(24.978461339668,-50.7,182.66801208022));
#17500 = LINE('',#17501,#17502);
#17501 = CARTESIAN_POINT('',(24.961630883588,-50.7,182.81021188565));
#17502 = VECTOR('',#17503,1.);
#17503 = DIRECTION('',(-0.117537397458,0.,0.993068456955));
#17504 = ORIENTED_EDGE('',*,*,#17505,.T.);
#17505 = EDGE_CURVE('',#17498,#1728,#17506,.T.);
#17506 = LINE('',#17507,#17508);
#17507 = CARTESIAN_POINT('',(24.978461339668,-50.8,182.66801208022));
#17508 = VECTOR('',#17509,1.);
#17509 = DIRECTION('',(0.,1.,0.));
#17510 = ORIENTED_EDGE('',*,*,#1736,.T.);
#17511 = ORIENTED_EDGE('',*,*,#17481,.F.);
#17512 = PLANE('',#17513);
#17513 = AXIS2_PLACEMENT_3D('',#17514,#17515,#17516);
#17514 = CARTESIAN_POINT('',(24.978461339668,-50.8,182.66801208022));
#17515 = DIRECTION('',(0.993068456955,-0.,0.117537397458));
#17516 = DIRECTION('',(-0.117537397458,0.,0.993068456955));
#17517 = ADVANCED_FACE('',(#17518),#17537,.T.);
#17518 = FACE_BOUND('',#17519,.T.);
#17519 = EDGE_LOOP('',(#17520,#17529,#17535,#17536));
#17520 = ORIENTED_EDGE('',*,*,#17521,.F.);
#17521 = EDGE_CURVE('',#17522,#17498,#17524,.T.);
#17522 = VERTEX_POINT('',#17523);
#17523 = CARTESIAN_POINT('',(24.840692603967,-50.7,182.5067056158));
#17524 = CIRCLE('',#17525,0.15);
#17525 = AXIS2_PLACEMENT_3D('',#17526,#17527,#17528);
#17526 = CARTESIAN_POINT('',(24.828923739608,-50.7,182.65624321586));
#17527 = DIRECTION('',(0.,-1.,0.));
#17528 = DIRECTION('',(7.845909572771E-02,0.,-0.996917333733));
#17529 = ORIENTED_EDGE('',*,*,#17530,.T.);
#17530 = EDGE_CURVE('',#17522,#1719,#17531,.T.);
#17531 = LINE('',#17532,#17533);
#17532 = CARTESIAN_POINT('',(24.840692603967,-50.8,182.5067056158));
#17533 = VECTOR('',#17534,1.);
#17534 = DIRECTION('',(0.,1.,0.));
#17535 = ORIENTED_EDGE('',*,*,#1727,.T.);
#17536 = ORIENTED_EDGE('',*,*,#17505,.F.);
#17537 = CYLINDRICAL_SURFACE('',#17538,0.15);
#17538 = AXIS2_PLACEMENT_3D('',#17539,#17540,#17541);
#17539 = CARTESIAN_POINT('',(24.828923739608,-50.8,182.65624321586));
#17540 = DIRECTION('',(0.,-1.,0.));
#17541 = DIRECTION('',(7.845909572771E-02,0.,-0.996917333733));
#17542 = ADVANCED_FACE('',(#17543),#17562,.F.);
#17543 = FACE_BOUND('',#17544,.T.);
#17544 = EDGE_LOOP('',(#17545,#17546,#17555,#17561));
#17545 = ORIENTED_EDGE('',*,*,#17530,.F.);
#17546 = ORIENTED_EDGE('',*,*,#17547,.T.);
#17547 = EDGE_CURVE('',#17522,#17548,#17550,.T.);
#17548 = VERTEX_POINT('',#17549);
#17549 = CARTESIAN_POINT('',(24.50228306283,-50.7,182.34568333505));
#17550 = CIRCLE('',#17551,1.469292842574);
#17551 = AXIS2_PLACEMENT_3D('',#17552,#17553,#17554);
#17552 = CARTESIAN_POINT('',(25.29763132489,-50.7,181.11027142023));
#17553 = DIRECTION('',(-0.,-1.,0.));
#17554 = DIRECTION('',(-0.541313643553,0.,0.840820753373));
#17555 = ORIENTED_EDGE('',*,*,#17556,.T.);
#17556 = EDGE_CURVE('',#17548,#1710,#17557,.T.);
#17557 = LINE('',#17558,#17559);
#17558 = CARTESIAN_POINT('',(24.50228306283,-50.8,182.34568333505));
#17559 = VECTOR('',#17560,1.);
#17560 = DIRECTION('',(0.,1.,0.));
#17561 = ORIENTED_EDGE('',*,*,#1718,.F.);
#17562 = CYLINDRICAL_SURFACE('',#17563,1.469292842574);
#17563 = AXIS2_PLACEMENT_3D('',#17564,#17565,#17566);
#17564 = CARTESIAN_POINT('',(25.29763132489,-50.8,181.11027142023));
#17565 = DIRECTION('',(-0.,-1.,-0.));
#17566 = DIRECTION('',(-0.541313643553,0.,0.840820753373));
#17567 = ADVANCED_FACE('',(#17568),#17587,.F.);
#17568 = FACE_BOUND('',#17569,.T.);
#17569 = EDGE_LOOP('',(#17570,#17571,#17580,#17586));
#17570 = ORIENTED_EDGE('',*,*,#17556,.F.);
#17571 = ORIENTED_EDGE('',*,*,#17572,.T.);
#17572 = EDGE_CURVE('',#17548,#17573,#17575,.T.);
#17573 = VERTEX_POINT('',#17574);
#17574 = CARTESIAN_POINT('',(24.567565016792,-50.7,181.51619746243));
#17575 = CIRCLE('',#17576,0.471154273188);
#17576 = AXIS2_PLACEMENT_3D('',#17577,#17578,#17579);
#17577 = CARTESIAN_POINT('',(24.755396568181,-50.7,181.94829196303));
#17578 = DIRECTION('',(0.,-1.,-0.));
#17579 = DIRECTION('',(-0.398662523251,0.,-0.91709770066));
#17580 = ORIENTED_EDGE('',*,*,#17581,.T.);
#17581 = EDGE_CURVE('',#17573,#1701,#17582,.T.);
#17582 = LINE('',#17583,#17584);
#17583 = CARTESIAN_POINT('',(24.567565016792,-50.8,181.51619746243));
#17584 = VECTOR('',#17585,1.);
#17585 = DIRECTION('',(0.,1.,0.));
#17586 = ORIENTED_EDGE('',*,*,#1709,.F.);
#17587 = CYLINDRICAL_SURFACE('',#17588,0.471154273188);
#17588 = AXIS2_PLACEMENT_3D('',#17589,#17590,#17591);
#17589 = CARTESIAN_POINT('',(24.755396568181,-50.8,181.94829196303));
#17590 = DIRECTION('',(-0.,-1.,-0.));
#17591 = DIRECTION('',(-0.398662523251,0.,-0.91709770066));
#17592 = ADVANCED_FACE('',(#17593),#17612,.F.);
#17593 = FACE_BOUND('',#17594,.T.);
#17594 = EDGE_LOOP('',(#17595,#17596,#17605,#17611));
#17595 = ORIENTED_EDGE('',*,*,#17581,.F.);
#17596 = ORIENTED_EDGE('',*,*,#17597,.T.);
#17597 = EDGE_CURVE('',#17573,#17598,#17600,.T.);
#17598 = VERTEX_POINT('',#17599);
#17599 = CARTESIAN_POINT('',(24.926997609268,-50.7,181.41009654869));
#17600 = CIRCLE('',#17601,1.469292842573);
#17601 = AXIS2_PLACEMENT_3D('',#17602,#17603,#17604);
#17602 = CARTESIAN_POINT('',(25.159860219942,-50.7,182.86081928643));
#17603 = DIRECTION('',(0.,-1.,-0.));
#17604 = DIRECTION('',(-0.158486180513,0.,-0.987361195605));
#17605 = ORIENTED_EDGE('',*,*,#17606,.T.);
#17606 = EDGE_CURVE('',#17598,#1692,#17607,.T.);
#17607 = LINE('',#17608,#17609);
#17608 = CARTESIAN_POINT('',(24.926997609268,-50.8,181.41009654869));
#17609 = VECTOR('',#17610,1.);
#17610 = DIRECTION('',(0.,1.,0.));
#17611 = ORIENTED_EDGE('',*,*,#1700,.F.);
#17612 = CYLINDRICAL_SURFACE('',#17613,1.469292842573);
#17613 = AXIS2_PLACEMENT_3D('',#17614,#17615,#17616);
#17614 = CARTESIAN_POINT('',(25.159860219942,-50.8,182.86081928643));
#17615 = DIRECTION('',(-0.,-1.,-0.));
#17616 = DIRECTION('',(-0.158486180513,0.,-0.987361195605));
#17617 = ADVANCED_FACE('',(#17618),#17637,.T.);
#17618 = FACE_BOUND('',#17619,.T.);
#17619 = EDGE_LOOP('',(#17620,#17629,#17635,#17636));
#17620 = ORIENTED_EDGE('',*,*,#17621,.F.);
#17621 = EDGE_CURVE('',#17622,#17598,#17624,.T.);
#17622 = VERTEX_POINT('',#17623);
#17623 = CARTESIAN_POINT('',(25.088304073687,-50.7,181.27232781299));
#17624 = CIRCLE('',#17625,0.15);
#17625 = AXIS2_PLACEMENT_3D('',#17626,#17627,#17628);
#17626 = CARTESIAN_POINT('',(24.938766473627,-50.7,181.26055894863));
#17627 = DIRECTION('',(0.,-1.,0.));
#17628 = DIRECTION('',(0.996917333733,0.,7.845909572779E-02));
#17629 = ORIENTED_EDGE('',*,*,#17630,.T.);
#17630 = EDGE_CURVE('',#17622,#1684,#17631,.T.);
#17631 = LINE('',#17632,#17633);
#17632 = CARTESIAN_POINT('',(25.088304073687,-50.8,181.27232781299));
#17633 = VECTOR('',#17634,1.);
#17634 = DIRECTION('',(0.,1.,0.));
#17635 = ORIENTED_EDGE('',*,*,#1691,.T.);
#17636 = ORIENTED_EDGE('',*,*,#17606,.F.);
#17637 = CYLINDRICAL_SURFACE('',#17638,0.15);
#17638 = AXIS2_PLACEMENT_3D('',#17639,#17640,#17641);
#17639 = CARTESIAN_POINT('',(24.938766473627,-50.8,181.26055894863));
#17640 = DIRECTION('',(0.,-1.,0.));
#17641 = DIRECTION('',(0.996917333733,0.,7.845909572779E-02));
#17642 = ADVANCED_FACE('',(#17643),#17661,.T.);
#17643 = FACE_BOUND('',#17644,.T.);
#17644 = EDGE_LOOP('',(#17645,#17653,#17659,#17660));
#17645 = ORIENTED_EDGE('',*,*,#17646,.F.);
#17646 = EDGE_CURVE('',#17647,#17622,#17649,.T.);
#17647 = VERTEX_POINT('',#17648);
#17648 = CARTESIAN_POINT('',(25.110790894703,-50.7,180.7));
#17649 = LINE('',#17650,#17651);
#17650 = CARTESIAN_POINT('',(25.105169189449,-50.7,180.84308195324));
#17651 = VECTOR('',#17652,1.);
#17652 = DIRECTION('',(-3.925981575907E-02,0.,0.999229036241));
#17653 = ORIENTED_EDGE('',*,*,#17654,.T.);
#17654 = EDGE_CURVE('',#17647,#1675,#17655,.T.);
#17655 = LINE('',#17656,#17657);
#17656 = CARTESIAN_POINT('',(25.110790894703,-50.8,180.7));
#17657 = VECTOR('',#17658,1.);
#17658 = DIRECTION('',(0.,1.,0.));
#17659 = ORIENTED_EDGE('',*,*,#1683,.T.);
#17660 = ORIENTED_EDGE('',*,*,#17630,.F.);
#17661 = PLANE('',#17662);
#17662 = AXIS2_PLACEMENT_3D('',#17663,#17664,#17665);
#17663 = CARTESIAN_POINT('',(25.110790894703,-50.8,180.7));
#17664 = DIRECTION('',(0.999229036241,-0.,3.925981575907E-02));
#17665 = DIRECTION('',(-3.925981575907E-02,0.,0.999229036241));
#17666 = ADVANCED_FACE('',(#17667),#17686,.T.);
#17667 = FACE_BOUND('',#17668,.T.);
#17668 = EDGE_LOOP('',(#17669,#17678,#17684,#17685));
#17669 = ORIENTED_EDGE('',*,*,#17670,.F.);
#17670 = EDGE_CURVE('',#17671,#17647,#17673,.T.);
#17671 = VERTEX_POINT('',#17672);
#17672 = CARTESIAN_POINT('',(24.960790894703,-50.7,180.55));
#17673 = CIRCLE('',#17674,0.15);
#17674 = AXIS2_PLACEMENT_3D('',#17675,#17676,#17677);
#17675 = CARTESIAN_POINT('',(24.960790894703,-50.7,180.7));
#17676 = DIRECTION('',(0.,-1.,0.));
#17677 = DIRECTION('',(-4.736951571735E-14,-0.,-1.));
#17678 = ORIENTED_EDGE('',*,*,#17679,.T.);
#17679 = EDGE_CURVE('',#17671,#1666,#17680,.T.);
#17680 = LINE('',#17681,#17682);
#17681 = CARTESIAN_POINT('',(24.960790894703,-50.8,180.55));
#17682 = VECTOR('',#17683,1.);
#17683 = DIRECTION('',(0.,1.,0.));
#17684 = ORIENTED_EDGE('',*,*,#1674,.T.);
#17685 = ORIENTED_EDGE('',*,*,#17654,.F.);
#17686 = CYLINDRICAL_SURFACE('',#17687,0.15);
#17687 = AXIS2_PLACEMENT_3D('',#17688,#17689,#17690);
#17688 = CARTESIAN_POINT('',(24.960790894703,-50.8,180.7));
#17689 = DIRECTION('',(0.,-1.,0.));
#17690 = DIRECTION('',(-4.736951571735E-14,-0.,-1.));
#17691 = ADVANCED_FACE('',(#17692),#17711,.F.);
#17692 = FACE_BOUND('',#17693,.T.);
#17693 = EDGE_LOOP('',(#17694,#17695,#17704,#17710));
#17694 = ORIENTED_EDGE('',*,*,#17679,.F.);
#17695 = ORIENTED_EDGE('',*,*,#17696,.T.);
#17696 = EDGE_CURVE('',#17671,#17697,#17699,.T.);
#17697 = VERTEX_POINT('',#17698);
#17698 = CARTESIAN_POINT('',(24.610790894703,-50.7,180.41602540378));
#17699 = CIRCLE('',#17700,1.469292842573);
#17700 = AXIS2_PLACEMENT_3D('',#17701,#17702,#17703);
#17701 = CARTESIAN_POINT('',(25.306758061817,-50.7,179.12201954617));
#17702 = DIRECTION('',(-0.,-1.,0.));
#17703 = DIRECTION('',(-0.473674918265,0.,0.880699762579));
#17704 = ORIENTED_EDGE('',*,*,#17705,.T.);
#17705 = EDGE_CURVE('',#17697,#1657,#17706,.T.);
#17706 = LINE('',#17707,#17708);
#17707 = CARTESIAN_POINT('',(24.610790894703,-50.8,180.41602540378));
#17708 = VECTOR('',#17709,1.);
#17709 = DIRECTION('',(0.,1.,0.));
#17710 = ORIENTED_EDGE('',*,*,#1665,.F.);
#17711 = CYLINDRICAL_SURFACE('',#17712,1.469292842573);
#17712 = AXIS2_PLACEMENT_3D('',#17713,#17714,#17715);
#17713 = CARTESIAN_POINT('',(25.306758061817,-50.8,179.12201954617));
#17714 = DIRECTION('',(-0.,-1.,-0.));
#17715 = DIRECTION('',(-0.473674918265,0.,0.880699762579));
#17716 = ADVANCED_FACE('',(#17717),#17736,.F.);
#17717 = FACE_BOUND('',#17718,.T.);
#17718 = EDGE_LOOP('',(#17719,#17720,#17729,#17735));
#17719 = ORIENTED_EDGE('',*,*,#17705,.F.);
#17720 = ORIENTED_EDGE('',*,*,#17721,.T.);
#17721 = EDGE_CURVE('',#17697,#17722,#17724,.T.);
#17722 = VERTEX_POINT('',#17723);
#17723 = CARTESIAN_POINT('',(24.610790894703,-50.7,179.58397459621));
#17724 = CIRCLE('',#17725,0.471154273188);
#17725 = AXIS2_PLACEMENT_3D('',#17726,#17727,#17728);
#17726 = CARTESIAN_POINT('',(24.831945167891,-50.7,180.));
#17727 = DIRECTION('',(0.,-1.,-0.));
#17728 = DIRECTION('',(-0.469388236026,0.,-0.88299189344));
#17729 = ORIENTED_EDGE('',*,*,#17730,.T.);
#17730 = EDGE_CURVE('',#17722,#1648,#17731,.T.);
#17731 = LINE('',#17732,#17733);
#17732 = CARTESIAN_POINT('',(24.610790894703,-50.8,179.58397459621));
#17733 = VECTOR('',#17734,1.);
#17734 = DIRECTION('',(0.,1.,0.));
#17735 = ORIENTED_EDGE('',*,*,#1656,.F.);
#17736 = CYLINDRICAL_SURFACE('',#17737,0.471154273188);
#17737 = AXIS2_PLACEMENT_3D('',#17738,#17739,#17740);
#17738 = CARTESIAN_POINT('',(24.831945167891,-50.8,180.));
#17739 = DIRECTION('',(-0.,-1.,-0.));
#17740 = DIRECTION('',(-0.469388236026,0.,-0.88299189344));
#17741 = ADVANCED_FACE('',(#17742),#17761,.F.);
#17742 = FACE_BOUND('',#17743,.T.);
#17743 = EDGE_LOOP('',(#17744,#17745,#17754,#17760));
#17744 = ORIENTED_EDGE('',*,*,#17730,.F.);
#17745 = ORIENTED_EDGE('',*,*,#17746,.T.);
#17746 = EDGE_CURVE('',#17722,#17747,#17749,.T.);
#17747 = VERTEX_POINT('',#17748);
#17748 = CARTESIAN_POINT('',(24.960790894703,-50.7,179.45));
#17749 = CIRCLE('',#17750,1.469292842573);
#17750 = AXIS2_PLACEMENT_3D('',#17751,#17752,#17753);
#17751 = CARTESIAN_POINT('',(25.306758061817,-50.7,180.87798045382));
#17752 = DIRECTION('',(0.,-1.,-0.));
#17753 = DIRECTION('',(-0.235465087074,0.,-0.971882808146));
#17754 = ORIENTED_EDGE('',*,*,#17755,.T.);
#17755 = EDGE_CURVE('',#17747,#1639,#17756,.T.);
#17756 = LINE('',#17757,#17758);
#17757 = CARTESIAN_POINT('',(24.960790894703,-50.8,179.45));
#17758 = VECTOR('',#17759,1.);
#17759 = DIRECTION('',(0.,1.,0.));
#17760 = ORIENTED_EDGE('',*,*,#1647,.F.);
#17761 = CYLINDRICAL_SURFACE('',#17762,1.469292842573);
#17762 = AXIS2_PLACEMENT_3D('',#17763,#17764,#17765);
#17763 = CARTESIAN_POINT('',(25.306758061817,-50.8,180.87798045382));
#17764 = DIRECTION('',(-0.,-1.,-0.));
#17765 = DIRECTION('',(-0.235465087074,0.,-0.971882808146));
#17766 = ADVANCED_FACE('',(#17767),#17786,.T.);
#17767 = FACE_BOUND('',#17768,.T.);
#17768 = EDGE_LOOP('',(#17769,#17778,#17784,#17785));
#17769 = ORIENTED_EDGE('',*,*,#17770,.F.);
#17770 = EDGE_CURVE('',#17771,#17747,#17773,.T.);
#17771 = VERTEX_POINT('',#17772);
#17772 = CARTESIAN_POINT('',(25.110790894703,-50.7,179.3));
#17773 = CIRCLE('',#17774,0.15);
#17774 = AXIS2_PLACEMENT_3D('',#17775,#17776,#17777);
#17775 = CARTESIAN_POINT('',(24.960790894703,-50.7,179.3));
#17776 = DIRECTION('',(0.,-1.,0.));
#17777 = DIRECTION('',(1.,0.,0.));
#17778 = ORIENTED_EDGE('',*,*,#17779,.T.);
#17779 = EDGE_CURVE('',#17771,#1631,#17780,.T.);
#17780 = LINE('',#17781,#17782);
#17781 = CARTESIAN_POINT('',(25.110790894703,-50.8,179.3));
#17782 = VECTOR('',#17783,1.);
#17783 = DIRECTION('',(0.,1.,0.));
#17784 = ORIENTED_EDGE('',*,*,#1638,.T.);
#17785 = ORIENTED_EDGE('',*,*,#17755,.F.);
#17786 = CYLINDRICAL_SURFACE('',#17787,0.15);
#17787 = AXIS2_PLACEMENT_3D('',#17788,#17789,#17790);
#17788 = CARTESIAN_POINT('',(24.960790894703,-50.8,179.3));
#17789 = DIRECTION('',(0.,-1.,0.));
#17790 = DIRECTION('',(1.,0.,0.));
#17791 = ADVANCED_FACE('',(#17792),#17803,.T.);
#17792 = FACE_BOUND('',#17793,.T.);
#17793 = EDGE_LOOP('',(#17794,#17800,#17801,#17802));
#17794 = ORIENTED_EDGE('',*,*,#17795,.F.);
#17795 = EDGE_CURVE('',#5895,#17771,#17796,.T.);
#17796 = LINE('',#17797,#17798);
#17797 = CARTESIAN_POINT('',(25.093925778941,-50.7,178.87075414025));
#17798 = VECTOR('',#17799,1.);
#17799 = DIRECTION('',(3.925981575907E-02,-0.,0.999229036241));
#17800 = ORIENTED_EDGE('',*,*,#5910,.T.);
#17801 = ORIENTED_EDGE('',*,*,#1630,.T.);
#17802 = ORIENTED_EDGE('',*,*,#17779,.F.);
#17803 = PLANE('',#17804);
#17804 = AXIS2_PLACEMENT_3D('',#17805,#17806,#17807);
#17805 = CARTESIAN_POINT('',(25.088304073687,-50.8,178.727672187));
#17806 = DIRECTION('',(0.999229036241,0.,-3.925981575907E-02));
#17807 = DIRECTION('',(3.925981575907E-02,0.,0.999229036241));
#17808 = ADVANCED_FACE('',(#17809),#17812,.T.);
#17809 = FACE_BOUND('',#17810,.T.);
#17810 = EDGE_LOOP('',(#17811));
#17811 = ORIENTED_EDGE('',*,*,#5875,.T.);
#17812 = PLANE('',#17813);
#17813 = AXIS2_PLACEMENT_3D('',#17814,#17815,#17816);
#17814 = CARTESIAN_POINT('',(0.,64.,180.));
#17815 = DIRECTION('',(0.,1.,0.));
#17816 = DIRECTION('',(0.,-0.,1.));
#17817 = ADVANCED_FACE('',(#17818,#17829),#18311,.T.);
#17818 = FACE_BOUND('',#17819,.T.);
#17819 = EDGE_LOOP('',(#17820));
#17820 = ORIENTED_EDGE('',*,*,#17821,.T.);
#17821 = EDGE_CURVE('',#17822,#17822,#17824,.T.);
#17822 = VERTEX_POINT('',#17823);
#17823 = CARTESIAN_POINT('',(-6.787186274208E-15,-50.7,207.7107908947));
#17824 = CIRCLE('',#17825,27.710790894703);
#17825 = AXIS2_PLACEMENT_3D('',#17826,#17827,#17828);
#17826 = CARTESIAN_POINT('',(0.,-50.7,180.));
#17827 = DIRECTION('',(0.,1.,0.));
#17828 = DIRECTION('',(0.,-0.,1.));
#17829 = FACE_BOUND('',#17830,.T.);
#17830 = EDGE_LOOP('',(#17831,#17832,#17833,#17834,#17835,#17836,#17837,
    #17838,#17839,#17840,#17841,#17842,#17843,#17844,#17845,#17846,
    #17847,#17848,#17849,#17850,#17851,#17852,#17853,#17854,#17855,
    #17856,#17857,#17858,#17859,#17860,#17861,#17862,#17863,#17864,
    #17865,#17866,#17867,#17868,#17869,#17870,#17871,#17872,#17873,
    #17874,#17875,#17876,#17877,#17878,#17879,#17880,#17881,#17882,
    #17883,#17884,#17885,#17886,#17887,#17888,#17889,#17890,#17891,
    #17892,#17893,#17894,#17895,#17896,#17897,#17898,#17899,#17900,
    #17901,#17902,#17903,#17904,#17905,#17906,#17907,#17908,#17909,
    #17910,#17911,#17912,#17913,#17914,#17915,#17916,#17917,#17918,
    #17919,#17920,#17921,#17922,#17923,#17924,#17925,#17926,#17927,
    #17928,#17929,#17930,#17931,#17932,#17933,#17934,#17935,#17936,
    #17937,#17938,#17939,#17940,#17941,#17942,#17943,#17944,#17945,
    #17946,#17947,#17948,#17949,#17950,#17951,#17952,#17953,#17954,
    #17955,#17956,#17957,#17958,#17959,#17960,#17961,#17962,#17963,
    #17964,#17965,#17966,#17967,#17968,#17969,#17970,#17971,#17972,
    #17973,#17974,#17975,#17976,#17977,#17978,#17979,#17980,#17981,
    #17982,#17983,#17984,#17985,#17986,#17987,#17988,#17989,#17990,
    #17991,#17992,#17993,#17994,#17995,#17996,#17997,#17998,#17999,
    #18000,#18001,#18002,#18003,#18004,#18005,#18006,#18007,#18008,
    #18009,#18010,#18011,#18012,#18013,#18014,#18015,#18016,#18017,
    #18018,#18019,#18020,#18021,#18022,#18023,#18024,#18025,#18026,
    #18027,#18028,#18029,#18030,#18031,#18032,#18033,#18034,#18035,
    #18036,#18037,#18038,#18039,#18040,#18041,#18042,#18043,#18044,
    #18045,#18046,#18047,#18048,#18049,#18050,#18051,#18052,#18053,
    #18054,#18055,#18056,#18057,#18058,#18059,#18060,#18061,#18062,
    #18063,#18064,#18065,#18066,#18067,#18068,#18069,#18070,#18071,
    #18072,#18073,#18074,#18075,#18076,#18077,#18078,#18079,#18080,
    #18081,#18082,#18083,#18084,#18085,#18086,#18087,#18088,#18089,
    #18090,#18091,#18092,#18093,#18094,#18095,#18096,#18097,#18098,
    #18099,#18100,#18101,#18102,#18103,#18104,#18105,#18106,#18107,
    #18108,#18109,#18110,#18111,#18112,#18113,#18114,#18115,#18116,
    #18117,#18118,#18119,#18120,#18121,#18122,#18123,#18124,#18125,
    #18126,#18127,#18128,#18129,#18130,#18131,#18132,#18133,#18134,
    #18135,#18136,#18137,#18138,#18139,#18140,#18141,#18142,#18143,
    #18144,#18145,#18146,#18147,#18148,#18149,#18150,#18151,#18152,
    #18153,#18154,#18155,#18156,#18157,#18158,#18159,#18160,#18161,
    #18162,#18163,#18164,#18165,#18166,#18167,#18168,#18169,#18170,
    #18171,#18172,#18173,#18174,#18175,#18176,#18177,#18178,#18179,
    #18180,#18181,#18182,#18183,#18184,#18185,#18186,#18187,#18188,
    #18189,#18190,#18191,#18192,#18193,#18194,#18195,#18196,#18197,
    #18198,#18199,#18200,#18201,#18202,#18203,#18204,#18205,#18206,
    #18207,#18208,#18209,#18210,#18211,#18212,#18213,#18214,#18215,
    #18216,#18217,#18218,#18219,#18220,#18221,#18222,#18223,#18224,
    #18225,#18226,#18227,#18228,#18229,#18230,#18231,#18232,#18233,
    #18234,#18235,#18236,#18237,#18238,#18239,#18240,#18241,#18242,
    #18243,#18244,#18245,#18246,#18247,#18248,#18249,#18250,#18251,
    #18252,#18253,#18254,#18255,#18256,#18257,#18258,#18259,#18260,
    #18261,#18262,#18263,#18264,#18265,#18266,#18267,#18268,#18269,
    #18270,#18271,#18272,#18273,#18274,#18275,#18276,#18277,#18278,
    #18279,#18280,#18281,#18282,#18283,#18284,#18285,#18286,#18287,
    #18288,#18289,#18290,#18291,#18292,#18293,#18294,#18295,#18296,
    #18297,#18298,#18299,#18300,#18301,#18302,#18303,#18304,#18305,
    #18306,#18307,#18308,#18309,#18310));
#17831 = ORIENTED_EDGE('',*,*,#5892,.T.);
#17832 = ORIENTED_EDGE('',*,*,#17795,.T.);
#17833 = ORIENTED_EDGE('',*,*,#17770,.T.);
#17834 = ORIENTED_EDGE('',*,*,#17746,.F.);
#17835 = ORIENTED_EDGE('',*,*,#17721,.F.);
#17836 = ORIENTED_EDGE('',*,*,#17696,.F.);
#17837 = ORIENTED_EDGE('',*,*,#17670,.T.);
#17838 = ORIENTED_EDGE('',*,*,#17646,.T.);
#17839 = ORIENTED_EDGE('',*,*,#17621,.T.);
#17840 = ORIENTED_EDGE('',*,*,#17597,.F.);
#17841 = ORIENTED_EDGE('',*,*,#17572,.F.);
#17842 = ORIENTED_EDGE('',*,*,#17547,.F.);
#17843 = ORIENTED_EDGE('',*,*,#17521,.T.);
#17844 = ORIENTED_EDGE('',*,*,#17497,.T.);
#17845 = ORIENTED_EDGE('',*,*,#17472,.T.);
#17846 = ORIENTED_EDGE('',*,*,#17448,.F.);
#17847 = ORIENTED_EDGE('',*,*,#17423,.F.);
#17848 = ORIENTED_EDGE('',*,*,#17398,.F.);
#17849 = ORIENTED_EDGE('',*,*,#17372,.T.);
#17850 = ORIENTED_EDGE('',*,*,#17348,.T.);
#17851 = ORIENTED_EDGE('',*,*,#17323,.T.);
#17852 = ORIENTED_EDGE('',*,*,#17299,.F.);
#17853 = ORIENTED_EDGE('',*,*,#17274,.F.);
#17854 = ORIENTED_EDGE('',*,*,#17249,.F.);
#17855 = ORIENTED_EDGE('',*,*,#17223,.T.);
#17856 = ORIENTED_EDGE('',*,*,#17199,.T.);
#17857 = ORIENTED_EDGE('',*,*,#17174,.T.);
#17858 = ORIENTED_EDGE('',*,*,#17150,.F.);
#17859 = ORIENTED_EDGE('',*,*,#17125,.F.);
#17860 = ORIENTED_EDGE('',*,*,#17100,.F.);
#17861 = ORIENTED_EDGE('',*,*,#17074,.T.);
#17862 = ORIENTED_EDGE('',*,*,#17050,.T.);
#17863 = ORIENTED_EDGE('',*,*,#17025,.T.);
#17864 = ORIENTED_EDGE('',*,*,#17001,.F.);
#17865 = ORIENTED_EDGE('',*,*,#16976,.F.);
#17866 = ORIENTED_EDGE('',*,*,#16951,.F.);
#17867 = ORIENTED_EDGE('',*,*,#16925,.T.);
#17868 = ORIENTED_EDGE('',*,*,#16901,.T.);
#17869 = ORIENTED_EDGE('',*,*,#16876,.T.);
#17870 = ORIENTED_EDGE('',*,*,#16852,.F.);
#17871 = ORIENTED_EDGE('',*,*,#16827,.F.);
#17872 = ORIENTED_EDGE('',*,*,#16802,.F.);
#17873 = ORIENTED_EDGE('',*,*,#16776,.T.);
#17874 = ORIENTED_EDGE('',*,*,#16752,.T.);
#17875 = ORIENTED_EDGE('',*,*,#16727,.T.);
#17876 = ORIENTED_EDGE('',*,*,#16703,.F.);
#17877 = ORIENTED_EDGE('',*,*,#16678,.F.);
#17878 = ORIENTED_EDGE('',*,*,#16653,.F.);
#17879 = ORIENTED_EDGE('',*,*,#16627,.T.);
#17880 = ORIENTED_EDGE('',*,*,#16603,.T.);
#17881 = ORIENTED_EDGE('',*,*,#16578,.T.);
#17882 = ORIENTED_EDGE('',*,*,#16554,.F.);
#17883 = ORIENTED_EDGE('',*,*,#16529,.F.);
#17884 = ORIENTED_EDGE('',*,*,#16504,.F.);
#17885 = ORIENTED_EDGE('',*,*,#16478,.T.);
#17886 = ORIENTED_EDGE('',*,*,#16454,.T.);
#17887 = ORIENTED_EDGE('',*,*,#16429,.T.);
#17888 = ORIENTED_EDGE('',*,*,#16405,.F.);
#17889 = ORIENTED_EDGE('',*,*,#16380,.F.);
#17890 = ORIENTED_EDGE('',*,*,#16355,.F.);
#17891 = ORIENTED_EDGE('',*,*,#16329,.T.);
#17892 = ORIENTED_EDGE('',*,*,#16305,.T.);
#17893 = ORIENTED_EDGE('',*,*,#16280,.T.);
#17894 = ORIENTED_EDGE('',*,*,#16256,.F.);
#17895 = ORIENTED_EDGE('',*,*,#16231,.F.);
#17896 = ORIENTED_EDGE('',*,*,#16206,.F.);
#17897 = ORIENTED_EDGE('',*,*,#16180,.T.);
#17898 = ORIENTED_EDGE('',*,*,#16156,.T.);
#17899 = ORIENTED_EDGE('',*,*,#16131,.T.);
#17900 = ORIENTED_EDGE('',*,*,#16107,.F.);
#17901 = ORIENTED_EDGE('',*,*,#16082,.F.);
#17902 = ORIENTED_EDGE('',*,*,#16057,.F.);
#17903 = ORIENTED_EDGE('',*,*,#16031,.T.);
#17904 = ORIENTED_EDGE('',*,*,#16007,.T.);
#17905 = ORIENTED_EDGE('',*,*,#15982,.T.);
#17906 = ORIENTED_EDGE('',*,*,#15958,.F.);
#17907 = ORIENTED_EDGE('',*,*,#15933,.F.);
#17908 = ORIENTED_EDGE('',*,*,#15908,.F.);
#17909 = ORIENTED_EDGE('',*,*,#15882,.T.);
#17910 = ORIENTED_EDGE('',*,*,#15858,.T.);
#17911 = ORIENTED_EDGE('',*,*,#15833,.T.);
#17912 = ORIENTED_EDGE('',*,*,#15809,.F.);
#17913 = ORIENTED_EDGE('',*,*,#15784,.F.);
#17914 = ORIENTED_EDGE('',*,*,#15759,.F.);
#17915 = ORIENTED_EDGE('',*,*,#15733,.T.);
#17916 = ORIENTED_EDGE('',*,*,#15709,.T.);
#17917 = ORIENTED_EDGE('',*,*,#15684,.T.);
#17918 = ORIENTED_EDGE('',*,*,#15660,.F.);
#17919 = ORIENTED_EDGE('',*,*,#15635,.F.);
#17920 = ORIENTED_EDGE('',*,*,#15610,.F.);
#17921 = ORIENTED_EDGE('',*,*,#15584,.T.);
#17922 = ORIENTED_EDGE('',*,*,#15560,.T.);
#17923 = ORIENTED_EDGE('',*,*,#15535,.T.);
#17924 = ORIENTED_EDGE('',*,*,#15511,.F.);
#17925 = ORIENTED_EDGE('',*,*,#15486,.F.);
#17926 = ORIENTED_EDGE('',*,*,#15461,.F.);
#17927 = ORIENTED_EDGE('',*,*,#15435,.T.);
#17928 = ORIENTED_EDGE('',*,*,#15411,.T.);
#17929 = ORIENTED_EDGE('',*,*,#15386,.T.);
#17930 = ORIENTED_EDGE('',*,*,#15362,.F.);
#17931 = ORIENTED_EDGE('',*,*,#15337,.F.);
#17932 = ORIENTED_EDGE('',*,*,#15312,.F.);
#17933 = ORIENTED_EDGE('',*,*,#15286,.T.);
#17934 = ORIENTED_EDGE('',*,*,#15262,.T.);
#17935 = ORIENTED_EDGE('',*,*,#15237,.T.);
#17936 = ORIENTED_EDGE('',*,*,#15213,.F.);
#17937 = ORIENTED_EDGE('',*,*,#15188,.F.);
#17938 = ORIENTED_EDGE('',*,*,#15163,.F.);
#17939 = ORIENTED_EDGE('',*,*,#15137,.T.);
#17940 = ORIENTED_EDGE('',*,*,#15113,.T.);
#17941 = ORIENTED_EDGE('',*,*,#15088,.T.);
#17942 = ORIENTED_EDGE('',*,*,#15064,.F.);
#17943 = ORIENTED_EDGE('',*,*,#15039,.F.);
#17944 = ORIENTED_EDGE('',*,*,#15014,.F.);
#17945 = ORIENTED_EDGE('',*,*,#14988,.T.);
#17946 = ORIENTED_EDGE('',*,*,#14964,.T.);
#17947 = ORIENTED_EDGE('',*,*,#14939,.T.);
#17948 = ORIENTED_EDGE('',*,*,#14915,.F.);
#17949 = ORIENTED_EDGE('',*,*,#14890,.F.);
#17950 = ORIENTED_EDGE('',*,*,#14865,.F.);
#17951 = ORIENTED_EDGE('',*,*,#14839,.T.);
#17952 = ORIENTED_EDGE('',*,*,#14815,.T.);
#17953 = ORIENTED_EDGE('',*,*,#14790,.T.);
#17954 = ORIENTED_EDGE('',*,*,#14766,.F.);
#17955 = ORIENTED_EDGE('',*,*,#14741,.F.);
#17956 = ORIENTED_EDGE('',*,*,#14716,.F.);
#17957 = ORIENTED_EDGE('',*,*,#14690,.T.);
#17958 = ORIENTED_EDGE('',*,*,#14666,.T.);
#17959 = ORIENTED_EDGE('',*,*,#14641,.T.);
#17960 = ORIENTED_EDGE('',*,*,#14617,.F.);
#17961 = ORIENTED_EDGE('',*,*,#14592,.F.);
#17962 = ORIENTED_EDGE('',*,*,#14567,.F.);
#17963 = ORIENTED_EDGE('',*,*,#14541,.T.);
#17964 = ORIENTED_EDGE('',*,*,#14517,.T.);
#17965 = ORIENTED_EDGE('',*,*,#14492,.T.);
#17966 = ORIENTED_EDGE('',*,*,#14468,.F.);
#17967 = ORIENTED_EDGE('',*,*,#14443,.F.);
#17968 = ORIENTED_EDGE('',*,*,#14418,.F.);
#17969 = ORIENTED_EDGE('',*,*,#14392,.T.);
#17970 = ORIENTED_EDGE('',*,*,#14368,.T.);
#17971 = ORIENTED_EDGE('',*,*,#14343,.T.);
#17972 = ORIENTED_EDGE('',*,*,#14319,.F.);
#17973 = ORIENTED_EDGE('',*,*,#14294,.F.);
#17974 = ORIENTED_EDGE('',*,*,#14269,.F.);
#17975 = ORIENTED_EDGE('',*,*,#14243,.T.);
#17976 = ORIENTED_EDGE('',*,*,#14219,.T.);
#17977 = ORIENTED_EDGE('',*,*,#14194,.T.);
#17978 = ORIENTED_EDGE('',*,*,#14170,.F.);
#17979 = ORIENTED_EDGE('',*,*,#14145,.F.);
#17980 = ORIENTED_EDGE('',*,*,#14120,.F.);
#17981 = ORIENTED_EDGE('',*,*,#14094,.T.);
#17982 = ORIENTED_EDGE('',*,*,#14070,.T.);
#17983 = ORIENTED_EDGE('',*,*,#14045,.T.);
#17984 = ORIENTED_EDGE('',*,*,#14021,.F.);
#17985 = ORIENTED_EDGE('',*,*,#13996,.F.);
#17986 = ORIENTED_EDGE('',*,*,#13971,.F.);
#17987 = ORIENTED_EDGE('',*,*,#13945,.T.);
#17988 = ORIENTED_EDGE('',*,*,#13921,.T.);
#17989 = ORIENTED_EDGE('',*,*,#13896,.T.);
#17990 = ORIENTED_EDGE('',*,*,#13872,.F.);
#17991 = ORIENTED_EDGE('',*,*,#13847,.F.);
#17992 = ORIENTED_EDGE('',*,*,#13822,.F.);
#17993 = ORIENTED_EDGE('',*,*,#13796,.T.);
#17994 = ORIENTED_EDGE('',*,*,#13772,.T.);
#17995 = ORIENTED_EDGE('',*,*,#13747,.T.);
#17996 = ORIENTED_EDGE('',*,*,#13723,.F.);
#17997 = ORIENTED_EDGE('',*,*,#13698,.F.);
#17998 = ORIENTED_EDGE('',*,*,#13673,.F.);
#17999 = ORIENTED_EDGE('',*,*,#13647,.T.);
#18000 = ORIENTED_EDGE('',*,*,#13623,.T.);
#18001 = ORIENTED_EDGE('',*,*,#13598,.T.);
#18002 = ORIENTED_EDGE('',*,*,#13574,.F.);
#18003 = ORIENTED_EDGE('',*,*,#13549,.F.);
#18004 = ORIENTED_EDGE('',*,*,#13524,.F.);
#18005 = ORIENTED_EDGE('',*,*,#13498,.T.);
#18006 = ORIENTED_EDGE('',*,*,#13474,.T.);
#18007 = ORIENTED_EDGE('',*,*,#13449,.T.);
#18008 = ORIENTED_EDGE('',*,*,#13425,.F.);
#18009 = ORIENTED_EDGE('',*,*,#13400,.F.);
#18010 = ORIENTED_EDGE('',*,*,#13375,.F.);
#18011 = ORIENTED_EDGE('',*,*,#13349,.T.);
#18012 = ORIENTED_EDGE('',*,*,#13325,.T.);
#18013 = ORIENTED_EDGE('',*,*,#13300,.T.);
#18014 = ORIENTED_EDGE('',*,*,#13276,.F.);
#18015 = ORIENTED_EDGE('',*,*,#13251,.F.);
#18016 = ORIENTED_EDGE('',*,*,#13226,.F.);
#18017 = ORIENTED_EDGE('',*,*,#13200,.T.);
#18018 = ORIENTED_EDGE('',*,*,#13176,.T.);
#18019 = ORIENTED_EDGE('',*,*,#13151,.T.);
#18020 = ORIENTED_EDGE('',*,*,#13127,.F.);
#18021 = ORIENTED_EDGE('',*,*,#13102,.F.);
#18022 = ORIENTED_EDGE('',*,*,#13077,.F.);
#18023 = ORIENTED_EDGE('',*,*,#13051,.T.);
#18024 = ORIENTED_EDGE('',*,*,#13027,.T.);
#18025 = ORIENTED_EDGE('',*,*,#13002,.T.);
#18026 = ORIENTED_EDGE('',*,*,#12978,.F.);
#18027 = ORIENTED_EDGE('',*,*,#12953,.F.);
#18028 = ORIENTED_EDGE('',*,*,#12928,.F.);
#18029 = ORIENTED_EDGE('',*,*,#12902,.T.);
#18030 = ORIENTED_EDGE('',*,*,#12878,.T.);
#18031 = ORIENTED_EDGE('',*,*,#12853,.T.);
#18032 = ORIENTED_EDGE('',*,*,#12829,.F.);
#18033 = ORIENTED_EDGE('',*,*,#12804,.F.);
#18034 = ORIENTED_EDGE('',*,*,#12779,.F.);
#18035 = ORIENTED_EDGE('',*,*,#12753,.T.);
#18036 = ORIENTED_EDGE('',*,*,#12729,.T.);
#18037 = ORIENTED_EDGE('',*,*,#12704,.T.);
#18038 = ORIENTED_EDGE('',*,*,#12680,.F.);
#18039 = ORIENTED_EDGE('',*,*,#12655,.F.);
#18040 = ORIENTED_EDGE('',*,*,#12630,.F.);
#18041 = ORIENTED_EDGE('',*,*,#12604,.T.);
#18042 = ORIENTED_EDGE('',*,*,#12580,.T.);
#18043 = ORIENTED_EDGE('',*,*,#12555,.T.);
#18044 = ORIENTED_EDGE('',*,*,#12531,.F.);
#18045 = ORIENTED_EDGE('',*,*,#12506,.F.);
#18046 = ORIENTED_EDGE('',*,*,#12481,.F.);
#18047 = ORIENTED_EDGE('',*,*,#12455,.T.);
#18048 = ORIENTED_EDGE('',*,*,#12431,.T.);
#18049 = ORIENTED_EDGE('',*,*,#12406,.T.);
#18050 = ORIENTED_EDGE('',*,*,#12382,.F.);
#18051 = ORIENTED_EDGE('',*,*,#12357,.F.);
#18052 = ORIENTED_EDGE('',*,*,#12332,.F.);
#18053 = ORIENTED_EDGE('',*,*,#12306,.T.);
#18054 = ORIENTED_EDGE('',*,*,#12282,.T.);
#18055 = ORIENTED_EDGE('',*,*,#12257,.T.);
#18056 = ORIENTED_EDGE('',*,*,#12233,.F.);
#18057 = ORIENTED_EDGE('',*,*,#12208,.F.);
#18058 = ORIENTED_EDGE('',*,*,#12183,.F.);
#18059 = ORIENTED_EDGE('',*,*,#12157,.T.);
#18060 = ORIENTED_EDGE('',*,*,#12133,.T.);
#18061 = ORIENTED_EDGE('',*,*,#12108,.T.);
#18062 = ORIENTED_EDGE('',*,*,#12084,.F.);
#18063 = ORIENTED_EDGE('',*,*,#12059,.F.);
#18064 = ORIENTED_EDGE('',*,*,#12034,.F.);
#18065 = ORIENTED_EDGE('',*,*,#12008,.T.);
#18066 = ORIENTED_EDGE('',*,*,#11984,.T.);
#18067 = ORIENTED_EDGE('',*,*,#11959,.T.);
#18068 = ORIENTED_EDGE('',*,*,#11935,.F.);
#18069 = ORIENTED_EDGE('',*,*,#11910,.F.);
#18070 = ORIENTED_EDGE('',*,*,#11885,.F.);
#18071 = ORIENTED_EDGE('',*,*,#11859,.T.);
#18072 = ORIENTED_EDGE('',*,*,#11835,.T.);
#18073 = ORIENTED_EDGE('',*,*,#11810,.T.);
#18074 = ORIENTED_EDGE('',*,*,#11786,.F.);
#18075 = ORIENTED_EDGE('',*,*,#11761,.F.);
#18076 = ORIENTED_EDGE('',*,*,#11736,.F.);
#18077 = ORIENTED_EDGE('',*,*,#11710,.T.);
#18078 = ORIENTED_EDGE('',*,*,#11686,.T.);
#18079 = ORIENTED_EDGE('',*,*,#11661,.T.);
#18080 = ORIENTED_EDGE('',*,*,#11637,.F.);
#18081 = ORIENTED_EDGE('',*,*,#11612,.F.);
#18082 = ORIENTED_EDGE('',*,*,#11587,.F.);
#18083 = ORIENTED_EDGE('',*,*,#11561,.T.);
#18084 = ORIENTED_EDGE('',*,*,#11537,.T.);
#18085 = ORIENTED_EDGE('',*,*,#11512,.T.);
#18086 = ORIENTED_EDGE('',*,*,#11488,.F.);
#18087 = ORIENTED_EDGE('',*,*,#11463,.F.);
#18088 = ORIENTED_EDGE('',*,*,#11438,.F.);
#18089 = ORIENTED_EDGE('',*,*,#11412,.T.);
#18090 = ORIENTED_EDGE('',*,*,#11388,.T.);
#18091 = ORIENTED_EDGE('',*,*,#11363,.T.);
#18092 = ORIENTED_EDGE('',*,*,#11339,.F.);
#18093 = ORIENTED_EDGE('',*,*,#11314,.F.);
#18094 = ORIENTED_EDGE('',*,*,#11289,.F.);
#18095 = ORIENTED_EDGE('',*,*,#11263,.T.);
#18096 = ORIENTED_EDGE('',*,*,#11239,.T.);
#18097 = ORIENTED_EDGE('',*,*,#11214,.T.);
#18098 = ORIENTED_EDGE('',*,*,#11190,.F.);
#18099 = ORIENTED_EDGE('',*,*,#11165,.F.);
#18100 = ORIENTED_EDGE('',*,*,#11140,.F.);
#18101 = ORIENTED_EDGE('',*,*,#11114,.T.);
#18102 = ORIENTED_EDGE('',*,*,#11090,.T.);
#18103 = ORIENTED_EDGE('',*,*,#11065,.T.);
#18104 = ORIENTED_EDGE('',*,*,#11041,.F.);
#18105 = ORIENTED_EDGE('',*,*,#11016,.F.);
#18106 = ORIENTED_EDGE('',*,*,#10991,.F.);
#18107 = ORIENTED_EDGE('',*,*,#10965,.T.);
#18108 = ORIENTED_EDGE('',*,*,#10941,.T.);
#18109 = ORIENTED_EDGE('',*,*,#10916,.T.);
#18110 = ORIENTED_EDGE('',*,*,#10892,.F.);
#18111 = ORIENTED_EDGE('',*,*,#10867,.F.);
#18112 = ORIENTED_EDGE('',*,*,#10842,.F.);
#18113 = ORIENTED_EDGE('',*,*,#10816,.T.);
#18114 = ORIENTED_EDGE('',*,*,#10792,.T.);
#18115 = ORIENTED_EDGE('',*,*,#10767,.T.);
#18116 = ORIENTED_EDGE('',*,*,#10743,.F.);
#18117 = ORIENTED_EDGE('',*,*,#10718,.F.);
#18118 = ORIENTED_EDGE('',*,*,#10693,.F.);
#18119 = ORIENTED_EDGE('',*,*,#10667,.T.);
#18120 = ORIENTED_EDGE('',*,*,#10643,.T.);
#18121 = ORIENTED_EDGE('',*,*,#10618,.T.);
#18122 = ORIENTED_EDGE('',*,*,#10594,.F.);
#18123 = ORIENTED_EDGE('',*,*,#10569,.F.);
#18124 = ORIENTED_EDGE('',*,*,#10544,.F.);
#18125 = ORIENTED_EDGE('',*,*,#10518,.T.);
#18126 = ORIENTED_EDGE('',*,*,#10494,.T.);
#18127 = ORIENTED_EDGE('',*,*,#10469,.T.);
#18128 = ORIENTED_EDGE('',*,*,#10445,.F.);
#18129 = ORIENTED_EDGE('',*,*,#10420,.F.);
#18130 = ORIENTED_EDGE('',*,*,#10395,.F.);
#18131 = ORIENTED_EDGE('',*,*,#10369,.T.);
#18132 = ORIENTED_EDGE('',*,*,#10345,.T.);
#18133 = ORIENTED_EDGE('',*,*,#10320,.T.);
#18134 = ORIENTED_EDGE('',*,*,#10296,.F.);
#18135 = ORIENTED_EDGE('',*,*,#10271,.F.);
#18136 = ORIENTED_EDGE('',*,*,#10246,.F.);
#18137 = ORIENTED_EDGE('',*,*,#10220,.T.);
#18138 = ORIENTED_EDGE('',*,*,#10196,.T.);
#18139 = ORIENTED_EDGE('',*,*,#10171,.T.);
#18140 = ORIENTED_EDGE('',*,*,#10147,.F.);
#18141 = ORIENTED_EDGE('',*,*,#10122,.F.);
#18142 = ORIENTED_EDGE('',*,*,#10097,.F.);
#18143 = ORIENTED_EDGE('',*,*,#10071,.T.);
#18144 = ORIENTED_EDGE('',*,*,#10047,.T.);
#18145 = ORIENTED_EDGE('',*,*,#10022,.T.);
#18146 = ORIENTED_EDGE('',*,*,#9998,.F.);
#18147 = ORIENTED_EDGE('',*,*,#9973,.F.);
#18148 = ORIENTED_EDGE('',*,*,#9948,.F.);
#18149 = ORIENTED_EDGE('',*,*,#9922,.T.);
#18150 = ORIENTED_EDGE('',*,*,#9898,.T.);
#18151 = ORIENTED_EDGE('',*,*,#9873,.T.);
#18152 = ORIENTED_EDGE('',*,*,#9849,.F.);
#18153 = ORIENTED_EDGE('',*,*,#9824,.F.);
#18154 = ORIENTED_EDGE('',*,*,#9799,.F.);
#18155 = ORIENTED_EDGE('',*,*,#9773,.T.);
#18156 = ORIENTED_EDGE('',*,*,#9749,.T.);
#18157 = ORIENTED_EDGE('',*,*,#9724,.T.);
#18158 = ORIENTED_EDGE('',*,*,#9700,.F.);
#18159 = ORIENTED_EDGE('',*,*,#9675,.F.);
#18160 = ORIENTED_EDGE('',*,*,#9650,.F.);
#18161 = ORIENTED_EDGE('',*,*,#9624,.T.);
#18162 = ORIENTED_EDGE('',*,*,#9600,.T.);
#18163 = ORIENTED_EDGE('',*,*,#9575,.T.);
#18164 = ORIENTED_EDGE('',*,*,#9551,.F.);
#18165 = ORIENTED_EDGE('',*,*,#9526,.F.);
#18166 = ORIENTED_EDGE('',*,*,#9501,.F.);
#18167 = ORIENTED_EDGE('',*,*,#9475,.T.);
#18168 = ORIENTED_EDGE('',*,*,#9451,.T.);
#18169 = ORIENTED_EDGE('',*,*,#9426,.T.);
#18170 = ORIENTED_EDGE('',*,*,#9402,.F.);
#18171 = ORIENTED_EDGE('',*,*,#9377,.F.);
#18172 = ORIENTED_EDGE('',*,*,#9352,.F.);
#18173 = ORIENTED_EDGE('',*,*,#9326,.T.);
#18174 = ORIENTED_EDGE('',*,*,#9302,.T.);
#18175 = ORIENTED_EDGE('',*,*,#9277,.T.);
#18176 = ORIENTED_EDGE('',*,*,#9253,.F.);
#18177 = ORIENTED_EDGE('',*,*,#9228,.F.);
#18178 = ORIENTED_EDGE('',*,*,#9203,.F.);
#18179 = ORIENTED_EDGE('',*,*,#9177,.T.);
#18180 = ORIENTED_EDGE('',*,*,#9153,.T.);
#18181 = ORIENTED_EDGE('',*,*,#9128,.T.);
#18182 = ORIENTED_EDGE('',*,*,#9104,.F.);
#18183 = ORIENTED_EDGE('',*,*,#9079,.F.);
#18184 = ORIENTED_EDGE('',*,*,#9054,.F.);
#18185 = ORIENTED_EDGE('',*,*,#9028,.T.);
#18186 = ORIENTED_EDGE('',*,*,#9004,.T.);
#18187 = ORIENTED_EDGE('',*,*,#8979,.T.);
#18188 = ORIENTED_EDGE('',*,*,#8955,.F.);
#18189 = ORIENTED_EDGE('',*,*,#8930,.F.);
#18190 = ORIENTED_EDGE('',*,*,#8905,.F.);
#18191 = ORIENTED_EDGE('',*,*,#8879,.T.);
#18192 = ORIENTED_EDGE('',*,*,#8855,.T.);
#18193 = ORIENTED_EDGE('',*,*,#8830,.T.);
#18194 = ORIENTED_EDGE('',*,*,#8806,.F.);
#18195 = ORIENTED_EDGE('',*,*,#8781,.F.);
#18196 = ORIENTED_EDGE('',*,*,#8756,.F.);
#18197 = ORIENTED_EDGE('',*,*,#8730,.T.);
#18198 = ORIENTED_EDGE('',*,*,#8706,.T.);
#18199 = ORIENTED_EDGE('',*,*,#8681,.T.);
#18200 = ORIENTED_EDGE('',*,*,#8657,.F.);
#18201 = ORIENTED_EDGE('',*,*,#8632,.F.);
#18202 = ORIENTED_EDGE('',*,*,#8607,.F.);
#18203 = ORIENTED_EDGE('',*,*,#8581,.T.);
#18204 = ORIENTED_EDGE('',*,*,#8557,.T.);
#18205 = ORIENTED_EDGE('',*,*,#8532,.T.);
#18206 = ORIENTED_EDGE('',*,*,#8508,.F.);
#18207 = ORIENTED_EDGE('',*,*,#8483,.F.);
#18208 = ORIENTED_EDGE('',*,*,#8458,.F.);
#18209 = ORIENTED_EDGE('',*,*,#8432,.T.);
#18210 = ORIENTED_EDGE('',*,*,#8408,.T.);
#18211 = ORIENTED_EDGE('',*,*,#8383,.T.);
#18212 = ORIENTED_EDGE('',*,*,#8359,.F.);
#18213 = ORIENTED_EDGE('',*,*,#8334,.F.);
#18214 = ORIENTED_EDGE('',*,*,#8309,.F.);
#18215 = ORIENTED_EDGE('',*,*,#8283,.T.);
#18216 = ORIENTED_EDGE('',*,*,#8259,.T.);
#18217 = ORIENTED_EDGE('',*,*,#8234,.T.);
#18218 = ORIENTED_EDGE('',*,*,#8210,.F.);
#18219 = ORIENTED_EDGE('',*,*,#8185,.F.);
#18220 = ORIENTED_EDGE('',*,*,#8160,.F.);
#18221 = ORIENTED_EDGE('',*,*,#8134,.T.);
#18222 = ORIENTED_EDGE('',*,*,#8110,.T.);
#18223 = ORIENTED_EDGE('',*,*,#8085,.T.);
#18224 = ORIENTED_EDGE('',*,*,#8061,.F.);
#18225 = ORIENTED_EDGE('',*,*,#8036,.F.);
#18226 = ORIENTED_EDGE('',*,*,#8011,.F.);
#18227 = ORIENTED_EDGE('',*,*,#7985,.T.);
#18228 = ORIENTED_EDGE('',*,*,#7961,.T.);
#18229 = ORIENTED_EDGE('',*,*,#7936,.T.);
#18230 = ORIENTED_EDGE('',*,*,#7912,.F.);
#18231 = ORIENTED_EDGE('',*,*,#7887,.F.);
#18232 = ORIENTED_EDGE('',*,*,#7862,.F.);
#18233 = ORIENTED_EDGE('',*,*,#7836,.T.);
#18234 = ORIENTED_EDGE('',*,*,#7812,.T.);
#18235 = ORIENTED_EDGE('',*,*,#7787,.T.);
#18236 = ORIENTED_EDGE('',*,*,#7763,.F.);
#18237 = ORIENTED_EDGE('',*,*,#7738,.F.);
#18238 = ORIENTED_EDGE('',*,*,#7713,.F.);
#18239 = ORIENTED_EDGE('',*,*,#7687,.T.);
#18240 = ORIENTED_EDGE('',*,*,#7663,.T.);
#18241 = ORIENTED_EDGE('',*,*,#7638,.T.);
#18242 = ORIENTED_EDGE('',*,*,#7614,.F.);
#18243 = ORIENTED_EDGE('',*,*,#7589,.F.);
#18244 = ORIENTED_EDGE('',*,*,#7564,.F.);
#18245 = ORIENTED_EDGE('',*,*,#7538,.T.);
#18246 = ORIENTED_EDGE('',*,*,#7514,.T.);
#18247 = ORIENTED_EDGE('',*,*,#7489,.T.);
#18248 = ORIENTED_EDGE('',*,*,#7465,.F.);
#18249 = ORIENTED_EDGE('',*,*,#7440,.F.);
#18250 = ORIENTED_EDGE('',*,*,#7415,.F.);
#18251 = ORIENTED_EDGE('',*,*,#7389,.T.);
#18252 = ORIENTED_EDGE('',*,*,#7365,.T.);
#18253 = ORIENTED_EDGE('',*,*,#7340,.T.);
#18254 = ORIENTED_EDGE('',*,*,#7316,.F.);
#18255 = ORIENTED_EDGE('',*,*,#7291,.F.);
#18256 = ORIENTED_EDGE('',*,*,#7266,.F.);
#18257 = ORIENTED_EDGE('',*,*,#7240,.T.);
#18258 = ORIENTED_EDGE('',*,*,#7216,.T.);
#18259 = ORIENTED_EDGE('',*,*,#7191,.T.);
#18260 = ORIENTED_EDGE('',*,*,#7167,.F.);
#18261 = ORIENTED_EDGE('',*,*,#7142,.F.);
#18262 = ORIENTED_EDGE('',*,*,#7117,.F.);
#18263 = ORIENTED_EDGE('',*,*,#7091,.T.);
#18264 = ORIENTED_EDGE('',*,*,#7067,.T.);
#18265 = ORIENTED_EDGE('',*,*,#7042,.T.);
#18266 = ORIENTED_EDGE('',*,*,#7018,.F.);
#18267 = ORIENTED_EDGE('',*,*,#6993,.F.);
#18268 = ORIENTED_EDGE('',*,*,#6968,.F.);
#18269 = ORIENTED_EDGE('',*,*,#6942,.T.);
#18270 = ORIENTED_EDGE('',*,*,#6918,.T.);
#18271 = ORIENTED_EDGE('',*,*,#6893,.T.);
#18272 = ORIENTED_EDGE('',*,*,#6869,.F.);
#18273 = ORIENTED_EDGE('',*,*,#6844,.F.);
#18274 = ORIENTED_EDGE('',*,*,#6819,.F.);
#18275 = ORIENTED_EDGE('',*,*,#6793,.T.);
#18276 = ORIENTED_EDGE('',*,*,#6769,.T.);
#18277 = ORIENTED_EDGE('',*,*,#6744,.T.);
#18278 = ORIENTED_EDGE('',*,*,#6720,.F.);
#18279 = ORIENTED_EDGE('',*,*,#6695,.F.);
#18280 = ORIENTED_EDGE('',*,*,#6670,.F.);
#18281 = ORIENTED_EDGE('',*,*,#6644,.T.);
#18282 = ORIENTED_EDGE('',*,*,#6620,.T.);
#18283 = ORIENTED_EDGE('',*,*,#6595,.T.);
#18284 = ORIENTED_EDGE('',*,*,#6571,.F.);
#18285 = ORIENTED_EDGE('',*,*,#6546,.F.);
#18286 = ORIENTED_EDGE('',*,*,#6521,.F.);
#18287 = ORIENTED_EDGE('',*,*,#6495,.T.);
#18288 = ORIENTED_EDGE('',*,*,#6471,.T.);
#18289 = ORIENTED_EDGE('',*,*,#6446,.T.);
#18290 = ORIENTED_EDGE('',*,*,#6422,.F.);
#18291 = ORIENTED_EDGE('',*,*,#6397,.F.);
#18292 = ORIENTED_EDGE('',*,*,#6372,.F.);
#18293 = ORIENTED_EDGE('',*,*,#6346,.T.);
#18294 = ORIENTED_EDGE('',*,*,#6322,.T.);
#18295 = ORIENTED_EDGE('',*,*,#6297,.T.);
#18296 = ORIENTED_EDGE('',*,*,#6273,.F.);
#18297 = ORIENTED_EDGE('',*,*,#6248,.F.);
#18298 = ORIENTED_EDGE('',*,*,#6223,.F.);
#18299 = ORIENTED_EDGE('',*,*,#6197,.T.);
#18300 = ORIENTED_EDGE('',*,*,#6173,.T.);
#18301 = ORIENTED_EDGE('',*,*,#6148,.T.);
#18302 = ORIENTED_EDGE('',*,*,#6124,.F.);
#18303 = ORIENTED_EDGE('',*,*,#6099,.F.);
#18304 = ORIENTED_EDGE('',*,*,#6074,.F.);
#18305 = ORIENTED_EDGE('',*,*,#6048,.T.);
#18306 = ORIENTED_EDGE('',*,*,#6024,.T.);
#18307 = ORIENTED_EDGE('',*,*,#5999,.T.);
#18308 = ORIENTED_EDGE('',*,*,#5975,.F.);
#18309 = ORIENTED_EDGE('',*,*,#5950,.F.);
#18310 = ORIENTED_EDGE('',*,*,#5925,.F.);
#18311 = PLANE('',#18312);
#18312 = AXIS2_PLACEMENT_3D('',#18313,#18314,#18315);
#18313 = CARTESIAN_POINT('',(0.,-50.7,180.));
#18314 = DIRECTION('',(0.,1.,0.));
#18315 = DIRECTION('',(0.,-0.,1.));
#18316 = ADVANCED_FACE('',(#18317),#18336,.T.);
#18317 = FACE_BOUND('',#18318,.T.);
#18318 = EDGE_LOOP('',(#18319,#18320,#18328,#18335));
#18319 = ORIENTED_EDGE('',*,*,#17821,.F.);
#18320 = ORIENTED_EDGE('',*,*,#18321,.F.);
#18321 = EDGE_CURVE('',#18322,#17822,#18324,.T.);
#18322 = VERTEX_POINT('',#18323);
#18323 = CARTESIAN_POINT('',(-6.787186274208E-15,-51.9,207.7107908947));
#18324 = LINE('',#18325,#18326);
#18325 = CARTESIAN_POINT('',(-6.787186274208E-15,-51.9,207.7107908947));
#18326 = VECTOR('',#18327,1.);
#18327 = DIRECTION('',(0.,1.,0.));
#18328 = ORIENTED_EDGE('',*,*,#18329,.T.);
#18329 = EDGE_CURVE('',#18322,#18322,#18330,.T.);
#18330 = CIRCLE('',#18331,27.710790894703);
#18331 = AXIS2_PLACEMENT_3D('',#18332,#18333,#18334);
#18332 = CARTESIAN_POINT('',(0.,-51.9,180.));
#18333 = DIRECTION('',(0.,1.,0.));
#18334 = DIRECTION('',(0.,-0.,1.));
#18335 = ORIENTED_EDGE('',*,*,#18321,.T.);
#18336 = CYLINDRICAL_SURFACE('',#18337,27.710790894703);
#18337 = AXIS2_PLACEMENT_3D('',#18338,#18339,#18340);
#18338 = CARTESIAN_POINT('',(0.,-51.9,180.));
#18339 = DIRECTION('',(0.,1.,0.));
#18340 = DIRECTION('',(0.,-0.,1.));
#18341 = ADVANCED_FACE('',(#18342,#18345),#18356,.F.);
#18342 = FACE_BOUND('',#18343,.F.);
#18343 = EDGE_LOOP('',(#18344));
#18344 = ORIENTED_EDGE('',*,*,#18329,.T.);
#18345 = FACE_BOUND('',#18346,.F.);
#18346 = EDGE_LOOP('',(#18347));
#18347 = ORIENTED_EDGE('',*,*,#18348,.F.);
#18348 = EDGE_CURVE('',#18349,#18349,#18351,.T.);
#18349 = VERTEX_POINT('',#18350);
#18350 = CARTESIAN_POINT('',(-9.674709713264E-16,-51.9,183.95));
#18351 = CIRCLE('',#18352,3.95);
#18352 = AXIS2_PLACEMENT_3D('',#18353,#18354,#18355);
#18353 = CARTESIAN_POINT('',(0.,-51.9,180.));
#18354 = DIRECTION('',(0.,1.,0.));
#18355 = DIRECTION('',(0.,-0.,1.));
#18356 = PLANE('',#18357);
#18357 = AXIS2_PLACEMENT_3D('',#18358,#18359,#18360);
#18358 = CARTESIAN_POINT('',(0.,-51.9,180.));
#18359 = DIRECTION('',(0.,1.,0.));
#18360 = DIRECTION('',(0.,-0.,1.));
#18361 = ADVANCED_FACE('',(#18362),#18381,.T.);
#18362 = FACE_BOUND('',#18363,.T.);
#18363 = EDGE_LOOP('',(#18364,#18365,#18373,#18380));
#18364 = ORIENTED_EDGE('',*,*,#18348,.F.);
#18365 = ORIENTED_EDGE('',*,*,#18366,.F.);
#18366 = EDGE_CURVE('',#18367,#18349,#18369,.T.);
#18367 = VERTEX_POINT('',#18368);
#18368 = CARTESIAN_POINT('',(-9.674709713264E-16,-72.5,183.95));
#18369 = LINE('',#18370,#18371);
#18370 = CARTESIAN_POINT('',(-9.674709713264E-16,-72.5,183.95));
#18371 = VECTOR('',#18372,1.);
#18372 = DIRECTION('',(0.,1.,0.));
#18373 = ORIENTED_EDGE('',*,*,#18374,.T.);
#18374 = EDGE_CURVE('',#18367,#18367,#18375,.T.);
#18375 = CIRCLE('',#18376,3.95);
#18376 = AXIS2_PLACEMENT_3D('',#18377,#18378,#18379);
#18377 = CARTESIAN_POINT('',(0.,-72.5,180.));
#18378 = DIRECTION('',(0.,1.,0.));
#18379 = DIRECTION('',(0.,-0.,1.));
#18380 = ORIENTED_EDGE('',*,*,#18366,.T.);
#18381 = CYLINDRICAL_SURFACE('',#18382,3.95);
#18382 = AXIS2_PLACEMENT_3D('',#18383,#18384,#18385);
#18383 = CARTESIAN_POINT('',(0.,-72.5,180.));
#18384 = DIRECTION('',(0.,1.,0.));
#18385 = DIRECTION('',(0.,-0.,1.));
#18386 = ADVANCED_FACE('',(#18387),#18390,.F.);
#18387 = FACE_BOUND('',#18388,.T.);
#18388 = EDGE_LOOP('',(#18389));
#18389 = ORIENTED_EDGE('',*,*,#18374,.F.);
#18390 = PLANE('',#18391);
#18391 = AXIS2_PLACEMENT_3D('',#18392,#18393,#18394);
#18392 = CARTESIAN_POINT('',(0.,-72.5,180.));
#18393 = DIRECTION('',(0.,1.,0.));
#18394 = DIRECTION('',(0.,-0.,1.));
#18395 = ADVANCED_FACE('',(#18396),#18404,.F.);
#18396 = FACE_BOUND('',#18397,.F.);
#18397 = EDGE_LOOP('',(#18398,#18399,#18400,#18401,#18402,#18403));
#18398 = ORIENTED_EDGE('',*,*,#1016,.F.);
#18399 = ORIENTED_EDGE('',*,*,#514,.T.);
#18400 = ORIENTED_EDGE('',*,*,#505,.T.);
#18401 = ORIENTED_EDGE('',*,*,#999,.T.);
#18402 = ORIENTED_EDGE('',*,*,#216,.F.);
#18403 = ORIENTED_EDGE('',*,*,#225,.F.);
#18404 = CYLINDRICAL_SURFACE('',#18405,2.5);
#18405 = AXIS2_PLACEMENT_3D('',#18406,#18407,#18408);
#18406 = CARTESIAN_POINT('',(-39.5,-28.,136.5));
#18407 = DIRECTION('',(0.,0.,1.));
#18408 = DIRECTION('',(1.,0.,-0.));
#18409 = ADVANCED_FACE('',(#18410),#18418,.F.);
#18410 = FACE_BOUND('',#18411,.F.);
#18411 = EDGE_LOOP('',(#18412,#18413,#18414,#18415,#18416,#18417));
#18412 = ORIENTED_EDGE('',*,*,#1072,.F.);
#18413 = ORIENTED_EDGE('',*,*,#559,.T.);
#18414 = ORIENTED_EDGE('',*,*,#550,.T.);
#18415 = ORIENTED_EDGE('',*,*,#1055,.T.);
#18416 = ORIENTED_EDGE('',*,*,#261,.F.);
#18417 = ORIENTED_EDGE('',*,*,#270,.F.);
#18418 = CYLINDRICAL_SURFACE('',#18419,2.5);
#18419 = AXIS2_PLACEMENT_3D('',#18420,#18421,#18422);
#18420 = CARTESIAN_POINT('',(56.5,-28.,136.5));
#18421 = DIRECTION('',(0.,0.,1.));
#18422 = DIRECTION('',(1.,0.,-0.));
#18423 = ADVANCED_FACE('',(#18424),#18432,.F.);
#18424 = FACE_BOUND('',#18425,.F.);
#18425 = EDGE_LOOP('',(#18426,#18427,#18428,#18429,#18430,#18431));
#18426 = ORIENTED_EDGE('',*,*,#1128,.F.);
#18427 = ORIENTED_EDGE('',*,*,#604,.T.);
#18428 = ORIENTED_EDGE('',*,*,#595,.T.);
#18429 = ORIENTED_EDGE('',*,*,#1111,.T.);
#18430 = ORIENTED_EDGE('',*,*,#306,.F.);
#18431 = ORIENTED_EDGE('',*,*,#315,.F.);
#18432 = CYLINDRICAL_SURFACE('',#18433,2.5);
#18433 = AXIS2_PLACEMENT_3D('',#18434,#18435,#18436);
#18434 = CARTESIAN_POINT('',(-39.5,28.,136.5));
#18435 = DIRECTION('',(0.,0.,1.));
#18436 = DIRECTION('',(1.,0.,-0.));
#18437 = ADVANCED_FACE('',(#18438),#18446,.F.);
#18438 = FACE_BOUND('',#18439,.F.);
#18439 = EDGE_LOOP('',(#18440,#18441,#18442,#18443,#18444,#18445));
#18440 = ORIENTED_EDGE('',*,*,#1184,.F.);
#18441 = ORIENTED_EDGE('',*,*,#649,.T.);
#18442 = ORIENTED_EDGE('',*,*,#640,.T.);
#18443 = ORIENTED_EDGE('',*,*,#1167,.T.);
#18444 = ORIENTED_EDGE('',*,*,#351,.F.);
#18445 = ORIENTED_EDGE('',*,*,#360,.F.);
#18446 = CYLINDRICAL_SURFACE('',#18447,3.5);
#18447 = AXIS2_PLACEMENT_3D('',#18448,#18449,#18450);
#18448 = CARTESIAN_POINT('',(25.5,0.,136.5));
#18449 = DIRECTION('',(0.,0.,1.));
#18450 = DIRECTION('',(1.,0.,-0.));
#18451 = ADVANCED_FACE('',(#18452),#18460,.F.);
#18452 = FACE_BOUND('',#18453,.F.);
#18453 = EDGE_LOOP('',(#18454,#18455,#18456,#18457,#18458,#18459));
#18454 = ORIENTED_EDGE('',*,*,#1240,.F.);
#18455 = ORIENTED_EDGE('',*,*,#694,.T.);
#18456 = ORIENTED_EDGE('',*,*,#685,.T.);
#18457 = ORIENTED_EDGE('',*,*,#1223,.T.);
#18458 = ORIENTED_EDGE('',*,*,#396,.F.);
#18459 = ORIENTED_EDGE('',*,*,#405,.F.);
#18460 = CYLINDRICAL_SURFACE('',#18461,2.5);
#18461 = AXIS2_PLACEMENT_3D('',#18462,#18463,#18464);
#18462 = CARTESIAN_POINT('',(56.5,28.,136.5));
#18463 = DIRECTION('',(0.,0.,1.));
#18464 = DIRECTION('',(1.,0.,-0.));
#18465 = ( GEOMETRIC_REPRESENTATION_CONTEXT(3) 
GLOBAL_UNCERTAINTY_ASSIGNED_CONTEXT((#18469)) 
GLOBAL_UNIT_ASSIGNED_CONTEXT((#18466,#18467,#18468)) 
REPRESENTATION_CONTEXT('Context #1',
  '3D Context with UNIT and UNCERTAINTY') );
#18466 = ( LENGTH_UNIT() NAMED_UNIT(*) SI_UNIT(.MILLI.,.METRE.) );
#18467 = ( NAMED_UNIT(*) PLANE_ANGLE_UNIT() SI_UNIT($,.RADIAN.) );
#18468 = ( NAMED_UNIT(*) SI_UNIT($,.STERADIAN.) SOLID_ANGLE_UNIT() );
#18469 = UNCERTAINTY_MEASURE_WITH_UNIT(LENGTH_MEASURE(1.E-07),#18466,
  'distance_accuracy_value','confusion accuracy');
#18470 = PRODUCT_RELATED_PRODUCT_CATEGORY('part',$,(#7));
ENDSEC;
END-ISO-10303-21;
